"type","name","property_type","getter","setter","getter_visibility","setter_visibility","token"
"DolocAPI","CurrentWater","DolocTown.InteractiveWater","get_CurrentWater","","public","","0x17000059"
"DolocAPI","IsCurrentStateSupportInteract","System.Boolean","get_IsCurrentStateSupportInteract","","public","","0x1700005E"
"IDolocGameState","EnableBasicTipInteract","System.Boolean","get_EnableBasicTipInteract","","public","","0x1700006C"
"IDolocGameState","DisableUseItem","System.Boolean","get_DisableUseItem","","public","","0x17000073"
"IDolocGameState","DisposableEnter","System.Action","get_DisposableEnter","set_DisposableEnter","public","public","0x1700007B"
"IDolocGameState","DisposableExit","System.Action","get_DisposableExit","set_DisposableExit","public","public","0x1700007C"
"IDolocGameState","DisposableResume","System.Action","get_DisposableResume","set_DisposableResume","public","public","0x1700007D"
"IDolocGameState","DisposablePause","System.Action","get_DisposablePause","set_DisposablePause","public","public","0x1700007E"
"DolocTownGameStateBase","DisableUseItem","System.Boolean","get_DisableUseItem","","public","","0x17000081"
"DolocTownGameStateBase","DisposableEnter","System.Action","get_DisposableEnter","set_DisposableEnter","public","public","0x17000086"
"DolocTownGameStateBase","DisposableExit","System.Action","get_DisposableExit","set_DisposableExit","public","public","0x17000087"
"DolocTownGameStateBase","DisposablePause","System.Action","get_DisposablePause","set_DisposablePause","public","public","0x17000088"
"DolocTownGameStateBase","DisposableResume","System.Action","get_DisposableResume","set_DisposableResume","public","public","0x17000089"
"DolocTownGameStateBase","EnableBasicTipInteract","System.Boolean","get_EnableBasicTipInteract","","public","","0x1700008C"
"AgentStateManager","current","AgentStateBase","get_current","set_current","public","private","0x1700009A"
"AgentStateManager","IsFixed","System.Boolean","get_IsFixed","set_IsFixed","public","private","0x1700009B"
"AgentStateBase","SupportJump","System.Boolean","get_SupportJump","","public","","0x1700009C"
"AgentStateBase","SupportDash","System.Boolean","get_SupportDash","","public","","0x1700009D"
"AgentStateBase","SupportUseItem","System.Boolean","get_SupportUseItem","","public","","0x1700009E"
"AgentStateBase","SupportInteract","System.Boolean","get_SupportInteract","","public","","0x1700009F"
"AgentStateBase","SupportScrollQuickInventoryUI","System.Boolean","get_SupportScrollQuickInventoryUI","","public","","0x170000A0"
"AgentStateBase","NextStateOnGround","AgentStateBase","get_NextStateOnGround","","protected","","0x170000A1"
"AgentStateBase","NextStateUniversal","AgentStateBase","get_NextStateUniversal","","protected","","0x170000A2"
"AgentStateBase","animationNormalizedTime","System.Single","get_animationNormalizedTime","","public","","0x170000A3"
"EnvironmentChecker","isTouched","System.Boolean","get_isTouched","","public","","0x170000A4"
"GroundChecker","isTouched","System.Boolean","get_isTouched","set_isTouched","public","private","0x170000A5"
"GroundChecker","isTouchedExcludePlatforms","System.Boolean","get_isTouchedExcludePlatforms","","public","","0x170000A6"
"DolocInputSource","asset","UnityEngine.InputSystem.InputActionAsset","get_asset","","public","","0x170000B0"
"DolocInputSource","NormalInput","DolocInputSource/NormalInputActions","get_NormalInput","","public","","0x170000B5"
"DolocInputSource","BuilderInput","DolocInputSource/BuilderInputActions","get_BuilderInput","","public","","0x170000B6"
"DolocInputSource","BaseInput","DolocInputSource/BaseInputActions","get_BaseInput","","public","","0x170000B7"
"DolocInputSource","Global","DolocInputSource/GlobalActions","get_Global","","public","","0x170000B8"
"DolocInputSource/NormalInputActions","Move","UnityEngine.InputSystem.InputAction","get_Move","","public","","0x17002E7E"
"DolocInputSource/NormalInputActions","Jump","UnityEngine.InputSystem.InputAction","get_Jump","","public","","0x17002E7F"
"DolocInputSource/NormalInputActions","JumpDown","UnityEngine.InputSystem.InputAction","get_JumpDown","","public","","0x17002E80"
"DolocInputSource/NormalInputActions","Dash","UnityEngine.InputSystem.InputAction","get_Dash","","public","","0x17002E81"
"DolocInputSource/NormalInputActions","UseTool","UnityEngine.InputSystem.InputAction","get_UseTool","","public","","0x17002E82"
"DolocInputSource/NormalInputActions","UseItem","UnityEngine.InputSystem.InputAction","get_UseItem","","public","","0x17002E83"
"DolocInputSource/NormalInputActions","ScrollInventoryUp","UnityEngine.InputSystem.InputAction","get_ScrollInventoryUp","","public","","0x17002E84"
"DolocInputSource/NormalInputActions","ScrollInventoryDown","UnityEngine.InputSystem.InputAction","get_ScrollInventoryDown","","public","","0x17002E85"
"DolocInputSource/NormalInputActions","AssistMove","UnityEngine.InputSystem.InputAction","get_AssistMove","","public","","0x17002E86"
"DolocInputSource/NormalInputActions","RoomInteract","UnityEngine.InputSystem.InputAction","get_RoomInteract","","public","","0x17002E87"
"DolocInputSource/NormalInputActions","SwitchAutoFire","UnityEngine.InputSystem.InputAction","get_SwitchAutoFire","","public","","0x17002E88"
"DolocInputSource/NormalInputActions","SelectedDrone","UnityEngine.InputSystem.InputAction","get_SelectedDrone","","public","","0x17002E89"
"DolocInputSource/NormalInputActions","SelectedActive","UnityEngine.InputSystem.InputAction","get_SelectedActive","","public","","0x17002E8A"
"DolocInputSource/NormalInputActions","QuickSelect_1","UnityEngine.InputSystem.InputAction","get_QuickSelect_1","","public","","0x17002E8B"
"DolocInputSource/NormalInputActions","QuickSelect_2","UnityEngine.InputSystem.InputAction","get_QuickSelect_2","","public","","0x17002E8C"
"DolocInputSource/NormalInputActions","QuickSelect_3","UnityEngine.InputSystem.InputAction","get_QuickSelect_3","","public","","0x17002E8D"
"DolocInputSource/NormalInputActions","QuickSelect_4","UnityEngine.InputSystem.InputAction","get_QuickSelect_4","","public","","0x17002E8E"
"DolocInputSource/NormalInputActions","QuickSelect_5","UnityEngine.InputSystem.InputAction","get_QuickSelect_5","","public","","0x17002E8F"
"DolocInputSource/NormalInputActions","QuickSelect_6","UnityEngine.InputSystem.InputAction","get_QuickSelect_6","","public","","0x17002E90"
"DolocInputSource/NormalInputActions","QuickSelect_7","UnityEngine.InputSystem.InputAction","get_QuickSelect_7","","public","","0x17002E91"
"DolocInputSource/NormalInputActions","QuickSelect_8","UnityEngine.InputSystem.InputAction","get_QuickSelect_8","","public","","0x17002E92"
"DolocInputSource/NormalInputActions","QuickSelect_9","UnityEngine.InputSystem.InputAction","get_QuickSelect_9","","public","","0x17002E93"
"DolocInputSource/NormalInputActions","QuickSelect_0","UnityEngine.InputSystem.InputAction","get_QuickSelect_0","","public","","0x17002E94"
"DolocInputSource/NormalInputActions","Fishing","UnityEngine.InputSystem.InputAction","get_Fishing","","public","","0x17002E95"
"DolocInputSource/NormalInputActions","Debug","UnityEngine.InputSystem.InputAction","get_Debug","","public","","0x17002E96"
"DolocInputSource/NormalInputActions","DisposeItemInBackpack","UnityEngine.InputSystem.InputAction","get_DisposeItemInBackpack","","public","","0x17002E97"
"DolocInputSource/NormalInputActions","Interact","UnityEngine.InputSystem.InputAction","get_Interact","","public","","0x17002E98"
"DolocInputSource/NormalInputActions","SpeedUp","UnityEngine.InputSystem.InputAction","get_SpeedUp","","public","","0x17002E99"
"DolocInputSource/NormalInputActions","QuickSelectPrev","UnityEngine.InputSystem.InputAction","get_QuickSelectPrev","","public","","0x17002E9A"
"DolocInputSource/NormalInputActions","QuickSelectNext","UnityEngine.InputSystem.InputAction","get_QuickSelectNext","","public","","0x17002E9B"
"DolocInputSource/NormalInputActions","ToggleMissionPanel","UnityEngine.InputSystem.InputAction","get_ToggleMissionPanel","","public","","0x17002E9C"
"DolocInputSource/NormalInputActions","ToggleTechTree","UnityEngine.InputSystem.InputAction","get_ToggleTechTree","","public","","0x17002E9D"
"DolocInputSource/NormalInputActions","ToggleBackpack","UnityEngine.InputSystem.InputAction","get_ToggleBackpack","","public","","0x17002E9E"
"DolocInputSource/NormalInputActions","ToggleBackpackHold","UnityEngine.InputSystem.InputAction","get_ToggleBackpackHold","","public","","0x17002E9F"
"DolocInputSource/NormalInputActions","ToggleMap","UnityEngine.InputSystem.InputAction","get_ToggleMap","","public","","0x17002EA0"
"DolocInputSource/NormalInputActions","ToggleMenu","UnityEngine.InputSystem.InputAction","get_ToggleMenu","","public","","0x17002EA1"
"DolocInputSource/NormalInputActions","ToggleCollectionBook","UnityEngine.InputSystem.InputAction","get_ToggleCollectionBook","","public","","0x17002EA2"
"DolocInputSource/NormalInputActions","Cancel","UnityEngine.InputSystem.InputAction","get_Cancel","","public","","0x17002EA3"
"DolocInputSource/NormalInputActions","enabled","System.Boolean","get_enabled","","public","","0x17002EA4"
"DolocInputSource/BuilderInputActions","DPadUp","UnityEngine.InputSystem.InputAction","get_DPadUp","","public","","0x17002EA5"
"DolocInputSource/BuilderInputActions","DPadDown","UnityEngine.InputSystem.InputAction","get_DPadDown","","public","","0x17002EA6"
"DolocInputSource/BuilderInputActions","DPadLeft","UnityEngine.InputSystem.InputAction","get_DPadLeft","","public","","0x17002EA7"
"DolocInputSource/BuilderInputActions","DPadRight","UnityEngine.InputSystem.InputAction","get_DPadRight","","public","","0x17002EA8"
"DolocInputSource/BuilderInputActions","BuilderLast","UnityEngine.InputSystem.InputAction","get_BuilderLast","","public","","0x17002EA9"
"DolocInputSource/BuilderInputActions","BuilderNext","UnityEngine.InputSystem.InputAction","get_BuilderNext","","public","","0x17002EAA"
"DolocInputSource/BuilderInputActions","BuilderSelected","UnityEngine.InputSystem.InputAction","get_BuilderSelected","","public","","0x17002EAB"
"DolocInputSource/BuilderInputActions","BuilderRevocation","UnityEngine.InputSystem.InputAction","get_BuilderRevocation","","public","","0x17002EAC"
"DolocInputSource/BuilderInputActions","BuilderDismantle","UnityEngine.InputSystem.InputAction","get_BuilderDismantle","","public","","0x17002EAD"
"DolocInputSource/BuilderInputActions","BuilderDismantleHold","UnityEngine.InputSystem.InputAction","get_BuilderDismantleHold","","public","","0x17002EAE"
"DolocInputSource/BuilderInputActions","BuilderRotate","UnityEngine.InputSystem.InputAction","get_BuilderRotate","","public","","0x17002EAF"
"DolocInputSource/BuilderInputActions","BuilderSwitch","UnityEngine.InputSystem.InputAction","get_BuilderSwitch","","public","","0x17002EB0"
"DolocInputSource/BuilderInputActions","BuilderSwitchInventory","UnityEngine.InputSystem.InputAction","get_BuilderSwitchInventory","","public","","0x17002EB1"
"DolocInputSource/BuilderInputActions","enabled","System.Boolean","get_enabled","","public","","0x17002EB2"
"DolocInputSource/BaseInputActions","Move","UnityEngine.InputSystem.InputAction","get_Move","","public","","0x17002EB3"
"DolocInputSource/BaseInputActions","MoveLeft","UnityEngine.InputSystem.InputAction","get_MoveLeft","","public","","0x17002EB4"
"DolocInputSource/BaseInputActions","MoveRight","UnityEngine.InputSystem.InputAction","get_MoveRight","","public","","0x17002EB5"
"DolocInputSource/BaseInputActions","MoveUp","UnityEngine.InputSystem.InputAction","get_MoveUp","","public","","0x17002EB6"
"DolocInputSource/BaseInputActions","MoveDown","UnityEngine.InputSystem.InputAction","get_MoveDown","","public","","0x17002EB7"
"DolocInputSource/BaseInputActions","MoveLast","UnityEngine.InputSystem.InputAction","get_MoveLast","","public","","0x17002EB8"
"DolocInputSource/BaseInputActions","MoveNext","UnityEngine.InputSystem.InputAction","get_MoveNext","","public","","0x17002EB9"
"DolocInputSource/BaseInputActions","Cancel","UnityEngine.InputSystem.InputAction","get_Cancel","","public","","0x17002EBA"
"DolocInputSource/BaseInputActions","Confirm","UnityEngine.InputSystem.InputAction","get_Confirm","","public","","0x17002EBB"
"DolocInputSource/BaseInputActions","ConfirmHold","UnityEngine.InputSystem.InputAction","get_ConfirmHold","","public","","0x17002EBC"
"DolocInputSource/BaseInputActions","Scroll","UnityEngine.InputSystem.InputAction","get_Scroll","","public","","0x17002EBD"
"DolocInputSource/BaseInputActions","PageUp","UnityEngine.InputSystem.InputAction","get_PageUp","","public","","0x17002EBE"
"DolocInputSource/BaseInputActions","PageDown","UnityEngine.InputSystem.InputAction","get_PageDown","","public","","0x17002EBF"
"DolocInputSource/BaseInputActions","SplitItem","UnityEngine.InputSystem.InputAction","get_SplitItem","","public","","0x17002EC0"
"DolocInputSource/BaseInputActions","SortItem","UnityEngine.InputSystem.InputAction","get_SortItem","","public","","0x17002EC1"
"DolocInputSource/BaseInputActions","SortItemHold","UnityEngine.InputSystem.InputAction","get_SortItemHold","","public","","0x17002EC2"
"DolocInputSource/BaseInputActions","LockItem","UnityEngine.InputSystem.InputAction","get_LockItem","","public","","0x17002EC3"
"DolocInputSource/BaseInputActions","DisposeItem","UnityEngine.InputSystem.InputAction","get_DisposeItem","","public","","0x17002EC4"
"DolocInputSource/BaseInputActions","DisposeItemHold","UnityEngine.InputSystem.InputAction","get_DisposeItemHold","","public","","0x17002EC5"
"DolocInputSource/BaseInputActions","DestroyItem","UnityEngine.InputSystem.InputAction","get_DestroyItem","","public","","0x17002EC6"
"DolocInputSource/BaseInputActions","PutMaxItem","UnityEngine.InputSystem.InputAction","get_PutMaxItem","","public","","0x17002EC7"
"DolocInputSource/BaseInputActions","PutMaxItemHold","UnityEngine.InputSystem.InputAction","get_PutMaxItemHold","","public","","0x17002EC8"
"DolocInputSource/BaseInputActions","PutAllItem","UnityEngine.InputSystem.InputAction","get_PutAllItem","","public","","0x17002EC9"
"DolocInputSource/BaseInputActions","SubmitItem","UnityEngine.InputSystem.InputAction","get_SubmitItem","","public","","0x17002ECA"
"DolocInputSource/BaseInputActions","SubOne","UnityEngine.InputSystem.InputAction","get_SubOne","","public","","0x17002ECB"
"DolocInputSource/BaseInputActions","AddOne","UnityEngine.InputSystem.InputAction","get_AddOne","","public","","0x17002ECC"
"DolocInputSource/BaseInputActions","SubTen","UnityEngine.InputSystem.InputAction","get_SubTen","","public","","0x17002ECD"
"DolocInputSource/BaseInputActions","AddTen","UnityEngine.InputSystem.InputAction","get_AddTen","","public","","0x17002ECE"
"DolocInputSource/BaseInputActions","SetMin","UnityEngine.InputSystem.InputAction","get_SetMin","","public","","0x17002ECF"
"DolocInputSource/BaseInputActions","SetMax","UnityEngine.InputSystem.InputAction","get_SetMax","","public","","0x17002ED0"
"DolocInputSource/BaseInputActions","ContinueDialogue","UnityEngine.InputSystem.InputAction","get_ContinueDialogue","","public","","0x17002ED1"
"DolocInputSource/BaseInputActions","ToggleDialogueHistory","UnityEngine.InputSystem.InputAction","get_ToggleDialogueHistory","","public","","0x17002ED2"
"DolocInputSource/BaseInputActions","AssistSplit","UnityEngine.InputSystem.InputAction","get_AssistSplit","","public","","0x17002ED3"
"DolocInputSource/BaseInputActions","Interact","UnityEngine.InputSystem.InputAction","get_Interact","","public","","0x17002ED4"
"DolocInputSource/BaseInputActions","SpeedUp","UnityEngine.InputSystem.InputAction","get_SpeedUp","","public","","0x17002ED5"
"DolocInputSource/BaseInputActions","QuickSelectPrev","UnityEngine.InputSystem.InputAction","get_QuickSelectPrev","","public","","0x17002ED6"
"DolocInputSource/BaseInputActions","QuickSelectNext","UnityEngine.InputSystem.InputAction","get_QuickSelectNext","","public","","0x17002ED7"
"DolocInputSource/BaseInputActions","ToggleMissionPanel","UnityEngine.InputSystem.InputAction","get_ToggleMissionPanel","","public","","0x17002ED8"
"DolocInputSource/BaseInputActions","ToggleTechTree","UnityEngine.InputSystem.InputAction","get_ToggleTechTree","","public","","0x17002ED9"
"DolocInputSource/BaseInputActions","ToggleBackpack","UnityEngine.InputSystem.InputAction","get_ToggleBackpack","","public","","0x17002EDA"
"DolocInputSource/BaseInputActions","ToggleMap","UnityEngine.InputSystem.InputAction","get_ToggleMap","","public","","0x17002EDB"
"DolocInputSource/BaseInputActions","ToggleMenu","UnityEngine.InputSystem.InputAction","get_ToggleMenu","","public","","0x17002EDC"
"DolocInputSource/BaseInputActions","ToggleCollectionBook","UnityEngine.InputSystem.InputAction","get_ToggleCollectionBook","","public","","0x17002EDD"
"DolocInputSource/BaseInputActions","MiscellaneousFunction","UnityEngine.InputSystem.InputAction","get_MiscellaneousFunction","","public","","0x17002EDE"
"DolocInputSource/BaseInputActions","enabled","System.Boolean","get_enabled","","public","","0x17002EDF"
"DolocInputSource/GlobalActions","Point","UnityEngine.InputSystem.InputAction","get_Point","","public","","0x17002EE0"
"DolocInputSource/GlobalActions","Click","UnityEngine.InputSystem.InputAction","get_Click","","public","","0x17002EE1"
"DolocInputSource/GlobalActions","RightClick","UnityEngine.InputSystem.InputAction","get_RightClick","","public","","0x17002EE2"
"DolocInputSource/GlobalActions","CursorPosition","UnityEngine.InputSystem.InputAction","get_CursorPosition","","public","","0x17002EE3"
"DolocInputSource/GlobalActions","enabled","System.Boolean","get_enabled","","public","","0x17002EE4"
"RedSaw.PoolCore","OnCreated","System.Action`1<UnityEngine.GameObject>","get_OnCreated","set_OnCreated","public","public","0x17000194"
"RedSaw.PoolCore`1","OnCreated","System.Action`1<T>","get_OnCreated","set_OnCreated","public","public","0x17000197"
"RedSaw.ObjectPool","OnCreate","System.Action`1<UnityEngine.GameObject>","get_OnCreate","set_OnCreate","public","public","0x1700019D"
"RedSaw.ObjectPool","OnRecycle","System.Action`1<UnityEngine.GameObject>","get_OnRecycle","set_OnRecycle","public","public","0x1700019E"
"RedSaw.ObjectPool`1","OnCreate","System.Action`1<T>","get_OnCreate","set_OnCreate","public","public","0x170001A6"
"RedSaw.ObjectPool`1","OnRecycle","System.Action`1<T>","get_OnRecycle","set_OnRecycle","public","public","0x170001A7"
"RedSaw.ObjectPool`1","OnReuse","System.Action`1<T>","get_OnReuse","set_OnReuse","public","public","0x170001A8"
"RedSaw.ActionTask","Status","RedSaw.ActionStatus","get_Status","set_Status","public","private","0x170001C2"
"RedSaw.ActionTask","IsEntrance","System.Boolean","get_IsEntrance","","public","","0x170001C3"
"RedSaw.UI.RedSawButtonBase","clickCallback","System.Action","get_clickCallback","set_clickCallback","public","public","0x170001CF"
"RedSaw.UI.RedSawButtonBase","hoverCallback","System.Action","get_hoverCallback","set_hoverCallback","public","public","0x170001D0"
"RedSaw.UI.RedSawButtonBase","exitCallback","System.Action","get_exitCallback","set_exitCallback","public","public","0x170001D1"
"RedSaw.AI.LinearTask.DecisionMaker","DisposableCallbackOnActionDone","System.Action`1<System.Boolean>","get_DisposableCallbackOnActionDone","set_DisposableCallbackOnActionDone","public","public","0x17000272"
"DolocTown.IInteractable","Priority","System.Int32","get_Priority","","public","","0x1700029F"
"DolocTown.IInteractable","InteractableLayer","System.Int32","get_InteractableLayer","","public","","0x170002A0"
"DolocTown.IInteractable","OnlyTouch","System.Boolean","get_OnlyTouch","","public","","0x170002A1"
"DolocTown.IInteractable","CanInteractContinues","System.Boolean","get_CanInteractContinues","","public","","0x170002A2"
"DolocTown.IGate","NeedInteract","System.Boolean","get_NeedInteract","","public","","0x170002A4"
"DolocTown.IGate","InteractKey","DolocTown.Config.Room.PortalInteractKey","get_InteractKey","","public","","0x170002A7"
"DolocTown.GlobalInteractableObjectManager","unlockedObjectIds","System.Collections.Generic.HashSet`1<System.String>","get_unlockedObjectIds","set_unlockedObjectIds","public","private","0x170002AB"
"DolocTown.GlobalInteractableObjectManager","objectLogics","System.Collections.Generic.List`1<DolocTown.InteractableObjectLogic>","get_objectLogics","set_objectLogics","public","private","0x170002AC"
"DolocTown.Gate","NeedInteract","System.Boolean","get_NeedInteract","","public","","0x170002BA"
"DolocTown.Gate","InteractKey","DolocTown.Config.Room.PortalInteractKey","get_InteractKey","","public","","0x170002BD"
"DolocTown.PathAction","ActionType","DolocTown.PathActionType","get_ActionType","","public","","0x170002C0"
"DolocTown.PathActionMove","ActionType","DolocTown.PathActionType","get_ActionType","","public","","0x170002C1"
"DolocTown.PathActionTeleport","ActionType","DolocTown.PathActionType","get_ActionType","","public","","0x170002C2"
"DolocTown.CutSceneState","EnableBasicTipInteract","System.Boolean","get_EnableBasicTipInteract","","public","","0x170002F5"
"DolocTown.DialogueState","interactedNpc","DolocTown.IDialogueEntity","get_interactedNpc","set_interactedNpc","public","private","0x170002FC"
"DolocTown.DialogueState","isInteractWithNpc","System.Boolean","get_isInteractWithNpc","","private","","0x170002FD"
"DolocTown.EmotionRenderer","recycle","System.Action`1<DolocTown.EmotionRenderer>","get_recycle","set_recycle","public","public","0x17000347"
"DolocTown.TreatyPortFaction","invalid","System.Boolean","get_invalid","","public","","0x17000348"
"DolocTown.TreatyPortFaction","FactionType","DolocTown.Config.Mission.FactionType","get_FactionType","","public","","0x17000349"
"DolocTown.TreatyPortFaction","FactionName","System.String","get_FactionName","","public","","0x1700034A"
"DolocTown.TreatyPortFaction","JoinTime","DolocTown.GameData.DateInfo","get_JoinTime","","public","","0x1700034B"
"DolocTown.TreatyPortFaction","SettlementTime","System.String","get_SettlementTime","","public","","0x1700034C"
"DolocTown.TreatyPortFaction","CompletedMissionCount","System.Int32","get_CompletedMissionCount","","public","","0x1700034D"
"DolocTown.TreatyPortFaction","TotalMissionCount","System.Int32","get_TotalMissionCount","","public","","0x1700034E"
"DolocTown.TreatyPortFaction","ReputationValue","System.Int32","get_ReputationValue","set_ReputationValue","public","public","0x1700034F"
"DolocTown.TreatyPortFaction","IsJoin","System.Boolean","get_IsJoin","","public","","0x17000350"
"DolocTown.TreatyPortFaction","DisableContact","System.Boolean","get_DisableContact","set_DisableContact","public","public","0x17000351"
"DolocTown.TreatyPortFactionManager","Config","DolocTown.Config.Mission.TbTreatyPortFaction","get_Config","","private","","0x17000352"
"DolocTown.TreatyPortFactionManager","TotalFactions","DolocTown.TreatyPortFaction[]","get_TotalFactions","","public","","0x17000353"
"DolocTown.TreatyPortFactionManager","MaintainState","System.Boolean","get_MaintainState","","public","","0x17000354"
"DolocTown.FactionItem","FinishState","System.Boolean","get_FinishState","set_FinishState","public","public","0x17000355"
"DolocTown.FactionItem","ItemName","System.String","get_ItemName","","public","","0x17000356"
"DolocTown.FactionItem","Count","System.Int32","get_Count","","public","","0x17000357"
"DolocTown.FactionMission","IsValid","System.Boolean","get_IsValid","","public","","0x17000358"
"DolocTown.FactionMission","Id","System.String","get_Id","","public","","0x17000359"
"DolocTown.FactionMission","FamePoints","System.Int32","get_FamePoints","","public","","0x1700035A"
"DolocTown.FactionMission","MainSeries","DolocTown.Config.Mission.FactionType","get_MainSeries","","public","","0x1700035B"
"DolocTown.FactionMission","SubSeries","DolocTown.Config.Mission.FactionMissionType","get_SubSeries","","public","","0x1700035C"
"DolocTown.FactionMission","MoneyFinishState","System.Boolean","get_MoneyFinishState","","public","","0x1700035D"
"DolocTown.FactionMission","IsComplete","System.Boolean","get_IsComplete","","public","","0x1700035E"
"DolocTown.FactionMission","FactionItems","DolocTown.FactionItem[]","get_FactionItems","set_FactionItems","public","private","0x1700035F"
"DolocTown.FactionMission","Rewards","DolocTown.Reward[]","get_Rewards","set_Rewards","public","private","0x17000360"
"DolocTown.FactionMissionManager","Config","DolocTown.Config.Mission.TbFactionMission","get_Config","","private","","0x17000361"
"DolocTown.FactionMissionManager","TotalMissions","DolocTown.FactionMission[]","get_TotalMissions","","public","","0x17000362"
"DolocTown.NpcRenderer","OnlyTouch","System.Boolean","get_OnlyTouch","","public","","0x170003F3"
"DolocTown.NpcRenderer","CanInteractContinues","System.Boolean","get_CanInteractContinues","","public","","0x170003F4"
"DolocTown.RewardInteractableObjectUnlock","Count","System.Int32","get_Count","","public","","0x17000410"
"DolocTown.RewardInteractableObjectUnlock","RewardIcon","UnityEngine.Sprite","get_RewardIcon","","public","","0x17000411"
"DolocTown.RewardInteractableObjectUnlock","RewardBriefInfo","System.String","get_RewardBriefInfo","","public","","0x17000412"
"DolocTown.RewardInteractableObjectUnlock","RewardInfo","System.String","get_RewardInfo","","public","","0x17000413"
"DolocTown.Bullet","callbackOnHit","System.Action`2<DolocTown.Bullet,UnityEngine.Collider2D>","get_callbackOnHit","set_callbackOnHit","public","public","0x17000447"
"DolocTown.BulletEntity","callbackOnHit","System.Action`1<UnityEngine.Collider2D>","get_callbackOnHit","set_callbackOnHit","public","public","0x17000450"
"DolocTown.MonsterDecoratorNian","InteractWithGround","System.Boolean","get_InteractWithGround","set_InteractWithGround","public","public","0x170004D9"
"DolocTown.MonsterController","OnlyTouch","System.Boolean","get_OnlyTouch","","public","","0x170004F1"
"DolocTown.MonsterController","CanInteractContinues","System.Boolean","get_CanInteractContinues","","public","","0x170004F2"
"DolocTown.ActionTask_AttackEx","info","System.String","get_info","","protected","","0x17000515"
"DolocTown.IBombInteractive","attackableType","DolocTown.AttackableType","get_attackableType","","public","","0x17000521"
"DolocTown.SimpleTrigger","OnTriggerEnter","System.Action`1<UnityEngine.GameObject>","get_OnTriggerEnter","set_OnTriggerEnter","public","public","0x17000522"
"DolocTown.DropItemRenderer","OnlyTouch","System.Boolean","get_OnlyTouch","","public","","0x17000553"
"DolocTown.Dungeon","DM_interactableObject","DolocTown.RoomInteractableObjectManager","get_DM_interactableObject","set_DM_interactableObject","public","private","0x1700055D"
"DolocTown.DungeonResource","OnlyTouch","System.Boolean","get_OnlyTouch","","public","","0x1700057F"
"DolocTown.DungeonResource","CanInteractContinues","System.Boolean","get_CanInteractContinues","","public","","0x17000580"
"DolocTown.DungeonResource","DisableAfterInteract","System.Boolean","get_DisableAfterInteract","","public","","0x17000581"
"DolocTown.DungeonResourceCrop","OnlyTouch","System.Boolean","get_OnlyTouch","","public","","0x17000582"
"DolocTown.DungeonResourceModelPaperBox","OnlyTouch","System.Boolean","get_OnlyTouch","","public","","0x17000583"
"DolocTown.DungeonResourceTree","roomScanner","DolocTown.RoomScanner","get_roomScanner","","private","","0x17000584"
"DolocTown.DungeonResourceWeeds","AnimalInteractableRoom","DolocTown.Room","get_AnimalInteractableRoom","","public","","0x1700058A"
"DolocTown.DungeonResourceWeeds","AnimalInteractablePosition","UnityEngine.Vector2Int","get_AnimalInteractablePosition","","public","","0x1700058B"
"DolocTown.DungeonResourceWeeds","AnimalInteractableWidth","System.Int32","get_AnimalInteractableWidth","","public","","0x1700058C"
"DolocTown.DungeonResourceWeeds","AnimalInteractablePositionWS","UnityEngine.Vector2","get_AnimalInteractablePositionWS","","public","","0x1700058D"
"DolocTown.DungeonResourceWeeds","AnimalInteractableIsValid","System.Boolean","get_AnimalInteractableIsValid","","public","","0x1700058E"
"DolocTown.DungeonResourceWeeds","IsAnimalInteractableLocked","System.Boolean","get_IsAnimalInteractableLocked","set_IsAnimalInteractableLocked","public","public","0x1700058F"
"DolocTown.DungeonResourceRenderer","OnlyTouch","System.Boolean","get_OnlyTouch","","public","","0x1700059D"
"DolocTown.DungeonResourceRenderer","CanInteractContinues","System.Boolean","get_CanInteractContinues","","public","","0x1700059E"
"DolocTown.EnvObjectRenderer","OnlyTouch","System.Boolean","get_OnlyTouch","","public","","0x170005A6"
"DolocTown.MissionItemRenderer","OnlyTouch","System.Boolean","get_OnlyTouch","","public","","0x170005AD"
"DolocTown.TyphaBulb","OnlyTouch","System.Boolean","get_OnlyTouch","","public","","0x170005AE"
"DolocTown.TyphaBulb","CanInteractContinues","System.Boolean","get_CanInteractContinues","","public","","0x170005AF"
"DolocTown.Vegetation","OnlyTouch","System.Boolean","get_OnlyTouch","","public","","0x170005BA"
"DolocTown.Vegetation","CanInteractContinues","System.Boolean","get_CanInteractContinues","","public","","0x170005BB"
"DolocTown.Vegetation","DisableAfterInteract","System.Boolean","get_DisableAfterInteract","","public","","0x170005BC"
"DolocTown.VegetationBerryThicket","OnlyTouch","System.Boolean","get_OnlyTouch","","public","","0x170005BE"
"DolocTown.VegetationCrop","OnlyTouch","System.Boolean","get_OnlyTouch","","public","","0x170005BF"
"DolocTown.VegetationDandelion","hasTouched","System.Boolean","get_hasTouched","","private","","0x170005C2"
"DolocTown.VegetationGrowLuminous","OnlyTouch","System.Boolean","get_OnlyTouch","","public","","0x170005CC"
"DolocTown.VegetationRenderer","OnlyTouch","System.Boolean","get_OnlyTouch","","public","","0x170005D8"
"DolocTown.VegetationRenderer","CanInteractContinues","System.Boolean","get_CanInteractContinues","","public","","0x170005D9"
"DolocTown.Animal","InteractPriority","System.Int32","get_InteractPriority","","public","","0x170005DC"
"DolocTown.IAnimalInteractable","AnimalInteractablePosition","UnityEngine.Vector2Int","get_AnimalInteractablePosition","","public","","0x17000621"
"DolocTown.IAnimalInteractable","AnimalInteractablePositionWS","UnityEngine.Vector2","get_AnimalInteractablePositionWS","","public","","0x17000622"
"DolocTown.IAnimalInteractable","AnimalInteractableWidth","System.Int32","get_AnimalInteractableWidth","","public","","0x17000623"
"DolocTown.IAnimalInteractable","AnimalInteractableIsValid","System.Boolean","get_AnimalInteractableIsValid","","public","","0x17000624"
"DolocTown.IAnimalInteractable","AnimalCounter","System.Int32","get_AnimalCounter","set_AnimalCounter","public","public","0x17000625"
"DolocTown.AnimalRenderer","OnlyTouch","System.Boolean","get_OnlyTouch","","public","","0x17000643"
"DolocTown.AnimalRenderer","CanInteractContinues","System.Boolean","get_CanInteractContinues","","public","","0x17000644"
"DolocTown.FishTank","CanInteractContinues","System.Boolean","get_CanInteractContinues","","public","","0x170006C6"
"DolocTown.HoneyComb","AnimalInteractablePosition","UnityEngine.Vector2Int","get_AnimalInteractablePosition","","public","","0x170006EC"
"DolocTown.HoneyComb","AnimalInteractablePositionWS","UnityEngine.Vector2","get_AnimalInteractablePositionWS","","public","","0x170006ED"
"DolocTown.HoneyComb","AnimalInteractableWidth","System.Int32","get_AnimalInteractableWidth","","public","","0x170006EE"
"DolocTown.HoneyComb","AnimalInteractableIsValid","System.Boolean","get_AnimalInteractableIsValid","","public","","0x170006EF"
"DolocTown.LintRoller","AnimalInteractableRoom","DolocTown.Room","get_AnimalInteractableRoom","","public","","0x170006F9"
"DolocTown.LintRoller","AnimalInteractableIsValid","System.Boolean","get_AnimalInteractableIsValid","","public","","0x170006FA"
"DolocTown.LintRoller","AnimalInteractablePositionWS","UnityEngine.Vector2","get_AnimalInteractablePositionWS","","public","","0x170006FB"
"DolocTown.LintRoller","AnimalInteractablePosition","UnityEngine.Vector2Int","get_AnimalInteractablePosition","","public","","0x170006FC"
"DolocTown.LintRoller","AnimalInteractableWidth","System.Int32","get_AnimalInteractableWidth","","public","","0x170006FD"
"DolocTown.LintRoller","IsAnimalInteractableLocked","System.Boolean","get_IsAnimalInteractableLocked","set_IsAnimalInteractableLocked","public","public","0x170006FE"
"DolocTown.MilkingMachine","AnimalInteractableRoom","DolocTown.Room","get_AnimalInteractableRoom","","public","","0x17000706"
"DolocTown.MilkingMachine","AnimalInteractableIsValid","System.Boolean","get_AnimalInteractableIsValid","","public","","0x17000707"
"DolocTown.MilkingMachine","AnimalInteractablePositionWS","UnityEngine.Vector2","get_AnimalInteractablePositionWS","","public","","0x17000708"
"DolocTown.MilkingMachine","AnimalInteractablePosition","UnityEngine.Vector2Int","get_AnimalInteractablePosition","","public","","0x17000709"
"DolocTown.MilkingMachine","AnimalInteractableWidth","System.Int32","get_AnimalInteractableWidth","","public","","0x1700070A"
"DolocTown.MilkingMachine","IsAnimalInteractableLocked","System.Boolean","get_IsAnimalInteractableLocked","set_IsAnimalInteractableLocked","public","public","0x1700070B"
"DolocTown.Toilet","AnimalInteractableRoom","DolocTown.Room","get_AnimalInteractableRoom","","public","","0x17000724"
"DolocTown.Toilet","AnimalInteractablePositionWS","UnityEngine.Vector2","get_AnimalInteractablePositionWS","","public","","0x17000725"
"DolocTown.Toilet","AnimalInteractableWidth","System.Int32","get_AnimalInteractableWidth","","public","","0x17000726"
"DolocTown.Toilet","AnimalInteractableIsValid","System.Boolean","get_AnimalInteractableIsValid","","public","","0x17000727"
"DolocTown.Toilet","AnimalInteractablePosition","UnityEngine.Vector2Int","get_AnimalInteractablePosition","","public","","0x17000728"
"DolocTown.Toilet","IsAnimalInteractableLocked","System.Boolean","get_IsAnimalInteractableLocked","set_IsAnimalInteractableLocked","public","public","0x17000729"
"DolocTown.BuilderState`2","positionUpdateFunc","System.Action`1<System.Single>","get_positionUpdateFunc","set_positionUpdateFunc","protected","protected","0x1700074B"
"DolocTown.Equipment","TouchableAsDecal","System.Boolean","get_TouchableAsDecal","","public","","0x17000770"
"DolocTown.Equipment","Interactable","DolocTown.IInteractable","get_Interactable","","public","","0x1700077D"
"DolocTown.Equipment","IsTouch","System.Boolean","get_IsTouch","set_IsTouch","public","private","0x1700078A"
"DolocTown.Equipment","CanInteractContinues","System.Boolean","get_CanInteractContinues","","public","","0x17000797"
"DolocTown.BuilderTipBase","__positionUpdateFunc","System.Action`1<System.Single>","get___positionUpdateFunc","set___positionUpdateFunc","protected","private","0x170007A7"
"DolocTown.BuildingGate","NeedInteract","System.Boolean","get_NeedInteract","","public","","0x170007E9"
"DolocTown.BuildingGate","InteractKey","DolocTown.Config.Room.PortalInteractKey","get_InteractKey","","public","","0x170007EC"
"DolocTown.BuildingLinkGate","NeedInteract","System.Boolean","get_NeedInteract","","public","","0x170007F2"
"DolocTown.BuildingLinkGate","InteractKey","DolocTown.Config.Room.PortalInteractKey","get_InteractKey","","public","","0x170007F5"
"DolocTown.FishTankExtension","TouchableAsDecal","System.Boolean","get_TouchableAsDecal","","public","","0x1700088E"
"DolocTown.Feeder","CanInteractContinues","System.Boolean","get_CanInteractContinues","","public","","0x17000899"
"DolocTown.Feeder","AnimalInteractableRoom","DolocTown.Room","get_AnimalInteractableRoom","","public","","0x1700089C"
"DolocTown.Feeder","AnimalInteractableIsValid","System.Boolean","get_AnimalInteractableIsValid","","public","","0x1700089D"
"DolocTown.Feeder","AnimalInteractablePositionWS","UnityEngine.Vector2","get_AnimalInteractablePositionWS","","public","","0x1700089E"
"DolocTown.Feeder","AnimalInteractablePosition","UnityEngine.Vector2Int","get_AnimalInteractablePosition","","public","","0x1700089F"
"DolocTown.Feeder","AnimalInteractableWidth","System.Int32","get_AnimalInteractableWidth","","public","","0x170008A0"
"DolocTown.Feeder","IsAnimalInteractableLocked","System.Boolean","get_IsAnimalInteractableLocked","set_IsAnimalInteractableLocked","public","public","0x170008A1"
"DolocTown.LivestockNursery","AnimalInteractableRoom","DolocTown.Room","get_AnimalInteractableRoom","","public","","0x170008A8"
"DolocTown.LivestockNursery","AnimalInteractablePosition","UnityEngine.Vector2Int","get_AnimalInteractablePosition","","public","","0x170008A9"
"DolocTown.LivestockNursery","AnimalInteractablePositionWS","UnityEngine.Vector2","get_AnimalInteractablePositionWS","","public","","0x170008AA"
"DolocTown.LivestockNursery","AnimalInteractableWidth","System.Int32","get_AnimalInteractableWidth","","public","","0x170008AB"
"DolocTown.LivestockNursery","AnimalInteractableIsValid","System.Boolean","get_AnimalInteractableIsValid","","public","","0x170008AC"
"DolocTown.LivestockNursery","IsAnimalInteractableLocked","System.Boolean","get_IsAnimalInteractableLocked","set_IsAnimalInteractableLocked","public","public","0x170008AD"
"DolocTown.CaseLocator","TouchableAsDecal","System.Boolean","get_TouchableAsDecal","","public","","0x170008C6"
"DolocTown.PowerGeneratorFuel","CanInteractContinues","System.Boolean","get_CanInteractContinues","","public","","0x170008D3"
"DolocTown.SimpleWell","CanInteractContinues","System.Boolean","get_CanInteractContinues","","public","","0x17000902"
"DolocTown.PlantBasin","AnimalInteractablePosition","UnityEngine.Vector2Int","get_AnimalInteractablePosition","","public","","0x17000920"
"DolocTown.PlantBasin","AnimalInteractablePositionWS","UnityEngine.Vector2","get_AnimalInteractablePositionWS","","public","","0x17000921"
"DolocTown.PlantBasin","AnimalInteractableWidth","System.Int32","get_AnimalInteractableWidth","","public","","0x17000922"
"DolocTown.PlantBasin","AnimalInteractableIsValid","System.Boolean","get_AnimalInteractableIsValid","","public","","0x17000923"
"DolocTown.PlantBasin","IsAnimalInteractableLocked","System.Boolean","get_IsAnimalInteractableLocked","set_IsAnimalInteractableLocked","public","public","0x17000924"
"DolocTown.EquipmentInteractableBridge","OnlyTouch","System.Boolean","get_OnlyTouch","","public","","0x17000988"
"DolocTown.EquipmentInteractableBridge","CanInteractContinues","System.Boolean","get_CanInteractContinues","","public","","0x17000989"
"DolocTown.FishingPool","WaterEntity","DolocTown.InteractiveWater","get_WaterEntity","set_WaterEntity","public","private","0x170009CA"
"DolocTown.ForageGrass","AnimalInteractablePosition","UnityEngine.Vector2Int","get_AnimalInteractablePosition","","public","","0x17000B07"
"DolocTown.ForageGrass","AnimalInteractablePositionWS","UnityEngine.Vector2","get_AnimalInteractablePositionWS","","public","","0x17000B08"
"DolocTown.ForageGrass","AnimalInteractableWidth","System.Int32","get_AnimalInteractableWidth","","public","","0x17000B09"
"DolocTown.ForageGrass","AnimalInteractableIsValid","System.Boolean","get_AnimalInteractableIsValid","","public","","0x17000B0A"
"DolocTown.WorldContentRenderer","OnlyTouch","System.Boolean","get_OnlyTouch","","public","","0x17000BE1"
"DolocTown.WorldContentRenderer","CanInteractContinues","System.Boolean","get_CanInteractContinues","","public","","0x17000BE2"
"DolocTown.FestivalState","DisableUseItem","System.Boolean","get_DisableUseItem","","public","","0x17000BEC"
"DolocTown.GameStateNoInput","EnableBasicTipInteract","System.Boolean","get_EnableBasicTipInteract","","public","","0x17000BED"
"DolocTown.ExpressDrone","LaunchCallback","System.Action","get_LaunchCallback","set_LaunchCallback","public","public","0x17000C31"
"DolocTown.ExpressDrone","RecycleCallback","System.Action","get_RecycleCallback","set_RecycleCallback","public","public","0x17000C32"
"DolocTown.ExpressDrone","OpenDoorCallback","System.Action","get_OpenDoorCallback","set_OpenDoorCallback","public","public","0x17000C33"
"DolocTown.IAgentTouchCheckStrategy","player","DolocTown.BodyController","get_player","","public","","0x17000C4B"
"DolocTown.IAgentTouchCheckStrategy","playerRigidbody","UnityEngine.Rigidbody2D","get_playerRigidbody","","public","","0x17000C4C"
"DolocTown.IAgentTouchCheckStrategy","playerVelocity","UnityEngine.Vector2","get_playerVelocity","","public","","0x17000C4D"
"DolocTown.AgentTouchCheckerBase","player","DolocTown.BodyController","get_player","","public","","0x17000C4E"
"DolocTown.AgentTouchCheckerBase","playerRigidbody","UnityEngine.Rigidbody2D","get_playerRigidbody","","public","","0x17000C4F"
"DolocTown.AgentTouchCheckerBase","playerVelocity","UnityEngine.Vector2","get_playerVelocity","","public","","0x17000C50"
"DolocTown.InteractableObject","notSupportCustomEvent","System.Boolean","get_notSupportCustomEvent","","protected","","0x17000C51"
"DolocTown.InteractableObject","CustomEventId","System.String","get_CustomEventId","","public","","0x17000C52"
"DolocTown.InteractableObject","guid","System.String","get_guid","","public","","0x17000C53"
"DolocTown.InteractableObject","useGuid","System.Boolean","get_useGuid","","public","","0x17000C54"
"DolocTown.InteractableObject","roomId","System.String","get_roomId","","public","","0x17000C55"
"DolocTown.InteractableObject","isRender","System.Boolean","get_isRender","set_isRender","protected","private","0x17000C56"
"DolocTown.InteractableObject","archiveData","DolocTown.RoomInteractableObjectManager","get_archiveData","set_archiveData","protected","private","0x17000C57"
"DolocTown.InteractableObject","attackableType","DolocTown.AttackableType","get_attackableType","","public","","0x17000C58"
"DolocTown.InteractableObject","ShouldCostEnergy","System.Boolean","get_ShouldCostEnergy","","public","","0x17000C59"
"DolocTown.InteractableObject","ShouldCostChopCounter","System.Boolean","get_ShouldCostChopCounter","","public","","0x17000C5A"
"DolocTown.InteractableObject","lockObjectId","System.String","get_lockObjectId","","public","","0x17000C5B"
"DolocTown.InteractableObject","showTipTextConfig","System.Boolean","get_showTipTextConfig","","private","","0x17000C5C"
"DolocTown.InteractableObject","hasToggleState","System.Boolean","get_hasToggleState","","private","","0x17000C5D"
"DolocTown.InteractableObject","InteractableLayer","System.Int32","get_InteractableLayer","","public","","0x17000C5E"
"DolocTown.InteractableObject","OnlyTouch","System.Boolean","get_OnlyTouch","","public","","0x17000C5F"
"DolocTown.InteractableObject","CanInteractContinues","System.Boolean","get_CanInteractContinues","","public","","0x17000C60"
"DolocTown.InteractableObject","InteractableTitle","System.String","get_InteractableTitle","","public","","0x17000C61"
"DolocTown.InteractableObject","isTouched","System.Boolean","get_isTouched","set_isTouched","public","protected","0x17000C62"
"DolocTown.InteractableObject","shouldSetOutline","System.Boolean","get_shouldSetOutline","","private","","0x17000C63"
"DolocTown.InteractableObject","shouldSetTip","System.Boolean","get_shouldSetTip","","private","","0x17000C64"
"DolocTown.InteractableObject","shouldShowTipInRiding","System.Boolean","get_shouldShowTipInRiding","","protected","","0x17000C65"
"DolocTown.InteractableObject","showTip","System.Boolean","get_showTip","","protected","","0x17000C66"
"DolocTown.InteractableObject","tipCaller","System.Object","get_tipCaller","","protected","","0x17000C67"
"DolocTown.InteractableObject","InteractKeyName","System.String","get_InteractKeyName","","protected","","0x17000C68"
"DolocTown.InteractableObjectLogic","ObjectId","System.String","get_ObjectId","","public","","0x17000C69"
"DolocTown.InteractableObjectLogic","IsValid","System.Boolean","get_IsValid","set_IsValid","public","protected","0x17000C6A"
"DolocTown.InteractableObjectLogic","host","DolocTown.Room","get_host","set_host","public","private","0x17000C6B"
"DolocTown.InteractableObjectLogic","position","UnityEngine.Vector2","get_position","set_position","public","private","0x17000C6C"
"DolocTown.InteractableObjectLogic","shouldRender","System.Boolean","get_shouldRender","set_shouldRender","public","protected","0x17000C6D"
"DolocTown.InteractableObjectExclude","currentCollision","UnityEngine.Collision2D","get_currentCollision","set_currentCollision","public","private","0x17000C6E"
"DolocTown.InteractableObjectExclude","currentOtherCollider","UnityEngine.Collider2D","get_currentOtherCollider","set_currentOtherCollider","public","private","0x17000C6F"
"DolocTown.InteractableObjectExclude","touchChecker","DolocTown.ITouchCheckStrategy","get_touchChecker","set_touchChecker","protected","protected","0x17000C70"
"DolocTown.AirWall","OnlyTouch","System.Boolean","get_OnlyTouch","","public","","0x17000C7E"
"DolocTown.GravelBlockTouchChecker","isClimb","System.Boolean","get_isClimb","","public","","0x17000C8B"
"DolocTown.GravelBlock","touchChecker","DolocTown.ITouchCheckStrategy","get_touchChecker","set_touchChecker","protected","protected","0x17000C8D"
"DolocTown.GravelBlock","checker","DolocTown.GravelBlockTouchChecker","get_checker","","private","","0x17000C8E"
"DolocTown.InvisibleTilemap","touchChecker","DolocTown.ITouchCheckStrategy","get_touchChecker","set_touchChecker","protected","protected","0x17000C91"
"DolocTown.Trampoline","touchChecker","DolocTown.ITouchCheckStrategy","get_touchChecker","set_touchChecker","protected","protected","0x17000C95"
"DolocTown.Trampoline","checker","DolocTown.TrampolineTouchChecker","get_checker","","private","","0x17000C96"
"DolocTown.DeepWater","touchChecker","DolocTown.ITouchCheckStrategy","get_touchChecker","set_touchChecker","protected","protected","0x17000C99"
"DolocTown.WaterDropChecker","touchChecker","DolocTown.ITouchCheckStrategy","get_touchChecker","set_touchChecker","protected","protected","0x17000C9A"
"DolocTown.ResidentOperationTipTrigger","OnlyTouch","System.Boolean","get_OnlyTouch","","public","","0x17000CA3"
"DolocTown.ResidentOperationTipTrigger","CanInteractContinues","System.Boolean","get_CanInteractContinues","","public","","0x17000CA4"
"DolocTown.TextTipObject","showOnTouch","System.Boolean","get_showOnTouch","","private","","0x17000CA7"
"DolocTown.TextTipObject","showOnInteract","System.Boolean","get_showOnInteract","","private","","0x17000CA8"
"DolocTown.TextTipObject","hideOnDisTouch","System.Boolean","get_hideOnDisTouch","","private","","0x17000CA9"
"DolocTown.AnimatedGate","InteractKeyName","System.String","get_InteractKeyName","","protected","","0x17000CAC"
"DolocTown.AnimatedGate","NeedInteract","System.Boolean","get_NeedInteract","","public","","0x17000CAF"
"DolocTown.AnimatedGate","InteractKey","DolocTown.Config.Room.PortalInteractKey","get_InteractKey","","public","","0x17000CB2"
"DolocTown.RoomInteractableObjectManager","globalManager","DolocTown.GlobalInteractableObjectManager","get_globalManager","","private","","0x17000CB8"
"DolocTown.SwingAnimationCache","RandomTouchSwingName","System.String","get_RandomTouchSwingName","","public","","0x17000CD6"
"DolocTown.SwingAnimationCache","RandomTouchSwingLightName","System.String","get_RandomTouchSwingLightName","","public","","0x17000CD7"
"DolocTown.InteractiveWater","touchChecker","DolocTown.ITouchCheckStrategy","get_touchChecker","set_touchChecker","protected","protected","0x17000CE5"
"DolocTown.InteractiveWater","checker","DolocTown.WaterTouchChecker","get_checker","","private","","0x17000CE6"
"DolocTown.InteractiveWater","waterController","DolocTown.WaterController","get_waterController","set_waterController","public","private","0x17000CE7"
"DolocTown.InteractiveWater","IsInWater","System.Boolean","get_IsInWater","set_IsInWater","public","private","0x17000CE8"
"DolocTown.InteractiveWater","CurrentWater","DolocTown.InteractiveWater","get_CurrentWater","set_CurrentWater","public","private","0x17000CE9"
"DolocTown.AgentControllerState","RoomScanner","DolocTown.RoomScanner","get_RoomScanner","set_RoomScanner","public","private","0x17000CFA"
"DolocTown.AgentControllerState","BuildingScanner","DolocTown.BuildingScanner","get_BuildingScanner","","public","","0x17000CFB"
"DolocTown.AgentControllerState","ScannerInteractable","DolocTown.ScannerInteractable","get_ScannerInteractable","","public","","0x17000CFC"
"DolocTown.BodyController","StateManager","AgentStateManager","get_StateManager","set_StateManager","public","private","0x17000D04"
"DolocTown.BodyController","IsCurrentStateSupportUseItem","System.Boolean","get_IsCurrentStateSupportUseItem","","public","","0x17000D1A"
"DolocTown.BodyController","IsCurrentStateSupportInteract","System.Boolean","get_IsCurrentStateSupportInteract","","public","","0x17000D1B"
"DolocTown.AgentStateDash","dashDir","UnityEngine.Vector2","get_dashDir","set_dashDir","public","public","0x17000D2A"
"DolocTown.AgentStateDash","SupportDash","System.Boolean","get_SupportDash","","public","","0x17000D2B"
"DolocTown.AgentStateHit","SupportDash","System.Boolean","get_SupportDash","","public","","0x17000D2C"
"DolocTown.AgentStateHit","SupportJump","System.Boolean","get_SupportJump","","public","","0x17000D2D"
"DolocTown.AgentStateHit","SupportUseItem","System.Boolean","get_SupportUseItem","","public","","0x17000D2E"
"DolocTown.AgentStateIdle","SupportJump","System.Boolean","get_SupportJump","","public","","0x17000D2F"
"DolocTown.AgentStateIdle","SupportUseItem","System.Boolean","get_SupportUseItem","","public","","0x17000D30"
"DolocTown.AgentStateIdle","SupportInteract","System.Boolean","get_SupportInteract","","public","","0x17000D31"
"DolocTown.AgentStateInteract","SupportUseItem","System.Boolean","get_SupportUseItem","","public","","0x17000D32"
"DolocTown.AgentStateInteract","SupportJump","System.Boolean","get_SupportJump","","public","","0x17000D33"
"DolocTown.AgentStateInteract","SupportDash","System.Boolean","get_SupportDash","","public","","0x17000D34"
"DolocTown.AgentStateJump","jumpTimes","System.Int32","get_jumpTimes","set_jumpTimes","public","public","0x17000D35"
"DolocTown.AgentStateJump","SupportJump","System.Boolean","get_SupportJump","","public","","0x17000D36"
"DolocTown.AgentStateJumpTrampoline","SupportJump","System.Boolean","get_SupportJump","","public","","0x17000D37"
"DolocTown.AgentStateMove","SupportJump","System.Boolean","get_SupportJump","","public","","0x17000D38"
"DolocTown.AgentStateMove","SupportUseItem","System.Boolean","get_SupportUseItem","","public","","0x17000D39"
"DolocTown.AgentStateMove","SupportInteract","System.Boolean","get_SupportInteract","","public","","0x17000D3A"
"DolocTown.AgentStateThrow","SupportInteract","System.Boolean","get_SupportInteract","","public","","0x17000D3B"
"DolocTown.AgentStateThrow","SupportJump","System.Boolean","get_SupportJump","","public","","0x17000D3C"
"DolocTown.AgentStateThrow","SupportUseItem","System.Boolean","get_SupportUseItem","","public","","0x17000D3D"
"DolocTown.AgentStateThrow","SupportDash","System.Boolean","get_SupportDash","","public","","0x17000D3E"
"DolocTown.AgentStateTool","SupportUseItem","System.Boolean","get_SupportUseItem","","public","","0x17000D3F"
"DolocTown.AgentStateTool","SupportScrollQuickInventoryUI","System.Boolean","get_SupportScrollQuickInventoryUI","","public","","0x17000D40"
"DolocTown.AgentStateTool","tool","DolocTown.ItemTool","get_tool","set_tool","public","public","0x17000D41"
"DolocTown.AgentStateTouchGround","SupportJump","System.Boolean","get_SupportJump","","public","","0x17000D42"
"DolocTown.AgentStateTouchGround","SupportUseItem","System.Boolean","get_SupportUseItem","","public","","0x17000D43"
"DolocTown.AgentStateTouchGround","SupportInteract","System.Boolean","get_SupportInteract","","public","","0x17000D44"
"DolocTown.AgentStateWater","SupportJump","System.Boolean","get_SupportJump","","public","","0x17000D45"
"DolocTown.AgentStateWater","SupportInteract","System.Boolean","get_SupportInteract","","public","","0x17000D46"
"DolocTown.AgentStateWater","SupportUseItem","System.Boolean","get_SupportUseItem","","public","","0x17000D47"
"DolocTown.AgentStateWater","waterCan","DolocTown.ItemWaterCan","get_waterCan","set_waterCan","public","public","0x17000D48"
"DolocTown.AgentStateYawn","SupportJump","System.Boolean","get_SupportJump","","public","","0x17000D49"
"DolocTown.AgentStateYawn","SupportUseItem","System.Boolean","get_SupportUseItem","","public","","0x17000D4A"
"DolocTown.AgentStateYawn","SupportInteract","System.Boolean","get_SupportInteract","","public","","0x17000D4B"
"DolocTown.AgentStateFishing","_fishRod","DolocTown.ItemFishingRod","get__fishRod","","protected","","0x17000D51"
"DolocTown.AgentStateFishing","SupportInteract","System.Boolean","get_SupportInteract","","public","","0x17000D52"
"DolocTown.AgentStateFishing","SupportDash","System.Boolean","get_SupportDash","","public","","0x17000D53"
"DolocTown.AgentStateFishing","SupportUseItem","System.Boolean","get_SupportUseItem","","public","","0x17000D54"
"DolocTown.AgentStateFishing","SupportJump","System.Boolean","get_SupportJump","","public","","0x17000D55"
"DolocTown.AgentStateFishing","SupportScrollQuickInventoryUI","System.Boolean","get_SupportScrollQuickInventoryUI","","public","","0x17000D56"
"DolocTown.AgentStateFishing","IsUiControlled","System.Boolean","get_IsUiControlled","set_IsUiControlled","public","protected","0x17000D57"
"DolocTown.AgentStateFishingPull","IsFailed","System.Boolean","get_IsFailed","set_IsFailed","public","public","0x17000D58"
"DolocTown.AgentStateFishingWait","IsWaitNow","System.Boolean","get_IsWaitNow","","public","","0x17000D59"
"DolocTown.AgentPhysicalStatus","IsTouchWall","System.Boolean","get_IsTouchWall","","public","","0x17000D65"
"DolocTown.MotorController","scannerGate","DolocTown.ScannerGate","get_scannerGate","set_scannerGate","public","private","0x17000DEF"
"DolocTown.MotorController","scannerInteractable","DolocTown.ScannerInteractableOfMotor","get_scannerInteractable","set_scannerInteractable","public","private","0x17000DF0"
"DolocTown.MotorController","motorInteractable","DolocTown.MotorInteractable","get_motorInteractable","set_motorInteractable","public","private","0x17000DF1"
"DolocTown.MotorInteractable","OnlyTouch","System.Boolean","get_OnlyTouch","","public","","0x17000DF7"
"DolocTown.MotorInteractable","CanInteractContinues","System.Boolean","get_CanInteractContinues","","public","","0x17000DF8"
"DolocTown.MotorInteractable","DolocTown.IAttackable.attackableType","DolocTown.AttackableType","DolocTown.IAttackable.get_attackableType","","private","","0x17000DF9"
"DolocTown.BuildingScanner","CurrentBuilding","DolocTown.Building","get_CurrentBuilding","","public","","0x17000E02"
"DolocTown.RoomScanner","lastWorldPosition","UnityEngine.Vector2","get_lastWorldPosition","set_lastWorldPosition","public","private","0x17000E03"
"DolocTown.RoomScanner","lastCellPosition","UnityEngine.Vector2Int","get_lastCellPosition","set_lastCellPosition","public","private","0x17000E04"
"DolocTown.RoomScanner","CurrentEquipment","DolocTown.Equipment","get_CurrentEquipment","set_CurrentEquipment","public","private","0x17000E05"
"DolocTown.MapScanner","mapManager","DolocTown.MapManager","get_mapManager","","private","","0x17000E06"
"DolocTown.ScannerGate","manager","DolocTown.ManagerGate","get_manager","set_manager","public","private","0x17000E08"
"DolocTown.ScannerGate","lastGate","DolocTown.IGate","get_lastGate","set_lastGate","public","private","0x17000E09"
"DolocTown.ScannerGate","lastTouchedGate","DolocTown.IGate","get_lastTouchedGate","set_lastTouchedGate","public","private","0x17000E0A"
"DolocTown.InteractableManager","Current","DolocTown.IInteractable","get_Current","set_Current","public","private","0x17000E0B"
"DolocTown.ScannerInteractable","Manager","DolocTown.InteractableManagerEx","get_Manager","set_Manager","public","public","0x17000E0C"
"DolocTown.ScannerInteractableOfMotor","Manager","DolocTown.InteractableManagerEx","get_Manager","set_Manager","public","public","0x17000E0D"
"DolocTown.Room","DM_interactableObject","DolocTown.RoomInteractableObjectManager","get_DM_interactableObject","set_DM_interactableObject","public","protected","0x17000E66"
"DolocTown.ButtonAction","index","System.Int32","get_index","set_index","public","private","0x17000F0A"
"DolocTown.ButtonAction","text","System.String","get_text","","public","","0x17000F0B"
"DolocTown.FactionMissionUiState","backpackPanel","DolocTown.UI.BackpackSideBarWidget","get_backpackPanel","","private","","0x17000F74"
"DolocTown.FactionMissionUiState","MissionWidget","DolocTown.UI.FactionMissionWidget","get_MissionWidget","","private","","0x17000F75"
"DolocTown.FactionMissionUiState","missionViewer","DolocTown.UI.FactionMissionViewer","get_missionViewer","","private","","0x17000F76"
"DolocTown.FactionMissionUiState","missionMgr","DolocTown.FactionMissionManager","get_missionMgr","","private","","0x17000F77"
"DolocTown.FactionMissionUiState","currentSubSeriesIndex","System.Int32","get_currentSubSeriesIndex","","private","","0x17000F78"
"DolocTown.FactionMissionUiState","currentSubSeries","DolocTown.Config.Mission.FactionMissionType","get_currentSubSeries","","private","","0x17000F79"
"DolocTown.FactionMissionUiState","inventorySystem","DolocTown.InventorySystem","get_inventorySystem","","private","","0x17000F7A"
"DolocTown.FactionMissionUiState","backpack","DolocTown.LinearInventory","get_backpack","","private","","0x17000F7B"
"DolocTown.FactionMissionUiState","OnCloseButtonClick","UnityEngine.Events.UnityEvent","get_OnCloseButtonClick","","protected","","0x17000F7C"
"DolocTown.FactionMissionUiState","_contentRect","DolocTown.UI.IScrollContentRect","get__contentRect","","private","","0x17000F7D"
"DolocTown.RecruitPanelUiState","Config","DolocTown.Config.Mission.TbTreatyPortFaction","get_Config","","private","","0x17000FAA"
"DolocTown.RecruitPanelUiState","factionManager","DolocTown.TreatyPortFactionManager","get_factionManager","","private","","0x17000FAB"
"DolocTown.NodeCanvasSelector","callback","System.Action`1<UnityEngine.Vector2Int>","get_callback","set_callback","private","private","0x17000FD5"
"DolocTown.ActionIconGroup","largeIconUrl","System.String","get_largeIconUrl","","public","","0x17000FDA"
"DolocTown.ActionIconGroup","largeIcon","UnityEngine.Sprite","get_largeIcon","","public","","0x17000FDB"
"DolocTown.ActionIconGroup","smallIconUrl","System.String","get_smallIconUrl","","public","","0x17000FDC"
"DolocTown.ActionIconGroup","smallIcon","UnityEngine.Sprite","get_smallIcon","","public","","0x17000FDD"
"DolocTown.ActionIconGroup","Valid","System.Boolean","get_Valid","","public","","0x17000FDE"
"DolocTown.DolocUserInput","NormalInteract","System.Boolean","get_NormalInteract","","public","","0x17000FF7"
"DolocTown.DolocUserInput","NormalInteractInProgress","System.Boolean","get_NormalInteractInProgress","","public","","0x17000FF8"
"DolocTown.DolocUserInput","NormalUseTool","System.Boolean","get_NormalUseTool","","public","","0x17000FFE"
"DolocTown.DolocUserInput","NormalUseToolInProgress","System.Boolean","get_NormalUseToolInProgress","","public","","0x17000FFF"
"DolocTown.DolocUserInput","NormalUseItem","System.Boolean","get_NormalUseItem","","public","","0x17001000"
"DolocTown.DolocUserInput","NormalUseItemInProgress","System.Boolean","get_NormalUseItemInProgress","","public","","0x17001001"
"DolocTown.DolocUserInput","NormalRoomInteract","System.Boolean","get_NormalRoomInteract","","public","","0x1700100E"
"DolocTown.DolocUserInput","BaseInteract","System.Boolean","get_BaseInteract","","public","","0x1700101B"
"DolocTown.DolocUserInput","GlobalInteractActionName","System.String","get_GlobalInteractActionName","","public","","0x17001061"
"DolocTown.DolocUserInput","NormalRoomInteractQuitActionName","System.String","get_NormalRoomInteractQuitActionName","","public","","0x17001062"
"DolocTown.DolocUserInput","NormalRoomInteractActionName","System.String","get_NormalRoomInteractActionName","","public","","0x17001063"
"DolocTown.DolocUserInput","NormalSelectedDroneActionName","System.String","get_NormalSelectedDroneActionName","","public","","0x17001064"
"DolocTown.DolocUserInput","NormalSelectedActiveActionName","System.String","get_NormalSelectedActiveActionName","","public","","0x17001065"
"DolocTown.DolocUserInput","NormalQuickSelect0ActionName","System.String","get_NormalQuickSelect0ActionName","","public","","0x17001066"
"DolocTown.DolocUserInput","NormalQuickSelect1ActionName","System.String","get_NormalQuickSelect1ActionName","","public","","0x17001067"
"DolocTown.DolocUserInput","NormalQuickSelect2ActionName","System.String","get_NormalQuickSelect2ActionName","","public","","0x17001068"
"DolocTown.DolocUserInput","NormalQuickSelect3ActionName","System.String","get_NormalQuickSelect3ActionName","","public","","0x17001069"
"DolocTown.DolocUserInput","NormalQuickSelect4ActionName","System.String","get_NormalQuickSelect4ActionName","","public","","0x1700106A"
"DolocTown.DolocUserInput","NormalQuickSelect5ActionName","System.String","get_NormalQuickSelect5ActionName","","public","","0x1700106B"
"DolocTown.DolocUserInput","NormalQuickSelect6ActionName","System.String","get_NormalQuickSelect6ActionName","","public","","0x1700106C"
"DolocTown.DolocUserInput","NormalQuickSelect7ActionName","System.String","get_NormalQuickSelect7ActionName","","public","","0x1700106D"
"DolocTown.DolocUserInput","NormalQuickSelect8ActionName","System.String","get_NormalQuickSelect8ActionName","","public","","0x1700106E"
"DolocTown.DolocUserInput","NormalQuickSelect9ActionName","System.String","get_NormalQuickSelect9ActionName","","public","","0x1700106F"
"DolocTown.InputActionExtension","displayStringOptions","UnityEngine.InputSystem.InputBinding/DisplayStringOptions","get_displayStringOptions","","private","","0x17001076"
"DolocTown.SOUtils","GameActionIds","System.String[]","get_GameActionIds","","public","","0x1700107C"
"DolocTown.SOUtils","RebindActionIds","System.String[]","get_RebindActionIds","","public","","0x1700107D"
"DolocTown.ContinuesGoEffects","recycle","System.Action`1<DolocTown.ContinuesGoEffects>","get_recycle","set_recycle","public","public","0x170010BF"
"DolocTown.ContinuesParticleEffects","recycle","System.Action`1<DolocTown.ContinuesParticleEffects>","get_recycle","set_recycle","public","public","0x170010C0"
"DolocTown.FadeUpTip","recycle","System.Action`1<DolocTown.FadeUpTip>","get_recycle","set_recycle","public","public","0x170010C1"
"DolocTown.InstantAnimationEffects","Recycle","System.Action`1<DolocTown.InstantAnimationEffects>","get_Recycle","set_Recycle","public","public","0x170010C2"
"DolocTown.InstantGoEffects","Recycle","System.Action`1<DolocTown.InstantGoEffects>","get_Recycle","set_Recycle","public","public","0x170010CA"
"DolocTown.InstantParticleEffects","recycle","System.Action`1<DolocTown.InstantParticleEffects>","get_recycle","set_recycle","public","public","0x170010CC"
"DolocTown.GhostShadow","Recycle","System.Action`1<DolocTown.GhostShadow>","get_Recycle","set_Recycle","public","public","0x170010CE"
"DolocTown.TwistEffects","Recycle","System.Action`1<DolocTown.GameEntity>","get_Recycle","set_Recycle","public","public","0x170010CF"
"DolocTown.Wind","Recycle","System.Action`1<DolocTown.GameEntity>","get_Recycle","set_Recycle","public","public","0x170010D0"
"DolocTown.WindLarge","Recycle","System.Action`1<DolocTown.WindLarge>","get_Recycle","set_Recycle","public","public","0x170010D1"
"DolocTown.UI.DolocUiRecyclableObjectSelfCall`1","recycle","System.Action`1<T>","get_recycle","set_recycle","public","public","0x1700114E"
"DolocTown.UI.DolocNavigationButton","interactable","System.Boolean","get_interactable","set_interactable","public","public","0x170011A2"
"DolocTown.UI.DeviceDetectImageCom","Config","DolocTown.Config.UI.GameKeyActionInfo","get_Config","","public","","0x170011C8"
"DolocTown.UI.DeviceDetectL10nKeyTextCom","Config","DolocTown.Config.UI.GameKeyActionInfo","get_Config","","public","","0x170011C9"
"DolocTown.UI.DamageTip","recycleHandle","System.Action`1<DolocTown.UI.DamageTip>","get_recycleHandle","set_recycleHandle","public","public","0x170011CD"
"DolocTown.UI.CategoryOption","OnValueChanged","System.Action`1<System.Int32>","get_OnValueChanged","set_OnValueChanged","public","public","0x1700122B"
"DolocTown.UI.SceneDialogueBox","callback","System.Action","get_callback","set_callback","public","public","0x1700132A"
"DolocTown.UI.OptionItem","OnValueChanged","System.Action`1<System.Int32>","get_OnValueChanged","set_OnValueChanged","public","public","0x17001372"
"DolocTown.UI.CandidateFactionData","notEmpty","System.Boolean","get_notEmpty","","public","","0x17001391"
"DolocTown.UI.CandidateFactionData","isVisited","System.Boolean","get_isVisited","","public","","0x17001392"
"DolocTown.UI.CandidateFactionData","npcName","System.String","get_npcName","","public","","0x17001393"
"DolocTown.UI.CandidateFactionData","title","System.String","get_title","","public","","0x17001394"
"DolocTown.UI.CandidateFactionData","icon","UnityEngine.Sprite","get_icon","","public","","0x17001395"
"DolocTown.UI.RecruitData","factionCount","System.Int32","get_factionCount","","public","","0x17001397"
"DolocTown.UI.RecruitData","factionDatas","DolocTown.UI.CandidateFactionData[]","get_factionDatas","","public","","0x17001398"
"DolocTown.UI.FactionListViewer","factionCard","UnityEngine.GameObject","get_factionCard","","private","","0x17001399"
"DolocTown.UI.FactionListViewer","slotPrefab","UnityEngine.GameObject","get_slotPrefab","","protected","","0x1700139A"
"DolocTown.UI.FactionListViewer","lineCapacity","System.Int32","get_lineCapacity","","protected","","0x1700139B"
"DolocTown.UI.TreatyPortFactionData","notEmpty","System.Boolean","get_notEmpty","","public","","0x1700139C"
"DolocTown.UI.TreatyPortFactionData","factionType","DolocTown.Config.Mission.FactionType","get_factionType","","public","","0x1700139D"
"DolocTown.UI.TreatyPortFactionData","factionTitle","System.String","get_factionTitle","","public","","0x1700139E"
"DolocTown.UI.TreatyPortFactionData","principal","System.String","get_principal","","public","","0x1700139F"
"DolocTown.UI.TreatyPortFactionData","time","System.String","get_time","","public","","0x170013A0"
"DolocTown.UI.TreatyPortFactionData","progress","System.String","get_progress","","public","","0x170013A1"
"DolocTown.UI.TreatyPortFactionData","maxReputationLv","System.Int32","get_maxReputationLv","","public","","0x170013A2"
"DolocTown.UI.TreatyPortFactionData","reputationLv","System.Int32","get_reputationLv","","public","","0x170013A3"
"DolocTown.UI.TreatyPortFactionData","isComplete","System.Boolean","get_isComplete","","public","","0x170013A4"
"DolocTown.UI.TreatyPortFactionData","medal","UnityEngine.Sprite","get_medal","","public","","0x170013A5"
"DolocTown.UI.TreatyPortFactionData","npcIcon","UnityEngine.Sprite","get_npcIcon","","public","","0x170013A6"
"DolocTown.UI.TreatyPortFactionData","themeColor","UnityEngine.Color","get_themeColor","","public","","0x170013A7"
"DolocTown.UI.MessageBoxInScene","Recycle","System.Action`1<DolocTown.UI.MessageBoxInScene>","get_Recycle","set_Recycle","public","public","0x170013DD"
"DolocTown.UI.MessageBoxInSceneWithIcon","Recycle","System.Action`1<DolocTown.UI.MessageBoxInSceneWithIcon>","get_Recycle","set_Recycle","public","public","0x170013DF"
"DolocTown.UI.FactionItemData","notEmpty","System.Boolean","get_notEmpty","","public","","0x170013F1"
"DolocTown.UI.FactionMissionData","notEmpty","System.Boolean","get_notEmpty","","public","","0x170013F2"
"DolocTown.UI.FactionMissionViewer","allSelectablesArray","UnityEngine.UI.Selectable[]","get_allSelectablesArray","set_allSelectablesArray","public","private","0x170013F3"
"DolocTown.UI.FactionMissionViewer","allSelectableCount","System.Int32","get_allSelectableCount","","public","","0x170013F4"
"DolocTown.UI.FactionMissionViewer","scrollRect","UnityEngine.UI.ScrollRect","get_scrollRect","","public","","0x170013F5"
"DolocTown.UI.FactionMissionViewer","moveDelta","System.Single","get_moveDelta","","public","","0x170013F6"
"DolocTown.UI.FactionMissionWidget","contentRect","DolocTown.UI.IScrollContentRect","get_contentRect","","public","","0x170013F7"
"DolocTown.UI.FactionMissionWidget","currentStickIndex","System.Int32","get_currentStickIndex","set_currentStickIndex","public","private","0x170013F8"
"DolocTown.UI.FactionSubSeriesSlot","labelWidth","System.Single","","set_labelWidth","","public","0x170013F9"
"DolocTown.UI.FactionSubSeriesSlot","perfectLabelWidth","System.Single","get_perfectLabelWidth","","public","","0x170013FA"
"DolocTown.UI.FactionSubSeriesSlot","title","System.String","","set_title","","public","0x170013FB"
"DolocTown.UI.CostItemSlot","UseItemHoverBox","System.Boolean","get_UseItemHoverBox","set_UseItemHoverBox","public","public","0x17001466"
"DolocTown.UI.OperationTipMulti","Callback","System.Action","get_Callback","set_Callback","public","public","0x1700147E"
"DolocTown.UI.InputActionKeyIcon","displayStringOptions","UnityEngine.InputSystem.InputBinding/DisplayStringOptions","get_displayStringOptions","","private","","0x170014C8"
"DolocTown.UI.InputActionKeyIcon","IsLocked","System.Boolean","get_IsLocked","set_IsLocked","public","public","0x170014C9"
"DolocTown.UI.InputActionKeyIcon","IsConflict","System.Boolean","get_IsConflict","set_IsConflict","public","public","0x170014CA"
"DolocTown.UI.RebindActionMask/<DotLoop>d__15","System.Collections.Generic.IEnumerator<System.Object>.Current","System.Object","System.Collections.Generic.IEnumerator<System.Object>.get_Current","","private","","0x17002FE2"
"DolocTown.UI.RebindActionMask/<DotLoop>d__15","System.Collections.IEnumerator.Current","System.Object","System.Collections.IEnumerator.get_Current","","private","","0x17002FE3"
"DolocTown.UI.RebindActionSlot","EffectivePath","System.String","get_EffectivePath","","public","","0x170014CB"
"DolocTown.UI.RebindActionSlot","OriginPath","System.String","get_OriginPath","","public","","0x170014CC"
"DolocTown.UI.RebindActionSlot","OverridePath","System.String","get_OverridePath","","public","","0x170014CD"
"DolocTown.UI.RebindActionSlot","CanRevert","System.Boolean","get_CanRevert","","public","","0x170014CE"
"DolocTown.UI.RebindActionSlot","displayStringOptions","UnityEngine.InputSystem.InputBinding/DisplayStringOptions","get_displayStringOptions","","private","","0x170014CF"
"DolocTown.UI.RebindActionSlot","updateBindingUIEvent","UnityEngine.Events.UnityEvent`1<DolocTown.UI.RebindActionSlot>","get_updateBindingUIEvent","set_updateBindingUIEvent","public","private","0x170014D0"
"DolocTown.UI.RebindActionSlot","startRebindEvent","UnityEngine.Events.UnityEvent`1<DolocTown.UI.RebindActionSlot>","get_startRebindEvent","set_startRebindEvent","public","private","0x170014D1"
"DolocTown.UI.RebindActionSlot","stopRebindEvent","UnityEngine.Events.UnityEvent`1<DolocTown.UI.RebindActionSlot>","get_stopRebindEvent","set_stopRebindEvent","public","private","0x170014D2"
"DolocTown.UI.RebindActionSlot","isRebindPending","System.Boolean","get_isRebindPending","set_isRebindPending","public","private","0x170014D3"
"DolocTown.UI.RebindActionSlot","actionAsset","DolocInputSource","get_actionAsset","","private","","0x170014D4"
"DolocTown.UI.RebindActionSlot","currentInputSchema","DolocTown.InputSchemaType","get_currentInputSchema","","private","","0x170014D5"
"DolocTown.UI.RebindActionSlot","currentDeviceType","DolocTown.DolocInputDeviceType","get_currentDeviceType","","private","","0x170014D6"
"DolocTown.UI.RebindActionSlot","IsLocked","System.Boolean","get_IsLocked","set_IsLocked","public","public","0x170014D7"
"DolocTown.UI.RebindActionSlot","IsConflict","System.Boolean","get_IsConflict","set_IsConflict","public","public","0x170014D8"
"DolocTown.UI.RebindActionSlot","rebindActionUI","DolocTown.UI.RebindActionUI","get_rebindActionUI","set_rebindActionUI","public","private","0x170014D9"
"DolocTown.UI.RebindActionSlot","boxTitle","System.String","get_boxTitle","","public","","0x170014DA"
"DolocTown.UI.RebindActionSlot","rebindActionInfo","DolocTown.Config.Settings.RebindActionInfo","get_rebindActionInfo","","public","","0x170014DB"
"DolocTown.UI.RebindActionSlot/<WaitToInterrupt>d__61","System.Collections.Generic.IEnumerator<System.Object>.Current","System.Object","System.Collections.Generic.IEnumerator<System.Object>.get_Current","","private","","0x17002FE4"
"DolocTown.UI.RebindActionSlot/<WaitToInterrupt>d__61","System.Collections.IEnumerator.Current","System.Object","System.Collections.IEnumerator.get_Current","","private","","0x17002FE5"
"DolocTown.UI.RebindActionUI","selectable","UnityEngine.UI.Selectable","get_selectable","","public","","0x170014DC"
"DolocTown.UI.RebindActionUI","actionAsset","DolocInputSource","get_actionAsset","","private","","0x170014DD"
"DolocTown.UI.RebindActionUI","currentInputSchema","DolocTown.InputSchemaType","get_currentInputSchema","set_currentInputSchema","public","private","0x170014DE"
"DolocTown.UI.RebindActionUI","currentDeviceType","DolocTown.DolocInputDeviceType","get_currentDeviceType","set_currentDeviceType","public","private","0x170014DF"
"DolocTown.UI.RebindActionUI","rebindSlots","DolocTown.UI.RebindActionSlot[]","get_rebindSlots","","public","","0x170014E0"
"DolocTown.UI.RebindActionUI","mask","DolocTown.UI.RebindActionMask","get_mask","set_mask","public","public","0x170014E1"
"DolocTown.UI.RebindActionUI","arrow","DolocTown.UI.ItemBorder","get_arrow","set_arrow","public","public","0x170014E2"
"DolocTown.UI.RebindActionUI","operationTip","DolocTown.UI.OperationTipInUI","get_operationTip","set_operationTip","public","public","0x170014E3"
"DolocTown.UI.RebindActionUI","rebindActionData","DolocTown.Config.Settings.RebindActionSettingComponent","get_rebindActionData","","public","","0x170014E4"
"DolocTown.UI.RebindActionUI","rebindActionInfo","DolocTown.Config.Settings.RebindActionInfo","get_rebindActionInfo","","public","","0x170014E5"
"DolocTown.UI.RebindActionUI","shouldShowArrow","System.Boolean","get_shouldShowArrow","","public","","0x170014E6"
"DolocTown.UI.RebindActionUI","AllowEmpty","System.Boolean","get_AllowEmpty","","public","","0x170014E7"
"DolocTown.UI.RebindActionUI","currentRebindActionUI","DolocTown.UI.RebindActionUI","get_currentRebindActionUI","set_currentRebindActionUI","public","private","0x170014E8"
"DolocTown.UI.RebindActionUI","currentSlot","DolocTown.UI.RebindActionSlot","get_currentSlot","set_currentSlot","private","private","0x170014E9"
"DolocTown.UI.DolocIconWithTextEx","interactable","System.Boolean","","set_interactable","","public","0x1700151B"
"DolocTown.NodeCanvas.ActionTask_MoveTo","IsCustomTarget","System.Boolean","get_IsCustomTarget","","protected","","0x1700153B"
"DolocTown.NodeCanvas.ActionTask_MoveTo","info","System.String","get_info","","protected","","0x1700153C"
"DolocTown.NodeCanvas.ActionTask_RaycastLine","IsDirectionType","System.Boolean","get_IsDirectionType","","private","","0x1700153D"
"DolocTown.NodeCanvas.ActionTask_RaycastLine","info","System.String","get_info","","protected","","0x1700153E"
"DolocTown.NodeCanvas.DialogueTask_UnlockInteractableObject","taskTitle","System.String","get_taskTitle","","public","","0x1700154F"
"DolocTown.NodeCanvas.DialogueTask_UnlockInteractableObject","prefix","System.String","get_prefix","","private","","0x17001550"
"DolocTown.NodeCanvas.DialogueTask_FactionMission","taskTitle","System.String","get_taskTitle","","public","","0x17001568"
"DolocTown.NodeCanvas.DialogueTask_TouchCustomEventObject","taskTitle","System.String","get_taskTitle","","public","","0x17001591"
"DolocTown.NodeCanvas.MissionNodeAction","nodeType","DolocTown.NodeCanvas.MissionNodeType","get_nodeType","","public","","0x1700161B"
"DolocTown.NodeCanvas.MissionNodeAction","iconAlignment","ParadoxNotion.Alignment2x2","get_iconAlignment","","public","","0x1700161C"
"DolocTown.NodeCanvas.MissionNodeAction","commentsAlignment","ParadoxNotion.Alignment2x2","get_commentsAlignment","","public","","0x1700161D"
"DolocTown.NodeCanvas.MissionNodeAction","name","System.String","get_name","","public","","0x1700161E"
"DolocTown.NodeCanvas.MissionNodeAction","maxOutConnections","System.Int32","get_maxOutConnections","","public","","0x1700161F"
"DolocTown.NodeCanvas.MissionNodeAction","maxInConnections","System.Int32","get_maxInConnections","","public","","0x17001620"
"DolocTown.NodeCanvas.MissionNodeAction","action","DolocTown.NodeCanvas.DialogueTask","get_action","set_action","public","public","0x17001621"
"DolocTown.NodeCanvas.MissionNodeAction","task","NodeCanvas.Framework.Task","get_task","set_task","public","public","0x17001622"
"DolocTown.NodeCanvas.MissionNodeAction","outConnectionType","System.Type","get_outConnectionType","","public","","0x17001623"
"DolocTown.NodeCanvas.MissionNodeCondition","action","NodeCanvas.Framework.ConditionTask","get_action","set_action","public","public","0x17001627"
"DolocTown.MonsterAttackBehaviours.IHasReadyAction","HasReadyAction","System.Boolean","get_HasReadyAction","","public","","0x1700169F"
"DolocTown.MonsterAttackBehaviours.IHasReadyAction","ReadyDuration","System.Single","get_ReadyDuration","","public","","0x170016A0"
"DolocTown.GameData.RoutineNode_Action","iconAlignment","ParadoxNotion.Alignment2x2","get_iconAlignment","","public","","0x17001703"
"DolocTown.GameData.RoutineNode_Action","commentsAlignment","ParadoxNotion.Alignment2x2","get_commentsAlignment","","public","","0x17001704"
"DolocTown.GameData.RoutineNode_Action","name","System.String","get_name","","public","","0x17001705"
"DolocTown.GameData.RoutineNode_Action","maxOutConnections","System.Int32","get_maxOutConnections","","public","","0x17001706"
"DolocTown.GameData.RoutineNode_Action","maxInConnections","System.Int32","get_maxInConnections","","public","","0x17001707"
"DolocTown.GameData.RoutineNode_Action","action","DolocTown.NodeCanvas.DialogueTask","get_action","set_action","public","public","0x17001708"
"DolocTown.GameData.RoutineNode_Action","task","NodeCanvas.Framework.Task","get_task","set_task","public","public","0x17001709"
"DolocTown.GameData.TransactionScheduleConnection","IsConditionMet","System.Boolean","get_IsConditionMet","","public","","0x17001711"
"DolocTown.GameData.TransactionScheduleConnection","ConditionInfo","System.String","get_ConditionInfo","","public","","0x17001712"
"DolocTown.GameData.MonsterAttackBehaviourSOBullet","HasReadyAction","System.Boolean","get_HasReadyAction","","public","","0x17001780"
"DolocTown.GameData.MonsterAttackBehaviourSOPhysical","HasReadyAction","System.Boolean","get_HasReadyAction","","public","","0x17001784"
"DolocTown.GameData.MonsterAttackBehaviourSOSkill","HasReadyAction","System.Boolean","get_HasReadyAction","","public","","0x1700178B"
"DolocTown.GameData.MabSoCall","HasReadyAction","System.Boolean","get_HasReadyAction","","public","","0x170017AA"
"DolocTown.Config.Tables","TbRebindAction","DolocTown.Config.Settings.TbRebindAction","get_TbRebindAction","","public","","0x1700193A"
"DolocTown.Config.Tables","TbGameKeyAction","DolocTown.Config.UI.TbGameKeyAction","get_TbGameKeyAction","","public","","0x1700193D"
"DolocTown.Config.Tables","TbFactionType","DolocTown.Config.Mission.TbFactionType","get_TbFactionType","","public","","0x1700194A"
"DolocTown.Config.Tables","TbFactionMissionType","DolocTown.Config.Mission.TbFactionMissionType","get_TbFactionMissionType","","public","","0x1700194B"
"DolocTown.Config.Tables","TbFactionMission","DolocTown.Config.Mission.TbFactionMission","get_TbFactionMission","","public","","0x1700194C"
"DolocTown.Config.Tables","TbTreatyPortFaction","DolocTown.Config.Mission.TbTreatyPortFaction","get_TbTreatyPortFaction","","public","","0x1700194D"
"DolocTown.Config.UI.GameKeyActionInfo","ActionName","System.String","get_ActionName","set_ActionName","public","private","0x17001A2E"
"DolocTown.Config.UI.GameKeyActionInfo","KeyboradMouseActions","System.String[]","get_KeyboradMouseActions","set_KeyboradMouseActions","public","private","0x17001A2F"
"DolocTown.Config.UI.GameKeyActionInfo","KeyboradMouseActions_Ref","DolocTown.Config.Settings.RebindActionInfo[]","get_KeyboradMouseActions_Ref","set_KeyboradMouseActions_Ref","public","private","0x17001A30"
"DolocTown.Config.UI.GameKeyActionInfo","GamepadActions","System.String[]","get_GamepadActions","set_GamepadActions","public","private","0x17001A31"
"DolocTown.Config.UI.GameKeyActionInfo","GamepadActions_Ref","DolocTown.Config.Settings.RebindActionInfo[]","get_GamepadActions_Ref","set_GamepadActions_Ref","public","private","0x17001A32"
"DolocTown.Config.UI.GameKeyActionInfo","EnableCombined","System.Boolean","get_EnableCombined","set_EnableCombined","public","private","0x17001A33"
"DolocTown.Config.UI.TbGameKeyAction","DataMap","System.Collections.Generic.Dictionary`2<System.String,DolocTown.Config.UI.GameKeyActionInfo>","get_DataMap","","public","","0x17001A4E"
"DolocTown.Config.UI.TbGameKeyAction","DataList","System.Collections.Generic.List`1<DolocTown.Config.UI.GameKeyActionInfo>","get_DataList","","public","","0x17001A4F"
"DolocTown.Config.UI.TbGameKeyAction","Item","DolocTown.Config.UI.GameKeyActionInfo","get_Item","","public","","0x17001A50"
"DolocTown.Config.Settings.GlobalParameterInfo","ContinuouslyUseItemTimer","System.String","get_ContinuouslyUseItemTimer","set_ContinuouslyUseItemTimer","public","private","0x17001B33"
"DolocTown.Config.Settings.GlobalParameterInfo","ContinuouslyUseItemTimer_Ref","DolocTown.Config.Settings.TimerInfo","get_ContinuouslyUseItemTimer_Ref","set_ContinuouslyUseItemTimer_Ref","public","private","0x17001B34"
"DolocTown.Config.Settings.GlobalParameterInfo","ContinuouslyInteractTimer","System.String","get_ContinuouslyInteractTimer","set_ContinuouslyInteractTimer","public","private","0x17001B35"
"DolocTown.Config.Settings.GlobalParameterInfo","ContinuouslyInteractTimer_Ref","DolocTown.Config.Settings.TimerInfo","get_ContinuouslyInteractTimer_Ref","set_ContinuouslyInteractTimer_Ref","public","private","0x17001B36"
"DolocTown.Config.Settings.GlobalParameterInfo","FactionWorkingHours","UnityEngine.Vector2Int","get_FactionWorkingHours","set_FactionWorkingHours","public","private","0x17001B58"
"DolocTown.Config.Settings.GlobalParameterInfo","RebindActionInterruptDuration","System.Single","get_RebindActionInterruptDuration","set_RebindActionInterruptDuration","public","private","0x17001BE0"
"DolocTown.Config.Settings.GlobalParameterInfo","UiActionExclusiveBinds","System.String[]","get_UiActionExclusiveBinds","set_UiActionExclusiveBinds","public","private","0x17001BE2"
"DolocTown.Config.Settings.GlobalParameterInfo","UiActionExclusiveBinds_Ref","DolocTown.Config.Settings.RebindActionInfo[]","get_UiActionExclusiveBinds_Ref","set_UiActionExclusiveBinds_Ref","public","private","0x17001BE3"
"DolocTown.Config.Settings.GlobalParameterInfo","UiActionHorizontalMove","System.String[]","get_UiActionHorizontalMove","set_UiActionHorizontalMove","public","private","0x17001BE4"
"DolocTown.Config.Settings.GlobalParameterInfo","UiActionHorizontalMove_Ref","DolocTown.Config.Settings.RebindActionInfo[]","get_UiActionHorizontalMove_Ref","set_UiActionHorizontalMove_Ref","public","private","0x17001BE5"
"DolocTown.Config.Settings.GlobalParameterInfo","UiActionVerticalMove","System.String[]","get_UiActionVerticalMove","set_UiActionVerticalMove","public","private","0x17001BE6"
"DolocTown.Config.Settings.GlobalParameterInfo","UiActionVerticalMove_Ref","DolocTown.Config.Settings.RebindActionInfo[]","get_UiActionVerticalMove_Ref","set_UiActionVerticalMove_Ref","public","private","0x17001BE7"
"DolocTown.Config.Settings.GlobalParameterInfo","RebindActionSettingGroup","System.String","get_RebindActionSettingGroup","set_RebindActionSettingGroup","public","private","0x17001BE8"
"DolocTown.Config.Settings.GlobalParameterInfo","RebindActionSettingGroup_Ref","DolocTown.Config.Settings.UserSettingGroupInfo","get_RebindActionSettingGroup_Ref","set_RebindActionSettingGroup_Ref","public","private","0x17001BE9"
"DolocTown.Config.Settings.InputActionBinds","ActionMapName","System.String","get_ActionMapName","set_ActionMapName","public","private","0x17001C2E"
"DolocTown.Config.Settings.InputActionBinds","ActionName","System.String","get_ActionName","set_ActionName","public","private","0x17001C2F"
"DolocTown.Config.Settings.InputActionBinds","ComposePartName","System.String","get_ComposePartName","set_ComposePartName","public","private","0x17001C30"
"DolocTown.Config.Settings.InputActionBinds","IsEmpty","System.Boolean","get_IsEmpty","","public","","0x17001C31"
"DolocTown.Config.Settings.InputActionBinds","Path","System.String","get_Path","","public","","0x17001C32"
"DolocTown.Config.Settings.RebindActionInfo","Id","System.String","get_Id","set_Id","public","private","0x17001C37"
"DolocTown.Config.Settings.RebindActionInfo","ActionPath","DolocTown.Config.Settings.InputActionBinds","get_ActionPath","set_ActionPath","public","private","0x17001C38"
"DolocTown.Config.Settings.RebindActionInfo","ActionLinkedPaths","DolocTown.Config.Settings.InputActionBinds[]","get_ActionLinkedPaths","set_ActionLinkedPaths","public","private","0x17001C39"
"DolocTown.Config.Settings.RebindActionInfo","AllowEmpty","System.Boolean","get_AllowEmpty","set_AllowEmpty","public","private","0x17001C3A"
"DolocTown.Config.Settings.RebindActionInfo","Labels","System.String[]","get_Labels","set_Labels","public","private","0x17001C3B"
"DolocTown.Config.Settings.RebindActionInfo","LockMianInKeyboradMouseMode","System.Boolean","get_LockMianInKeyboradMouseMode","set_LockMianInKeyboradMouseMode","public","private","0x17001C3C"
"DolocTown.Config.Settings.RebindActionInfo","LockMianInGamepadMode","System.Boolean","get_LockMianInGamepadMode","set_LockMianInGamepadMode","public","private","0x17001C3D"
"DolocTown.Config.Settings.RebindActionInfo","actionAsset","DolocInputSource","get_actionAsset","","private","","0x17001C3E"
"DolocTown.Config.Settings.RebindActionInfo","MainAction","UnityEngine.InputSystem.InputAction","get_MainAction","set_MainAction","public","private","0x17001C3F"
"DolocTown.Config.Settings.RebindActionInfo","LinkedAction","System.Collections.Generic.List`1<UnityEngine.InputSystem.InputAction>","get_LinkedAction","set_LinkedAction","public","private","0x17001C40"
"DolocTown.Config.Settings.RebindActionInfo","Valid","System.Boolean","get_Valid","","public","","0x17001C41"
"DolocTown.Config.Settings.RebindActionInfo","displayStringOptions","UnityEngine.InputSystem.InputBinding/DisplayStringOptions","get_displayStringOptions","","private","","0x17001C42"
"DolocTown.Config.Settings.RebindActionSettingComponent","InputAction","System.String","get_InputAction","set_InputAction","public","private","0x17001C43"
"DolocTown.Config.Settings.RebindActionSettingComponent","InputAction_Ref","DolocTown.Config.Settings.RebindActionInfo","get_InputAction_Ref","set_InputAction_Ref","public","private","0x17001C44"
"DolocTown.Config.Settings.TbGlobalParameter","ContinuouslyUseItemTimer","System.String","get_ContinuouslyUseItemTimer","","public","","0x17001C5A"
"DolocTown.Config.Settings.TbGlobalParameter","ContinuouslyInteractTimer","System.String","get_ContinuouslyInteractTimer","","public","","0x17001C5B"
"DolocTown.Config.Settings.TbGlobalParameter","FactionWorkingHours","UnityEngine.Vector2Int","get_FactionWorkingHours","","public","","0x17001C77"
"DolocTown.Config.Settings.TbGlobalParameter","RebindActionInterruptDuration","System.Single","get_RebindActionInterruptDuration","","public","","0x17001CF8"
"DolocTown.Config.Settings.TbGlobalParameter","UiActionExclusiveBinds","System.String[]","get_UiActionExclusiveBinds","","public","","0x17001CFA"
"DolocTown.Config.Settings.TbGlobalParameter","UiActionHorizontalMove","System.String[]","get_UiActionHorizontalMove","","public","","0x17001CFB"
"DolocTown.Config.Settings.TbGlobalParameter","UiActionVerticalMove","System.String[]","get_UiActionVerticalMove","","public","","0x17001CFC"
"DolocTown.Config.Settings.TbGlobalParameter","RebindActionSettingGroup","System.String","get_RebindActionSettingGroup","","public","","0x17001CFD"
"DolocTown.Config.Settings.TbRebindAction","DataMap","System.Collections.Generic.Dictionary`2<System.String,DolocTown.Config.Settings.RebindActionInfo>","get_DataMap","","public","","0x17001D2F"
"DolocTown.Config.Settings.TbRebindAction","DataList","System.Collections.Generic.List`1<DolocTown.Config.Settings.RebindActionInfo>","get_DataList","","public","","0x17001D30"
"DolocTown.Config.Settings.TbRebindAction","Item","DolocTown.Config.Settings.RebindActionInfo","get_Item","","public","","0x17001D31"
"DolocTown.Config.Room.PortalInfo","NeedInteract","System.Boolean","get_NeedInteract","set_NeedInteract","public","private","0x17001D90"
"DolocTown.Config.Room.PortalInfo","InteractKeyType","DolocTown.Config.Room.PortalInteractKey","get_InteractKeyType","set_InteractKeyType","public","private","0x17001D91"
"DolocTown.Config.Resource.VegetationFuncLuminous","TouchEffect","System.String","get_TouchEffect","set_TouchEffect","public","private","0x17001E77"
"DolocTown.Config.Mission.FactionMissionInfo","Id","System.String","get_Id","set_Id","public","private","0x17002084"
"DolocTown.Config.Mission.FactionMissionInfo","MainSeries","DolocTown.Config.Mission.FactionType","get_MainSeries","set_MainSeries","public","private","0x17002085"
"DolocTown.Config.Mission.FactionMissionInfo","SubSeries","DolocTown.Config.Mission.FactionMissionType","get_SubSeries","set_SubSeries","public","private","0x17002086"
"DolocTown.Config.Mission.FactionMissionInfo","OrderInType","System.Int32","get_OrderInType","set_OrderInType","public","private","0x17002087"
"DolocTown.Config.Mission.FactionMissionInfo","DefaultUnlock","System.Boolean","get_DefaultUnlock","set_DefaultUnlock","public","private","0x17002088"
"DolocTown.Config.Mission.FactionMissionInfo","UnlockBeforeSettled","System.Boolean","get_UnlockBeforeSettled","set_UnlockBeforeSettled","public","private","0x17002089"
"DolocTown.Config.Mission.FactionMissionInfo","Title","System.String","get_Title","set_Title","public","private","0x1700208A"
"DolocTown.Config.Mission.FactionMissionInfo","Title_l10n_key","System.String","get_Title_l10n_key","","public","","0x1700208B"
"DolocTown.Config.Mission.FactionMissionInfo","Sender","System.String","get_Sender","set_Sender","public","private","0x1700208C"
"DolocTown.Config.Mission.FactionMissionInfo","Sender_l10n_key","System.String","get_Sender_l10n_key","","public","","0x1700208D"
"DolocTown.Config.Mission.FactionMissionInfo","Description","System.String","get_Description","set_Description","public","private","0x1700208E"
"DolocTown.Config.Mission.FactionMissionInfo","Description_l10n_key","System.String","get_Description_l10n_key","","public","","0x1700208F"
"DolocTown.Config.Mission.FactionMissionInfo","ReputationValue","System.Int32","get_ReputationValue","set_ReputationValue","public","private","0x17002090"
"DolocTown.Config.Mission.FactionMissionInfo","RequiredItems","System.Collections.Generic.List`1<DolocTown.CountItem>","get_RequiredItems","set_RequiredItems","public","private","0x17002091"
"DolocTown.Config.Mission.FactionMissionInfo","RequiredMoney","System.Int32","get_RequiredMoney","set_RequiredMoney","public","private","0x17002092"
"DolocTown.Config.Mission.FactionMissionInfo","ExtraRewards","System.Collections.Generic.List`1<DolocTown.GameData.RewardProto>","get_ExtraRewards","set_ExtraRewards","public","private","0x17002093"
"DolocTown.Config.Mission.FactionMissionTypeInfo","Id","DolocTown.Config.Mission.FactionMissionType","get_Id","set_Id","public","private","0x17002094"
"DolocTown.Config.Mission.FactionMissionTypeInfo","Title","System.String","get_Title","set_Title","public","private","0x17002095"
"DolocTown.Config.Mission.FactionMissionTypeInfo","Title_l10n_key","System.String","get_Title_l10n_key","","public","","0x17002096"
"DolocTown.Config.Mission.FactionTypeInfo","Id","DolocTown.Config.Mission.FactionType","get_Id","set_Id","public","private","0x17002097"
"DolocTown.Config.Mission.FactionTypeInfo","Title","System.String","get_Title","set_Title","public","private","0x17002098"
"DolocTown.Config.Mission.FactionTypeInfo","Title_l10n_key","System.String","get_Title_l10n_key","","public","","0x17002099"
"DolocTown.Config.Mission.TbFactionMission","DataMap","System.Collections.Generic.Dictionary`2<System.String,DolocTown.Config.Mission.FactionMissionInfo>","get_DataMap","","public","","0x170020DC"
"DolocTown.Config.Mission.TbFactionMission","DataList","System.Collections.Generic.List`1<DolocTown.Config.Mission.FactionMissionInfo>","get_DataList","","public","","0x170020DD"
"DolocTown.Config.Mission.TbFactionMission","Item","DolocTown.Config.Mission.FactionMissionInfo","get_Item","","public","","0x170020DE"
"DolocTown.Config.Mission.TbFactionMissionType","DataMap","System.Collections.Generic.Dictionary`2<DolocTown.Config.Mission.FactionMissionType,DolocTown.Config.Mission.FactionMissionTypeInfo>","get_DataMap","","public","","0x170020DF"
"DolocTown.Config.Mission.TbFactionMissionType","DataList","System.Collections.Generic.List`1<DolocTown.Config.Mission.FactionMissionTypeInfo>","get_DataList","","public","","0x170020E0"
"DolocTown.Config.Mission.TbFactionMissionType","Item","DolocTown.Config.Mission.FactionMissionTypeInfo","get_Item","","public","","0x170020E1"
"DolocTown.Config.Mission.TbFactionType","DataMap","System.Collections.Generic.Dictionary`2<DolocTown.Config.Mission.FactionType,DolocTown.Config.Mission.FactionTypeInfo>","get_DataMap","","public","","0x170020E2"
"DolocTown.Config.Mission.TbFactionType","DataList","System.Collections.Generic.List`1<DolocTown.Config.Mission.FactionTypeInfo>","get_DataList","","public","","0x170020E3"
"DolocTown.Config.Mission.TbFactionType","Item","DolocTown.Config.Mission.FactionTypeInfo","get_Item","","public","","0x170020E4"
"DolocTown.Config.Mission.TbTreatyPortFaction","DataList","System.Collections.Generic.List`1<DolocTown.Config.Mission.TreatyPortFactionInfo>","get_DataList","","public","","0x170020FA"
"DolocTown.Config.Mission.TreatyPortFactionInfo","Id","System.String","get_Id","set_Id","public","private","0x170020FB"
"DolocTown.Config.Mission.TreatyPortFactionInfo","FactionType","DolocTown.Config.Mission.FactionType","get_FactionType","set_FactionType","public","private","0x170020FC"
"DolocTown.Config.Mission.TreatyPortFactionInfo","Title","System.String","get_Title","set_Title","public","private","0x170020FD"
"DolocTown.Config.Mission.TreatyPortFactionInfo","Title_l10n_key","System.String","get_Title_l10n_key","","public","","0x170020FE"
"DolocTown.Config.Mission.TreatyPortFactionInfo","Contact","System.String","get_Contact","set_Contact","public","private","0x170020FF"
"DolocTown.Config.Mission.TreatyPortFactionInfo","Contact_Ref","DolocTown.Config.NPC.NpcInfo","get_Contact_Ref","set_Contact_Ref","public","private","0x17002100"
"DolocTown.Config.Mission.TreatyPortFactionInfo","UiSpriteAsset","DolocTown.SpriteAsset","get_UiSpriteAsset","set_UiSpriteAsset","public","private","0x17002101"
"DolocTown.Config.Mission.TreatyPortFactionInfo","NpcSpriteAsset","DolocTown.SpriteAsset","get_NpcSpriteAsset","set_NpcSpriteAsset","public","private","0x17002102"
"DolocTown.Config.Mission.TreatyPortFactionInfo","Dialogue","System.String","get_Dialogue","set_Dialogue","public","private","0x17002103"
"DolocTown.Config.Mission.TreatyPortFactionInfo","VisitingTime","System.Nullable`1<DolocTown.Config.Time.WeekDay>","get_VisitingTime","set_VisitingTime","public","private","0x17002104"
"DolocTown.Config.Mission.TreatyPortFactionInfo","SettledReputation","System.Int32","get_SettledReputation","set_SettledReputation","public","private","0x17002105"
"DolocTown.Config.Mission.TreatyPortFactionInfo","MedalReputation","System.Int32","get_MedalReputation","set_MedalReputation","public","private","0x17002106"
"DolocTown.Config.Mission.TreatyPortFactionInfo","Medal","DolocTown.SpriteAsset","get_Medal","set_Medal","public","private","0x17002107"
"DolocTown.Config.Mission.TreatyPortFactionInfo","ThemeColor","UnityEngine.Color","get_ThemeColor","set_ThemeColor","public","private","0x17002108"
"DolocTown.Config.Mission.TreatyPortFactionInfo","UnlockInDemo","System.Boolean","get_UnlockInDemo","set_UnlockInDemo","public","private","0x17002109"
"DolocTown.Config.Localization.SceneTipArgs","ShouldInteract","System.Boolean","get_ShouldInteract","set_ShouldInteract","public","private","0x17002122"
"DolocTown.Config.Localization.StaticTextInfo","UiOperationInteract","System.String","get_UiOperationInteract","set_UiOperationInteract","public","private","0x1700222D"
"DolocTown.Config.Localization.StaticTextInfo","UiOperationInteract_l10n_key","System.String","get_UiOperationInteract_l10n_key","","public","","0x1700222E"
"DolocTown.Config.Localization.StaticTextInfo","FactionMissionFinish","System.String","get_FactionMissionFinish","set_FactionMissionFinish","public","private","0x17002509"
"DolocTown.Config.Localization.StaticTextInfo","FactionMissionFinish_l10n_key","System.String","get_FactionMissionFinish_l10n_key","","public","","0x1700250A"
"DolocTown.Config.Localization.StaticTextInfo","FactionMissionCannotSubmit","System.String","get_FactionMissionCannotSubmit","set_FactionMissionCannotSubmit","public","private","0x1700250B"
"DolocTown.Config.Localization.StaticTextInfo","FactionMissionCannotSubmit_l10n_key","System.String","get_FactionMissionCannotSubmit_l10n_key","","public","","0x1700250C"
"DolocTown.Config.Localization.StaticTextInfo","FactionMissionFinishSubmit","System.String","get_FactionMissionFinishSubmit","set_FactionMissionFinishSubmit","public","private","0x1700250D"
"DolocTown.Config.Localization.StaticTextInfo","FactionMissionFinishSubmit_l10n_key","System.String","get_FactionMissionFinishSubmit_l10n_key","","public","","0x1700250E"
"DolocTown.Config.Localization.StaticTextInfo","FactionMissionMoneySubmit","System.String","get_FactionMissionMoneySubmit","set_FactionMissionMoneySubmit","public","private","0x1700250F"
"DolocTown.Config.Localization.StaticTextInfo","FactionMissionMoneySubmit_l10n_key","System.String","get_FactionMissionMoneySubmit_l10n_key","","public","","0x17002510"
"DolocTown.Config.Localization.StaticTextInfo","FactionMissionErrSubmit","System.String","get_FactionMissionErrSubmit","set_FactionMissionErrSubmit","public","private","0x17002511"
"DolocTown.Config.Localization.StaticTextInfo","FactionMissionErrSubmit_l10n_key","System.String","get_FactionMissionErrSubmit_l10n_key","","public","","0x17002512"
"DolocTown.Config.Localization.StaticTextInfo","FactionMissionLock","System.String","get_FactionMissionLock","set_FactionMissionLock","public","private","0x17002513"
"DolocTown.Config.Localization.StaticTextInfo","FactionMissionLock_l10n_key","System.String","get_FactionMissionLock_l10n_key","","public","","0x17002514"
"DolocTown.Config.Localization.StaticTextInfo","TreatyPortFactionMissionProgress","System.String","get_TreatyPortFactionMissionProgress","set_TreatyPortFactionMissionProgress","public","private","0x1700251D"
"DolocTown.Config.Localization.StaticTextInfo","TreatyPortFactionMissionProgress_l10n_key","System.String","get_TreatyPortFactionMissionProgress_l10n_key","","public","","0x1700251E"
"DolocTown.Config.Localization.StaticTextInfo","TreatyPortFactionReputation","System.String","get_TreatyPortFactionReputation","set_TreatyPortFactionReputation","public","private","0x1700251F"
"DolocTown.Config.Localization.StaticTextInfo","TreatyPortFactionReputation_l10n_key","System.String","get_TreatyPortFactionReputation_l10n_key","","public","","0x17002520"
"DolocTown.Config.Localization.StaticTextInfo","TreatyPortFactionEnterTime","System.String","get_TreatyPortFactionEnterTime","set_TreatyPortFactionEnterTime","public","private","0x17002523"
"DolocTown.Config.Localization.StaticTextInfo","TreatyPortFactionEnterTime_l10n_key","System.String","get_TreatyPortFactionEnterTime_l10n_key","","public","","0x17002524"
"DolocTown.Config.Localization.StaticTextInfo","TreatyPortFactionLock","System.String","get_TreatyPortFactionLock","set_TreatyPortFactionLock","public","private","0x17002527"
"DolocTown.Config.Localization.StaticTextInfo","TreatyPortFactionLock_l10n_key","System.String","get_TreatyPortFactionLock_l10n_key","","public","","0x17002528"
"DolocTown.Config.Localization.StaticTextInfo","TreatyPortFactionUnopen","System.String","get_TreatyPortFactionUnopen","set_TreatyPortFactionUnopen","public","private","0x17002529"
"DolocTown.Config.Localization.StaticTextInfo","TreatyPortFactionUnopen_l10n_key","System.String","get_TreatyPortFactionUnopen_l10n_key","","public","","0x1700252A"
"DolocTown.Config.Localization.StaticTextInfo","TreatyPortFactionRefuse","System.String","get_TreatyPortFactionRefuse","set_TreatyPortFactionRefuse","public","private","0x1700252F"
"DolocTown.Config.Localization.StaticTextInfo","TreatyPortFactionRefuse_l10n_key","System.String","get_TreatyPortFactionRefuse_l10n_key","","public","","0x17002530"
"DolocTown.Config.Localization.StaticTextInfo","TreatyPortFactionSettledTip","System.String","get_TreatyPortFactionSettledTip","set_TreatyPortFactionSettledTip","public","private","0x17002535"
"DolocTown.Config.Localization.StaticTextInfo","TreatyPortFactionSettledTip_l10n_key","System.String","get_TreatyPortFactionSettledTip_l10n_key","","public","","0x17002536"
"DolocTown.Config.Localization.StaticTextInfo","BuilderActionSelectedContent","System.String","get_BuilderActionSelectedContent","set_BuilderActionSelectedContent","public","private","0x170025EF"
"DolocTown.Config.Localization.StaticTextInfo","BuilderActionSelectedContent_l10n_key","System.String","get_BuilderActionSelectedContent_l10n_key","","public","","0x170025F0"
"DolocTown.Config.Localization.StaticTextInfo","BuilderActionUndo","System.String","get_BuilderActionUndo","set_BuilderActionUndo","public","private","0x170025F1"
"DolocTown.Config.Localization.StaticTextInfo","BuilderActionUndo_l10n_key","System.String","get_BuilderActionUndo_l10n_key","","public","","0x170025F2"
"DolocTown.Config.Localization.StaticTextInfo","BuilderActionTurn","System.String","get_BuilderActionTurn","set_BuilderActionTurn","public","private","0x170025F3"
"DolocTown.Config.Localization.StaticTextInfo","BuilderActionTurn_l10n_key","System.String","get_BuilderActionTurn_l10n_key","","public","","0x170025F4"
"DolocTown.Config.Localization.StaticTextInfo","BuilderActionDismantle","System.String","get_BuilderActionDismantle","set_BuilderActionDismantle","public","private","0x170025F5"
"DolocTown.Config.Localization.StaticTextInfo","BuilderActionDismantle_l10n_key","System.String","get_BuilderActionDismantle_l10n_key","","public","","0x170025F6"
"DolocTown.Config.Localization.StaticTextInfo","BuilderActionBuildingDismantle","System.String","get_BuilderActionBuildingDismantle","set_BuilderActionBuildingDismantle","public","private","0x170025F7"
"DolocTown.Config.Localization.StaticTextInfo","BuilderActionBuildingDismantle_l10n_key","System.String","get_BuilderActionBuildingDismantle_l10n_key","","public","","0x170025F8"
"DolocTown.Config.Localization.StaticTextInfo","BuilderActionBuildingStorage","System.String","get_BuilderActionBuildingStorage","set_BuilderActionBuildingStorage","public","private","0x170025F9"
"DolocTown.Config.Localization.StaticTextInfo","BuilderActionBuildingStorage_l10n_key","System.String","get_BuilderActionBuildingStorage_l10n_key","","public","","0x170025FA"
"DolocTown.Config.Localization.StaticTextInfo","BuilderActionMoveCamera","System.String","get_BuilderActionMoveCamera","set_BuilderActionMoveCamera","public","private","0x170025FB"
"DolocTown.Config.Localization.StaticTextInfo","BuilderActionMoveCamera_l10n_key","System.String","get_BuilderActionMoveCamera_l10n_key","","public","","0x170025FC"
"DolocTown.Config.Localization.StaticTextInfo","BuilderActionMove","System.String","get_BuilderActionMove","set_BuilderActionMove","public","private","0x170025FD"
"DolocTown.Config.Localization.StaticTextInfo","BuilderActionMove_l10n_key","System.String","get_BuilderActionMove_l10n_key","","public","","0x170025FE"
"DolocTown.Config.Localization.StaticTextInfo","BuilderActionSelectedItem","System.String","get_BuilderActionSelectedItem","set_BuilderActionSelectedItem","public","private","0x170025FF"
"DolocTown.Config.Localization.StaticTextInfo","BuilderActionSelectedItem_l10n_key","System.String","get_BuilderActionSelectedItem_l10n_key","","public","","0x17002600"
"DolocTown.Config.Localization.StaticTextInfo","BuilderActionPreciseMovement","System.String","get_BuilderActionPreciseMovement","set_BuilderActionPreciseMovement","public","private","0x17002601"
"DolocTown.Config.Localization.StaticTextInfo","BuilderActionPreciseMovement_l10n_key","System.String","get_BuilderActionPreciseMovement_l10n_key","","public","","0x17002602"
"DolocTown.Config.Localization.StaticTextInfo","BuilderActionSwitchPrecise","System.String","get_BuilderActionSwitchPrecise","set_BuilderActionSwitchPrecise","public","private","0x17002603"
"DolocTown.Config.Localization.StaticTextInfo","BuilderActionSwitchPrecise_l10n_key","System.String","get_BuilderActionSwitchPrecise_l10n_key","","public","","0x17002604"
"DolocTown.Config.Localization.StaticTextInfo","BuilderActionSwitchBackpack","System.String","get_BuilderActionSwitchBackpack","set_BuilderActionSwitchBackpack","public","private","0x17002605"
"DolocTown.Config.Localization.StaticTextInfo","BuilderActionSwitchBackpack_l10n_key","System.String","get_BuilderActionSwitchBackpack_l10n_key","","public","","0x17002606"
"DolocTown.Config.Localization.StaticTextInfo","BuilderActionRollingBackpack","System.String","get_BuilderActionRollingBackpack","set_BuilderActionRollingBackpack","public","private","0x17002607"
"DolocTown.Config.Localization.StaticTextInfo","BuilderActionRollingBackpack_l10n_key","System.String","get_BuilderActionRollingBackpack_l10n_key","","public","","0x17002608"
"DolocTown.Config.Localization.StaticTextInfo","BuilderActionRollingItem","System.String","get_BuilderActionRollingItem","set_BuilderActionRollingItem","public","private","0x17002609"
"DolocTown.Config.Localization.StaticTextInfo","BuilderActionRollingItem_l10n_key","System.String","get_BuilderActionRollingItem_l10n_key","","public","","0x1700260A"
"DolocTown.Config.Localization.StaticTextInfo","BuilderActionToggleBackpack","System.String","get_BuilderActionToggleBackpack","set_BuilderActionToggleBackpack","public","private","0x1700260B"
"DolocTown.Config.Localization.StaticTextInfo","BuilderActionToggleBackpack_l10n_key","System.String","get_BuilderActionToggleBackpack_l10n_key","","public","","0x1700260C"
"DolocTown.Config.Localization.StaticTextInfo","BuilderActionToggleBackpackGamepad","System.String","get_BuilderActionToggleBackpackGamepad","set_BuilderActionToggleBackpackGamepad","public","private","0x1700260D"
"DolocTown.Config.Localization.StaticTextInfo","BuilderActionToggleBackpackGamepad_l10n_key","System.String","get_BuilderActionToggleBackpackGamepad_l10n_key","","public","","0x1700260E"
"DolocTown.Config.Localization.TbStaticText","UiOperationInteract","System.String","get_UiOperationInteract","","public","","0x17002778"
"DolocTown.Config.Localization.TbStaticText","FactionMissionFinish","System.String","get_FactionMissionFinish","","public","","0x170028E6"
"DolocTown.Config.Localization.TbStaticText","FactionMissionCannotSubmit","System.String","get_FactionMissionCannotSubmit","","public","","0x170028E7"
"DolocTown.Config.Localization.TbStaticText","FactionMissionFinishSubmit","System.String","get_FactionMissionFinishSubmit","","public","","0x170028E8"
"DolocTown.Config.Localization.TbStaticText","FactionMissionMoneySubmit","System.String","get_FactionMissionMoneySubmit","","public","","0x170028E9"
"DolocTown.Config.Localization.TbStaticText","FactionMissionErrSubmit","System.String","get_FactionMissionErrSubmit","","public","","0x170028EA"
"DolocTown.Config.Localization.TbStaticText","FactionMissionLock","System.String","get_FactionMissionLock","","public","","0x170028EB"
"DolocTown.Config.Localization.TbStaticText","TreatyPortFactionMissionProgress","System.String","get_TreatyPortFactionMissionProgress","","public","","0x170028F0"
"DolocTown.Config.Localization.TbStaticText","TreatyPortFactionReputation","System.String","get_TreatyPortFactionReputation","","public","","0x170028F1"
"DolocTown.Config.Localization.TbStaticText","TreatyPortFactionEnterTime","System.String","get_TreatyPortFactionEnterTime","","public","","0x170028F3"
"DolocTown.Config.Localization.TbStaticText","TreatyPortFactionLock","System.String","get_TreatyPortFactionLock","","public","","0x170028F5"
"DolocTown.Config.Localization.TbStaticText","TreatyPortFactionUnopen","System.String","get_TreatyPortFactionUnopen","","public","","0x170028F6"
"DolocTown.Config.Localization.TbStaticText","TreatyPortFactionRefuse","System.String","get_TreatyPortFactionRefuse","","public","","0x170028F9"
"DolocTown.Config.Localization.TbStaticText","TreatyPortFactionSettledTip","System.String","get_TreatyPortFactionSettledTip","","public","","0x170028FC"
"DolocTown.Config.Localization.TbStaticText","BuilderActionSelectedContent","System.String","get_BuilderActionSelectedContent","","public","","0x17002959"
"DolocTown.Config.Localization.TbStaticText","BuilderActionUndo","System.String","get_BuilderActionUndo","","public","","0x1700295A"
"DolocTown.Config.Localization.TbStaticText","BuilderActionTurn","System.String","get_BuilderActionTurn","","public","","0x1700295B"
"DolocTown.Config.Localization.TbStaticText","BuilderActionDismantle","System.String","get_BuilderActionDismantle","","public","","0x1700295C"
"DolocTown.Config.Localization.TbStaticText","BuilderActionBuildingDismantle","System.String","get_BuilderActionBuildingDismantle","","public","","0x1700295D"
"DolocTown.Config.Localization.TbStaticText","BuilderActionBuildingStorage","System.String","get_BuilderActionBuildingStorage","","public","","0x1700295E"
"DolocTown.Config.Localization.TbStaticText","BuilderActionMoveCamera","System.String","get_BuilderActionMoveCamera","","public","","0x1700295F"
"DolocTown.Config.Localization.TbStaticText","BuilderActionMove","System.String","get_BuilderActionMove","","public","","0x17002960"
"DolocTown.Config.Localization.TbStaticText","BuilderActionSelectedItem","System.String","get_BuilderActionSelectedItem","","public","","0x17002961"
"DolocTown.Config.Localization.TbStaticText","BuilderActionPreciseMovement","System.String","get_BuilderActionPreciseMovement","","public","","0x17002962"
"DolocTown.Config.Localization.TbStaticText","BuilderActionSwitchPrecise","System.String","get_BuilderActionSwitchPrecise","","public","","0x17002963"
"DolocTown.Config.Localization.TbStaticText","BuilderActionSwitchBackpack","System.String","get_BuilderActionSwitchBackpack","","public","","0x17002964"
"DolocTown.Config.Localization.TbStaticText","BuilderActionRollingBackpack","System.String","get_BuilderActionRollingBackpack","","public","","0x17002965"
"DolocTown.Config.Localization.TbStaticText","BuilderActionRollingItem","System.String","get_BuilderActionRollingItem","","public","","0x17002966"
"DolocTown.Config.Localization.TbStaticText","BuilderActionToggleBackpack","System.String","get_BuilderActionToggleBackpack","","public","","0x17002967"
"DolocTown.Config.Localization.TbStaticText","BuilderActionToggleBackpackGamepad","System.String","get_BuilderActionToggleBackpackGamepad","","public","","0x17002968"
"DolocTown.Config.Equipment.WDP_AcidRain_PowerGenerator","CouldInteract","System.Boolean","get_CouldInteract","set_CouldInteract","public","private","0x17002C58"
