"namespace","name","full_name","kind","visibility","base_type","interfaces","is_abstract","is_sealed","declaring_type","methods","fields","properties","events","token"
"","<>f__AnonymousType0`2","<>f__AnonymousType0`2","class","private","System.Object","","False","True","","6","2","2","0","0x02000002"
"","<>f__AnonymousType1`2","<>f__AnonymousType1`2","class","private","System.Object","","False","True","","6","2","2","0","0x02000003"
"","<>f__AnonymousType2`3","<>f__AnonymousType2`3","class","private","System.Object","","False","True","","7","3","3","0","0x02000004"
"","<>f__AnonymousType3`2","<>f__AnonymousType3`2","class","private","System.Object","","False","True","","6","2","2","0","0x02000005"
"","AddressablesUtility","AddressablesUtility","static class","public","System.Object","","True","True","","1","0","0","0","0x02000006"
"","ModSourceType","ModSourceType","enum","public","System.Enum","","False","True","","0","3","0","0","0x02000007"
"","BoxExample","BoxExample","class","public","UnityEngine.MonoBehaviour","","False","False","","4","5","0","0","0x02000008"
"","DebugLight","DebugLight","class","public","UnityEngine.MonoBehaviour","","False","False","","2","2","0","0","0x02000009"
"","ProbabilityTest","ProbabilityTest","class","public","UnityEngine.MonoBehaviour","","False","False","","5","4","0","0","0x0200000A"
"","LutItem","ProbabilityTest/LutItem","struct","private","System.ValueType","","False","True","ProbabilityTest","0","2","0","0","0x02000D8B"
"","RectSize","RectSize","class","public","UnityEngine.MonoBehaviour","","False","False","","2","0","0","0","0x0200000B"
"","Rule","Rule","class","public","UnityEngine.MonoBehaviour","","False","False","","3","2","1","0","0x0200000C"
"","SpawnLutTest","SpawnLutTest","class","public","UnityEngine.MonoBehaviour","","False","False","","2","7","0","0","0x0200000D"
"","TestType","SpawnLutTest/TestType","enum","public","System.Enum","","False","True","SpawnLutTest","0","3","0","0","0x02000D8C"
"","CountType","SpawnLutTest/CountType","enum","public","System.Enum","","False","True","SpawnLutTest","0","3","0","0","0x02000D8D"
"","<>c","SpawnLutTest/<>c","class","private","System.Object","","False","True","SpawnLutTest","3","2","0","0","0x02000D8E"
"","DolocAPI","DolocAPI","static class","public","System.Object","","True","True","","877","49","88","0","0x0200000E"
"","<>c__DisplayClass37_0","DolocAPI/<>c__DisplayClass37_0","class","private","System.Object","","False","True","DolocAPI","2","2","0","0","0x02000D8F"
"","<>c","DolocAPI/<>c","class","private","System.Object","","False","True","DolocAPI","28","27","0","0","0x02000D90"
"","<>c__DisplayClass198_0","DolocAPI/<>c__DisplayClass198_0","class","private","System.Object","","False","True","DolocAPI","2","1","0","0","0x02000D91"
"","<CreateRewards>d__225","DolocAPI/<CreateRewards>d__225","class","private","System.Object","System.Collections.Generic.IEnumerable`1<DolocTown.Reward> | System.Collections.IEnumerable | System.Collections.Generic.IEnumerator`1<DolocTown.Reward> | System.Collections.IEnumerator | System.IDisposable","False","True","DolocAPI","9","6","2","0","0x02000D92"
"","<GetAnimalAllProduce>d__262","DolocAPI/<GetAnimalAllProduce>d__262","class","private","System.Object","System.Collections.Generic.IEnumerable`1<System.String> | System.Collections.IEnumerable | System.Collections.Generic.IEnumerator`1<System.String> | System.Collections.IEnumerator | System.IDisposable","False","True","DolocAPI","10","7","2","0","0x02000D93"
"","<_WaitUntil>d__284","DolocAPI/<_WaitUntil>d__284","struct","private","System.ValueType","System.Runtime.CompilerServices.IAsyncStateMachine","False","True","DolocAPI","2","5","0","0","0x02000D94"
"","<_WaitWhile>d__286","DolocAPI/<_WaitWhile>d__286","struct","private","System.ValueType","System.Runtime.CompilerServices.IAsyncStateMachine","False","True","DolocAPI","2","5","0","0","0x02000D95"
"","<WaitWhileInUiSateTask>d__287","DolocAPI/<WaitWhileInUiSateTask>d__287","struct","private","System.ValueType","System.Runtime.CompilerServices.IAsyncStateMachine","False","True","DolocAPI","2","3","0","0","0x02000D96"
"","<>c__DisplayClass296_0","DolocAPI/<>c__DisplayClass296_0","class","private","System.Object","","False","True","DolocAPI","2","1","0","0","0x02000D97"
"","<>c__DisplayClass329_0","DolocAPI/<>c__DisplayClass329_0","class","private","System.Object","","False","True","DolocAPI","2","2","0","0","0x02000D98"
"","<>c__DisplayClass330_0","DolocAPI/<>c__DisplayClass330_0","class","private","System.Object","","False","True","DolocAPI","2","2","0","0","0x02000D99"
"","<>c__DisplayClass331_0","DolocAPI/<>c__DisplayClass331_0","class","private","System.Object","","False","True","DolocAPI","2","2","0","0","0x02000D9A"
"","<>c__DisplayClass332_0","DolocAPI/<>c__DisplayClass332_0","class","private","System.Object","","False","True","DolocAPI","2","2","0","0","0x02000D9B"
"","<>c__DisplayClass333_0","DolocAPI/<>c__DisplayClass333_0","class","private","System.Object","","False","True","DolocAPI","2","3","0","0","0x02000D9C"
"","<>c__DisplayClass336_0","DolocAPI/<>c__DisplayClass336_0","class","private","System.Object","","False","True","DolocAPI","2","5","0","0","0x02000D9D"
"","<>c__DisplayClass339_0","DolocAPI/<>c__DisplayClass339_0","class","private","System.Object","","False","True","DolocAPI","2","1","0","0","0x02000D9E"
"","<>c__DisplayClass346_0","DolocAPI/<>c__DisplayClass346_0","class","private","System.Object","","False","True","DolocAPI","2","2","0","0","0x02000D9F"
"","<>c__DisplayClass364_0","DolocAPI/<>c__DisplayClass364_0","class","private","System.Object","","False","True","DolocAPI","5","6","0","0","0x02000DA0"
"","<>c__DisplayClass365_0","DolocAPI/<>c__DisplayClass365_0","class","private","System.Object","","False","True","DolocAPI","2","2","0","0","0x02000DA1"
"","<>c__DisplayClass552_0","DolocAPI/<>c__DisplayClass552_0","class","private","System.Object","","False","True","DolocAPI","2","1","0","0","0x02000DA2"
"","<>c__DisplayClass605_0","DolocAPI/<>c__DisplayClass605_0","class","private","System.Object","","False","True","DolocAPI","2","1","0","0","0x02000DA3"
"","<>c__DisplayClass666_0","DolocAPI/<>c__DisplayClass666_0","class","private","System.Object","","False","True","DolocAPI","2","4","0","0","0x02000DA4"
"","<>c__DisplayClass667_0","DolocAPI/<>c__DisplayClass667_0","class","private","System.Object","","False","True","DolocAPI","2","2","0","0","0x02000DA5"
"","<>c__DisplayClass668_0","DolocAPI/<>c__DisplayClass668_0","class","private","System.Object","","False","True","DolocAPI","2","4","0","0","0x02000DA6"
"","<>c__DisplayClass669_0","DolocAPI/<>c__DisplayClass669_0","class","private","System.Object","","False","True","DolocAPI","2","1","0","0","0x02000DA7"
"","<>c__DisplayClass673_0","DolocAPI/<>c__DisplayClass673_0","class","private","System.Object","","False","True","DolocAPI","2","6","0","0","0x02000DA8"
"","<>c__DisplayClass680_0","DolocAPI/<>c__DisplayClass680_0","class","private","System.Object","","False","True","DolocAPI","2","1","0","0","0x02000DA9"
"","<>c__DisplayClass685_0","DolocAPI/<>c__DisplayClass685_0","class","private","System.Object","","False","True","DolocAPI","3","3","0","0","0x02000DAA"
"","<>c__DisplayClass696_0","DolocAPI/<>c__DisplayClass696_0","class","private","System.Object","","False","True","DolocAPI","2","1","0","0","0x02000DAB"
"","<>c__DisplayClass697_0","DolocAPI/<>c__DisplayClass697_0","class","private","System.Object","","False","True","DolocAPI","2","3","0","0","0x02000DAC"
"","<>c__DisplayClass717_0","DolocAPI/<>c__DisplayClass717_0","class","private","System.Object","","False","True","DolocAPI","2","1","0","0","0x02000DAD"
"","<>c__DisplayClass718_0","DolocAPI/<>c__DisplayClass718_0","class","private","System.Object","","False","True","DolocAPI","3","3","0","0","0x02000DAE"
"","<>c__DisplayClass756_0","DolocAPI/<>c__DisplayClass756_0","class","private","System.Object","","False","True","DolocAPI","2","1","0","0","0x02000DAF"
"","<>c__DisplayClass760_0","DolocAPI/<>c__DisplayClass760_0","class","private","System.Object","","False","True","DolocAPI","2","1","0","0","0x02000DB0"
"","<>c__DisplayClass789_0","DolocAPI/<>c__DisplayClass789_0","class","private","System.Object","","False","True","DolocAPI","2","1","0","0","0x02000DB1"
"","<>c__DisplayClass796_0","DolocAPI/<>c__DisplayClass796_0","class","private","System.Object","","False","True","DolocAPI","2","1","0","0","0x02000DB2"
"","<>c__DisplayClass797_0","DolocAPI/<>c__DisplayClass797_0","class","private","System.Object","","False","True","DolocAPI","2","1","0","0","0x02000DB3"
"","<>c__DisplayClass798_0","DolocAPI/<>c__DisplayClass798_0","class","private","System.Object","","False","True","DolocAPI","2","1","0","0","0x02000DB4"
"","<>c__DisplayClass799_0","DolocAPI/<>c__DisplayClass799_0","class","private","System.Object","","False","True","DolocAPI","2","1","0","0","0x02000DB5"
"","<>c__DisplayClass800_0","DolocAPI/<>c__DisplayClass800_0","class","private","System.Object","","False","True","DolocAPI","2","1","0","0","0x02000DB6"
"","<>c__DisplayClass801_0","DolocAPI/<>c__DisplayClass801_0","class","private","System.Object","","False","True","DolocAPI","2","1","0","0","0x02000DB7"
"","<>c__DisplayClass802_0","DolocAPI/<>c__DisplayClass802_0","class","private","System.Object","","False","True","DolocAPI","2","1","0","0","0x02000DB8"
"","<>c__DisplayClass803_0","DolocAPI/<>c__DisplayClass803_0","class","private","System.Object","","False","True","DolocAPI","2","1","0","0","0x02000DB9"
"","<>c__DisplayClass857_0","DolocAPI/<>c__DisplayClass857_0","class","private","System.Object","","False","True","DolocAPI","2","1","0","0","0x02000DBA"
"","<>c__DisplayClass858_0","DolocAPI/<>c__DisplayClass858_0","class","private","System.Object","","False","True","DolocAPI","2","1","0","0","0x02000DBB"
"","<>c__DisplayClass888_0","DolocAPI/<>c__DisplayClass888_0","class","private","System.Object","","False","True","DolocAPI","2","1","0","0","0x02000DBC"
"","<>c__DisplayClass889_0","DolocAPI/<>c__DisplayClass889_0","class","private","System.Object","","False","True","DolocAPI","2","1","0","0","0x02000DBD"
"","<>c__DisplayClass906_0","DolocAPI/<>c__DisplayClass906_0","class","private","System.Object","","False","True","DolocAPI","2","1","0","0","0x02000DBE"
"","<>c__DisplayClass907_0","DolocAPI/<>c__DisplayClass907_0","class","private","System.Object","","False","True","DolocAPI","4","2","0","0","0x02000DBF"
"","<Command_GoRoom>d__907","DolocAPI/<Command_GoRoom>d__907","struct","private","System.ValueType","System.Runtime.CompilerServices.IAsyncStateMachine","False","True","DolocAPI","2","7","0","0","0x02000DC0"
"","<Command_DropMoney>d__912","DolocAPI/<Command_DropMoney>d__912","struct","private","System.ValueType","System.Runtime.CompilerServices.IAsyncStateMachine","False","True","DolocAPI","2","11","0","0","0x02000DC1"
"","<>c__DisplayClass927_0","DolocAPI/<>c__DisplayClass927_0","class","private","System.Object","","False","True","DolocAPI","2","1","0","0","0x02000DC2"
"","<>c__DisplayClass945_0","DolocAPI/<>c__DisplayClass945_0","class","private","System.Object","","False","True","DolocAPI","2","3","0","0","0x02000DC3"
"","<Command_SubmitItemToNpc>d__945","DolocAPI/<Command_SubmitItemToNpc>d__945","struct","private","System.ValueType","System.Runtime.CompilerServices.IAsyncStateMachine","False","True","DolocAPI","2","6","0","0","0x02000DC4"
"","<>c__DisplayClass946_0","DolocAPI/<>c__DisplayClass946_0","class","private","System.Object","","False","True","DolocAPI","2","1","0","0","0x02000DC5"
"","<Command_SubmitItemToNpcByInfo>d__946","DolocAPI/<Command_SubmitItemToNpcByInfo>d__946","struct","private","System.ValueType","System.Runtime.CompilerServices.IAsyncStateMachine","False","True","DolocAPI","2","4","0","0","0x02000DC6"
"","<Command_GiftItemToNpc>d__957","DolocAPI/<Command_GiftItemToNpc>d__957","struct","private","System.ValueType","System.Runtime.CompilerServices.IAsyncStateMachine","False","True","DolocAPI","2","3","0","0","0x02000DC7"
"","<>c__DisplayClass959_0","DolocAPI/<>c__DisplayClass959_0","class","private","System.Object","","False","True","DolocAPI","2","1","0","0","0x02000DC8"
"","<Command_SubmitBoardMissionItem>d__959","DolocAPI/<Command_SubmitBoardMissionItem>d__959","struct","private","System.ValueType","System.Runtime.CompilerServices.IAsyncStateMachine","False","True","DolocAPI","2","4","0","0","0x02000DC9"
"","<>c__DisplayClass961_0","DolocAPI/<>c__DisplayClass961_0","class","private","System.Object","","False","True","DolocAPI","2","1","0","0","0x02000DCA"
"","<>c__DisplayClass966_0","DolocAPI/<>c__DisplayClass966_0","class","private","System.Object","","False","True","DolocAPI","2","1","0","0","0x02000DCB"
"","<SpawnData>d__998","DolocAPI/<SpawnData>d__998","class","private","System.Object","System.Collections.Generic.IEnumerable`1<System.Int32> | System.Collections.IEnumerable | System.Collections.Generic.IEnumerator`1<System.Int32> | System.Collections.IEnumerator | System.IDisposable","False","True","DolocAPI","8","9","2","0","0x02000DCC"
"","DolocTransform","DolocTransform","static class","public","System.Object","","True","True","","2","10","0","0","0x0200000F"
"","LRUCache`2","LRUCache`2","class","public","System.Object","System.Collections.Generic.IEnumerable`1<System.Collections.Generic.KeyValuePair`2<TKey,TValue>> | System.Collections.IEnumerable","False","False","","10","5","3","0","0x02000010"
"","<GetEnumerator>d__12","LRUCache`2/<GetEnumerator>d__12","class","private","System.Object","System.Collections.Generic.IEnumerator`1<System.Collections.Generic.KeyValuePair`2<TKey,TValue>> | System.Collections.IEnumerator | System.IDisposable","False","True","LRUCache`2","7","4","2","0","0x02000DCD"
"","<get_Values>d__17","LRUCache`2/<get_Values>d__17","class","private","System.Object","System.Collections.Generic.IEnumerable`1<TValue> | System.Collections.IEnumerable | System.Collections.Generic.IEnumerator`1<TValue> | System.Collections.IEnumerator | System.IDisposable","False","True","LRUCache`2","9","5","2","0","0x02000DCE"
"","CityPath","CityPath","class","public","System.Object","","False","False","","7","2","0","0","0x02000011"
"","Translator","CityPath/Translator","struct","public","System.ValueType","","False","True","CityPath","6","8","0","0","0x02000DCF"
"","InwalkableArea","CityPath/InwalkableArea","struct","public","System.ValueType","","False","True","CityPath","3","2","0","0","0x02000DD0"
"","CityScene","CityPath/CityScene","struct","public","System.ValueType","","False","True","CityPath","6","2","1","0","0x02000DD1"
"","<>c__DisplayClass5_0","CityPath/CityScene/<>c__DisplayClass5_0","class","private","System.Object","","False","True","CityPath/CityScene","2","2","0","0","0x02001296"
"","<>c__DisplayClass7_0","CityPath/CityScene/<>c__DisplayClass7_0","class","private","System.Object","","False","True","CityPath/CityScene","2","1","0","0","0x02001297"
"","<>c","CityPath/CityScene/<>c","class","private","System.Object","","False","True","CityPath/CityScene","3","2","0","0","0x02001298"
"","GameStateManager","GameStateManager","class","public","System.Object","","False","False","","15","7","6","0","0x02000012"
"","IDolocGameState","IDolocGameState","interface","public","","","True","False","","32","0","19","0","0x02000013"
"","DolocTownGameStateBase","DolocTownGameStateBase","class","public","System.Object","IDolocGameState","True","False","","38","10","19","0","0x02000014"
"","GameStateMachine","GameStateMachine","class","public","System.Object","","False","False","","28","9","3","0","0x02000015"
"","<>c__DisplayClass24_0","GameStateMachine/<>c__DisplayClass24_0","class","private","System.Object","","False","True","GameStateMachine","3","2","0","0","0x02000DD2"
"","<get_stateStack>d__38","GameStateMachine/<get_stateStack>d__38","class","private","System.Object","System.Collections.Generic.IEnumerable`1<System.String> | System.Collections.IEnumerable | System.Collections.Generic.IEnumerator`1<System.String> | System.Collections.IEnumerator | System.IDisposable","False","True","GameStateMachine","9","5","2","0","0x02000DD3"
"","MonsterUtils","MonsterUtils","static class","public","System.Object","","True","True","","22","1","0","0","0x02000016"
"","<>c__DisplayClass11_0","MonsterUtils/<>c__DisplayClass11_0","class","private","System.Object","","False","True","MonsterUtils","2","1","0","0","0x02000DD4"
"","<>c__DisplayClass12_0","MonsterUtils/<>c__DisplayClass12_0","class","private","System.Object","","False","True","MonsterUtils","2","2","0","0","0x02000DD5"
"","<>c__DisplayClass13_0","MonsterUtils/<>c__DisplayClass13_0","class","private","System.Object","","False","True","MonsterUtils","2","1","0","0","0x02000DD6"
"","<>c__DisplayClass15_0","MonsterUtils/<>c__DisplayClass15_0","class","private","System.Object","","False","True","MonsterUtils","2","1","0","0","0x02000DD7"
"","<>c__DisplayClass16_0","MonsterUtils/<>c__DisplayClass16_0","class","private","System.Object","","False","True","MonsterUtils","2","1","0","0","0x02000DD8"
"","<>c__DisplayClass17_0","MonsterUtils/<>c__DisplayClass17_0","class","private","System.Object","","False","True","MonsterUtils","3","5","0","0","0x02000DD9"
"","<>c__DisplayClass18_0","MonsterUtils/<>c__DisplayClass18_0","class","private","System.Object","","False","True","MonsterUtils","3","5","0","0","0x02000DDA"
"","<>c__DisplayClass19_0","MonsterUtils/<>c__DisplayClass19_0","class","private","System.Object","","False","True","MonsterUtils","2","1","0","0","0x02000DDB"
"","<>c__DisplayClass20_0","MonsterUtils/<>c__DisplayClass20_0","class","private","System.Object","","False","True","MonsterUtils","2","1","0","0","0x02000DDC"
"","<>c__DisplayClass21_0","MonsterUtils/<>c__DisplayClass21_0","class","private","System.Object","","False","True","MonsterUtils","2","1","0","0","0x02000DDD"
"","<>c__DisplayClass22_0","MonsterUtils/<>c__DisplayClass22_0","class","private","System.Object","","False","True","MonsterUtils","2","1","0","0","0x02000DDE"
"","DungeonHelper","DungeonHelper","static class","public","System.Object","","True","True","","0","0","0","0","0x02000017"
"","DolocBuilder","DolocBuilder","class","public","UnityEngine.MonoBehaviour","","False","False","","7","3","0","0","0x02000018"
"","PlatformTest","PlatformTest","class","public","DolocTown.PlatformEntityOneway","","False","False","","2","0","0","0","0x02000019"
"","ResidentOperationTipTriggerManager","ResidentOperationTipTriggerManager","class","public","System.Object","","False","False","","7","3","0","0","0x0200001A"
"","DolocRopeRenderer","DolocRopeRenderer","class","public","UnityEngine.MonoBehaviour","RedSaw.IRecyclable","False","False","","19","7","5","0","0x0200001B"
"","OneWayColliderHandler","OneWayColliderHandler","class","public","UnityEngine.MonoBehaviour","","False","False","","3","5","0","0","0x0200001C"
"","OneWayPlatformOnSlope","OneWayPlatformOnSlope","class","public","UnityEngine.MonoBehaviour","","False","False","","7","5","0","0","0x0200001D"
"","AgentStateManager","AgentStateManager","class","public","System.Object","","False","False","","16","4","2","0","0x0200001E"
"","<>c__DisplayClass12_0`1","AgentStateManager/<>c__DisplayClass12_0`1","class","private","System.Object","","False","True","AgentStateManager","2","1","0","0","0x02000DDF"
"","AgentStateBase","AgentStateBase","class","public","System.Object","","True","False","","20","3","8","0","0x0200001F"
"","EnvironmentChecker","EnvironmentChecker","class","public","UnityEngine.MonoBehaviour","","False","False","","6","4","1","0","0x02000020"
"","GroundChecker","GroundChecker","class","public","UnityEngine.MonoBehaviour","","False","False","","8","4","3","0","0x02000021"
"","BoxUiState","BoxUiState","class","public","DolocTown.ContainerBaseUiState","","False","False","","33","1","8","0","0x02000022"
"","DolocInputSource","DolocInputSource","class","public","System.Object","UnityEngine.InputSystem.IInputActionCollection2 | UnityEngine.InputSystem.IInputActionCollection | System.Collections.Generic.IEnumerable`1<UnityEngine.InputSystem.InputAction> | System.Collections.IEnumerable | System.IDisposable","False","False","","22","110","11","0","0x02000023"
"","NormalInputActions","DolocInputSource/NormalInputActions","struct","public","System.ValueType","","False","True","DolocInputSource","45","1","39","0","0x02000DE0"
"","BuilderInputActions","DolocInputSource/BuilderInputActions","struct","public","System.ValueType","","False","True","DolocInputSource","20","1","14","0","0x02000DE1"
"","BaseInputActions","DolocInputSource/BaseInputActions","struct","public","System.ValueType","","False","True","DolocInputSource","51","1","45","0","0x02000DE2"
"","GlobalActions","DolocInputSource/GlobalActions","struct","public","System.ValueType","","False","True","DolocInputSource","11","1","5","0","0x02000DE3"
"","INormalInputActions","DolocInputSource/INormalInputActions","interface","public","","","True","False","DolocInputSource","38","0","0","0","0x02000DE4"
"","IBuilderInputActions","DolocInputSource/IBuilderInputActions","interface","public","","","True","False","DolocInputSource","13","0","0","0","0x02000DE5"
"","IBaseInputActions","DolocInputSource/IBaseInputActions","interface","public","","","True","False","DolocInputSource","44","0","0","0","0x02000DE6"
"","IGlobalActions","DolocInputSource/IGlobalActions","interface","public","","","True","False","DolocInputSource","4","0","0","0","0x02000DE7"
"","DolocConst","DolocConst","static class","public","System.Object","","True","True","","1","95","0","0","0x02000024"
"","DolocUtils","DolocUtils","static class","public","System.Object","","True","True","","95","2","1","0","0x02000025"
"","<>c__DisplayClass39_0","DolocUtils/<>c__DisplayClass39_0","class","private","System.Object","","False","True","DolocUtils","3","1","0","0","0x02000DE8"
"","<>c__DisplayClass44_0","DolocUtils/<>c__DisplayClass44_0","class","private","System.Object","","False","True","DolocUtils","4","2","0","0","0x02000DE9"
"","<>c","DolocUtils/<>c","class","private","System.Object","","False","True","DolocUtils","5","4","0","0","0x02000DEA"
"","<>c__DisplayClass76_0","DolocUtils/<>c__DisplayClass76_0","class","private","System.Object","","False","True","DolocUtils","2","1","0","0","0x02000DEB"
"","<>c__DisplayClass77_0","DolocUtils/<>c__DisplayClass77_0","class","private","System.Object","","False","True","DolocUtils","2","1","0","0","0x02000DEC"
"","BindableValue`1","BindableValue`1","class","public","System.Object","","False","False","","4","2","1","0","0x02000026"
"","GeometryUtils","GeometryUtils","static class","public","System.Object","","True","True","","3","0","0","0","0x02000027"
"","DolocAssetCache","DolocAssetCache","class","public","System.Object","","False","False","","9","2","0","0","0x02000028"
"","<>c__DisplayClass3_0","DolocAssetCache/<>c__DisplayClass3_0","class","private","System.Object","","False","True","DolocAssetCache","2","2","0","0","0x02000DED"
"","<Load>d__3","DolocAssetCache/<Load>d__3","class","private","System.Object","System.Collections.Generic.IEnumerator`1<System.Object> | System.Collections.IEnumerator | System.IDisposable","False","True","DolocAssetCache","6","5","2","0","0x02000DEE"
"","<>c__8`1","DolocAssetCache/<>c__8`1","class","private","System.Object","","False","True","DolocAssetCache","3","2","0","0","0x02000DEF"
"","DolocCoroutineLoader","DolocCoroutineLoader","class","public","System.Object","","False","False","","4","3","0","0","0x02000029"
"","LocSprites","LocSprites","static class","public","System.Object","","True","True","","30","0","29","0","0x0200002A"
"","LocMaterials","LocMaterials","static class","public","System.Object","","True","True","","38","0","38","0","0x0200002B"
"","LocPfbs","LocPfbs","static class","public","System.Object","","True","True","","6","0","6","0","0x0200002C"
"","DolocGameAssetsPatch","DolocGameAssetsPatch","static class","public","System.Object","","True","True","","5","0","0","0","0x0200002D"
"","DolocGameAssets","DolocGameAssets","enum","public","System.Enum","","False","True","","0","235","0","0","0x0200002E"
"","DolocBundleManager","DolocBundleManager","class","public","UnityEngine.MonoBehaviour","","False","False","","57","20","18","0","0x0200002F"
"","DataLoader","DolocBundleManager/DataLoader","delegate","private","System.MulticastDelegate","","False","True","DolocBundleManager","4","0","0","0","0x02000DF0"
"","<>c__DisplayClass75_0","DolocBundleManager/<>c__DisplayClass75_0","class","private","System.Object","","False","True","DolocBundleManager","2","2","0","0","0x02000DF1"
"","<InitDataAsync>d__76","DolocBundleManager/<InitDataAsync>d__76","class","private","System.Object","System.Collections.Generic.IEnumerator`1<System.Object> | System.Collections.IEnumerator | System.IDisposable","False","True","DolocBundleManager","6","8","2","0","0x02000DF2"
"","DolocResources","DolocResources","static class","public","System.Object","","True","True","","6","0","1","0","0x02000030"
"","DolocConfigReader","DolocConfigReader","static class","public","System.Object","","True","True","","1","0","0","0","0x02000031"
"","GameLoop","GameLoop","class","public","UnityEngine.MonoBehaviour","","False","False","","14","4","2","0","0x02000032"
"","<__Wait>d__16","GameLoop/<__Wait>d__16","class","private","System.Object","System.Collections.Generic.IEnumerator`1<System.Object> | System.Collections.IEnumerator | System.IDisposable","False","True","GameLoop","6","4","2","0","0x02000DF3"
"","<__WaitFrame>d__18","GameLoop/<__WaitFrame>d__18","class","private","System.Object","System.Collections.Generic.IEnumerator`1<System.Object> | System.Collections.IEnumerator | System.IDisposable","False","True","GameLoop","6","4","2","0","0x02000DF4"
"","GameManager","GameManager","class","public","UnityEngine.MonoBehaviour","","False","False","","29","18","11","0","0x02000033"
"","<>c","GameManager/<>c","class","private","System.Object","","False","True","GameManager","3","2","0","0","0x02000DF5"
"","<>c__DisplayClass51_0","GameManager/<>c__DisplayClass51_0","class","private","System.Object","","False","True","GameManager","4","3","0","0","0x02000DF6"
"","DolocError","DolocError","class","public","System.Exception","","False","False","","2","0","0","0","0x02000034"
"","DolocInitError","DolocInitError","class","public","DolocError","","False","False","","2","0","0","0","0x02000035"
"","DolocGameError","DolocGameError","class","public","DolocError","","False","False","","2","0","0","0","0x02000036"
"","DolocDeserializeError","DolocDeserializeError","class","public","DolocError","","False","False","","2","0","0","0","0x02000037"
"","DolocLuaScriptError","DolocLuaScriptError","class","public","DolocError","","False","False","","2","0","0","0","0x02000038"
"","GameResolution","GameResolution","enum","public","System.Enum","","False","True","","0","9","0","0","0x02000039"
"","GameResolutionUtils","GameResolutionUtils","static class","public","System.Object","","True","True","","1","0","0","0","0x0200003A"
"","DevHelper","DevHelper","class","public","UnityEngine.MonoBehaviour","","False","False","","13","6","3","0","0x0200003B"
"","<>c","DevHelper/<>c","class","private","System.Object","","False","True","DevHelper","4","3","0","0","0x02000DF7"
"","<>c__DisplayClass12_0","DevHelper/<>c__DisplayClass12_0","class","private","System.Object","","False","True","DevHelper","2","1","0","0","0x02000DF8"
"","<>c__DisplayClass13_0","DevHelper/<>c__DisplayClass13_0","class","private","System.Object","","False","True","DevHelper","2","1","0","0","0x02000DF9"
"","ImageReader","ImageReader","class","public","UnityEngine.MonoBehaviour","","False","False","","8","5","0","0","0x0200003C"
"","FadeInOutEx","FadeInOutEx","class","public","System.Object","","False","False","","6","2","1","0","0x0200003D"
"","<>c__DisplayClass6_0","FadeInOutEx/<>c__DisplayClass6_0","class","private","System.Object","","False","True","FadeInOutEx","4","2","0","0","0x02000DFA"
"","MyBlitFeature","MyBlitFeature","class","public","UnityEngine.Rendering.Universal.ScriptableRendererFeature","","False","False","","4","3","0","0","0x0200003E"
"","MyFeatureSettings","MyBlitFeature/MyFeatureSettings","class","public","System.Object","","False","False","MyBlitFeature","1","3","0","0","0x02000DFB"
"","MyBlitRenderPass","MyBlitRenderPass","class","private","UnityEngine.Rendering.Universal.ScriptableRenderPass","","False","False","","6","4","0","0","0x0200003F"
"","PPTypes","PPTypes","enum","public","System.Enum","","False","True","","0","12","0","0","0x02000040"
"","PPManager","PPManager","class","public","UnityEngine.MonoBehaviour","","False","False","","40","22","7","0","0x02000041"
"","<>c__DisplayClass48_0","PPManager/<>c__DisplayClass48_0","class","private","System.Object","","False","True","PPManager","2","1","0","0","0x02000DFC"
"","<>c__DisplayClass49_0","PPManager/<>c__DisplayClass49_0","class","private","System.Object","","False","True","PPManager","2","2","0","0","0x02000DFD"
"","<>c__DisplayClass50_0","PPManager/<>c__DisplayClass50_0","class","private","System.Object","","False","True","PPManager","2","1","0","0","0x02000DFE"
"","<>c__DisplayClass51_0","PPManager/<>c__DisplayClass51_0","class","private","System.Object","","False","True","PPManager","2","2","0","0","0x02000DFF"
"","<>c","PPManager/<>c","class","private","System.Object","","False","True","PPManager","3","2","0","0","0x02000E00"
"","GrabPassFeature","GrabPassFeature","class","public","UnityEngine.Rendering.Universal.ScriptableRendererFeature","","False","False","","3","2","0","0","0x02000042"
"","GrabPassSetting","GrabPassFeature/GrabPassSetting","class","public","System.Object","","False","False","GrabPassFeature","1","1","0","0","0x02000E01"
"","GrabPass","GrabPassFeature/GrabPass","class","private","UnityEngine.Rendering.Universal.ScriptableRenderPass","","False","False","GrabPassFeature","4","4","0","0","0x02000E02"
"","CircleLayoutGroup","CircleLayoutGroup","class","public","UnityEngine.UI.LayoutGroup","","False","False","","10","9","0","0","0x02000043"
"","LayoutMode","CircleLayoutGroup/LayoutMode","enum","public","System.Enum","","False","True","CircleLayoutGroup","0","3","0","0","0x02000E03"
"","RedSawHorizontalTiledPanelLayoutGroup","RedSawHorizontalTiledPanelLayoutGroup","class","public","UnityEngine.UI.LayoutGroup","","False","False","","11","5","2","0","0x02000044"
"","RedSawTiledPanelLayoutGroup","RedSawTiledPanelLayoutGroup","class","public","UnityEngine.UI.LayoutGroup","","False","False","","22","7","2","0","0x02000045"
"","RedSawVerticalTiledPanelLayoutGroup","RedSawVerticalTiledPanelLayoutGroup","class","public","UnityEngine.UI.LayoutGroup","","False","False","","11","5","2","0","0x02000046"
"","SteamManager","SteamManager","class","public","UnityEngine.MonoBehaviour","","False","False","","9","4","2","0","0x02000047"
"","IDolocTween","IDolocTween","interface","public","","","True","False","","7","0","1","0","0x02000048"
"","DolocTweenStatic","DolocTweenStatic","class","public","System.Object","IDolocTween","False","False","","11","1","2","0","0x02000049"
"","DolocTweenDynamic","DolocTweenDynamic","class","public","System.Object","IDolocTween","False","False","","12","2","1","0","0x0200004A"
"","<>c__DisplayClass7_0","DolocTweenDynamic/<>c__DisplayClass7_0","class","private","System.Object","","False","True","DolocTweenDynamic","2","2","0","0","0x02000E04"
"","<>c__DisplayClass9_0","DolocTweenDynamic/<>c__DisplayClass9_0","class","private","System.Object","","False","True","DolocTweenDynamic","2","2","0","0","0x02000E05"
"","DolocTweenDynamicWrapper","DolocTweenDynamicWrapper","class","public","System.Object","","True","False","","17","4","4","0","0x0200004B"
"","DolocTweenConnectType","DolocTweenConnectType","enum","public","System.Enum","","False","True","","0","3","0","0","0x0200004C"
"","DolocTweenDynamicWrapperSequence","DolocTweenDynamicWrapperSequence","class","public","DolocTweenDynamicWrapper","","False","False","","15","1","0","0","0x0200004D"
"","DolocTweenDynamicWrapperList","DolocTweenDynamicWrapperList","class","public","DolocTweenDynamicWrapper","","False","False","","20","1","0","0","0x0200004E"
"","DolocTweenValue","DolocTweenValue","class","public","DolocTweenDynamicWrapper","","False","False","","8","3","0","0","0x0200004F"
"","DolocTweenLocalMove","DolocTweenLocalMove","class","public","DolocTweenDynamicWrapper","","False","False","","9","2","1","0","0x02000050"
"","DolocTweenMove","DolocTweenMove","class","public","DolocTweenDynamicWrapper","","False","False","","9","2","1","0","0x02000051"
"","DolocTweenColorHandler","DolocTweenColorHandler","class","public","System.Object","","False","False","","4","2","0","0","0x02000052"
"","<>c__DisplayClass2_0","DolocTweenColorHandler/<>c__DisplayClass2_0","class","private","System.Object","","False","True","DolocTweenColorHandler","3","1","0","0","0x02000E06"
"","<>c__DisplayClass3_0","DolocTweenColorHandler/<>c__DisplayClass3_0","class","private","System.Object","","False","True","DolocTweenColorHandler","3","1","0","0","0x02000E07"
"","<>c__DisplayClass4_0","DolocTweenColorHandler/<>c__DisplayClass4_0","class","private","System.Object","","False","True","DolocTweenColorHandler","3","1","0","0","0x02000E08"
"","DolocTweenFadeInout","DolocTweenFadeInout","class","public","DolocTweenDynamicWrapper","","False","False","","18","2","3","0","0x02000053"
"","DolocTweenFadeInoutList","DolocTweenFadeInoutList","class","public","DolocTweenDynamicWrapper","","False","False","","8","1","1","0","0x02000054"
"","DolocTweenFadeInoutGroup","DolocTweenFadeInoutGroup","class","public","DolocTweenDynamicWrapper","","False","False","","11","1","0","0","0x02000055"
"","DolocTweenShake","DolocTweenShake","class","public","DolocTweenDynamicWrapper","","False","False","","9","3","1","0","0x02000056"
"","DolocTweenScale","DolocTweenScale","class","public","DolocTweenDynamicWrapper","","False","False","","7","2","1","0","0x02000057"
"","DolocTween","DolocTween","class","public","System.Object","","False","False","","5","3","0","0","0x02000058"
"","<>c__DisplayClass5_0","DolocTween/<>c__DisplayClass5_0","class","private","System.Object","","False","True","DolocTween","2","2","0","0","0x02000E09"
"","<>c__DisplayClass6_0","DolocTween/<>c__DisplayClass6_0","class","private","System.Object","","False","True","DolocTween","2","1","0","0","0x02000E0A"
"","DolocTweenAnimation","DolocTweenAnimation","class","public","System.Object","","True","False","","9","3","2","0","0x02000059"
"","InifiniteDolocTween","InifiniteDolocTween","class","public","System.Object","","False","False","","4","1","0","0","0x0200005A"
"","DolocAnimRotation","DolocAnimRotation","class","public","UnityEngine.MonoBehaviour","","False","False","","9","11","0","0","0x0200005B"
"","<coroutineScale>d__14","DolocAnimRotation/<coroutineScale>d__14","class","private","System.Object","System.Collections.Generic.IEnumerator`1<System.Object> | System.Collections.IEnumerator | System.IDisposable","False","True","DolocAnimRotation","6","3","2","0","0x02000E0B"
"","UIAnimMoving","UIAnimMoving","class","public","DolocTweenAnimation","","False","False","","8","2","1","0","0x0200005C"
"","UIAnimWander","UIAnimWander","class","public","DolocTweenAnimation","","False","False","","5","4","0","0","0x0200005D"
"","UIAnimFadeInout","UIAnimFadeInout","class","public","DolocTweenAnimation","","True","False","","5","1","1","0","0x0200005E"
"","UIAnimSingleFadeInout","UIAnimSingleFadeInout","class","public","UIAnimFadeInout","","False","False","","6","2","0","0","0x0200005F"
"","<>c__DisplayClass2_0","UIAnimSingleFadeInout/<>c__DisplayClass2_0","class","private","System.Object","","False","True","UIAnimSingleFadeInout","3","1","0","0","0x02000E0C"
"","<>c__DisplayClass3_0","UIAnimSingleFadeInout/<>c__DisplayClass3_0","class","private","System.Object","","False","True","UIAnimSingleFadeInout","3","1","0","0","0x02000E0D"
"","<>c__DisplayClass4_0","UIAnimSingleFadeInout/<>c__DisplayClass4_0","class","private","System.Object","","False","True","UIAnimSingleFadeInout","3","1","0","0","0x02000E0E"
"","UIAnimFadeInoutGroup","UIAnimFadeInoutGroup","class","public","UIAnimFadeInout","","False","False","","11","2","2","0","0x02000060"
"","<>c__DisplayClass9_0","UIAnimFadeInoutGroup/<>c__DisplayClass9_0","class","private","System.Object","","False","True","UIAnimFadeInoutGroup","2","1","0","0","0x02000E0F"
"","<>c__DisplayClass9_1","UIAnimFadeInoutGroup/<>c__DisplayClass9_1","class","private","System.Object","","False","True","UIAnimFadeInoutGroup","2","1","0","0","0x02000E10"
"","UIAnimFadeInoutImages","UIAnimFadeInoutImages","class","public","UIAnimFadeInoutGroup","","False","False","","3","0","0","0","0x02000061"
"","<>c__DisplayClass1_0","UIAnimFadeInoutImages/<>c__DisplayClass1_0","class","private","System.Object","","False","True","UIAnimFadeInoutImages","2","1","0","0","0x02000E11"
"","<>c__DisplayClass2_0","UIAnimFadeInoutImages/<>c__DisplayClass2_0","class","private","System.Object","","False","True","UIAnimFadeInoutImages","2","3","0","0","0x02000E12"
"","UIAnimFadeInoutTexts","UIAnimFadeInoutTexts","class","public","UIAnimFadeInoutGroup","","False","False","","3","0","0","0","0x02000062"
"","<>c__DisplayClass1_0","UIAnimFadeInoutTexts/<>c__DisplayClass1_0","class","private","System.Object","","False","True","UIAnimFadeInoutTexts","2","1","0","0","0x02000E13"
"","<>c__DisplayClass2_0","UIAnimFadeInoutTexts/<>c__DisplayClass2_0","class","private","System.Object","","False","True","UIAnimFadeInoutTexts","2","3","0","0","0x02000E14"
"","UIAnimFadeInoutArray","UIAnimFadeInoutArray","class","public","UIAnimFadeInout","","False","False","","6","1","0","0","0x02000063"
"","UIAnimFloat","UIAnimFloat","class","public","DolocTweenAnimation","","False","False","","4","3","1","0","0x02000064"
"","UIAnimResize","UIAnimResize","class","public","DolocTweenAnimation","","False","False","","6","2","0","0","0x02000065"
"","UIAnimScaleToX","UIAnimScaleToX","class","public","DolocTweenAnimation","","False","False","","5","2","0","0","0x02000066"
"","UIAnimFadeInoutGroupEx","UIAnimFadeInoutGroupEx","class","public","UIAnimFadeInout","","False","False","","13","3","4","0","0x02000067"
"","UIAnimMovingFadeInout","UIAnimMovingFadeInout","class","public","DolocTweenAnimation","","False","False","","15","6","2","0","0x02000068"
"","UIAnimStree","UIAnimStree","class","public","System.Object","","False","False","","3","1","0","0","0x02000069"
"","UIAnimScale","UIAnimScale","class","public","DolocTweenAnimation","","False","False","","9","3","2","0","0x0200006A"
"","DolocColor","DolocColor","static class","public","System.Object","","True","True","","2","20","0","0","0x0200006B"
"","DolocColorHex","DolocColorHex","static class","public","System.Object","","True","True","","1","14","0","0","0x0200006C"
"","DolocUiColor","DolocUiColor","static class","public","System.Object","","True","True","","1","23","0","0","0x0200006D"
"","HDRColorDecomposer","HDRColorDecomposer","static class","public","System.Object","","True","True","","1","1","0","0","0x0200006E"
"","DolocUiSystem","DolocUiSystem","class","public","UnityEngine.MonoBehaviour","","False","False","","49","16","17","0","0x0200006F"
"","DolocInfoPanelBox","DolocInfoPanelBox","class","public","DolocTown.UI.DolocUiObject","","False","False","","9","6","0","0","0x02000070"
"","DolocPlainTextTip","DolocPlainTextTip","class","public","DolocTown.UI.DolocUiRecyclableObject","","False","False","","6","5","1","0","0x02000071"
"","TipPanelText","TipPanelText","struct","public","System.ValueType","","False","True","","1","2","0","0","0x02000072"
"","DolocOperationManager","DolocOperationManager","class","public","DolocTown.UI.DolocUiEntity","","False","False","","6","1","0","0","0x02000073"
"","DolocIcon","DolocIcon","class","public","DolocTown.UI.DolocUiRecyclableObject","","False","False","","20","2","8","0","0x02000074"
"","DolocText","DolocText","class","public","DolocTown.UI.DolocUiRecyclableObject","","False","False","","16","1","8","0","0x02000075"
"XLua","DelegateBridge","XLua.DelegateBridge","class","public","XLua.DelegateBridgeBase","","False","False","","14","2","0","0","0x02000076"
"XLua","CopyByValue","XLua.CopyByValue","static class","public","System.Object","","True","True","","47","0","0","0","0x02000077"
"XLua","ObjectTranslator","XLua.ObjectTranslator","class","public","System.Object","","False","False","","90","44","2","0","0x02000078"
"","IniterAdderUnityEngineVector2","XLua.ObjectTranslator/IniterAdderUnityEngineVector2","class","private","System.Object","","False","False","XLua.ObjectTranslator","3","0","0","0","0x02000E15"
"","LOGLEVEL","XLua.ObjectTranslator/LOGLEVEL","enum","internal","System.Enum","","False","True","XLua.ObjectTranslator","0","5","0","0","0x02000E16"
"","PushCSObject","XLua.ObjectTranslator/PushCSObject","delegate","public","System.MulticastDelegate","","False","True","XLua.ObjectTranslator","4","0","0","0","0x02000E17"
"","GetCSObject","XLua.ObjectTranslator/GetCSObject","delegate","public","System.MulticastDelegate","","False","True","XLua.ObjectTranslator","4","0","0","0","0x02000E18"
"","UpdateCSObject","XLua.ObjectTranslator/UpdateCSObject","delegate","public","System.MulticastDelegate","","False","True","XLua.ObjectTranslator","4","0","0","0","0x02000E19"
"","CheckFunc`1","XLua.ObjectTranslator/CheckFunc`1","delegate","public","System.MulticastDelegate","","False","True","XLua.ObjectTranslator","4","0","0","0","0x02000E1A"
"","GetFunc`1","XLua.ObjectTranslator/GetFunc`1","delegate","public","System.MulticastDelegate","","False","True","XLua.ObjectTranslator","4","0","0","0","0x02000E1B"
"","<>c__DisplayClass66_0","XLua.ObjectTranslator/<>c__DisplayClass66_0","class","private","System.Object","","False","True","XLua.ObjectTranslator","2","2","0","0","0x02000E1C"
"","<>c__DisplayClass66_1","XLua.ObjectTranslator/<>c__DisplayClass66_1","class","private","System.Object","","False","True","XLua.ObjectTranslator","2","2","0","0","0x02000E1D"
"","<>c","XLua.ObjectTranslator/<>c","class","private","System.Object","","False","True","XLua.ObjectTranslator","10","9","0","0","0x02000E1E"
"","<>c__DisplayClass67_0","XLua.ObjectTranslator/<>c__DisplayClass67_0","class","private","System.Object","","False","True","XLua.ObjectTranslator","1","1","0","0","0x02000E1F"
"","<>c__DisplayClass67_1","XLua.ObjectTranslator/<>c__DisplayClass67_1","class","private","System.Object","","False","True","XLua.ObjectTranslator","2","2","0","0","0x02000E20"
"","<>c__128`1","XLua.ObjectTranslator/<>c__128`1","class","private","System.Object","","False","True","XLua.ObjectTranslator","8","7","0","0","0x02000E21"
"","<>c__130`1","XLua.ObjectTranslator/<>c__130`1","class","private","System.Object","","False","True","XLua.ObjectTranslator","8","7","0","0","0x02000E22"
"","<>c__DisplayClass133_0`1","XLua.ObjectTranslator/<>c__DisplayClass133_0`1","class","private","System.Object","","False","True","XLua.ObjectTranslator","5","3","0","0","0x02000E23"
"","<>c__DisplayClass134_0`1","XLua.ObjectTranslator/<>c__DisplayClass134_0`1","class","private","System.Object","","False","True","XLua.ObjectTranslator","2","1","0","0","0x02000E24"
"","<>c__DisplayClass135_0`1","XLua.ObjectTranslator/<>c__DisplayClass135_0`1","class","private","System.Object","","False","True","XLua.ObjectTranslator","2","1","0","0","0x02000E25"
"XLua","StaticLuaCallbacks","XLua.StaticLuaCallbacks","class","public","System.Object","","False","False","","39","7","0","0","0x02000079"
"XLua","InternalGlobals","XLua.InternalGlobals","class","private","System.Object","","False","False","","2","8","0","0","0x0200007A"
"","TryArrayGet","XLua.InternalGlobals/TryArrayGet","delegate","internal","System.MulticastDelegate","","False","True","XLua.InternalGlobals","4","0","0","0","0x02000E26"
"","TryArraySet","XLua.InternalGlobals/TryArraySet","delegate","internal","System.MulticastDelegate","","False","True","XLua.InternalGlobals","4","0","0","0","0x02000E27"
"XLua","DelegateBridgeBase","XLua.DelegateBridgeBase","class","public","XLua.LuaBase","","True","False","","4","4","0","0","0x0200007B"
"XLua","HotfixDelegateBridge","XLua.HotfixDelegateBridge","static class","public","System.Object","","True","True","","3","0","0","0","0x0200007C"
"XLua","GenFlag","XLua.GenFlag","enum","public","System.Enum","","False","True","","0","3","0","0","0x0200007D"
"XLua","LuaCallCSharpAttribute","XLua.LuaCallCSharpAttribute","class","public","System.Attribute","","False","False","","2","1","1","0","0x0200007E"
"XLua","CSharpCallLuaAttribute","XLua.CSharpCallLuaAttribute","class","public","System.Attribute","","False","False","","1","0","0","0","0x0200007F"
"XLua","BlackListAttribute","XLua.BlackListAttribute","class","public","System.Attribute","","False","False","","1","0","0","0","0x02000080"
"XLua","OptimizeFlag","XLua.OptimizeFlag","enum","public","System.Enum","","False","True","","0","3","0","0","0x02000081"
"XLua","GCOptimizeAttribute","XLua.GCOptimizeAttribute","class","public","System.Attribute","","False","False","","2","1","1","0","0x02000082"
"XLua","ReflectionUseAttribute","XLua.ReflectionUseAttribute","class","public","System.Attribute","","False","False","","1","0","0","0","0x02000083"
"XLua","DoNotGenAttribute","XLua.DoNotGenAttribute","class","public","System.Attribute","","False","False","","1","0","0","0","0x02000084"
"XLua","AdditionalPropertiesAttribute","XLua.AdditionalPropertiesAttribute","class","public","System.Attribute","","False","False","","1","0","0","0","0x02000085"
"XLua","HotfixFlag","XLua.HotfixFlag","enum","public","System.Enum","","False","True","","0","11","0","0","0x02000086"
"XLua","HotfixAttribute","XLua.HotfixAttribute","class","public","System.Attribute","","False","False","","2","1","1","0","0x02000087"
"XLua","HotfixDelegateAttribute","XLua.HotfixDelegateAttribute","class","private","System.Attribute","","False","False","","1","0","0","0","0x02000088"
"XLua","SysGenConfig","XLua.SysGenConfig","static class","public","System.Object","","True","True","","2","0","2","0","0x02000089"
"XLua","LuaBase","XLua.LuaBase","class","public","System.Object","System.IDisposable","True","False","","7","3","0","0","0x0200008A"
"XLua","LuaEnv","XLua.LuaEnv","class","public","System.Object","System.IDisposable","False","False","","30","16","5","0","0x0200008B"
"","GCAction","XLua.LuaEnv/GCAction","struct","internal","System.ValueType","","False","True","XLua.LuaEnv","0","2","0","0","0x02000E28"
"","CustomLoader","XLua.LuaEnv/CustomLoader","delegate","public","System.MulticastDelegate","","False","True","XLua.LuaEnv","4","0","0","0","0x02000E29"
"XLua","LuaException","XLua.LuaException","class","public","System.Exception","","False","False","","1","0","0","0","0x0200008C"
"XLua","LuaFunction","XLua.LuaFunction","class","public","XLua.LuaBase","","False","False","","11","0","0","0","0x0200008D"
"XLua","LuaTable","XLua.LuaTable","class","public","XLua.LuaBase","","False","False","","21","0","3","0","0x0200008E"
"","<GetKeys>d__15","XLua.LuaTable/<GetKeys>d__15","class","private","System.Object","System.Collections.Generic.IEnumerable`1<System.Object> | System.Collections.IEnumerable | System.Collections.Generic.IEnumerator`1<System.Object> | System.Collections.IEnumerator | System.IDisposable","False","True","XLua.LuaTable","8","7","2","0","0x02000E2A"
"","<GetKeys>d__16`1","XLua.LuaTable/<GetKeys>d__16`1","class","private","System.Object","System.Collections.Generic.IEnumerable`1<T> | System.Collections.IEnumerable | System.Collections.Generic.IEnumerator`1<T> | System.Collections.IEnumerator | System.IDisposable","False","True","XLua.LuaTable","8","7","2","0","0x02000E2B"
"XLua","OverloadMethodWrap","XLua.OverloadMethodWrap","class","public","System.Object","","False","False","","6","16","1","0","0x0200008F"
"XLua","MethodWrap","XLua.MethodWrap","class","public","System.Object","","False","False","","2","3","0","0","0x02000090"
"XLua","MethodWrapsCache","XLua.MethodWrapsCache","class","public","System.Object","","False","False","","8","6","0","0","0x02000091"
"","<>c__DisplayClass7_0","XLua.MethodWrapsCache/<>c__DisplayClass7_0","class","private","System.Object","","False","True","XLua.MethodWrapsCache","2","2","0","0","0x02000E2C"
"","<>c__DisplayClass7_1","XLua.MethodWrapsCache/<>c__DisplayClass7_1","class","private","System.Object","","False","True","XLua.MethodWrapsCache","2","2","0","0","0x02000E2D"
"","<>c__DisplayClass11_0","XLua.MethodWrapsCache/<>c__DisplayClass11_0","class","private","System.Object","","False","True","XLua.MethodWrapsCache","2","8","0","0","0x02000E2E"
"XLua","ObjectCheck","XLua.ObjectCheck","delegate","public","System.MulticastDelegate","","False","True","","4","0","0","0","0x02000092"
"XLua","ObjectCast","XLua.ObjectCast","delegate","public","System.MulticastDelegate","","False","True","","4","0","0","0","0x02000093"
"XLua","ObjectCheckers","XLua.ObjectCheckers","class","public","System.Object","","False","False","","16","2","0","0","0x02000094"
"","<>c__DisplayClass14_0","XLua.ObjectCheckers/<>c__DisplayClass14_0","class","private","System.Object","","False","True","XLua.ObjectCheckers","8","3","0","0","0x02000E2F"
"","<>c__DisplayClass15_0","XLua.ObjectCheckers/<>c__DisplayClass15_0","class","private","System.Object","","False","True","XLua.ObjectCheckers","2","1","0","0","0x02000E30"
"XLua","ObjectCasters","XLua.ObjectCasters","class","public","System.Object","","False","False","","24","2","0","0","0x02000095"
"","<>c__DisplayClass23_0","XLua.ObjectCasters/<>c__DisplayClass23_0","class","private","System.Object","","False","True","XLua.ObjectCasters","8","3","0","0","0x02000E31"
"","<>c__DisplayClass23_1","XLua.ObjectCasters/<>c__DisplayClass23_1","class","private","System.Object","","False","True","XLua.ObjectCasters","2","3","0","0","0x02000E32"
"","<>c__DisplayClass23_2","XLua.ObjectCasters/<>c__DisplayClass23_2","class","private","System.Object","","False","True","XLua.ObjectCasters","2","5","0","0","0x02000E33"
"","<>c__DisplayClass24_0","XLua.ObjectCasters/<>c__DisplayClass24_0","class","private","System.Object","","False","True","XLua.ObjectCasters","2","1","0","0","0x02000E34"
"XLua","ObjectPool","XLua.ObjectPool","class","public","System.Object","","False","False","","10","5","1","0","0x02000096"
"","Slot","XLua.ObjectPool/Slot","struct","private","System.ValueType","","False","True","XLua.ObjectPool","1","2","0","0","0x02000E35"
"XLua","ReferenceEqualsComparer","XLua.ReferenceEqualsComparer","class","private","System.Object","System.Collections.Generic.IEqualityComparer`1<System.Object>","False","False","","3","0","0","0","0x02000097"
"XLua","MonoPInvokeCallbackAttribute","XLua.MonoPInvokeCallbackAttribute","class","public","System.Attribute","","False","False","","1","1","0","0","0x02000098"
"XLua","LuaTypes","XLua.LuaTypes","enum","public","System.Enum","","False","True","","0","11","0","0","0x02000099"
"XLua","LuaGCOptions","XLua.LuaGCOptions","enum","public","System.Enum","","False","True","","0","9","0","0","0x0200009A"
"XLua","LuaThreadStatus","XLua.LuaThreadStatus","enum","public","System.Enum","","False","True","","0","8","0","0","0x0200009B"
"XLua","LuaIndexes","XLua.LuaIndexes","class","private","System.Object","","False","True","","3","0","1","0","0x0200009C"
"XLua","ObjectTranslatorPool","XLua.ObjectTranslatorPool","class","public","System.Object","","False","False","","5","3","1","0","0x0200009D"
"XLua","RawObject","XLua.RawObject","interface","public","","","True","False","","1","0","1","0","0x0200009E"
"XLua","SignatureLoader","XLua.SignatureLoader","class","public","System.Object","","False","False","","3","3","0","0","0x0200009F"
"XLua","TypeExtensions","XLua.TypeExtensions","static class","private","System.Object","","True","True","","13","0","0","0","0x020000A0"
"","<>c","XLua.TypeExtensions/<>c","class","private","System.Object","","False","True","XLua.TypeExtensions","3","2","0","0","0x02000E36"
"XLua","LazyMemberTypes","XLua.LazyMemberTypes","enum","public","System.Enum","","False","True","","0","7","0","0","0x020000A1"
"XLua","Utils","XLua.Utils","static class","public","System.Object","","True","True","","32","12","0","0","0x020000A2"
"","MethodKey","XLua.Utils/MethodKey","struct","private","System.ValueType","","False","True","XLua.Utils","0","2","0","0","0x02000E37"
"","<>c__DisplayClass2_0","XLua.Utils/<>c__DisplayClass2_0","class","private","System.Object","","False","True","XLua.Utils","2","2","0","0","0x02000E38"
"","<>c__DisplayClass3_0","XLua.Utils/<>c__DisplayClass3_0","class","private","System.Object","","False","True","XLua.Utils","3","2","0","0","0x02000E39"
"","<>c__DisplayClass4_0","XLua.Utils/<>c__DisplayClass4_0","class","private","System.Object","","False","True","XLua.Utils","3","2","0","0","0x02000E3A"
"","<>c__DisplayClass5_0","XLua.Utils/<>c__DisplayClass5_0","class","private","System.Object","","False","True","XLua.Utils","2","4","0","0","0x02000E3B"
"","<>c","XLua.Utils/<>c","class","private","System.Object","","False","True","XLua.Utils","16","15","0","0","0x02000E3C"
"","<>c__DisplayClass6_0","XLua.Utils/<>c__DisplayClass6_0","class","private","System.Object","","False","True","XLua.Utils","2","4","0","0","0x02000E3D"
"","<>c__DisplayClass7_0","XLua.Utils/<>c__DisplayClass7_0","class","private","System.Object","","False","True","XLua.Utils","2","1","0","0","0x02000E3E"
"","<>c__DisplayClass10_0","XLua.Utils/<>c__DisplayClass10_0","class","private","System.Object","","False","True","XLua.Utils","2","1","0","0","0x02000E3F"
"","<>c__DisplayClass14_0","XLua.Utils/<>c__DisplayClass14_0","class","private","System.Object","","False","True","XLua.Utils","2","1","0","0","0x02000E40"
"","<>c__DisplayClass15_0","XLua.Utils/<>c__DisplayClass15_0","class","private","System.Object","","False","True","XLua.Utils","2","1","0","0","0x02000E41"
"XLua.TemplateEngine","TokenType","XLua.TemplateEngine.TokenType","enum","public","System.Enum","","False","True","","0","4","0","0","0x020000A3"
"XLua.TemplateEngine","Chunk","XLua.TemplateEngine.Chunk","class","public","System.Object","","False","False","","5","2","2","0","0x020000A4"
"XLua.TemplateEngine","TemplateFormatException","XLua.TemplateEngine.TemplateFormatException","class","private","System.Exception","","False","False","","1","0","0","0","0x020000A5"
"XLua.TemplateEngine","Parser","XLua.TemplateEngine.Parser","class","public","System.Object","","False","False","","7","1","1","0","0x020000A6"
"","<>c","XLua.TemplateEngine.Parser/<>c","class","private","System.Object","","False","True","XLua.TemplateEngine.Parser","7","6","0","0","0x02000E42"
"XLua.TemplateEngine","LuaTemplate","XLua.TemplateEngine.LuaTemplate","class","public","System.Object","","False","False","","9","2","0","0","0x020000A7"
"XLua.Cast","Any`1","XLua.Cast.Any`1","class","public","System.Object","XLua.RawObject","False","False","","2","1","1","0","0x020000A8"
"XLua.Cast","Byte","XLua.Cast.Byte","class","public","XLua.Cast.Any`1<System.Byte>","","False","False","","1","0","0","0","0x020000A9"
"XLua.Cast","SByte","XLua.Cast.SByte","class","public","XLua.Cast.Any`1<System.SByte>","","False","False","","1","0","0","0","0x020000AA"
"XLua.Cast","Char","XLua.Cast.Char","class","public","XLua.Cast.Any`1<System.Char>","","False","False","","1","0","0","0","0x020000AB"
"XLua.Cast","Int16","XLua.Cast.Int16","class","public","XLua.Cast.Any`1<System.Int16>","","False","False","","1","0","0","0","0x020000AC"
"XLua.Cast","UInt16","XLua.Cast.UInt16","class","public","XLua.Cast.Any`1<System.UInt16>","","False","False","","1","0","0","0","0x020000AD"
"XLua.Cast","Int32","XLua.Cast.Int32","class","public","XLua.Cast.Any`1<System.Int32>","","False","False","","1","0","0","0","0x020000AE"
"XLua.Cast","UInt32","XLua.Cast.UInt32","class","public","XLua.Cast.Any`1<System.UInt32>","","False","False","","1","0","0","0","0x020000AF"
"XLua.Cast","Int64","XLua.Cast.Int64","class","public","XLua.Cast.Any`1<System.Int64>","","False","False","","1","0","0","0","0x020000B0"
"XLua.Cast","UInt64","XLua.Cast.UInt64","class","public","XLua.Cast.Any`1<System.UInt64>","","False","False","","1","0","0","0","0x020000B1"
"XLua.Cast","Float","XLua.Cast.Float","class","public","XLua.Cast.Any`1<System.Single>","","False","False","","1","0","0","0","0x020000B2"
"XLua.LuaDLL","lua_CSFunction","XLua.LuaDLL.lua_CSFunction","delegate","public","System.MulticastDelegate","","False","True","","4","0","0","0","0x020000B3"
"XLua.LuaDLL","Lua","XLua.LuaDLL.Lua","class","public","System.Object","","False","False","","137","1","0","0","0x020000B4"
"XLua.CSObjectWrap","XLua_Gen_Initer_Register__","XLua.CSObjectWrap.XLua_Gen_Initer_Register__","class","public","System.Object","","False","False","","3","0","0","0","0x020000B5"
"RedSaw","ExceptionTriggerPoint","RedSaw.ExceptionTriggerPoint","struct","public","System.ValueType","","False","True","","10","4","1","0","0x020000B6"
"RedSaw","ExceptionAnalyzeResult","RedSaw.ExceptionAnalyzeResult","struct","public","System.ValueType","","False","True","","3","4","1","0","0x020000B7"
"RedSaw","ExceptionAnalyzer","RedSaw.ExceptionAnalyzer","class","public","System.Object","","False","False","","5","0","0","0","0x020000B8"
"RedSaw","ExceptionRecorder","RedSaw.ExceptionRecorder","class","public","System.Object","","False","False","","7","5","0","0","0x020000B9"
"RedSaw","IRecyclable","RedSaw.IRecyclable","interface","public","","","True","False","","6","0","0","0","0x020000BA"
"RedSaw","PoolCore","RedSaw.PoolCore","class","public","System.Object","","False","False","","6","3","3","0","0x020000BB"
"RedSaw","PoolCore`1","RedSaw.PoolCore`1","class","public","System.Object","","False","False","","8","3","4","0","0x020000BC"
"RedSaw","ObjectPool","RedSaw.ObjectPool","class","public","System.Object","","False","False","","17","4","5","0","0x020000BD"
"RedSaw","ObjectPool`1","RedSaw.ObjectPool`1","class","public","System.Object","System.Collections.Generic.IEnumerable`1<T> | System.Collections.IEnumerable","False","False","","28","5","10","0","0x020000BE"
"RedSaw","NashObjectPool`1","RedSaw.NashObjectPool`1","class","public","RedSaw.ObjectPool`1<T>","","False","False","","7","6","1","0","0x020000BF"
"RedSaw","NashObjectPoolEx`1","RedSaw.NashObjectPoolEx`1","class","public","RedSaw.ObjectPool`1<T>","","False","False","","7","1","2","0","0x020000C0"
"RedSaw","NashObjectPoolGroup`2","RedSaw.NashObjectPoolGroup`2","class","public","System.Object","","False","False","","5","4","0","0","0x020000C1"
"RedSaw","IHasIndex","RedSaw.IHasIndex","interface","public","","","True","False","","3","0","2","0","0x020000C2"
"RedSaw","IndexList`1","RedSaw.IndexList`1","class","public","System.Object","System.Collections.Generic.IList`1<T> | System.Collections.Generic.ICollection`1<T> | System.Collections.Generic.IEnumerable`1<T> | System.Collections.IEnumerable","False","False","","20","2","3","0","0x020000C3"
"","<>c__DisplayClass14_0","RedSaw.IndexList`1/<>c__DisplayClass14_0","class","private","System.Object","","False","True","RedSaw.IndexList`1","2","1","0","0","0x02000E43"
"RedSaw","RandomUtils","RedSaw.RandomUtils","static class","public","System.Object","","True","True","","22","0","0","0","0x020000C4"
"","<>c__DisplayClass14_0`1","RedSaw.RandomUtils/<>c__DisplayClass14_0`1","class","private","System.Object","","False","True","RedSaw.RandomUtils","3","2","0","0","0x02000E44"
"","<>c__14`1","RedSaw.RandomUtils/<>c__14`1","class","private","System.Object","","False","True","RedSaw.RandomUtils","4","3","0","0","0x02000E45"
"RedSaw","RedSawObject","RedSaw.RedSawObject","class","public","UnityEngine.MonoBehaviour","","True","False","","9","0","2","0","0x020000C5"
"RedSaw","RSUtils","RedSaw.RSUtils","static class","public","System.Object","","True","True","","12","0","0","0","0x020000C6"
"RedSaw","GizmosHelper","RedSaw.GizmosHelper","static class","public","System.Object","","True","True","","14","0","0","0","0x020000C7"
"RedSaw","RSUtilsGeometry","RedSaw.RSUtilsGeometry","static class","public","System.Object","","True","True","","8","0","0","0","0x020000C8"
"RedSaw","BezierCurve2","RedSaw.BezierCurve2","struct","public","System.ValueType","","False","True","","2","3","0","0","0x020000C9"
"RedSaw","RSTimer","RedSaw.RSTimer","class","public","System.Object","","False","False","","13","3","3","0","0x020000CA"
"RedSaw","RSTimerLock","RedSaw.RSTimerLock","class","public","System.Object","","False","False","","8","2","1","0","0x020000CB"
"RedSaw","CastTimer","RedSaw.CastTimer","class","public","System.Object","","False","False","","6","6","2","0","0x020000CC"
"RedSaw","IndexCounter","RedSaw.IndexCounter","class","public","System.Object","","False","False","","6","2","1","0","0x020000CD"
"","<>c__DisplayClass7_0","RedSaw.IndexCounter/<>c__DisplayClass7_0","class","private","System.Object","","False","True","RedSaw.IndexCounter","2","1","0","0","0x02000E46"
"RedSaw","Counter","RedSaw.Counter","class","public","System.Object","","False","False","","16","3","4","0","0x020000CE"
"RedSaw","LongPressTimer","RedSaw.LongPressTimer","class","public","System.Object","","False","False","","5","2","2","0","0x020000CF"
"RedSaw","DoubleTimeOperation","RedSaw.DoubleTimeOperation","class","public","System.Object","","False","False","","3","3","0","0","0x020000D0"
"RedSaw","IBlackboard","RedSaw.IBlackboard","interface","public","","","True","False","","9","0","0","0","0x020000D1"
"RedSaw","BlackboardValue","RedSaw.BlackboardValue","class","public","System.Object","","False","False","","6","2","1","0","0x020000D2"
"RedSaw","Blackboard","RedSaw.Blackboard","class","public","System.Object","RedSaw.IBlackboard","False","False","","10","3","0","0","0x020000D3"
"RedSaw","ActionStatus","RedSaw.ActionStatus","enum","public","System.Enum","","False","True","","0","3","0","0","0x020000D4"
"RedSaw","ActionTask","RedSaw.ActionTask","class","public","System.Object","","True","False","","12","3","2","1","0x020000D5"
"RedSaw","StateMachine","RedSaw.StateMachine","class","public","System.Object","","False","False","","10","5","0","0","0x020000D6"
"RedSaw","StateMachineModelAttribute","RedSaw.StateMachineModelAttribute","class","public","System.Attribute","","False","False","","1","1","0","0","0x020000D7"
"RedSaw","StateMachineModelUtils","RedSaw.StateMachineModelUtils","static class","public","System.Object","","True","True","","2","2","0","0","0x020000D8"
"","<>c","RedSaw.StateMachineModelUtils/<>c","class","private","System.Object","","False","True","RedSaw.StateMachineModelUtils","3","1","0","0","0x02000E47"
"RedSaw","TilemapAutoPainter","RedSaw.TilemapAutoPainter","class","public","UnityEngine.MonoBehaviour","","False","False","","24","19","0","0","0x020000D9"
"","TilePosition","RedSaw.TilemapAutoPainter/TilePosition","enum","private","System.Enum","","False","True","RedSaw.TilemapAutoPainter","0","16","0","0","0x02000E48"
"RedSaw","AnimatorUtils","RedSaw.AnimatorUtils","static class","public","System.Object","","True","True","","2","0","0","0","0x020000DA"
"","<>c","RedSaw.AnimatorUtils/<>c","class","private","System.Object","","False","True","RedSaw.AnimatorUtils","3","2","0","0","0x02000E49"
"RedSaw","CSUtils","RedSaw.CSUtils","static class","public","System.Object","","True","True","","3","0","0","0","0x020000DB"
"","<>c__2`1","RedSaw.CSUtils/<>c__2`1","class","private","System.Object","","False","True","RedSaw.CSUtils","3","2","0","0","0x02000E4A"
"RedSaw","Geometry","RedSaw.Geometry","static class","public","System.Object","","True","True","","6","0","0","0","0x020000DC"
"RedSaw","Grid2D","RedSaw.Grid2D","static class","public","System.Object","","True","True","","20","0","0","0","0x020000DD"
"","<IterateGrid>d__0","RedSaw.Grid2D/<IterateGrid>d__0","class","private","System.Object","System.Collections.Generic.IEnumerable`1<UnityEngine.Vector2Int> | System.Collections.IEnumerable | System.Collections.Generic.IEnumerator`1<UnityEngine.Vector2Int> | System.Collections.IEnumerator | System.IDisposable","False","True","RedSaw.Grid2D","8","7","2","0","0x02000E4B"
"","<IterateGrid>d__1","RedSaw.Grid2D/<IterateGrid>d__1","class","private","System.Object","System.Collections.Generic.IEnumerable`1<UnityEngine.Vector2Int> | System.Collections.IEnumerable | System.Collections.Generic.IEnumerator`1<UnityEngine.Vector2Int> | System.Collections.IEnumerator | System.IDisposable","False","True","RedSaw.Grid2D","8","9","2","0","0x02000E4C"
"","<Offset>d__4","RedSaw.Grid2D/<Offset>d__4","class","private","System.Object","System.Collections.Generic.IEnumerable`1<UnityEngine.Vector2Int> | System.Collections.IEnumerable | System.Collections.Generic.IEnumerator`1<UnityEngine.Vector2Int> | System.Collections.IEnumerator | System.IDisposable","False","True","RedSaw.Grid2D","8","9","2","0","0x02000E4D"
"","<Cover>d__6","RedSaw.Grid2D/<Cover>d__6","class","private","System.Object","System.Collections.Generic.IEnumerable`1<UnityEngine.Vector2Int> | System.Collections.IEnumerable | System.Collections.Generic.IEnumerator`1<UnityEngine.Vector2Int> | System.Collections.IEnumerator | System.IDisposable","False","True","RedSaw.Grid2D","8","9","2","0","0x02000E4E"
"","<CoverH>d__8","RedSaw.Grid2D/<CoverH>d__8","class","private","System.Object","System.Collections.Generic.IEnumerable`1<UnityEngine.Vector2Int> | System.Collections.IEnumerable | System.Collections.Generic.IEnumerator`1<UnityEngine.Vector2Int> | System.Collections.IEnumerator | System.IDisposable","False","True","RedSaw.Grid2D","8","8","2","0","0x02000E4F"
"","<CoverV>d__10","RedSaw.Grid2D/<CoverV>d__10","class","private","System.Object","System.Collections.Generic.IEnumerable`1<UnityEngine.Vector2Int> | System.Collections.IEnumerable | System.Collections.Generic.IEnumerator`1<UnityEngine.Vector2Int> | System.Collections.IEnumerator | System.IDisposable","False","True","RedSaw.Grid2D","8","8","2","0","0x02000E50"
"","<Ring>d__12","RedSaw.Grid2D/<Ring>d__12","class","private","System.Object","System.Collections.Generic.IEnumerable`1<UnityEngine.Vector2Int> | System.Collections.IEnumerable | System.Collections.Generic.IEnumerator`1<UnityEngine.Vector2Int> | System.Collections.IEnumerator | System.IDisposable","False","True","RedSaw.Grid2D","8","12","2","0","0x02000E51"
"","<>c","RedSaw.Grid2D/<>c","class","private","System.Object","","False","True","RedSaw.Grid2D","6","5","0","0","0x02000E52"
"","<AroundPositions>d__17","RedSaw.Grid2D/<AroundPositions>d__17","class","private","System.Object","System.Collections.Generic.IEnumerable`1<UnityEngine.Vector2Int> | System.Collections.IEnumerable | System.Collections.Generic.IEnumerator`1<UnityEngine.Vector2Int> | System.Collections.IEnumerator | System.IDisposable","False","True","RedSaw.Grid2D","8","11","2","0","0x02000E53"
"RedSaw","Vector2D","RedSaw.Vector2D","static class","public","System.Object","","True","True","","4","0","0","0","0x020000DE"
"","<SplitIntoSector>d__3","RedSaw.Vector2D/<SplitIntoSector>d__3","class","private","System.Object","System.Collections.Generic.IEnumerable`1<UnityEngine.Vector2> | System.Collections.IEnumerable | System.Collections.Generic.IEnumerator`1<UnityEngine.Vector2> | System.Collections.IEnumerator | System.IDisposable","False","True","RedSaw.Vector2D","8","12","2","0","0x02000E54"
"RedSaw","ReflectionUtils","RedSaw.ReflectionUtils","static class","public","System.Object","","True","True","","18","0","0","0","0x020000DF"
"","<>c__DisplayClass5_0`1","RedSaw.ReflectionUtils/<>c__DisplayClass5_0`1","class","private","System.Object","","False","True","RedSaw.ReflectionUtils","2","1","0","0","0x02000E55"
"","<>c__DisplayClass6_0`1","RedSaw.ReflectionUtils/<>c__DisplayClass6_0`1","class","private","System.Object","","False","True","RedSaw.ReflectionUtils","2","1","0","0","0x02000E56"
"","<>c__DisplayClass7_0`1","RedSaw.ReflectionUtils/<>c__DisplayClass7_0`1","class","private","System.Object","","False","True","RedSaw.ReflectionUtils","2","1","0","0","0x02000E57"
"","<>c__DisplayClass8_0`1","RedSaw.ReflectionUtils/<>c__DisplayClass8_0`1","class","private","System.Object","","False","True","RedSaw.ReflectionUtils","2","1","0","0","0x02000E58"
"","<>c__DisplayClass9_0`1","RedSaw.ReflectionUtils/<>c__DisplayClass9_0`1","class","private","System.Object","","False","True","RedSaw.ReflectionUtils","2","1","0","0","0x02000E59"
"","<>c__DisplayClass11_0`1","RedSaw.ReflectionUtils/<>c__DisplayClass11_0`1","class","private","System.Object","","False","True","RedSaw.ReflectionUtils","3","2","0","0","0x02000E5A"
"","<>c","RedSaw.ReflectionUtils/<>c","class","private","System.Object","","False","True","RedSaw.ReflectionUtils","6","5","0","0","0x02000E5B"
"","<>c__DisplayClass14_0","RedSaw.ReflectionUtils/<>c__DisplayClass14_0","class","private","System.Object","","False","True","RedSaw.ReflectionUtils","2","1","0","0","0x02000E5C"
"RedSaw","SpriteUtils","RedSaw.SpriteUtils","static class","public","System.Object","","True","True","","1","0","0","0","0x020000E0"
"RedSaw","TextureUtils","RedSaw.TextureUtils","static class","public","System.Object","","True","True","","2","0","0","0","0x020000E1"
"RedSaw.Web","WebHelper","RedSaw.Web.WebHelper","static class","public","System.Object","","True","True","","4","1","0","0","0x020000E2"
"","<_Post>d__2","RedSaw.Web.WebHelper/<_Post>d__2","class","private","System.Object","System.Collections.Generic.IEnumerator`1<System.Object> | System.Collections.IEnumerator | System.IDisposable","False","True","RedSaw.Web.WebHelper","6","7","2","0","0x02000E5D"
"RedSaw.Web","WebOperationHandle","RedSaw.Web.WebOperationHandle","class","public","UnityEngine.MonoBehaviour","","False","False","","6","3","0","0","0x020000E3"
"","<>c","RedSaw.Web.WebOperationHandle/<>c","class","private","System.Object","","False","True","RedSaw.Web.WebOperationHandle","3","2","0","0","0x02000E5E"
"","<_HandleRequest>d__7","RedSaw.Web.WebOperationHandle/<_HandleRequest>d__7","class","private","System.Object","System.Collections.Generic.IEnumerator`1<System.Object> | System.Collections.IEnumerator | System.IDisposable","False","True","RedSaw.Web.WebOperationHandle","6","4","2","0","0x02000E5F"
"RedSaw.UI","RedSawUiObject","RedSaw.UI.RedSawUiObject","class","public","RedSaw.RedSawObject","","True","False","","20","7","6","0","0x020000E4"
"RedSaw.UI","RedSawButtonPrototype","RedSaw.UI.RedSawButtonPrototype","class","public","RedSaw.UI.RedSawUiObject","UnityEngine.EventSystems.IPointerEnterHandler | UnityEngine.EventSystems.IEventSystemHandler | UnityEngine.EventSystems.IPointerExitHandler | UnityEngine.EventSystems.IPointerDownHandler | UnityEngine.EventSystems.IPointerUpHandler | UnityEngine.EventSystems.IPointerClickHandler","True","False","","11","3","0","0","0x020000E5"
"RedSaw.UI","RedSawButtonBase","RedSaw.UI.RedSawButtonBase","class","public","RedSaw.UI.RedSawButtonPrototype","","False","False","","26","8","8","0","0x020000E6"
"RedSaw.UI","UiUtils","RedSaw.UI.UiUtils","static class","public","System.Object","","True","True","","5","0","0","0","0x020000E7"
"RedSaw.UI","RsMoveComponent","RedSaw.UI.RsMoveComponent","class","public","System.Object","","False","False","","4","5","0","0","0x020000E8"
"RedSaw.Shader","ShaderUtils","RedSaw.Shader.ShaderUtils","static class","public","System.Object","","True","True","","2","0","0","0","0x020000E9"
"RedSaw.GameMap","ColumnBlockUtils","RedSaw.GameMap.ColumnBlockUtils","static class","public","System.Object","","True","True","","4","0","0","0","0x020000EA"
"RedSaw.GameMap","IGameMap","RedSaw.GameMap.IGameMap","interface","public","","","True","False","","37","0","9","0","0x020000EB"
"RedSaw.GameMap","SimpleGameMap","RedSaw.GameMap.SimpleGameMap","class","public","System.Object","RedSaw.GameMap.IGameMap","False","False","","22","10","8","0","0x020000EC"
"RedSaw.GameMap","GroundBlockHelper","RedSaw.GameMap.GroundBlockHelper","static class","public","System.Object","","True","True","","2","0","0","0","0x020000ED"
"RedSaw.GameMap","GameMapGround","RedSaw.GameMap.GameMapGround","class","public","System.Object","","False","False","","8","2","0","0","0x020000EE"
"","Column","RedSaw.GameMap.GameMapGround/Column","struct","private","System.ValueType","","False","True","RedSaw.GameMap.GameMapGround","4","2","1","0","0x02000E60"
"","<FindColumns>d__5","RedSaw.GameMap.GameMapGround/<FindColumns>d__5","class","private","System.Object","System.Collections.Generic.IEnumerable`1<RedSaw.GameMap.GameMapGround/Column> | System.Collections.IEnumerable | System.Collections.Generic.IEnumerator`1<RedSaw.GameMap.GameMapGround/Column> | System.Collections.IEnumerator | System.IDisposable","False","True","RedSaw.GameMap.GameMapGround","9","23","2","0","0x02000E61"
"","<>c","RedSaw.GameMap.GameMapGround/<>c","class","private","System.Object","","False","True","RedSaw.GameMap.GameMapGround","3","2","0","0","0x02000E62"
"RedSaw.Data","FingerPrintAttribute","RedSaw.Data.FingerPrintAttribute","class","public","System.Attribute","","False","False","","1","0","0","0","0x020000EF"
"RedSaw.Data","FingerPrintObjectAttribute","RedSaw.Data.FingerPrintObjectAttribute","class","public","System.Attribute","","False","False","","1","0","0","0","0x020000F0"
"RedSaw.Data","BinUtils","RedSaw.Data.BinUtils","static class","public","System.Object","","True","True","","4","0","0","0","0x020000F1"
"","<GetFingerPrintFields>d__0","RedSaw.Data.BinUtils/<GetFingerPrintFields>d__0","class","private","System.Object","System.Collections.Generic.IEnumerable`1<System.Reflection.FieldInfo> | System.Collections.IEnumerable | System.Collections.Generic.IEnumerator`1<System.Reflection.FieldInfo> | System.Collections.IEnumerator | System.IDisposable","False","True","RedSaw.Data.BinUtils","8","7","2","0","0x02000E63"
"RedSaw.CommandLineInterface","CommandAttribute","RedSaw.CommandLineInterface.CommandAttribute","class","public","System.Attribute","","False","False","","8","3","3","0","0x020000F2"
"RedSaw.CommandLineInterface","CommandValueParserAttribute","RedSaw.CommandLineInterface.CommandValueParserAttribute","class","public","System.Attribute","","False","False","","3","2","1","0","0x020000F3"
"RedSaw.CommandLineInterface","CommandPropertyAttribute","RedSaw.CommandLineInterface.CommandPropertyAttribute","class","public","System.Attribute","","False","False","","2","3","0","0","0x020000F4"
"RedSaw.CommandLineInterface","Command","RedSaw.CommandLineInterface.Command","class","public","RedSaw.CommandLineInterface.StackMethod","","False","False","","5","3","1","0","0x020000F5"
"RedSaw.CommandLineInterface","CommandCreator","RedSaw.CommandLineInterface.CommandCreator","static class","private","System.Object","","True","True","","4","0","0","0","0x020000F6"
"","<CollectCommands>d__0`1","RedSaw.CommandLineInterface.CommandCreator/<CollectCommands>d__0`1","class","private","System.Object","System.Collections.Generic.IEnumerable`1<RedSaw.CommandLineInterface.Command> | System.Collections.IEnumerable | System.Collections.Generic.IEnumerator`1<RedSaw.CommandLineInterface.Command> | System.Collections.IEnumerator | System.IDisposable","False","True","RedSaw.CommandLineInterface.CommandCreator","8","7","2","0","0x02000E64"
"","<CollectProperties>d__1`1","RedSaw.CommandLineInterface.CommandCreator/<CollectProperties>d__1`1","class","private","System.Object","System.Collections.Generic.IEnumerable`1<RedSaw.CommandLineInterface.StackProperty> | System.Collections.IEnumerable | System.Collections.Generic.IEnumerator`1<RedSaw.CommandLineInterface.StackProperty> | System.Collections.IEnumerator | System.IDisposable","False","True","RedSaw.CommandLineInterface.CommandCreator","8","9","2","0","0x02000E65"
"","<CollectValueParsers>d__2`1","RedSaw.CommandLineInterface.CommandCreator/<CollectValueParsers>d__2`1","class","private","System.Object","System.Collections.Generic.IEnumerable`1<System.ValueTuple`3<RedSaw.CommandLineInterface.ValueParser,System.Type,System.String>> | System.Collections.IEnumerable | System.Collections.Generic.IEnumerator`1<System.ValueTuple`3<RedSaw.CommandLineInterface.ValueParser,System.Type,System.String>> | System.Collections.IEnumerator | System.IDisposable","False","True","RedSaw.CommandLineInterface.CommandCreator","8","7","2","0","0x02000E66"
"RedSaw.CommandLineInterface","QueryCache`1","RedSaw.CommandLineInterface.QueryCache`1","class","private","System.Object","","False","False","","3","3","0","0","0x020000F7"
"RedSaw.CommandLineInterface","CommandSystem","RedSaw.CommandLineInterface.CommandSystem","class","public","System.Object","","False","False","","15","11","0","0","0x020000F8"
"","<>c__DisplayClass23_0","RedSaw.CommandLineInterface.CommandSystem/<>c__DisplayClass23_0","class","private","System.Object","","False","True","RedSaw.CommandLineInterface.CommandSystem","3","3","0","0","0x02000E67"
"","<>c","RedSaw.CommandLineInterface.CommandSystem/<>c","class","private","System.Object","","False","True","RedSaw.CommandLineInterface.CommandSystem","8","7","0","0","0x02000E68"
"","<>c__DisplayClass24_0","RedSaw.CommandLineInterface.CommandSystem/<>c__DisplayClass24_0","class","private","System.Object","","False","True","RedSaw.CommandLineInterface.CommandSystem","3","3","0","0","0x02000E69"
"","<>c__DisplayClass25_0","RedSaw.CommandLineInterface.CommandSystem/<>c__DisplayClass25_0","class","private","System.Object","","False","True","RedSaw.CommandLineInterface.CommandSystem","2","2","0","0","0x02000E6A"
"RedSaw.CommandLineInterface","InputHistory","RedSaw.CommandLineInterface.InputHistory","class","private","System.Object","","False","False","","6","3","3","0","0x020000F9"
"RedSaw.CommandLineInterface","LinearSelector","RedSaw.CommandLineInterface.LinearSelector","class","private","System.Object","","False","False","","9","3","2","1","0x020000FA"
"RedSaw.CommandLineInterface","LogManager`1","RedSaw.CommandLineInterface.LogManager`1","class","public","System.Object","","False","False","","10","4","2","1","0x020000FB"
"","Log","RedSaw.CommandLineInterface.LogManager`1/Log","struct","public","System.ValueType","","False","True","RedSaw.CommandLineInterface.LogManager`1","5","3","2","0","0x02000E6B"
"","<>c","RedSaw.CommandLineInterface.LogManager`1/<>c","class","private","System.Object","","False","True","RedSaw.CommandLineInterface.LogManager`1","3","2","0","0","0x02000E6C"
"","<GetLastLogs>d__15","RedSaw.CommandLineInterface.LogManager`1/<GetLastLogs>d__15","class","private","System.Object","System.Collections.Generic.IEnumerable`1<RedSaw.CommandLineInterface.LogManager`1/Log<T>> | System.Collections.IEnumerable | System.Collections.Generic.IEnumerator`1<RedSaw.CommandLineInterface.LogManager`1/Log<T>> | System.Collections.IEnumerator | System.IDisposable","False","True","RedSaw.CommandLineInterface.LogManager`1","8","8","2","0","0x02000E6D"
"","<GetLastLogs>d__16","RedSaw.CommandLineInterface.LogManager`1/<GetLastLogs>d__16","class","private","System.Object","System.Collections.Generic.IEnumerable`1<RedSaw.CommandLineInterface.LogManager`1/Log<T>> | System.Collections.IEnumerable | System.Collections.Generic.IEnumerator`1<RedSaw.CommandLineInterface.LogManager`1/Log<T>> | System.Collections.IEnumerator | System.IDisposable","False","True","RedSaw.CommandLineInterface.LogManager`1","9","9","2","0","0x02000E6E"
"RedSaw.CommandLineInterface","ConsoleController`1","RedSaw.CommandLineInterface.ConsoleController`1","class","public","System.Object","","False","False","","27","17","3","2","0x020000FC"
"","Timer","RedSaw.CommandLineInterface.ConsoleController`1/Timer","class","private","System.Object","","False","False","RedSaw.CommandLineInterface.ConsoleController`1","3","2","0","0","0x02000E6F"
"","<>c__DisplayClass24_0","RedSaw.CommandLineInterface.ConsoleController`1/<>c__DisplayClass24_0","class","private","System.Object","","False","True","RedSaw.CommandLineInterface.ConsoleController`1","3","1","0","0","0x02000E70"
"RedSaw.CommandLineInterface","IConsoleInput","RedSaw.CommandLineInterface.IConsoleInput","interface","public","","","True","False","","7","0","7","0","0x020000FD"
"RedSaw.CommandLineInterface","IConsoleRenderer","RedSaw.CommandLineInterface.IConsoleRenderer","interface","public","","","True","False","","25","0","8","0","0x020000FE"
"RedSaw.CommandLineInterface","CLIUtils","RedSaw.CommandLineInterface.CLIUtils","static class","public","System.Object","","True","True","","4","0","1","0","0x020000FF"
"RedSaw.CommandLineInterface","CommandSystemException","RedSaw.CommandLineInterface.CommandSystemException","class","public","System.Exception","","False","False","","1","0","0","0","0x02000100"
"RedSaw.CommandLineInterface","CommandLexerException","RedSaw.CommandLineInterface.CommandLexerException","class","public","RedSaw.CommandLineInterface.CommandSystemException","","False","False","","1","0","0","0","0x02000101"
"RedSaw.CommandLineInterface","CommandSyntaxException","RedSaw.CommandLineInterface.CommandSyntaxException","class","public","RedSaw.CommandLineInterface.CommandSystemException","","False","False","","1","0","0","0","0x02000102"
"RedSaw.CommandLineInterface","CommandExecuteException","RedSaw.CommandLineInterface.CommandExecuteException","class","public","RedSaw.CommandLineInterface.CommandSystemException","","False","False","","1","0","0","0","0x02000103"
"RedSaw.CommandLineInterface","TokenType","RedSaw.CommandLineInterface.TokenType","enum","public","System.Enum","","False","True","","0","19","0","0","0x02000104"
"RedSaw.CommandLineInterface","Token","RedSaw.CommandLineInterface.Token","struct","public","System.ValueType","","False","True","","1","4","0","0","0x02000105"
"RedSaw.CommandLineInterface","LexerResult","RedSaw.CommandLineInterface.LexerResult","struct","public","System.ValueType","","False","True","","6","3","2","0","0x02000106"
"RedSaw.CommandLineInterface","Lexer","RedSaw.CommandLineInterface.Lexer","class","public","System.Object","","False","False","","14","29","1","0","0x02000107"
"RedSaw.CommandLineInterface","SuggestionType","RedSaw.CommandLineInterface.SuggestionType","enum","public","System.Enum","","False","True","","0","5","0","0","0x02000108"
"RedSaw.CommandLineInterface","SuggestionQuery","RedSaw.CommandLineInterface.SuggestionQuery","struct","public","System.ValueType","","False","True","","4","4","0","0","0x02000109"
"RedSaw.CommandLineInterface","QueryVariableType","RedSaw.CommandLineInterface.QueryVariableType","delegate","public","System.MulticastDelegate","","False","True","","4","0","0","0","0x0200010A"
"RedSaw.CommandLineInterface","InputBehaviourStateMachine","RedSaw.CommandLineInterface.InputBehaviourStateMachine","class","private","System.Object","","False","False","","9","4","2","0","0x0200010B"
"RedSaw.CommandLineInterface","InputBehaviourState","RedSaw.CommandLineInterface.InputBehaviourState","class","private","System.Object","","True","False","","16","3","2","0","0x0200010C"
"RedSaw.CommandLineInterface","InputBehaviourStateWithInput","RedSaw.CommandLineInterface.InputBehaviourStateWithInput","class","private","RedSaw.CommandLineInterface.InputBehaviourState","","True","False","","4","1","1","0","0x0200010D"
"RedSaw.CommandLineInterface","IBS_Ready","RedSaw.CommandLineInterface.IBS_Ready","class","private","RedSaw.CommandLineInterface.InputBehaviourStateWithInput","","False","False","","4","0","0","0","0x0200010E"
"RedSaw.CommandLineInterface","IBS_Wait","RedSaw.CommandLineInterface.IBS_Wait","class","private","RedSaw.CommandLineInterface.InputBehaviourStateWithInput","","False","False","","4","0","0","0","0x0200010F"
"RedSaw.CommandLineInterface","IBS_Command","RedSaw.CommandLineInterface.IBS_Command","class","private","RedSaw.CommandLineInterface.InputBehaviourStateWithInput","","False","False","","5","0","0","0","0x02000110"
"RedSaw.CommandLineInterface","IBS_Unknown","RedSaw.CommandLineInterface.IBS_Unknown","class","private","RedSaw.CommandLineInterface.InputBehaviourState","","False","False","","4","1","0","0","0x02000111"
"RedSaw.CommandLineInterface","IBS_Variable","RedSaw.CommandLineInterface.IBS_Variable","class","private","RedSaw.CommandLineInterface.InputBehaviourStateWithInput","","False","False","","5","0","0","0","0x02000112"
"RedSaw.CommandLineInterface","IBS_String","RedSaw.CommandLineInterface.IBS_String","class","private","RedSaw.CommandLineInterface.InputBehaviourStateWithInput","","False","False","","4","1","0","0","0x02000113"
"RedSaw.CommandLineInterface","IBS_Member","RedSaw.CommandLineInterface.IBS_Member","class","private","RedSaw.CommandLineInterface.InputBehaviourStateWithInput","","False","False","","5","1","0","0","0x02000114"
"RedSaw.CommandLineInterface","CharAutomaton","RedSaw.CommandLineInterface.CharAutomaton","class","public","System.Object","","False","False","","4","2","1","0","0x02000115"
"RedSaw.CommandLineInterface","Suggestion","RedSaw.CommandLineInterface.Suggestion","struct","public","System.ValueType","","False","True","","3","2","0","0","0x02000116"
"RedSaw.CommandLineInterface","SyntaxTreeCode","RedSaw.CommandLineInterface.SyntaxTreeCode","enum","public","System.Enum","","False","True","","0","18","0","0","0x02000117"
"RedSaw.CommandLineInterface","SyntaxTree","RedSaw.CommandLineInterface.SyntaxTree","class","public","System.Object","","False","False","","9","3","4","0","0x02000118"
"","<>c","RedSaw.CommandLineInterface.SyntaxTree/<>c","class","private","System.Object","","False","True","RedSaw.CommandLineInterface.SyntaxTree","3","2","0","0","0x02000E71"
"RedSaw.CommandLineInterface","SyntaxAnalyzer","RedSaw.CommandLineInterface.SyntaxAnalyzer","class","public","System.Object","","False","False","","16","3","5","0","0x02000119"
"RedSaw.CommandLineInterface","DefaultTypeParserDefination","RedSaw.CommandLineInterface.DefaultTypeParserDefination","static class","private","System.Object","","True","True","","16","0","2","0","0x0200011A"
"RedSaw.CommandLineInterface","VirtualMachineUtils","RedSaw.CommandLineInterface.VirtualMachineUtils","static class","public","System.Object","","True","True","","6","0","0","0","0x0200011B"
"RedSaw.CommandLineInterface","CSharpUtils","RedSaw.CommandLineInterface.CSharpUtils","static class","private","System.Object","","True","True","","21","0","0","0","0x0200011C"
"","<>c","RedSaw.CommandLineInterface.CSharpUtils/<>c","class","private","System.Object","","False","True","RedSaw.CommandLineInterface.CSharpUtils","7","6","0","0","0x02000E72"
"RedSaw.CommandLineInterface","IValueGetter","RedSaw.CommandLineInterface.IValueGetter","interface","public","","","True","False","","2","0","1","0","0x0200011D"
"RedSaw.CommandLineInterface","IValueSetter","RedSaw.CommandLineInterface.IValueSetter","interface","public","","","True","False","","3","0","2","0","0x0200011E"
"RedSaw.CommandLineInterface","StackObjectType","RedSaw.CommandLineInterface.StackObjectType","enum","public","System.Enum","","False","True","","0","6","0","0","0x0200011F"
"RedSaw.CommandLineInterface","StackObject","RedSaw.CommandLineInterface.StackObject","class","public","System.Object","","True","False","","1","1","0","0","0x02000120"
"RedSaw.CommandLineInterface","StackProperty","RedSaw.CommandLineInterface.StackProperty","class","public","RedSaw.CommandLineInterface.StackObject","RedSaw.CommandLineInterface.IValueGetter | RedSaw.CommandLineInterface.IValueSetter","True","False","","7","3","2","0","0x02000121"
"RedSaw.CommandLineInterface","StackPropertyProperty","RedSaw.CommandLineInterface.StackPropertyProperty","class","public","RedSaw.CommandLineInterface.StackProperty","","False","False","","5","2","1","0","0x02000122"
"RedSaw.CommandLineInterface","StackPropertyPropertyOnlyGetter","RedSaw.CommandLineInterface.StackPropertyPropertyOnlyGetter","class","public","RedSaw.CommandLineInterface.StackPropertyProperty","","False","False","","5","0","1","0","0x02000123"
"RedSaw.CommandLineInterface","StackPropertyPropertyOnlySetter","RedSaw.CommandLineInterface.StackPropertyPropertyOnlySetter","class","public","RedSaw.CommandLineInterface.StackPropertyProperty","","False","False","","5","0","1","0","0x02000124"
"RedSaw.CommandLineInterface","StackPropertyField","RedSaw.CommandLineInterface.StackPropertyField","class","public","RedSaw.CommandLineInterface.StackProperty","","False","False","","5","2","1","0","0x02000125"
"RedSaw.CommandLineInterface","StackPropertyCustom","RedSaw.CommandLineInterface.StackPropertyCustom","class","public","RedSaw.CommandLineInterface.StackProperty","","False","False","","5","1","1","0","0x02000126"
"RedSaw.CommandLineInterface","StackValue","RedSaw.CommandLineInterface.StackValue","class","public","RedSaw.CommandLineInterface.StackObject","RedSaw.CommandLineInterface.IValueGetter","False","False","","4","1","1","0","0x02000127"
"RedSaw.CommandLineInterface","StackFloat","RedSaw.CommandLineInterface.StackFloat","class","public","RedSaw.CommandLineInterface.StackValue","","False","False","","2","1","1","0","0x02000128"
"RedSaw.CommandLineInterface","StackInt","RedSaw.CommandLineInterface.StackInt","class","public","RedSaw.CommandLineInterface.StackValue","","False","False","","2","1","1","0","0x02000129"
"RedSaw.CommandLineInterface","StackString","RedSaw.CommandLineInterface.StackString","class","public","RedSaw.CommandLineInterface.StackValue","","False","False","","2","1","1","0","0x0200012A"
"RedSaw.CommandLineInterface","StackBool","RedSaw.CommandLineInterface.StackBool","class","public","RedSaw.CommandLineInterface.StackValue","","False","False","","4","1","3","0","0x0200012B"
"RedSaw.CommandLineInterface","StackNull","RedSaw.CommandLineInterface.StackNull","class","public","RedSaw.CommandLineInterface.StackValue","","False","False","","3","0","2","0","0x0200012C"
"RedSaw.CommandLineInterface","StackSourceInput","RedSaw.CommandLineInterface.StackSourceInput","class","public","RedSaw.CommandLineInterface.StackObject","","False","False","","2","1","0","0","0x0200012D"
"RedSaw.CommandLineInterface","StackCallable","RedSaw.CommandLineInterface.StackCallable","class","public","RedSaw.CommandLineInterface.StackObject","","True","False","","10","0","5","0","0x0200012E"
"RedSaw.CommandLineInterface","StackMethod","RedSaw.CommandLineInterface.StackMethod","class","public","RedSaw.CommandLineInterface.StackCallable","","False","False","","11","4","5","0","0x0200012F"
"RedSaw.CommandLineInterface","ValueParser","RedSaw.CommandLineInterface.ValueParser","delegate","public","System.MulticastDelegate","","False","True","","4","0","0","0","0x02000130"
"RedSaw.CommandLineInterface","ValueParserManager","RedSaw.CommandLineInterface.ValueParserManager","class","public","System.Object","","False","False","","6","2","0","0","0x02000131"
"RedSaw.CommandLineInterface","VirtualMachine","RedSaw.CommandLineInterface.VirtualMachine","class","public","System.Object","","False","False","","36","9","3","0","0x02000132"
"","CallTarget","RedSaw.CommandLineInterface.VirtualMachine/CallTarget","enum","public","System.Enum","","False","True","RedSaw.CommandLineInterface.VirtualMachine","0","4","0","0","0x02000E73"
"","ExecuteStatus","RedSaw.CommandLineInterface.VirtualMachine/ExecuteStatus","struct","public","System.ValueType","","False","True","RedSaw.CommandLineInterface.VirtualMachine","1","2","0","0","0x02000E74"
"","<get_AllProperties>d__14","RedSaw.CommandLineInterface.VirtualMachine/<get_AllProperties>d__14","class","private","System.Object","System.Collections.Generic.IEnumerable`1<RedSaw.CommandLineInterface.StackProperty> | System.Collections.IEnumerable | System.Collections.Generic.IEnumerator`1<RedSaw.CommandLineInterface.StackProperty> | System.Collections.IEnumerator | System.IDisposable","False","True","RedSaw.CommandLineInterface.VirtualMachine","10","6","2","0","0x02000E75"
"","<GetAllDelegate>d__20","RedSaw.CommandLineInterface.VirtualMachine/<GetAllDelegate>d__20","class","private","System.Object","System.Collections.Generic.IEnumerable`1<System.ValueTuple`2<System.String,System.Delegate>> | System.Collections.IEnumerable | System.Collections.Generic.IEnumerator`1<System.ValueTuple`2<System.String,System.Delegate>> | System.Collections.IEnumerator | System.IDisposable","False","True","RedSaw.CommandLineInterface.VirtualMachine","9","5","2","0","0x02000E76"
"RedSaw.CommandLineInterface","DebugInfoAttribute","RedSaw.CommandLineInterface.DebugInfoAttribute","class","public","System.Attribute","","False","False","","8","3","3","0","0x02000133"
"RedSaw.CommandLineInterface","DebugObjectAttribute","RedSaw.CommandLineInterface.DebugObjectAttribute","class","public","System.Attribute","","False","False","","1","0","0","0","0x02000134"
"RedSaw.CommandLineInterface","DebugGroupAttribute","RedSaw.CommandLineInterface.DebugGroupAttribute","class","public","System.Attribute","","False","False","","1","1","0","0","0x02000135"
"RedSaw.CommandLineInterface","DebugInlineButtonAttribute","RedSaw.CommandLineInterface.DebugInlineButtonAttribute","class","public","System.Attribute","","False","False","","4","4","1","0","0x02000136"
"RedSaw.CommandLineInterface","DebugOnValueChangedAttribute","RedSaw.CommandLineInterface.DebugOnValueChangedAttribute","class","public","System.Attribute","","False","False","","1","1","0","0","0x02000137"
"RedSaw.CommandLineInterface","DebugProgressBarAttribute","RedSaw.CommandLineInterface.DebugProgressBarAttribute","class","public","System.Attribute","","False","False","","11","5","4","0","0x02000138"
"RedSaw.CommandLineInterface","DebugButtonAttribute","RedSaw.CommandLineInterface.DebugButtonAttribute","class","public","System.Attribute","","False","False","","4","2","1","0","0x02000139"
"RedSaw.CommandLineInterface","DebugHelper","RedSaw.CommandLineInterface.DebugHelper","static class","public","System.Object","","True","True","","6","0","0","0","0x0200013A"
"RedSaw.CommandLineInterface","DebugHelperEx","RedSaw.CommandLineInterface.DebugHelperEx","static class","public","System.Object","","True","True","","11","0","0","0","0x0200013B"
"RedSaw.CommandLineInterface","DebugInfo","RedSaw.CommandLineInterface.DebugInfo","class","public","System.Object","","False","False","","3","5","1","0","0x0200013C"
"RedSaw.CommandLineInterface","DebugObject","RedSaw.CommandLineInterface.DebugObject","class","public","RedSaw.CommandLineInterface.DebugInfo","","False","False","","1","1","0","0","0x0200013D"
"RedSaw.CommandLineInterface","DebugField","RedSaw.CommandLineInterface.DebugField","class","public","System.Object","","True","False","","9","9","4","0","0x0200013E"
"RedSaw.CommandLineInterface","DebugFieldOfFieldInfo","RedSaw.CommandLineInterface.DebugFieldOfFieldInfo","class","public","RedSaw.CommandLineInterface.DebugField","","False","False","","6","1","3","0","0x0200013F"
"RedSaw.CommandLineInterface","DebugFieldOfPropertyInfo","RedSaw.CommandLineInterface.DebugFieldOfPropertyInfo","class","public","RedSaw.CommandLineInterface.DebugField","","False","False","","6","1","3","0","0x02000140"
"RedSaw.CommandLineInterface","DebugButtonType","RedSaw.CommandLineInterface.DebugButtonType","enum","public","System.Enum","","False","True","","0","4","0","0","0x02000141"
"RedSaw.CommandLineInterface","DebugButton","RedSaw.CommandLineInterface.DebugButton","class","public","System.Object","","False","False","","3","6","0","0","0x02000142"
"RedSaw.CommandLineInterface.UnityImpl","GameConsole","RedSaw.CommandLineInterface.UnityImpl.GameConsole","class","public","UnityEngine.MonoBehaviour","","False","False","","24","16","2","0","0x02000143"
"","Settings","RedSaw.CommandLineInterface.UnityImpl.GameConsole/Settings","struct","public","System.ValueType","","False","True","RedSaw.CommandLineInterface.UnityImpl.GameConsole","1","6","0","0","0x02000E77"
"","Vector2Converter","RedSaw.CommandLineInterface.UnityImpl.GameConsole/Settings/Vector2Converter","class","public","Newtonsoft.Json.JsonConverter`1<UnityEngine.Vector2>","","False","False","RedSaw.CommandLineInterface.UnityImpl.GameConsole/Settings","3","0","0","0","0x02001299"
"","ColorConverter","RedSaw.CommandLineInterface.UnityImpl.GameConsole/Settings/ColorConverter","class","public","Newtonsoft.Json.JsonConverter`1<UnityEngine.Color>","","False","False","RedSaw.CommandLineInterface.UnityImpl.GameConsole/Settings","3","0","0","0","0x0200129A"
"RedSaw.CommandLineInterface.UnityImpl","GameConsoleAlternativeOptionsPanel","RedSaw.CommandLineInterface.UnityImpl.GameConsoleAlternativeOptionsPanel","class","public","UnityEngine.MonoBehaviour","","False","False","","4","4","1","0","0x02000144"
"RedSaw.CommandLineInterface.UnityImpl","GameConsoleClickable","RedSaw.CommandLineInterface.UnityImpl.GameConsoleClickable","class","public","UnityEngine.MonoBehaviour","UnityEngine.EventSystems.IPointerDownHandler | UnityEngine.EventSystems.IEventSystemHandler | UnityEngine.EventSystems.IPointerUpHandler | UnityEngine.EventSystems.IPointerEnterHandler | UnityEngine.EventSystems.IPointerExitHandler","True","False","","9","6","1","0","0x02000145"
"RedSaw.CommandLineInterface.UnityImpl","GameConsoleHeader","RedSaw.CommandLineInterface.UnityImpl.GameConsoleHeader","class","public","RedSaw.CommandLineInterface.UnityImpl.GameConsoleClickable","","False","False","","6","3","1","0","0x02000146"
"RedSaw.CommandLineInterface.UnityImpl","UserInput","RedSaw.CommandLineInterface.UnityImpl.UserInput","class","public","System.Object","RedSaw.CommandLineInterface.IConsoleInput","False","False","","8","0","7","0","0x02000147"
"RedSaw.CommandLineInterface.UnityImpl","GameConsoleRenderer","RedSaw.CommandLineInterface.UnityImpl.GameConsoleRenderer","class","public","UnityEngine.MonoBehaviour","RedSaw.CommandLineInterface.IConsoleRenderer","False","False","","31","7","9","0","0x02000148"
"","<DisableHighlight>d__32","RedSaw.CommandLineInterface.UnityImpl.GameConsoleRenderer/<DisableHighlight>d__32","class","private","System.Object","System.Collections.Generic.IEnumerator`1<System.Object> | System.Collections.IEnumerator | System.IDisposable","False","True","RedSaw.CommandLineInterface.UnityImpl.GameConsoleRenderer","6","4","2","0","0x02000E78"
"","<MoveToLast>d__35","RedSaw.CommandLineInterface.UnityImpl.GameConsoleRenderer/<MoveToLast>d__35","class","private","System.Object","System.Collections.Generic.IEnumerator`1<System.Object> | System.Collections.IEnumerator | System.IDisposable","False","True","RedSaw.CommandLineInterface.UnityImpl.GameConsoleRenderer","6","3","2","0","0x02000E79"
"","<>c__DisplayClass36_0","RedSaw.CommandLineInterface.UnityImpl.GameConsoleRenderer/<>c__DisplayClass36_0","class","private","System.Object","","False","True","RedSaw.CommandLineInterface.UnityImpl.GameConsoleRenderer","2","1","0","0","0x02000E7A"
"","<>c__DisplayClass37_0","RedSaw.CommandLineInterface.UnityImpl.GameConsoleRenderer/<>c__DisplayClass37_0","class","private","System.Object","","False","True","RedSaw.CommandLineInterface.UnityImpl.GameConsoleRenderer","2","1","0","0","0x02000E7B"
"RedSaw.CommandLineInterface.UnityImpl","GameConsoleSizeGrip","RedSaw.CommandLineInterface.UnityImpl.GameConsoleSizeGrip","class","public","RedSaw.CommandLineInterface.UnityImpl.GameConsoleClickable","","False","False","","4","5","0","0","0x02000149"
"RedSaw.CommandLineInterface.UnityImpl","UnityDispatcher","RedSaw.CommandLineInterface.UnityImpl.UnityDispatcher","class","public","UnityEngine.MonoBehaviour","","False","False","","5","1","0","0","0x0200014A"
"RedSaw.AI","ContextSteeringObstacle","RedSaw.AI.ContextSteeringObstacle","struct","public","System.ValueType","","False","True","","1","3","0","0","0x0200014B"
"RedSaw.AI","ContextSteering","RedSaw.AI.ContextSteering","struct","public","System.ValueType","","False","True","","4","4","1","0","0x0200014C"
"","<get_dangerVecs>d__5","RedSaw.AI.ContextSteering/<get_dangerVecs>d__5","class","private","System.Object","System.Collections.Generic.IEnumerable`1<UnityEngine.Vector2> | System.Collections.IEnumerable | System.Collections.Generic.IEnumerator`1<UnityEngine.Vector2> | System.Collections.IEnumerator | System.IDisposable","False","True","RedSaw.AI.ContextSteering","8","6","2","0","0x02000E7C"
"RedSaw.AI","ContextSteeringSystem","RedSaw.AI.ContextSteeringSystem","class","public","UnityEngine.MonoBehaviour","","False","False","","6","12","2","0","0x0200014D"
"RedSaw.AI","ContextSteeringSystemEx","RedSaw.AI.ContextSteeringSystemEx","class","public","System.Object","","False","False","","7","14","4","0","0x0200014E"
"RedSaw.AI","ContextSteeringSystemRuntime","RedSaw.AI.ContextSteeringSystemRuntime","class","public","System.Object","","False","False","","7","8","4","0","0x0200014F"
"RedSaw.AI","ContextSteeringUtils","RedSaw.AI.ContextSteeringUtils","static class","public","System.Object","","True","True","","3","0","0","0","0x02000150"
"RedSaw.AI","IPathFinder","RedSaw.AI.IPathFinder","interface","public","","","True","False","","2","1","0","0","0x02000151"
"","EmptyPathFinder","RedSaw.AI.IPathFinder/EmptyPathFinder","class","public","System.Object","RedSaw.AI.IPathFinder","False","False","RedSaw.AI.IPathFinder","2","0","0","0","0x02000E7D"
"RedSaw.AI","PathFinderHelper","RedSaw.AI.PathFinderHelper","static class","public","System.Object","","True","True","","1","2","0","0","0x02000152"
"RedSaw.AI","AStar","RedSaw.AI.AStar","class","public","RedSaw.AI.AStarBase","RedSaw.AI.IPathFinder","False","False","","5","2","0","0","0x02000153"
"RedSaw.AI","AStarGround","RedSaw.AI.AStarGround","class","public","RedSaw.AI.AStarBase","RedSaw.AI.IPathFinder","False","False","","5","2","0","0","0x02000154"
"RedSaw.AI","AStarGroundColumn","RedSaw.AI.AStarGroundColumn","class","public","RedSaw.AI.AStarBase","RedSaw.AI.IPathFinder","False","False","","6","5","0","0","0x02000155"
"RedSaw.AI","AStarRaw","RedSaw.AI.AStarRaw","class","public","System.Object","RedSaw.AI.IPathFinder","False","False","","7","8","0","0","0x02000156"
"","Node","RedSaw.AI.AStarRaw/Node","struct","public","System.ValueType","","False","True","RedSaw.AI.AStarRaw","1","3","0","0","0x02000E7E"
"","PriorityQueue","RedSaw.AI.AStarRaw/PriorityQueue","class","private","System.Object","","False","False","RedSaw.AI.AStarRaw","8","1","1","0","0x02000E7F"
"RedSaw.AI","AStarShuttle","RedSaw.AI.AStarShuttle","class","public","RedSaw.AI.AStarBase","RedSaw.AI.IPathFinder","False","False","","5","2","0","0","0x02000157"
"RedSaw.AI","AStarBase","RedSaw.AI.AStarBase","class","public","System.Object","","True","False","","9","5","1","0","0x02000158"
"","Node","RedSaw.AI.AStarBase/Node","struct","protected","System.ValueType","","False","True","RedSaw.AI.AStarBase","1","3","0","0","0x02000E80"
"","PriorityQueue","RedSaw.AI.AStarBase/PriorityQueue","class","protected","System.Object","","False","False","RedSaw.AI.AStarBase","8","1","1","0","0x02000E81"
"RedSaw.AI","ImpactGround","RedSaw.AI.ImpactGround","class","public","System.Object","RedSaw.AI.IPathFinder","False","False","","5","3","0","0","0x02000159"
"RedSaw.AI","ImpactGroundPlus","RedSaw.AI.ImpactGroundPlus","class","public","RedSaw.AI.AStarBase","RedSaw.AI.IPathFinder","False","False","","8","5","0","0","0x0200015A"
"RedSaw.AI","IPriorityQueue`1","RedSaw.AI.IPriorityQueue`1","interface","public","","","True","False","","4","0","1","0","0x0200015B"
"RedSaw.AI","RsPriorityQueue`1","RedSaw.AI.RsPriorityQueue`1","class","public","System.Object","RedSaw.AI.IPriorityQueue`1<T>","False","False","","8","2","2","0","0x0200015C"
"RedSaw.AI","JpsUtils","RedSaw.AI.JpsUtils","static class","public","System.Object","","True","True","","5","9","0","0","0x0200015D"
"RedSaw.AI","JpsNode","RedSaw.AI.JpsNode","class","public","System.Object","","False","False","","1","3","0","0","0x0200015E"
"RedSaw.AI","JpsDirection","RedSaw.AI.JpsDirection","class","public","System.Object","","False","False","","1","3","0","0","0x0200015F"
"RedSaw.AI","JpsBase","RedSaw.AI.JpsBase","class","public","System.Object","","True","False","","10","6","1","0","0x02000160"
"RedSaw.AI","Jps","RedSaw.AI.Jps","class","public","RedSaw.AI.JpsBase","","False","False","","9","0","0","0","0x02000161"
"RedSaw.AI","JpsL","RedSaw.AI.JpsL","class","public","RedSaw.AI.JpsBase","RedSaw.AI.IPathFinder","False","False","","7","0","0","0","0x02000162"
"RedSaw.AI","JpsLConstraint","RedSaw.AI.JpsLConstraint","class","public","RedSaw.AI.JpsL","","False","False","","3","1","0","0","0x02000163"
"RedSaw.AI","VoidPathFinder","RedSaw.AI.VoidPathFinder","class","public","System.Object","RedSaw.AI.IPathFinder","False","False","","6","0","0","0","0x02000164"
"RedSaw.AI","PathFinderUtils","RedSaw.AI.PathFinderUtils","static class","public","System.Object","","True","True","","10","3","1","0","0x02000165"
"","<>c__DisplayClass11_0","RedSaw.AI.PathFinderUtils/<>c__DisplayClass11_0","struct","private","System.ValueType","","False","True","RedSaw.AI.PathFinderUtils","0","1","0","0","0x02000E82"
"RedSaw.AI.LinearTask","DecisionMaker","RedSaw.AI.LinearTask.DecisionMaker","class","public","System.Object","","True","False","","24","9","3","5","0x02000166"
"RedSaw.AI.LinearTask","TaskStatus","RedSaw.AI.LinearTask.TaskStatus","enum","public","System.Enum","","False","True","","0","4","0","0","0x02000167"
"RedSaw.AI.LinearTask","LinearTask","RedSaw.AI.LinearTask.LinearTask","class","public","System.Object","","True","False","","35","5","9","0","0x02000168"
"","<get_AllMissionsFollowed>d__25","RedSaw.AI.LinearTask.LinearTask/<get_AllMissionsFollowed>d__25","class","private","System.Object","System.Collections.Generic.IEnumerable`1<RedSaw.AI.LinearTask.LinearTask> | System.Collections.IEnumerable | System.Collections.Generic.IEnumerator`1<RedSaw.AI.LinearTask.LinearTask> | System.Collections.IEnumerator | System.IDisposable","False","True","RedSaw.AI.LinearTask.LinearTask","8","5","2","0","0x02000E83"
"RedSaw.AI.LinearTask","LinearTaskEmpty","RedSaw.AI.LinearTask.LinearTaskEmpty","class","public","RedSaw.AI.LinearTask.LinearTask","","False","False","","3","0","1","0","0x02000169"
"RedSaw.AI.LinearTask","LinearTaskDelegate","RedSaw.AI.LinearTask.LinearTaskDelegate","class","public","RedSaw.AI.LinearTask.LinearTask","","False","False","","2","1","0","0","0x0200016A"
"RedSaw.AI.LinearTask","LinearTaskWait","RedSaw.AI.LinearTask.LinearTaskWait","class","public","RedSaw.AI.LinearTask.LinearTask","","False","False","","3","3","1","0","0x0200016B"
"RedSaw.AI.LinearTask","LinearTaskWaitInt","RedSaw.AI.LinearTask.LinearTaskWaitInt","class","public","RedSaw.AI.LinearTask.LinearTask","","False","False","","2","2","0","0","0x0200016C"
"RedSaw.AI.LinearTask","LinearTaskBreaker","RedSaw.AI.LinearTask.LinearTaskBreaker","class","public","System.Object","","True","False","","5","2","1","0","0x0200016D"
"RedSaw.AI.LinearTask","LinearTaskBreakerEmpty","RedSaw.AI.LinearTask.LinearTaskBreakerEmpty","class","public","RedSaw.AI.LinearTask.LinearTaskBreaker","","False","False","","2","0","1","0","0x0200016E"
"RedSaw.AI.LinearTask","LinearTaskBreakerDelegate","RedSaw.AI.LinearTask.LinearTaskBreakerDelegate","class","public","RedSaw.AI.LinearTask.LinearTaskBreaker","","False","False","","2","1","1","0","0x0200016F"
"RedSaw.AI.StateMachine","State","RedSaw.AI.StateMachine.State","class","public","System.Object","","True","False","","7","1","0","0","0x02000170"
"RedSaw.AI.StateMachine","StateAttribute","RedSaw.AI.StateMachine.StateAttribute","class","public","System.Attribute","","False","False","","1","2","0","0","0x02000171"
"RedSaw.AI.StateMachine","StateMachine","RedSaw.AI.StateMachine.StateMachine","class","public","System.Object","","False","False","","10","3","1","0","0x02000172"
"RedSaw.Physical","PhysicalObject2D","RedSaw.Physical.PhysicalObject2D","class","public","UnityEngine.MonoBehaviour","","False","False","","2","1","0","0","0x02000173"
"RedSaw.Physical","PhysicalUtils","RedSaw.Physical.PhysicalUtils","static class","public","System.Object","","True","True","","3","0","0","0","0x02000174"
"","<>c","RedSaw.Physical.PhysicalUtils/<>c","class","private","System.Object","","False","True","RedSaw.Physical.PhysicalUtils","3","2","0","0","0x02000E84"
"RedSaw.Physical","SimpleSimulator","RedSaw.Physical.SimpleSimulator","struct","public","System.ValueType","","False","True","","5","3","1","0","0x02000175"
"RedSaw.Physical","PhysicalSimulator","RedSaw.Physical.PhysicalSimulator","struct","public","System.ValueType","","False","True","","6","4","0","0","0x02000176"
"RedSaw.Physical","BounceSimulator","RedSaw.Physical.BounceSimulator","struct","public","System.ValueType","","False","True","","4","11","1","0","0x02000177"
"RedSaw.Physical","Rope2D","RedSaw.Physical.Rope2D","class","public","System.Object","","False","False","","18","6","8","0","0x02000178"
"","RopePoint","RedSaw.Physical.Rope2D/RopePoint","class","private","System.Object","","False","False","RedSaw.Physical.Rope2D","5","2","1","0","0x02000E85"
"","<>c","RedSaw.Physical.Rope2D/<>c","class","private","System.Object","","False","True","RedSaw.Physical.Rope2D","3","2","0","0","0x02000E86"
"RedSaw.Physical","Rope2DSimple","RedSaw.Physical.Rope2DSimple","class","public","System.Object","","False","False","","1","3","0","0","0x02000179"
"RedSaw.Physical","ISteeringParamsProvider","RedSaw.Physical.ISteeringParamsProvider","interface","public","","","True","False","","3","0","3","0","0x0200017A"
"RedSaw.Physical","SteeringDebug","RedSaw.Physical.SteeringDebug","struct","public","System.ValueType","","False","True","","4","2","0","0","0x0200017B"
"RedSaw.Physical","Steering","RedSaw.Physical.Steering","struct","public","System.ValueType","","False","True","","4","6","0","0","0x0200017C"
"RedSaw.Physical","Water2D","RedSaw.Physical.Water2D","class","public","System.Object","","False","False","","10","6","1","0","0x0200017D"
"","WaterSpring","RedSaw.Physical.Water2D/WaterSpring","class","private","System.Object","","False","False","RedSaw.Physical.Water2D","6","4","1","0","0x02000E87"
"","<>c","RedSaw.Physical.Water2D/<>c","class","private","System.Object","","False","True","RedSaw.Physical.Water2D","3","2","0","0","0x02000E88"
"RedSaw.Physical","FloatingModel2D","RedSaw.Physical.FloatingModel2D","class","public","System.Object","","False","False","","3","4","0","0","0x0200017E"
"DolocTown","AnimatorAsset","DolocTown.AnimatorAsset","class","public","DolocTown.AssetBase`1<UnityEngine.RuntimeAnimatorController>","","False","False","","2","0","0","0","0x0200017F"
"DolocTown","AssetArrayBase`2","DolocTown.AssetArrayBase`2","class","public","System.Object","","True","False","","6","3","2","0","0x02000180"
"DolocTown","AssetBase`1","DolocTown.AssetBase`1","class","public","System.Object","","True","False","","6","3","2","0","0x02000181"
"DolocTown","EffectGroupAsset","DolocTown.EffectGroupAsset","class","public","DolocTown.AssetBase`1<DolocTown.GameData.EffectsConfigSO>","","False","False","","2","0","0","0","0x02000182"
"DolocTown","FontAsset","DolocTown.FontAsset","class","public","DolocTown.AssetBase`1<UnityEngine.Font>","","False","False","","2","0","0","0","0x02000183"
"DolocTown","MaterialAsset","DolocTown.MaterialAsset","class","public","DolocTown.AssetBase`1<UnityEngine.Material>","","False","False","","2","0","0","0","0x02000184"
"DolocTown","NpcScheduleAsset","DolocTown.NpcScheduleAsset","class","public","DolocTown.AssetBase`1<DolocTown.NodeCanvas.NpcScheduleGraph>","","False","False","","2","0","0","0","0x02000185"
"DolocTown","PrefabAsset","DolocTown.PrefabAsset","class","public","DolocTown.AssetBase`1<UnityEngine.GameObject>","","False","False","","2","0","0","0","0x02000186"
"DolocTown","ShaderAsset","DolocTown.ShaderAsset","class","public","DolocTown.AssetBase`1<UnityEngine.Shader>","","False","False","","2","0","0","0","0x02000187"
"DolocTown","SpriteAsset","DolocTown.SpriteAsset","class","public","DolocTown.AssetBase`1<UnityEngine.Sprite>","","False","False","","4","0","1","0","0x02000188"
"DolocTown","SpriteAssetArray","DolocTown.SpriteAssetArray","class","public","DolocTown.AssetArrayBase`2<DolocTown.SpriteAsset,UnityEngine.Sprite>","","False","False","","2","0","0","0","0x02000189"
"","<>c","DolocTown.SpriteAssetArray/<>c","class","private","System.Object","","False","True","DolocTown.SpriteAssetArray","4","3","0","0","0x02000E89"
"DolocTown","SwitchScheduleAsset","DolocTown.SwitchScheduleAsset","class","public","DolocTown.AssetBase`1<DolocTown.NodeCanvas.SwitchScheduleGraph>","","False","False","","2","0","0","0","0x0200018A"
"DolocTown","Texture2DAsset","DolocTown.Texture2DAsset","class","public","DolocTown.AssetBase`1<UnityEngine.Texture2D>","","False","False","","2","0","0","0","0x0200018B"
"DolocTown","TileAsset","DolocTown.TileAsset","class","public","DolocTown.AssetBase`1<UnityEngine.Tilemaps.Tile>","","False","False","","2","0","0","0","0x0200018C"
"DolocTown","TileAssetArray","DolocTown.TileAssetArray","class","public","DolocTown.AssetArrayBase`2<DolocTown.TileAsset,UnityEngine.Tilemaps.Tile>","","False","False","","2","0","0","0","0x0200018D"
"","<>c","DolocTown.TileAssetArray/<>c","class","private","System.Object","","False","True","DolocTown.TileAssetArray","4","3","0","0","0x02000E8A"
"DolocTown","TmpFontAsset","DolocTown.TmpFontAsset","class","public","DolocTown.AssetBase`1<TMPro.TMP_FontAsset>","","False","False","","2","0","0","0","0x0200018E"
"DolocTown","AroundPositionsFinder","DolocTown.AroundPositionsFinder","class","public","UnityEngine.MonoBehaviour","","False","False","","3","2","0","0","0x0200018F"
"DolocTown","CloudShadowDebugger","DolocTown.CloudShadowDebugger","class","public","UnityEngine.MonoBehaviour","","False","False","","4","0","0","0","0x02000190"
"DolocTown","CopyUpdateLogTest","DolocTown.CopyUpdateLogTest","class","public","UnityEngine.MonoBehaviour","","False","False","","9","0","3","0","0x02000191"
"","<get_LogFiles>d__3","DolocTown.CopyUpdateLogTest/<get_LogFiles>d__3","class","private","System.Object","System.Collections.Generic.IEnumerable`1<System.String> | System.Collections.IEnumerable | System.Collections.Generic.IEnumerator`1<System.String> | System.Collections.IEnumerator | System.IDisposable","False","True","DolocTown.CopyUpdateLogTest","8","5","2","0","0x02000E8B"
"","<>c","DolocTown.CopyUpdateLogTest/<>c","class","private","System.Object","","False","True","DolocTown.CopyUpdateLogTest","4","3","0","0","0x02000E8C"
"","<get_TotalUnhandledLogs>d__6","DolocTown.CopyUpdateLogTest/<get_TotalUnhandledLogs>d__6","class","private","System.Object","System.Collections.Generic.IEnumerable`1<System.String> | System.Collections.IEnumerable | System.Collections.Generic.IEnumerator`1<System.String> | System.Collections.IEnumerator | System.IDisposable","False","True","DolocTown.CopyUpdateLogTest","10","6","2","0","0x02000E8D"
"DolocTown","DebugCrops","DolocTown.DebugCrops","class","public","UnityEngine.MonoBehaviour","","False","False","","4","7","1","0","0x02000192"
"","<>c","DolocTown.DebugCrops/<>c","class","private","System.Object","","False","True","DolocTown.DebugCrops","3","2","0","0","0x02000E8E"
"DolocTown","GravityCurveTest","DolocTown.GravityCurveTest","class","public","UnityEngine.MonoBehaviour","","False","False","","4","4","0","0","0x02000193"
"DolocTown","MissionDebugger","DolocTown.MissionDebugger","static class","public","System.Object","","True","True","","3","0","0","0","0x02000194"
"DolocTown","BezierCurveParabolic","DolocTown.BezierCurveParabolic","struct","public","System.ValueType","","False","True","","4","4","0","0","0x02000195"
"DolocTown","PhysicalTest","DolocTown.PhysicalTest","class","public","UnityEngine.MonoBehaviour","","False","False","","4","6","0","0","0x02000196"
"","<>c__DisplayClass8_0","DolocTown.PhysicalTest/<>c__DisplayClass8_0","class","private","System.Object","","False","True","DolocTown.PhysicalTest","5","4","0","0","0x02000E8F"
"DolocTown","RTWriter","DolocTown.RTWriter","class","public","UnityEngine.MonoBehaviour","","False","False","","2","3","0","0","0x02000197"
"DolocTown","ScreenCaptureTest","DolocTown.ScreenCaptureTest","class","public","UnityEngine.MonoBehaviour","","False","False","","3","2","0","0","0x02000198"
"DolocTown","DolocObject","DolocTown.DolocObject","class","public","UnityEngine.MonoBehaviour","","False","False","","15","1","6","0","0x02000199"
"DolocTown","DolocRecyclableObject","DolocTown.DolocRecyclableObject","class","public","DolocTown.DolocObject","RedSaw.IRecyclable","False","False","","4","0","0","0","0x0200019A"
"DolocTown","IInteractable","DolocTown.IInteractable","interface","public","","","True","False","","7","0","4","0","0x0200019B"
"DolocTown","IGate","DolocTown.IGate","interface","public","","","True","False","","9","0","5","0","0x0200019C"
"DolocTown","TransitionMode","DolocTown.TransitionMode","enum","public","System.Enum","","False","True","","0","4","0","0","0x0200019D"
"DolocTown","DolocFSM`1","DolocTown.DolocFSM`1","class","public","System.Object","","False","False","","11","4","3","0","0x0200019E"
"DolocTown","EmptyFSMState","DolocTown.EmptyFSMState","class","public","System.Object","DolocTown.IState","False","False","","4","0","0","0","0x0200019F"
"DolocTown","IState","DolocTown.IState","interface","public","","","True","False","","3","0","0","0","0x020001A0"
"DolocTown","CameraUtils","DolocTown.CameraUtils","static class","public","System.Object","","True","True","","1","0","0","0","0x020001A1"
"","<>c__DisplayClass0_0","DolocTown.CameraUtils/<>c__DisplayClass0_0","class","private","System.Object","","False","True","DolocTown.CameraUtils","5","3","0","0","0x02000E90"
"DolocTown","GlobalInteractableObjectManager","DolocTown.GlobalInteractableObjectManager","class","public","System.Object","","False","False","","17","3","2","0","0x020001A2"
"","<>c","DolocTown.GlobalInteractableObjectManager/<>c","class","private","System.Object","","False","True","DolocTown.GlobalInteractableObjectManager","4","3","0","0","0x02000E91"
"DolocTown","CalendarManager","DolocTown.CalendarManager","class","public","System.Object","","False","False","","11","2","0","0","0x020001A3"
"","<>c","DolocTown.CalendarManager/<>c","class","private","System.Object","","False","True","DolocTown.CalendarManager","4","3","0","0","0x02000E92"
"DolocTown","CityRoom","DolocTown.CityRoom","class","public","DolocTown.Room","","False","False","","7","1","4","0","0x020001A4"
"DolocTown","Gate","DolocTown.Gate","class","public","DolocTown.Portal","DolocTown.IGate","False","False","","20","7","13","0","0x020001A5"
"","<>c__DisplayClass33_0","DolocTown.Gate/<>c__DisplayClass33_0","class","private","System.Object","","False","True","DolocTown.Gate","2","2","0","0","0x02000E93"
"DolocTown","TouchIndicator","DolocTown.TouchIndicator","class","public","DolocTown.InteractableObject","","False","False","","4","4","0","0","0x020001A6"
"DolocTown","GateManager","DolocTown.GateManager","class","public","System.Object","","False","False","","5","1","1","0","0x020001A7"
"DolocTown","InWalkableArea","DolocTown.InWalkableArea","class","public","UnityEngine.MonoBehaviour","","False","False","","2","2","1","0","0x020001A8"
"DolocTown","PathActionType","DolocTown.PathActionType","enum","public","System.Enum","","False","True","","0","3","0","0","0x020001A9"
"DolocTown","PathAction","DolocTown.PathAction","class","public","System.Object","","True","False","","4","0","1","0","0x020001AA"
"DolocTown","PathActionMove","DolocTown.PathActionMove","class","public","DolocTown.PathAction","","False","False","","2","1","1","0","0x020001AB"
"DolocTown","PathActionTeleport","DolocTown.PathActionTeleport","class","public","DolocTown.PathAction","","False","False","","2","2","1","0","0x020001AC"
"DolocTown","Portal","DolocTown.Portal","class","public","DolocTown.DolocRecyclableObject","","False","False","","2","4","0","0","0x020001AD"
"DolocTown","SuburbRoom","DolocTown.SuburbRoom","class","public","DolocTown.CityRoom","","False","False","","2","0","0","0","0x020001AE"
"DolocTown","DialogueData","DolocTown.DialogueData","class","public","System.Object","","False","False","","16","4","7","0","0x020001AF"
"DolocTown","DefaultDialogueTarget","DolocTown.DefaultDialogueTarget","class","public","System.Object","DolocTown.IDialogueEntity","False","False","","19","0","6","0","0x020001B0"
"","<PlayAnimationAsync>d__17","DolocTown.DefaultDialogueTarget/<PlayAnimationAsync>d__17","struct","private","System.ValueType","System.Runtime.CompilerServices.IAsyncStateMachine","False","True","DolocTown.DefaultDialogueTarget","2","3","0","0","0x02000E94"
"","<WalkTo>d__18","DolocTown.DefaultDialogueTarget/<WalkTo>d__18","struct","private","System.ValueType","System.Runtime.CompilerServices.IAsyncStateMachine","False","True","DolocTown.DefaultDialogueTarget","2","3","0","0","0x02000E95"
"DolocTown","NoneDialogueTarget","DolocTown.NoneDialogueTarget","class","public","System.Object","DolocTown.IDialogueEntity","False","False","","19","0","6","0","0x020001B1"
"","<PlayAnimationAsync>d__17","DolocTown.NoneDialogueTarget/<PlayAnimationAsync>d__17","struct","private","System.ValueType","System.Runtime.CompilerServices.IAsyncStateMachine","False","True","DolocTown.NoneDialogueTarget","2","3","0","0","0x02000E96"
"","<WalkTo>d__18","DolocTown.NoneDialogueTarget/<WalkTo>d__18","struct","private","System.ValueType","System.Runtime.CompilerServices.IAsyncStateMachine","False","True","DolocTown.NoneDialogueTarget","2","3","0","0","0x02000E97"
"DolocTown","DialogueNodeData","DolocTown.DialogueNodeData","struct","public","System.ValueType","","False","True","","1","2","0","0","0x020001B2"
"DolocTown","DialogueManager","DolocTown.DialogueManager","class","public","System.Object","","False","False","","55","10","14","0","0x020001B3"
"","<>c__DisplayClass34_0","DolocTown.DialogueManager/<>c__DisplayClass34_0","class","private","System.Object","","False","True","DolocTown.DialogueManager","3","1","0","0","0x02000E98"
"","<>c","DolocTown.DialogueManager/<>c","class","private","System.Object","","False","True","DolocTown.DialogueManager","6","5","0","0","0x02000E99"
"DolocTown","DialoguePlayer","DolocTown.DialoguePlayer","class","public","System.Object","","False","False","","27","14","2","0","0x020001B4"
"","NpcCache","DolocTown.DialoguePlayer/NpcCache","struct","private","System.ValueType","","False","True","DolocTown.DialoguePlayer","4","3","2","0","0x02000E9A"
"","<>c__DisplayClass30_0","DolocTown.DialoguePlayer/<>c__DisplayClass30_0","class","private","System.Object","","False","True","DolocTown.DialoguePlayer","2","2","0","0","0x02000E9B"
"","<>c","DolocTown.DialoguePlayer/<>c","class","private","System.Object","","False","True","DolocTown.DialoguePlayer","3","2","0","0","0x02000E9C"
"","<>c__DisplayClass33_0","DolocTown.DialoguePlayer/<>c__DisplayClass33_0","class","private","System.Object","","False","True","DolocTown.DialoguePlayer","2","1","0","0","0x02000E9D"
"DolocTown","DialogueRunner","DolocTown.DialogueRunner","class","public","System.Object","","False","False","","46","21","14","0","0x020001B5"
"","<StartAsyncTask>d__67","DolocTown.DialogueRunner/<StartAsyncTask>d__67","struct","private","System.ValueType","System.Runtime.CompilerServices.IAsyncStateMachine","False","True","DolocTown.DialogueRunner","2","7","0","0","0x02000E9E"
"","<>c__DisplayClass79_0","DolocTown.DialogueRunner/<>c__DisplayClass79_0","class","private","System.Object","","False","True","DolocTown.DialogueRunner","2","1","0","0","0x02000E9F"
"DolocTown","DialogueUtils","DolocTown.DialogueUtils","static class","public","System.Object","","True","True","","1","0","0","0","0x020001B6"
"DolocTown","RichTextMarkup","DolocTown.RichTextMarkup","struct","public","System.ValueType","","False","True","","1","3","0","0","0x020001B7"
"DolocTown","DialogueVariableStorage","DolocTown.DialogueVariableStorage","class","public","System.Object","Yarn.IVariableStorage","False","False","","13","2","0","0","0x020001B8"
"DolocTown","CutSceneState","DolocTown.CutSceneState","class","public","DolocTownGameStateBase","","False","False","","14","7","5","0","0x020001B9"
"","<PlayTask>d__16","DolocTown.CutSceneState/<PlayTask>d__16","struct","private","System.ValueType","System.Runtime.CompilerServices.IAsyncStateMachine","False","True","DolocTown.CutSceneState","2","10","0","0","0x02000EA0"
"","<>c__DisplayClass23_0","DolocTown.CutSceneState/<>c__DisplayClass23_0","class","private","System.Object","","False","True","DolocTown.CutSceneState","4","3","0","0","0x02000EA1"
"DolocTown","DialogueState","DolocTown.DialogueState","class","public","DolocTownGameStateBase","","False","False","","42","17","5","0","0x020001BA"
"","<>c__DisplayClass21_0","DolocTown.DialogueState/<>c__DisplayClass21_0","class","private","System.Object","","False","True","DolocTown.DialogueState","4","4","0","0","0x02000EA2"
"","<>c__DisplayClass22_0","DolocTown.DialogueState/<>c__DisplayClass22_0","class","private","System.Object","","False","True","DolocTown.DialogueState","4","4","0","0","0x02000EA3"
"","<>c__DisplayClass26_0","DolocTown.DialogueState/<>c__DisplayClass26_0","class","private","System.Object","","False","True","DolocTown.DialogueState","2","2","0","0","0x02000EA4"
"","<>c__DisplayClass27_0","DolocTown.DialogueState/<>c__DisplayClass27_0","class","private","System.Object","","False","True","DolocTown.DialogueState","2","2","0","0","0x02000EA5"
"","<>c__DisplayClass31_0","DolocTown.DialogueState/<>c__DisplayClass31_0","class","private","System.Object","","False","True","DolocTown.DialogueState","2","2","0","0","0x02000EA6"
"","<>c","DolocTown.DialogueState/<>c","class","private","System.Object","","False","True","DolocTown.DialogueState","5","4","0","0","0x02000EA7"
"","<>c__DisplayClass55_0","DolocTown.DialogueState/<>c__DisplayClass55_0","struct","private","System.ValueType","","False","True","DolocTown.DialogueState","0","8","0","0","0x02000EA8"
"","<AdjustAgentPosition>d__55","DolocTown.DialogueState/<AdjustAgentPosition>d__55","struct","private","System.ValueType","System.Runtime.CompilerServices.IAsyncStateMachine","False","True","DolocTown.DialogueState","2","8","0","0","0x02000EA9"
"","<WaitToDisableAgent>d__56","DolocTown.DialogueState/<WaitToDisableAgent>d__56","struct","private","System.ValueType","System.Runtime.CompilerServices.IAsyncStateMachine","False","True","DolocTown.DialogueState","2","5","0","0","0x02000EAA"
"DolocTown","DialogueExtension","DolocTown.DialogueExtension","static class","public","System.Object","","True","True","","0","0","0","0","0x020001BB"
"DolocTown","DialogueOption","DolocTown.DialogueOption","class","public","Yarn.Unity.DialogueOption","","False","False","","1","1","0","0","0x020001BC"
"DolocTown","LocalizedLine","DolocTown.LocalizedLine","class","public","Yarn.Unity.LocalizedLine","","False","False","","3","0","2","0","0x020001BD"
"DolocTown","DialogueBlockHistoryData","DolocTown.DialogueBlockHistoryData","class","public","System.Object","","False","False","","2","2","1","0","0x020001BE"
"DolocTown","DialogueHistoryManager","DolocTown.DialogueHistoryManager","class","public","System.Object","","False","False","","10","1","3","0","0x020001BF"
"DolocTown","DialogueHistoryType","DolocTown.DialogueHistoryType","enum","public","System.Enum","","False","True","","0","3","0","0","0x020001C0"
"DolocTown","DialogueLineHistoryData","DolocTown.DialogueLineHistoryData","class","public","System.Object","","False","False","","1","5","0","0","0x020001C1"
"DolocTown","IDialogueEntity","DolocTown.IDialogueEntity","interface","public","","","True","False","","18","0","6","0","0x020001C2"
"DolocTown","IDialogueLineView","DolocTown.IDialogueLineView","interface","public","","DolocTown.UI.IView","True","False","","9","0","3","0","0x020001C3"
"DolocTown","IDialogueOptionView","DolocTown.IDialogueOptionView","interface","public","","DolocTown.UI.IView","True","False","","9","0","2","0","0x020001C4"
"DolocTown","TextLineProvider","DolocTown.TextLineProvider","class","public","System.Object","","False","False","","6","2","2","0","0x020001C5"
"DolocTown","CharacterDocumentManager","DolocTown.CharacterDocumentManager","class","public","System.Object","","False","False","","6","1","1","0","0x020001C6"
"DolocTown","ChipDocumentManager","DolocTown.ChipDocumentManager","class","public","System.Object","","False","False","","23","7","8","0","0x020001C7"
"DolocTown","DocumentManager","DolocTown.DocumentManager","class","public","System.Object","","False","False","","15","8","6","0","0x020001C8"
"DolocTown","FishDocumentManager","DolocTown.FishDocumentManager","class","public","System.Object","","False","False","","4","0","1","0","0x020001C9"
"DolocTown","PlantDocumentManager","DolocTown.PlantDocumentManager","class","public","System.Object","","False","False","","14","6","5","0","0x020001CA"
"DolocTown","EmailAttachBase","DolocTown.EmailAttachBase","class","public","System.Object","","True","False","","5","0","2","0","0x020001CB"
"DolocTown","EmailAttachMission","DolocTown.EmailAttachMission","class","public","DolocTown.EmailAttachBase","","False","False","","8","3","3","0","0x020001CC"
"DolocTown","EmailAttachNone","DolocTown.EmailAttachNone","class","public","DolocTown.EmailAttachBase","","False","False","","6","0","2","0","0x020001CD"
"DolocTown","EmailAttachReward","DolocTown.EmailAttachReward","class","public","DolocTown.EmailAttachBase","","False","False","","12","2","6","0","0x020001CE"
"DolocTown","Email","DolocTown.Email","class","public","System.Object","","False","False","","24","6","14","0","0x020001CF"
"DolocTown","EmailManager","DolocTown.EmailManager","class","public","System.Object","","False","False","","13","1","1","0","0x020001D0"
"","<>c","DolocTown.EmailManager/<>c","class","private","System.Object","","False","True","DolocTown.EmailManager","4","3","0","0","0x02000EAB"
"","<>c__DisplayClass6_0","DolocTown.EmailManager/<>c__DisplayClass6_0","class","private","System.Object","","False","True","DolocTown.EmailManager","2","1","0","0","0x02000EAC"
"","<>c__DisplayClass7_0","DolocTown.EmailManager/<>c__DisplayClass7_0","class","private","System.Object","","False","True","DolocTown.EmailManager","2","1","0","0","0x02000EAD"
"","<>c__DisplayClass14_0","DolocTown.EmailManager/<>c__DisplayClass14_0","class","private","System.Object","","False","True","DolocTown.EmailManager","2","1","0","0","0x02000EAE"
"DolocTown","EmotionManager","DolocTown.EmotionManager","class","public","System.Object","","False","False","","8","4","1","0","0x020001D1"
"DolocTown","EmotionPositionControl","DolocTown.EmotionPositionControl","class","public","UnityEngine.MonoBehaviour","","False","False","","8","3","3","0","0x020001D2"
"DolocTown","EmotionRenderer","DolocTown.EmotionRenderer","class","public","DolocTown.GameEntity","","False","False","","13","10","2","0","0x020001D3"
"","<__wait>d__23","DolocTown.EmotionRenderer/<__wait>d__23","class","private","System.Object","System.Collections.Generic.IEnumerator`1<System.Object> | System.Collections.IEnumerator | System.IDisposable","False","True","DolocTown.EmotionRenderer","6","3","2","0","0x02000EAF"
"DolocTown","TreatyPortFaction","DolocTown.TreatyPortFaction","class","public","System.Object","","False","False","","18","5","10","0","0x020001D4"
"DolocTown","TreatyPortFactionManager","DolocTown.TreatyPortFactionManager","class","public","System.Object","","False","False","","19","3","3","0","0x020001D5"
"","<>c","DolocTown.TreatyPortFactionManager/<>c","class","private","System.Object","","False","True","DolocTown.TreatyPortFactionManager","4","3","0","0","0x02000EB0"
"DolocTown","FactionItem","DolocTown.FactionItem","class","public","System.Object","","False","False","","6","3","3","0","0x020001D6"
"DolocTown","FactionMission","DolocTown.FactionMission","class","public","System.Object","","False","False","","20","4","9","0","0x020001D7"
"","<>c","DolocTown.FactionMission/<>c","class","private","System.Object","","False","True","DolocTown.FactionMission","3","2","0","0","0x02000EB1"
"DolocTown","FactionMissionManager","DolocTown.FactionMissionManager","class","public","System.Object","","False","False","","16","1","2","0","0x020001D8"
"","<>c","DolocTown.FactionMissionManager/<>c","class","private","System.Object","","False","True","DolocTown.FactionMissionManager","5","4","0","0","0x02000EB2"
"","<>c__DisplayClass16_0","DolocTown.FactionMissionManager/<>c__DisplayClass16_0","class","private","System.Object","","False","True","DolocTown.FactionMissionManager","2","1","0","0","0x02000EB3"
"DolocTown","Liking","DolocTown.Liking","class","public","System.Object","","False","False","","2","6","1","0","0x020001D9"
"DolocTown","LikingManager","DolocTown.LikingManager","class","public","System.Object","","False","False","","19","2","2","0","0x020001DA"
"","<>c","DolocTown.LikingManager/<>c","class","private","System.Object","","False","True","DolocTown.LikingManager","3","2","0","0","0x02000EB4"
"DolocTown","BoardMission","DolocTown.BoardMission","class","public","System.Object","","False","False","","13","3","10","0","0x020001DB"
"DolocTown","BoardMissionMessage","DolocTown.BoardMissionMessage","class","public","System.Object","DolocTown.IMissionManagerComponent","False","False","","5","0","0","0","0x020001DC"
"","<>c__DisplayClass1_0","DolocTown.BoardMissionMessage/<>c__DisplayClass1_0","class","private","System.Object","","False","True","DolocTown.BoardMissionMessage","2","1","0","0","0x02000EB5"
"DolocTown","BoardMissionManager","DolocTown.BoardMissionManager","class","public","System.Object","","False","False","","30","5","9","0","0x020001DD"
"","<>c","DolocTown.BoardMissionManager/<>c","class","private","System.Object","","False","True","DolocTown.BoardMissionManager","4","3","0","0","0x02000EB6"
"","<>c__DisplayClass40_0","DolocTown.BoardMissionManager/<>c__DisplayClass40_0","class","private","System.Object","","False","True","DolocTown.BoardMissionManager","3","2","0","0","0x02000EB7"
"","<>c__DisplayClass41_0","DolocTown.BoardMissionManager/<>c__DisplayClass41_0","class","private","System.Object","","False","True","DolocTown.BoardMissionManager","3","2","0","0","0x02000EB8"
"","<>c__DisplayClass42_0","DolocTown.BoardMissionManager/<>c__DisplayClass42_0","class","private","System.Object","","False","True","DolocTown.BoardMissionManager","2","1","0","0","0x02000EB9"
"DolocTown","GameEventRecorderManager","DolocTown.GameEventRecorderManager","class","public","System.Object","","False","False","","15","1","0","0","0x020001DE"
"DolocTown","GameEventRecorder","DolocTown.GameEventRecorder","class","public","System.Object","","False","False","","5","1","1","0","0x020001DF"
"DolocTown","GameEventRecorderBool","DolocTown.GameEventRecorderBool","class","public","DolocTown.GameEventRecorder","","False","False","","5","1","0","0","0x020001E0"
"DolocTown","GameEventRecorderInt","DolocTown.GameEventRecorderInt","class","public","DolocTown.GameEventRecorder","","False","False","","11","2","2","0","0x020001E1"
"DolocTown","GameEventRecorderString","DolocTown.GameEventRecorderString","class","public","DolocTown.GameEventRecorder","","False","False","","8","1","1","0","0x020001E2"
"DolocTown","IMissionManagerComponent","DolocTown.IMissionManagerComponent","interface","public","","","True","False","","4","0","0","0","0x020001E3"
"DolocTown","MissionChainHandle","DolocTown.MissionChainHandle","class","public","System.Object","","False","False","","28","3","5","0","0x020001E4"
"","<>c__DisplayClass19_0","DolocTown.MissionChainHandle/<>c__DisplayClass19_0","class","private","System.Object","","False","True","DolocTown.MissionChainHandle","2","1","0","0","0x02000EBA"
"DolocTown","MissionChainInfo","DolocTown.MissionChainInfo","class","public","System.Object","","False","False","","3","1","0","0","0x020001E5"
"DolocTown","MissionChainManager","DolocTown.MissionChainManager","class","public","System.Object","","False","False","","20","6","2","0","0x020001E6"
"","<>c","DolocTown.MissionChainManager/<>c","class","private","System.Object","","False","True","DolocTown.MissionChainManager","3","2","0","0","0x02000EBB"
"DolocTown","MissionGraphPatch","DolocTown.MissionGraphPatch","static class","public","System.Object","","True","True","","5","0","0","0","0x020001E7"
"DolocTown","IMission","DolocTown.IMission","interface","public","","","True","False","","27","0","21","0","0x020001E8"
"DolocTown","Mission","DolocTown.Mission","class","public","System.Object","DolocTown.IMission","False","False","","25","6","18","0","0x020001E9"
"DolocTown","MissionDecorator","DolocTown.MissionDecorator","class","public","DolocTown.Mission","","False","False","","5","1","3","0","0x020001EA"
"DolocTown","MissionWithBoard","DolocTown.MissionWithBoard","class","public","System.Object","DolocTown.IMission","False","False","","28","5","21","0","0x020001EB"
"DolocTown","MissionManager","DolocTown.MissionManager","class","public","System.Object","","False","False","","35","7","4","0","0x020001EC"
"","<>c","DolocTown.MissionManager/<>c","class","private","System.Object","","False","True","DolocTown.MissionManager","6","5","0","0","0x02000EBC"
"DolocTown","MissionCollectionRecorder","DolocTown.MissionCollectionRecorder","class","public","System.Object","DolocTown.IMissionManagerComponent","False","False","","5","0","0","0","0x020001ED"
"DolocTown","MissionDebugLogs","DolocTown.MissionDebugLogs","class","public","System.Object","DolocTown.IMissionManagerComponent","False","False","","5","0","0","0","0x020001EE"
"DolocTown","NpcTaskRenderController","DolocTown.NpcTaskRenderController","class","public","System.Object","","False","False","","11","3","1","0","0x020001EF"
"DolocTown","NpcTaskRenderControllerAttribute","DolocTown.NpcTaskRenderControllerAttribute","class","public","System.Attribute","","False","False","","1","1","0","0","0x020001F0"
"DolocTown","NpcTaskRenderControllerExtensions","DolocTown.NpcTaskRenderControllerExtensions","static class","public","System.Object","","True","True","","3","1","0","0","0x020001F1"
"DolocTown","NpcTaskRenderController_Lightman","DolocTown.NpcTaskRenderController_Lightman","class","public","DolocTown.NpcTaskRenderController","","False","False","","13","4","0","0","0x020001F2"
"DolocTown","NpcVision","DolocTown.NpcVision","class","public","DolocTown.DolocObject","","False","False","","3","2","0","0","0x020001F3"
"DolocTown","LightManFishingRope","DolocTown.LightManFishingRope","class","public","DolocTown.NpcRenderObject","","False","False","","2","1","0","0","0x020001F4"
"DolocTown","NpcRenderObject","DolocTown.NpcRenderObject","class","public","DolocTown.GameEntity","","True","False","","1","0","0","0","0x020001F5"
"DolocTown","Npc","DolocTown.Npc","class","public","System.Object","","False","False","","83","22","22","0","0x020001F6"
"","<>c__DisplayClass62_0","DolocTown.Npc/<>c__DisplayClass62_0","class","private","System.Object","","False","True","DolocTown.Npc","2","1","0","0","0x02000EBD"
"DolocTown","NpcController","DolocTown.NpcController","class","public","RedSaw.AI.LinearTask.DecisionMaker","","False","False","","15","2","3","0","0x020001F7"
"","<>c__DisplayClass14_0","DolocTown.NpcController/<>c__DisplayClass14_0","class","private","System.Object","","False","True","DolocTown.NpcController","2","2","0","0","0x02000EBE"
"","<>c","DolocTown.NpcController/<>c","class","private","System.Object","","False","True","DolocTown.NpcController","3","2","0","0","0x02000EBF"
"DolocTown","NpcManager","DolocTown.NpcManager","class","public","System.Object","","False","False","","18","1","3","0","0x020001F8"
"","<GetNpcsInScene>d__14","DolocTown.NpcManager/<GetNpcsInScene>d__14","class","private","System.Object","System.Collections.Generic.IEnumerable`1<DolocTown.Npc> | System.Collections.IEnumerable | System.Collections.Generic.IEnumerator`1<DolocTown.Npc> | System.Collections.IEnumerator | System.IDisposable","False","True","DolocTown.NpcManager","9","8","2","0","0x02000EC0"
"DolocTown","NpcEventFlag","DolocTown.NpcEventFlag","class","public","DolocTown.GameEntity","","False","False","","2","1","0","0","0x020001F9"
"DolocTown","NpcMover","DolocTown.NpcMover","class","public","UnityEngine.MonoBehaviour","","False","False","","7","5","0","0","0x020001FA"
"DolocTown","NpcRenderer","DolocTown.NpcRenderer","class","public","DolocTown.CharacterRenderer","DolocTown.IDialogueEntity | DolocTown.IInteractable","False","False","","40","10","17","0","0x020001FB"
"","<>c__DisplayClass55_0","DolocTown.NpcRenderer/<>c__DisplayClass55_0","class","private","System.Object","","False","True","DolocTown.NpcRenderer","3","2","0","0","0x02000EC1"
"","<WalkTo>d__55","DolocTown.NpcRenderer/<WalkTo>d__55","struct","private","System.ValueType","System.Runtime.CompilerServices.IAsyncStateMachine","False","True","DolocTown.NpcRenderer","2","6","0","0","0x02000EC2"
"DolocTown","LinearTaskPatchForNpc","DolocTown.LinearTaskPatchForNpc","static class","public","System.Object","","True","True","","3","0","0","0","0x020001FC"
"","<>c__DisplayClass0_0","DolocTown.LinearTaskPatchForNpc/<>c__DisplayClass0_0","class","private","System.Object","","False","True","DolocTown.LinearTaskPatchForNpc","2","2","0","0","0x02000EC3"
"DolocTown","NpcTask","DolocTown.NpcTask","class","public","RedSaw.AI.LinearTask.LinearTask","","True","False","","5","1","2","0","0x020001FD"
"DolocTown","NpcTaskAction","DolocTown.NpcTaskAction","class","public","DolocTown.NpcTask","","False","False","","2","1","0","0","0x020001FE"
"DolocTown","NpcTaskFlash","DolocTown.NpcTaskFlash","class","public","DolocTown.NpcTask","","False","False","","3","4","0","0","0x020001FF"
"DolocTown","NpcTaskMove","DolocTown.NpcTaskMove","class","public","DolocTown.NpcTask","","False","False","","7","4","1","0","0x02000200"
"DolocTown","NpcWorkTask","DolocTown.NpcWorkTask","class","public","DolocTown.NpcTask","","True","False","","3","0","2","0","0x02000201"
"DolocTown","NpcWorkTaskRelax","DolocTown.NpcWorkTaskRelax","class","public","DolocTown.NpcWorkTask","","False","False","","7","0","1","0","0x02000202"
"DolocTown","NpcWorkTaskStreet","DolocTown.NpcWorkTaskStreet","class","public","DolocTown.NpcWorkTask","","False","False","","4","0","1","0","0x02000203"
"DolocTown","Reward","DolocTown.Reward","class","public","System.Object","","True","False","","11","1","4","0","0x02000204"
"DolocTown","RewardNone","DolocTown.RewardNone","class","public","DolocTown.Reward","","False","False","","8","0","4","0","0x02000205"
"DolocTown","RewardBuildingUnlock","DolocTown.RewardBuildingUnlock","class","public","DolocTown.Reward","","False","False","","8","1","4","0","0x02000206"
"DolocTown","RewardFavorability","DolocTown.RewardFavorability","class","public","DolocTown.Reward","","False","False","","8","2","4","0","0x02000207"
"DolocTown","RewardGold","DolocTown.RewardGold","class","public","DolocTown.Reward","","False","False","","8","1","4","0","0x02000208"
"DolocTown","RewardInteractableObjectUnlock","DolocTown.RewardInteractableObjectUnlock","class","public","DolocTown.Reward","","False","False","","8","2","4","0","0x02000209"
"DolocTown","RewardItem","DolocTown.RewardItem","class","public","DolocTown.Reward","","False","False","","9","2","4","0","0x0200020A"
"DolocTown","RewardPlatformUnlock","DolocTown.RewardPlatformUnlock","class","public","DolocTown.Reward","","False","False","","8","1","4","0","0x0200020B"
"DolocTown","RewardRecipe","DolocTown.RewardRecipe","class","public","DolocTown.Reward","","False","False","","9","1","4","0","0x0200020C"
"DolocTown","RoutineManager","DolocTown.RoutineManager","class","public","System.Object","","False","False","","5","1","0","0","0x0200020D"
"DolocTown","ExchangeStore","DolocTown.ExchangeStore","class","public","System.Object","DolocTown.IStore | DolocTown.IRecipeGroup","False","False","","36","5","16","0","0x0200020E"
"DolocTown","ExchangeStoreRecipe","DolocTown.ExchangeStoreRecipe","class","public","System.Object","DolocTown.IRecipe","False","False","","11","3","10","0","0x0200020F"
"DolocTown","IStore","DolocTown.IStore","interface","public","","","True","False","","4","0","0","0","0x02000210"
"DolocTown","Store","DolocTown.Store","class","public","System.Object","DolocTown.IStore","False","False","","48","8","10","0","0x02000211"
"","<>c","DolocTown.Store/<>c","class","private","System.Object","","False","True","DolocTown.Store","3","2","0","0","0x02000EC4"
"DolocTown","StoreItemRef","DolocTown.StoreItemRef","struct","public","System.ValueType","","False","True","","1","2","0","0","0x02000212"
"DolocTown","StoreManager","DolocTown.StoreManager","class","public","System.Object","","False","False","","10","6","1","0","0x02000213"
"DolocTown","ApcManager","DolocTown.ApcManager","class","public","System.Object","","False","False","","16","4","0","4","0x02000214"
"","<>c","DolocTown.ApcManager/<>c","class","private","System.Object","","False","True","DolocTown.ApcManager","10","9","0","0","0x02000EC5"
"DolocTown","AttackableType","DolocTown.AttackableType","enum","public","System.Enum","","False","True","","0","5","0","0","0x02000215"
"DolocTown","BattleSystem","DolocTown.BattleSystem","class","public","System.Object","","False","False","","17","4","0","0","0x02000216"
"DolocTown","AttackHitInfo","DolocTown.AttackHitInfo","struct","public","System.ValueType","","False","True","","6","8","1","0","0x02000217"
"DolocTown","AttackInfo","DolocTown.AttackInfo","struct","public","System.ValueType","","False","True","","1","2","0","0","0x02000218"
"DolocTown","BattleUtils","DolocTown.BattleUtils","static class","public","System.Object","","True","True","","10","2","0","0","0x02000219"
"DolocTown","Bullet","DolocTown.Bullet","class","public","System.Object","","False","False","","25","14","10","0","0x0200021A"
"DolocTown","BulletColliderWithGround","DolocTown.BulletColliderWithGround","class","public","DolocTown.DolocObject","","False","False","","4","2","0","0","0x0200021B"
"DolocTown","BulletEntity","DolocTown.BulletEntity","class","public","DolocTown.GameEntity","","False","False","","8","6","1","0","0x0200021C"
"DolocTown","BulletManager","DolocTown.BulletManager","class","public","System.Object","","False","False","","13","8","2","0","0x0200021D"
"","FireInfo","DolocTown.BulletManager/FireInfo","struct","private","System.ValueType","","False","True","DolocTown.BulletManager","1","7","0","0","0x02000EC6"
"DolocTown","BulletMover","DolocTown.BulletMover","class","public","System.Object","","True","False","","5","4","1","0","0x0200021E"
"DolocTown","BulletMoverDrop","DolocTown.BulletMoverDrop","class","public","DolocTown.BulletMover","","False","False","","3","2","0","0","0x0200021F"
"DolocTown","BulletMoverLinear","DolocTown.BulletMoverLinear","class","public","DolocTown.BulletMover","","False","False","","3","1","0","0","0x02000220"
"DolocTown","BulletMoverParabolic","DolocTown.BulletMoverParabolic","class","public","DolocTown.BulletMover","","False","False","","3","3","0","0","0x02000221"
"DolocTown","BulletMoverRing","DolocTown.BulletMoverRing","class","public","DolocTown.BulletMover","","False","False","","3","3","0","0","0x02000222"
"DolocTown","BulletMoverTracking","DolocTown.BulletMoverTracking","class","public","DolocTown.BulletMover","","False","False","","6","5","0","0","0x02000223"
"DolocTown","IBulletTrackingObject","DolocTown.IBulletTrackingObject","interface","public","","","True","False","","2","0","2","0","0x02000224"
"DolocTown","BulletFactory","DolocTown.BulletFactory","class","public","System.Object","","False","False","","9","4","0","0","0x02000225"
"DolocTown","DroneWeaponDebugger","DolocTown.DroneWeaponDebugger","class","public","UnityEngine.MonoBehaviour","","False","False","","3","1","0","0","0x02000226"
"DolocTown","WeaponDebuggerSO","DolocTown.WeaponDebuggerSO","class","public","Sirenix.OdinInspector.SerializedScriptableObject","","False","False","","5","18","2","0","0x02000227"
"","_WeaponFunction","DolocTown.WeaponDebuggerSO/_WeaponFunction","class","public","System.Object","","True","False","DolocTown.WeaponDebuggerSO","2","0","0","0","0x02000EC7"
"","_WeaponFunctionGun","DolocTown.WeaponDebuggerSO/_WeaponFunctionGun","class","public","DolocTown.WeaponDebuggerSO/_WeaponFunction","","True","False","DolocTown.WeaponDebuggerSO","1","0","0","0","0x02000EC8"
"","_WeaponFunctionGunDefault","DolocTown.WeaponDebuggerSO/_WeaponFunctionGunDefault","class","public","DolocTown.WeaponDebuggerSO/_WeaponFunctionGun","","False","False","DolocTown.WeaponDebuggerSO","2","0","0","0","0x02000EC9"
"","_WeaponFunctionGunDragonShooter","DolocTown.WeaponDebuggerSO/_WeaponFunctionGunDragonShooter","class","public","DolocTown.WeaponDebuggerSO/_WeaponFunctionGun","","False","False","DolocTown.WeaponDebuggerSO","2","2","0","0","0x02000ECA"
"","_WeaponFunctionSword","DolocTown.WeaponDebuggerSO/_WeaponFunctionSword","class","public","DolocTown.WeaponDebuggerSO/_WeaponFunction","","False","False","DolocTown.WeaponDebuggerSO","2","0","0","0","0x02000ECB"
"DolocTown","Drone","DolocTown.Drone","class","public","System.Object","","False","False","","27","19","3","0","0x02000228"
"","DroneFunctionGroup","DolocTown.Drone/DroneFunctionGroup","class","private","System.Object","","False","False","DolocTown.Drone","1","2","0","0","0x02000ECC"
"","<>c","DolocTown.Drone/<>c","class","private","System.Object","","False","True","DolocTown.Drone","10","9","0","0","0x02000ECD"
"","<>c__DisplayClass43_0","DolocTown.Drone/<>c__DisplayClass43_0","class","private","System.Object","","False","True","DolocTown.Drone","2","2","0","0","0x02000ECE"
"DolocTown","DroneController","DolocTown.DroneController","class","public","System.Object","","False","False","","34","22","4","0","0x02000229"
"DolocTown","DroneEnv","DolocTown.DroneEnv","class","public","System.Object","","False","False","","5","1","0","0","0x0200022A"
"DolocTown","DroneFunction","DolocTown.DroneFunction","class","public","System.Object","","True","False","","27","4","8","0","0x0200022B"
"DolocTown","DroneFunctionAdditionalRoll","DolocTown.DroneFunctionAdditionalRoll","class","public","DolocTown.DroneFunction","","False","False","","2","1","0","0","0x0200022C"
"DolocTown","DroneFunctionBrustCore","DolocTown.DroneFunctionBrustCore","class","public","DolocTown.DroneFunction","","False","False","","3","2","0","0","0x0200022D"
"DolocTown","DroneFunctionCapacitance","DolocTown.DroneFunctionCapacitance","class","public","DolocTown.DroneFunction","","False","False","","2","2","0","0","0x0200022E"
"DolocTown","DroneFunctionChipDissolver","DolocTown.DroneFunctionChipDissolver","class","public","DolocTown.DroneFunction","","False","False","","4","1","0","0","0x0200022F"
"","<>c__DisplayClass2_0","DolocTown.DroneFunctionChipDissolver/<>c__DisplayClass2_0","class","private","System.Object","","False","True","DolocTown.DroneFunctionChipDissolver","2","1","0","0","0x02000ECF"
"DolocTown","DroneFunctionCollectorHelper","DolocTown.DroneFunctionCollectorHelper","class","public","DolocTown.DroneFunction","","False","False","","3","2","0","0","0x02000230"
"","<>c","DolocTown.DroneFunctionCollectorHelper/<>c","class","private","System.Object","","False","True","DolocTown.DroneFunctionCollectorHelper","3","2","0","0","0x02000ED0"
"DolocTown","DroneFunctionCrow","DolocTown.DroneFunctionCrow","class","public","DolocTown.DroneFunction","","False","False","","2","1","0","0","0x02000231"
"DolocTown","DroneFunctionDebugger","DolocTown.DroneFunctionDebugger","class","public","DolocTown.DroneFunction","","False","False","","2","0","0","0","0x02000232"
"DolocTown","DroneFunctionFarmCollectorHelper","DolocTown.DroneFunctionFarmCollectorHelper","class","public","DolocTown.DroneFunction","","False","False","","3","0","0","0","0x02000233"
"DolocTown","DroneFunctionGarbageCombustionEngine","DolocTown.DroneFunctionGarbageCombustionEngine","class","public","DolocTown.DroneFunction","","False","False","","2","1","0","0","0x02000234"
"DolocTown","DroneFunctionLight","DolocTown.DroneFunctionLight","class","public","DolocTown.DroneFunction","","False","False","","5","3","0","0","0x02000235"
"DolocTown","DroneFunctionRestrictionReleaser","DolocTown.DroneFunctionRestrictionReleaser","class","public","DolocTown.DroneFunction","","False","False","","3","1","0","0","0x02000236"
"DolocTown","DroneFunctionRubberBullet","DolocTown.DroneFunctionRubberBullet","class","public","DolocTown.DroneFunction","","False","False","","8","2","0","0","0x02000237"
"DolocTown","DroneFunctionShadowShooter","DolocTown.DroneFunctionShadowShooter","class","public","DolocTown.DroneFunction","","False","False","","2","4","0","0","0x02000238"
"","<>c__DisplayClass5_0","DolocTown.DroneFunctionShadowShooter/<>c__DisplayClass5_0","class","private","System.Object","","False","True","DolocTown.DroneFunctionShadowShooter","2","2","0","0","0x02000ED1"
"DolocTown","DroneEventType","DolocTown.DroneEventType","enum","public","System.Enum","","False","True","","0","5","0","0","0x02000239"
"DolocTown","DroneStructureParams","DolocTown.DroneStructureParams","struct","public","System.ValueType","","False","True","","1","3","0","0","0x0200023A"
"DolocTown","DroneWeaponParams","DolocTown.DroneWeaponParams","struct","public","System.ValueType","","False","True","","2","14","0","0","0x0200023B"
"DolocTown","DronePatch","DolocTown.DronePatch","static class","public","System.Object","","True","True","","4","1","0","0","0x0200023C"
"DolocTown","DroneSlot","DolocTown.DroneSlot","class","public","System.Object","","False","False","","11","2","4","0","0x0200023D"
"DolocTown","DroneStruct","DolocTown.DroneStruct","class","public","System.Object","","False","False","","40","6","13","0","0x0200023E"
"","<>c","DolocTown.DroneStruct/<>c","class","private","System.Object","","False","True","DolocTown.DroneStruct","6","5","0","0","0x02000ED2"
"DolocTown","DroneComponentRenderer","DolocTown.DroneComponentRenderer","class","public","DolocTown.GameEntity","","False","False","","4","1","1","0","0x0200023F"
"DolocTown","DroneCross","DolocTown.DroneCross","class","public","DolocTown.DolocObject","","False","False","","9","18","2","0","0x02000240"
"","SpreadDirection","DolocTown.DroneCross/SpreadDirection","enum","public","System.Enum","","False","True","DolocTown.DroneCross","0","3","0","0","0x02000ED3"
"DolocTown","DroneCrossDir","DolocTown.DroneCrossDir","class","public","DolocTown.DolocObject","","False","False","","7","2","3","0","0x02000241"
"DolocTown","DroneExtraWeaponRenderer","DolocTown.DroneExtraWeaponRenderer","class","public","System.Object","","True","False","","11","3","3","0","0x02000242"
"DolocTown","DroneExtraWeaponRendererDefault","DolocTown.DroneExtraWeaponRendererDefault","class","public","DolocTown.DroneExtraWeaponRenderer","","False","False","","1","0","0","0","0x02000243"
"DolocTown","DroneRenderer","DolocTown.DroneRenderer","class","public","DolocTown.DolocObject","","False","False","","41","16","16","0","0x02000244"
"","<>c__DisplayClass34_0","DolocTown.DroneRenderer/<>c__DisplayClass34_0","class","private","System.Object","","False","True","DolocTown.DroneRenderer","2","1","0","0","0x02000ED4"
"","<>c__DisplayClass36_0","DolocTown.DroneRenderer/<>c__DisplayClass36_0","class","private","System.Object","","False","True","DolocTown.DroneRenderer","2","1","0","0","0x02000ED5"
"","<>c__DisplayClass61_0","DolocTown.DroneRenderer/<>c__DisplayClass61_0","class","private","System.Object","","False","True","DolocTown.DroneRenderer","2","2","0","0","0x02000ED6"
"DolocTown","DroneSwordBehaviour","DolocTown.DroneSwordBehaviour","class","public","DolocTown.DolocObject","","False","False","","5","4","1","0","0x02000245"
"","<>c__DisplayClass7_0","DolocTown.DroneSwordBehaviour/<>c__DisplayClass7_0","class","private","System.Object","","False","True","DolocTown.DroneSwordBehaviour","3","3","0","0","0x02000ED7"
"","<>c__DisplayClass8_0","DolocTown.DroneSwordBehaviour/<>c__DisplayClass8_0","class","private","System.Object","","False","True","DolocTown.DroneSwordBehaviour","2","2","0","0","0x02000ED8"
"DolocTown","DroneSwordCollider","DolocTown.DroneSwordCollider","class","public","DolocTown.DolocObject","","False","False","","5","3","0","0","0x02000246"
"DolocTown","DroneExtraWeaponRendererInfrared","DolocTown.DroneExtraWeaponRendererInfrared","class","public","DolocTown.DroneExtraWeaponRenderer","","False","False","","4","2","0","0","0x02000247"
"DolocTown","DroneWeapon","DolocTown.DroneWeapon","class","public","System.Object","","True","False","","24","4","8","0","0x02000248"
"DolocTown","DroneWeaponEmpty","DolocTown.DroneWeaponEmpty","class","public","DolocTown.DroneWeapon","","False","False","","1","0","0","0","0x02000249"
"DolocTown","DroneWeaponGun","DolocTown.DroneWeaponGun","class","public","DolocTown.DroneWeapon","","False","False","","20","9","5","0","0x0200024A"
"","<>c__DisplayClass18_0","DolocTown.DroneWeaponGun/<>c__DisplayClass18_0","class","private","System.Object","","False","True","DolocTown.DroneWeaponGun","2","3","0","0","0x02000ED9"
"DolocTown","DroneWeaponGunDragon","DolocTown.DroneWeaponGunDragon","class","public","DolocTown.DroneWeaponGun","","False","False","","3","2","0","0","0x0200024B"
"DolocTown","DroneWeaponSword","DolocTown.DroneWeaponSword","class","public","DolocTown.DroneWeapon","","False","False","","12","6","3","0","0x0200024C"
"DolocTown","IApc","DolocTown.IApc","interface","public","","","True","False","","5","0","0","0","0x0200024D"
"DolocTown","IAttackable","DolocTown.IAttackable","interface","public","","","True","False","","4","0","1","0","0x0200024E"
"DolocTown","MonsterAIAttribute","DolocTown.MonsterAIAttribute","class","public","System.Attribute","","False","False","","1","1","0","0","0x0200024F"
"DolocTown","MonsterEntranceStateAttribute","DolocTown.MonsterEntranceStateAttribute","class","public","System.Attribute","","False","False","","1","1","0","0","0x02000250"
"DolocTown","DisableStateAttribute","DolocTown.DisableStateAttribute","class","public","System.Attribute","","False","False","","1","0","0","0","0x02000251"
"DolocTown","MonsterSight","DolocTown.MonsterSight","class","public","DolocTown.DolocObject","","False","False","","18","10","3","0","0x02000252"
"DolocTown","NianTail","DolocTown.NianTail","class","public","DolocTown.GameEntity","DolocTown.IAttackable | DolocTown.IFellable | DolocTown.IBombInteractive","False","False","","20","10","5","0","0x02000253"
"","<>c__DisplayClass22_0","DolocTown.NianTail/<>c__DisplayClass22_0","class","private","System.Object","","False","True","DolocTown.NianTail","6","7","0","0","0x02000EDA"
"DolocTown","NianTailLight","DolocTown.NianTailLight","class","public","DolocTown.DolocObject","","False","False","","4","1","0","0","0x02000254"
"","<>c__DisplayClass3_0","DolocTown.NianTailLight/<>c__DisplayClass3_0","class","private","System.Object","","False","True","DolocTown.NianTailLight","6","3","0","0","0x02000EDB"
"DolocTown","MonsterAI","DolocTown.MonsterAI","class","public","System.Object","","True","False","","20","4","2","0","0x02000255"
"","<>c__DisplayClass12_0","DolocTown.MonsterAI/<>c__DisplayClass12_0","class","private","System.Object","","False","True","DolocTown.MonsterAI","2","2","0","0","0x02000EDC"
"DolocTown","MonsterAI_Group","DolocTown.MonsterAI_Group","class","public","DolocTown.MonsterAI","","True","False","","5","1","1","0","0x02000256"
"DolocTown","MonsterAI_Guarder","DolocTown.MonsterAI_Guarder","class","public","DolocTown.MonsterAI_Group","","True","False","","2","1","0","0","0x02000257"
"DolocTown","MonsterAI_Default","DolocTown.MonsterAI_Default","class","public","DolocTown.MonsterAI","","False","False","","1","0","0","0","0x02000258"
"","AttackState","DolocTown.MonsterAI_Default/AttackState","class","private","DolocTown.MonsterStateManager/AttackState`1<DolocTown.MonsterAI_Default>","","False","False","DolocTown.MonsterAI_Default","3","0","0","0","0x02000EDD"
"","PatrolState","DolocTown.MonsterAI_Default/PatrolState","class","private","DolocTown.MonsterStateManager/MoveState`1<DolocTown.MonsterAI_Default>","","False","False","DolocTown.MonsterAI_Default","3","0","0","0","0x02000EDE"
"DolocTown","MonsterAI_Empty","DolocTown.MonsterAI_Empty","class","public","DolocTown.MonsterAI","","False","False","","1","0","0","0","0x02000259"
"DolocTown","MonsterAI_IndieGuarder","DolocTown.MonsterAI_IndieGuarder","class","public","DolocTown.MonsterAI","","False","False","","7","2","4","0","0x0200025A"
"","PatrolState","DolocTown.MonsterAI_IndieGuarder/PatrolState","class","private","DolocTown.MonsterStateManager/MoveState`1<DolocTown.MonsterAI_IndieGuarder>","","False","False","DolocTown.MonsterAI_IndieGuarder","3","0","0","0","0x02000EDF"
"","PursuitState","DolocTown.MonsterAI_IndieGuarder/PursuitState","class","private","DolocTown.MonsterStateManager/MoveState`1<DolocTown.MonsterAI_IndieGuarder>","","False","False","DolocTown.MonsterAI_IndieGuarder","3","0","0","0","0x02000EE0"
"","AttackState","DolocTown.MonsterAI_IndieGuarder/AttackState","class","private","DolocTown.MonsterStateManager/AttackState`1<DolocTown.MonsterAI_IndieGuarder>","","False","False","DolocTown.MonsterAI_IndieGuarder","3","0","0","0","0x02000EE1"
"DolocTown","MonsterAI_Ranger","DolocTown.MonsterAI_Ranger","class","public","DolocTown.MonsterAI","","False","False","","4","1","1","0","0x0200025B"
"","PatrolState","DolocTown.MonsterAI_Ranger/PatrolState","class","private","DolocTown.MonsterStateManager/MoveState`1<DolocTown.MonsterAI_Ranger>","","False","False","DolocTown.MonsterAI_Ranger","3","1","0","0","0x02000EE2"
"","PursuitState","DolocTown.MonsterAI_Ranger/PursuitState","class","private","DolocTown.MonsterStateManager/MoveState`1<DolocTown.MonsterAI_Ranger>","","False","False","DolocTown.MonsterAI_Ranger","3","0","0","0","0x02000EE3"
"","AttackState","DolocTown.MonsterAI_Ranger/AttackState","class","private","DolocTown.MonsterStateManager/AttackState`1<DolocTown.MonsterAI_Ranger>","","False","False","DolocTown.MonsterAI_Ranger","3","0","0","0","0x02000EE4"
"DolocTown","MonsterAI_Amoeba","DolocTown.MonsterAI_Amoeba","class","public","DolocTown.MonsterAI","","False","False","","4","5","0","0","0x0200025C"
"","AnyState","DolocTown.MonsterAI_Amoeba/AnyState","class","private","DolocTown.MonsterStateManager/MonsterState`1<DolocTown.MonsterAI_Amoeba>","","False","False","DolocTown.MonsterAI_Amoeba","2","0","0","0","0x02000EE5"
"","PursuitState","DolocTown.MonsterAI_Amoeba/PursuitState","class","private","DolocTown.MonsterStateManager/MoveState`1<DolocTown.MonsterAI_Amoeba>","","False","False","DolocTown.MonsterAI_Amoeba","3","0","0","0","0x02000EE6"
"","AttackState","DolocTown.MonsterAI_Amoeba/AttackState","class","private","DolocTown.MonsterStateManager/AttackState`1<DolocTown.MonsterAI_Amoeba>","","False","False","DolocTown.MonsterAI_Amoeba","3","0","0","0","0x02000EE7"
"","PatrolState","DolocTown.MonsterAI_Amoeba/PatrolState","class","private","DolocTown.MonsterStateManager/MoveState`1<DolocTown.MonsterAI_Amoeba>","","False","False","DolocTown.MonsterAI_Amoeba","3","0","0","0","0x02000EE8"
"","IdleState","DolocTown.MonsterAI_Amoeba/IdleState","class","private","DolocTown.MonsterStateManager/MonsterState`1<DolocTown.MonsterAI_Amoeba>","","False","False","DolocTown.MonsterAI_Amoeba","4","1","0","0","0x02000EE9"
"DolocTown","MonsterAI_Chomper","DolocTown.MonsterAI_Chomper","class","public","DolocTown.MonsterAI","","False","False","","3","2","0","0","0x0200025D"
"","WanderState","DolocTown.MonsterAI_Chomper/WanderState","class","private","DolocTown.MonsterStateManager/MoveState`1<DolocTown.MonsterAI_Chomper>","","False","False","DolocTown.MonsterAI_Chomper","3","0","0","0","0x02000EEA"
"","WaitState","DolocTown.MonsterAI_Chomper/WaitState","class","private","DolocTown.MonsterStateManager/MonsterState`1<DolocTown.MonsterAI_Chomper>","","False","False","DolocTown.MonsterAI_Chomper","4","1","0","0","0x02000EEB"
"","AttackState","DolocTown.MonsterAI_Chomper/AttackState","class","private","DolocTown.MonsterStateManager/AttackState`1<DolocTown.MonsterAI_Chomper>","","False","False","DolocTown.MonsterAI_Chomper","5","1","1","0","0x02000EEC"
"","ProvocationState","DolocTown.MonsterAI_Chomper/ProvocationState","class","private","DolocTown.MonsterStateManager/MonsterState`1<DolocTown.MonsterAI_Chomper>","","False","False","DolocTown.MonsterAI_Chomper","4","1","0","0","0x02000EED"
"DolocTown","MonsterAI_FwbDrone","DolocTown.MonsterAI_FwbDrone","class","public","DolocTown.MonsterAI_Group","","False","False","","5","2","0","0","0x0200025E"
"","WanderState","DolocTown.MonsterAI_FwbDrone/WanderState","class","private","DolocTown.MonsterStateManager/MoveState`1<DolocTown.MonsterAI_FwbDrone>","","False","False","DolocTown.MonsterAI_FwbDrone","3","0","0","0","0x02000EEE"
"","PursuitState","DolocTown.MonsterAI_FwbDrone/PursuitState","class","private","DolocTown.MonsterStateManager/MoveState`1<DolocTown.MonsterAI_FwbDrone>","","False","False","DolocTown.MonsterAI_FwbDrone","3","0","0","0","0x02000EEF"
"","AttackState","DolocTown.MonsterAI_FwbDrone/AttackState","class","private","DolocTown.MonsterStateManager/AttackState`1<DolocTown.MonsterAI_FwbDrone>","","False","False","DolocTown.MonsterAI_FwbDrone","3","0","0","0","0x02000EF0"
"DolocTown","MonsterAI_Plant","DolocTown.MonsterAI_Plant","class","public","DolocTown.MonsterAI","","False","False","","3","1","1","0","0x0200025F"
"","IdleState","DolocTown.MonsterAI_Plant/IdleState","class","private","DolocTown.MonsterStateManager/MonsterState`1<DolocTown.MonsterAI_Plant>","","False","False","DolocTown.MonsterAI_Plant","2","0","0","0","0x02000EF1"
"","AttackState","DolocTown.MonsterAI_Plant/AttackState","class","private","DolocTown.MonsterStateManager/AttackState`1<DolocTown.MonsterAI_Plant>","","False","False","DolocTown.MonsterAI_Plant","3","0","0","0","0x02000EF2"
"DolocTown","MonsterAI_SeedCarrier","DolocTown.MonsterAI_SeedCarrier","class","public","DolocTown.MonsterAI","","False","False","","4","1","2","0","0x02000260"
"","WanderState","DolocTown.MonsterAI_SeedCarrier/WanderState","class","private","DolocTown.MonsterStateManager/MoveState`1<DolocTown.MonsterAI_SeedCarrier>","","False","False","DolocTown.MonsterAI_SeedCarrier","3","0","0","0","0x02000EF3"
"","AttackState","DolocTown.MonsterAI_SeedCarrier/AttackState","class","private","DolocTown.MonsterStateManager/AttackState`1<DolocTown.MonsterAI_SeedCarrier>","","False","False","DolocTown.MonsterAI_SeedCarrier","3","0","0","0","0x02000EF4"
"DolocTown","MonsterAI_Target","DolocTown.MonsterAI_Target","class","public","DolocTown.MonsterAI","","False","False","","1","0","0","0","0x02000261"
"","WanderState","DolocTown.MonsterAI_Target/WanderState","class","private","DolocTown.MonsterStateManager/MoveState`1<DolocTown.MonsterAI_Target>","","False","False","DolocTown.MonsterAI_Target","3","0","0","0","0x02000EF5"
"","WaitState","DolocTown.MonsterAI_Target/WaitState","class","private","DolocTown.MonsterStateManager/MonsterState`1<DolocTown.MonsterAI_Target>","","False","False","DolocTown.MonsterAI_Target","4","1","0","0","0x02000EF6"
"DolocTown","MonsterAI_Nian","DolocTown.MonsterAI_Nian","class","public","DolocTown.MonsterAI","","False","False","","4","1","2","0","0x02000262"
"","WanderState","DolocTown.MonsterAI_Nian/WanderState","class","public","DolocTown.MonsterStateManager/MoveState`1<DolocTown.MonsterAI_Nian>","","False","False","DolocTown.MonsterAI_Nian","7","8","0","0","0x02000EF7"
"","AttackState","DolocTown.MonsterAI_Nian/AttackState","class","public","DolocTown.MonsterStateManager/AttackState`1<DolocTown.MonsterAI_Nian>","","False","False","DolocTown.MonsterAI_Nian","3","0","0","0","0x02000EF8"
"","DropState","DolocTown.MonsterAI_Nian/DropState","class","public","DolocTown.MonsterStateManager/MonsterState`1<DolocTown.MonsterAI_Nian>","","False","False","DolocTown.MonsterAI_Nian","6","4","0","0","0x02000EF9"
"","IdleState","DolocTown.MonsterAI_Nian/IdleState","class","public","DolocTown.MonsterStateManager/MoveState`1<DolocTown.MonsterAI_Nian>","","False","False","DolocTown.MonsterAI_Nian","3","1","0","0","0x02000EFA"
"","PursuitState","DolocTown.MonsterAI_Nian/PursuitState","class","public","DolocTown.MonsterStateManager/MoveState`1<DolocTown.MonsterAI_Nian>","","False","False","DolocTown.MonsterAI_Nian","3","0","0","0","0x02000EFB"
"DolocTown","MonsterAI_NianHead","DolocTown.MonsterAI_NianHead","class","public","DolocTown.MonsterAI","","False","False","","4","1","2","0","0x02000263"
"","WanderState","DolocTown.MonsterAI_NianHead/WanderState","class","public","DolocTown.MonsterStateManager/MoveState`1<DolocTown.MonsterAI_NianHead>","","False","False","DolocTown.MonsterAI_NianHead","7","8","0","0","0x02000EFC"
"","AttackState","DolocTown.MonsterAI_NianHead/AttackState","class","public","DolocTown.MonsterStateManager/AttackState`1<DolocTown.MonsterAI_NianHead>","","False","False","DolocTown.MonsterAI_NianHead","3","0","0","0","0x02000EFD"
"","DropState","DolocTown.MonsterAI_NianHead/DropState","class","public","DolocTown.MonsterStateManager/MonsterState`1<DolocTown.MonsterAI_Nian>","","False","False","DolocTown.MonsterAI_NianHead","6","4","0","0","0x02000EFE"
"","PursuitState","DolocTown.MonsterAI_NianHead/PursuitState","class","public","DolocTown.MonsterStateManager/MoveState`1<DolocTown.MonsterAI_NianHead>","","False","False","DolocTown.MonsterAI_NianHead","3","0","0","0","0x02000EFF"
"DolocTown","MonsterAI_NianTail","DolocTown.MonsterAI_NianTail","class","public","DolocTown.MonsterAI","","False","False","","4","2","1","0","0x02000264"
"","WanderState","DolocTown.MonsterAI_NianTail/WanderState","class","public","DolocTown.MonsterStateManager/MoveState`1<DolocTown.MonsterAI_NianTail>","","False","False","DolocTown.MonsterAI_NianTail","4","0","0","0","0x02000F00"
"","AttackState","DolocTown.MonsterAI_NianTail/AttackState","class","public","DolocTown.MonsterStateManager/AttackState`1<DolocTown.MonsterAI_NianTail>","","False","False","DolocTown.MonsterAI_NianTail","4","1","0","0","0x02000F01"
"","DropState","DolocTown.MonsterAI_NianTail/DropState","class","public","DolocTown.MonsterStateManager/MonsterState`1<DolocTown.MonsterAI_Nian>","","False","False","DolocTown.MonsterAI_NianTail","6","4","0","0","0x02000F02"
"DolocTown","MonsterGroup","DolocTown.MonsterGroup","class","public","System.Object","","True","False","","7","4","0","0","0x02000265"
"DolocTown","MonsterGroupManager","DolocTown.MonsterGroupManager","class","public","System.Object","","False","False","","7","1","0","0","0x02000266"
"","<LoadLocalGroups>d__5","DolocTown.MonsterGroupManager/<LoadLocalGroups>d__5","class","private","System.Object","System.Collections.Generic.IEnumerable`1<DolocTown.MonsterGroup> | System.Collections.IEnumerable | System.Collections.Generic.IEnumerator`1<DolocTown.MonsterGroup> | System.Collections.IEnumerator | System.IDisposable","False","True","DolocTown.MonsterGroupManager","9","7","2","0","0x02000F03"
"DolocTown","FwbDroneGroup","DolocTown.FwbDroneGroup","class","public","DolocTown.MonsterGroup","","False","False","","3","0","0","0","0x02000267"
"","<>c__DisplayClass1_0","DolocTown.FwbDroneGroup/<>c__DisplayClass1_0","class","private","System.Object","","False","True","DolocTown.FwbDroneGroup","2","1","0","0","0x02000F04"
"DolocTown","IStrategicPoint","DolocTown.IStrategicPoint","interface","public","","","True","False","","4","0","4","0","0x02000268"
"DolocTown","StrategicPoint","DolocTown.StrategicPoint","class","public","DolocTown.DolocObject","DolocTown.IStrategicPoint","False","False","","8","4","4","0","0x02000269"
"DolocTown","StrategicPointGroup","DolocTown.StrategicPointGroup","class","public","DolocTown.MonsterGroup","","False","False","","4","3","0","0","0x0200026A"
"DolocTown","MonsterStateManager","DolocTown.MonsterStateManager","class","public","System.Object","","False","False","","14","4","2","0","0x0200026B"
"","MonsterState","DolocTown.MonsterStateManager/MonsterState","class","public","System.Object","","True","False","DolocTown.MonsterStateManager","10","2","1","0","0x02000F05"
"","MonsterState`1","DolocTown.MonsterStateManager/MonsterState`1","class","public","DolocTown.MonsterStateManager/MonsterState","","True","False","DolocTown.MonsterStateManager","2","0","1","0","0x02000F06"
"","MoveState`1","DolocTown.MonsterStateManager/MoveState`1","class","public","DolocTown.MonsterStateManager/MonsterState`1<T>","","True","False","DolocTown.MonsterStateManager","2","1","0","0","0x02000F07"
"","AttackState`1","DolocTown.MonsterStateManager/AttackState`1","class","public","DolocTown.MonsterStateManager/MonsterState`1<T>","","True","False","DolocTown.MonsterStateManager","3","0","1","0","0x02000F08"
"DolocTown","GlobalPatrolState","DolocTown.GlobalPatrolState","class","public","DolocTown.MonsterStateManager/MonsterState","","False","False","","4","2","0","0","0x0200026C"
"DolocTown","BTRunner","DolocTown.BTRunner","class","public","DolocTown.GameEntity","","True","False","","12","2","0","0","0x0200026D"
"DolocTown","MonsterDecorator","DolocTown.MonsterDecorator","class","public","UnityEngine.MonoBehaviour","","False","False","","24","2","8","0","0x0200026E"
"DolocTown","MonsterDecoratorAircraft","DolocTown.MonsterDecoratorAircraft","class","public","DolocTown.MonsterDecorator","","False","False","","2","0","0","0","0x0200026F"
"DolocTown","MonsterDecoratorAmoeba","DolocTown.MonsterDecoratorAmoeba","class","public","DolocTown.MonsterDecorator","","False","False","","5","2","0","0","0x02000270"
"DolocTown","MonsterDecoratorBomber","DolocTown.MonsterDecoratorBomber","class","public","DolocTown.MonsterDecorator","","False","False","","2","2","0","0","0x02000271"
"DolocTown","MonsterDecoratorChomper","DolocTown.MonsterDecoratorChomper","class","public","DolocTown.MonsterDecorator","","False","False","","6","0","2","0","0x02000272"
"DolocTown","MonsterDecoratorDroneEx","DolocTown.MonsterDecoratorDroneEx","class","public","DolocTown.MonsterDecorator","","False","False","","2","2","0","0","0x02000273"
"DolocTown","MonsterDecoratorFungus","DolocTown.MonsterDecoratorFungus","class","public","DolocTown.MonsterDecorator","","False","False","","5","0","2","0","0x02000274"
"DolocTown","MonsterDecoratorNian","DolocTown.MonsterDecoratorNian","class","public","DolocTown.MonsterDecorator","","False","False","","37","14","9","0","0x02000275"
"","<>c__DisplayClass28_0","DolocTown.MonsterDecoratorNian/<>c__DisplayClass28_0","class","private","System.Object","","False","True","DolocTown.MonsterDecoratorNian","2","1","0","0","0x02000F09"
"","<>c__DisplayClass42_0","DolocTown.MonsterDecoratorNian/<>c__DisplayClass42_0","class","private","System.Object","","False","True","DolocTown.MonsterDecoratorNian","3","2","0","0","0x02000F0A"
"","<>c","DolocTown.MonsterDecoratorNian/<>c","class","private","System.Object","","False","True","DolocTown.MonsterDecoratorNian","4","3","0","0","0x02000F0B"
"","<>c__DisplayClass48_0","DolocTown.MonsterDecoratorNian/<>c__DisplayClass48_0","class","private","System.Object","","False","True","DolocTown.MonsterDecoratorNian","2","2","0","0","0x02000F0C"
"","<>c__DisplayClass50_0","DolocTown.MonsterDecoratorNian/<>c__DisplayClass50_0","class","private","System.Object","","False","True","DolocTown.MonsterDecoratorNian","2","2","0","0","0x02000F0D"
"","<>c__DisplayClass54_0","DolocTown.MonsterDecoratorNian/<>c__DisplayClass54_0","class","private","System.Object","","False","True","DolocTown.MonsterDecoratorNian","1","1","0","0","0x02000F0E"
"","<>c__DisplayClass54_1","DolocTown.MonsterDecoratorNian/<>c__DisplayClass54_1","class","private","System.Object","","False","True","DolocTown.MonsterDecoratorNian","2","2","0","0","0x02000F0F"
"DolocTown","MonsterDecoratorTarget","DolocTown.MonsterDecoratorTarget","class","public","DolocTown.MonsterDecorator","","False","False","","8","2","2","0","0x02000276"
"DolocTown","MonsterController","DolocTown.MonsterController","class","public","DolocTown.GameEntity","DolocTown.IApc | DolocTown.IAttackable | DolocTown.IFellable | DolocTown.IBombInteractive | DolocTown.IInteractable","False","False","","74","16","23","1","0x02000277"
"DolocTown","CDCounter`1","DolocTown.CDCounter`1","class","public","System.Object","","False","False","","6","4","0","0","0x02000278"
"","<>c__DisplayClass8_0","DolocTown.CDCounter`1/<>c__DisplayClass8_0","class","private","System.Object","","False","True","DolocTown.CDCounter`1","2","2","0","0","0x02000F10"
"DolocTown","MonsterInteractableScanner","DolocTown.MonsterInteractableScanner","class","public","UnityEngine.MonoBehaviour","","False","False","","3","0","0","0","0x02000279"
"DolocTown","PhysicalDamageBox","DolocTown.PhysicalDamageBox","class","public","UnityEngine.MonoBehaviour","","False","False","","9","3","4","0","0x0200027A"
"DolocTown","_TimeInvoker","DolocTown._TimeInvoker","class","public","System.Object","","False","False","","3","3","0","0","0x0200027B"
"DolocTown","IMonsterInteractable","DolocTown.IMonsterInteractable","interface","public","","","True","False","","2","0","0","0","0x0200027C"
"DolocTown","Monster","DolocTown.Monster","class","public","System.Object","DolocTown.IBulletTrackingObject","False","False","","23","8","8","0","0x0200027D"
"DolocTown","MonsterAttackBehaviourAngryThrow","DolocTown.MonsterAttackBehaviourAngryThrow","class","public","DolocTown.MonsterAttackBehaviourBullet","","False","False","","6","2","0","0","0x0200027E"
"DolocTown","MonsterAttackBehaviourBombingDive","DolocTown.MonsterAttackBehaviourBombingDive","class","public","DolocTown.MonsterAttackBehaviourBullet","","False","False","","7","2","0","0","0x0200027F"
"DolocTown","MonsterAttackBehaviourBulletTrain","DolocTown.MonsterAttackBehaviourBulletTrain","class","public","DolocTown.MonsterAttackBehaviourBullet","","False","False","","6","2","0","0","0x02000280"
"DolocTown","MonsterAttackBehaviourDragonShoot","DolocTown.MonsterAttackBehaviourDragonShoot","class","public","DolocTown.MonsterAttackBehaviourBullet","","False","False","","4","2","0","0","0x02000281"
"","<>c__DisplayClass5_0","DolocTown.MonsterAttackBehaviourDragonShoot/<>c__DisplayClass5_0","class","private","System.Object","","False","True","DolocTown.MonsterAttackBehaviourDragonShoot","2","2","0","0","0x02000F11"
"DolocTown","MonsterAttackBehaviourMultiShoot","DolocTown.MonsterAttackBehaviourMultiShoot","class","public","DolocTown.MonsterAttackBehaviourBullet","","False","False","","6","2","0","0","0x02000282"
"","<>c__DisplayClass5_0","DolocTown.MonsterAttackBehaviourMultiShoot/<>c__DisplayClass5_0","class","private","System.Object","","False","True","DolocTown.MonsterAttackBehaviourMultiShoot","3","2","0","0","0x02000F12"
"DolocTown","MonsterAttackBehaviourRandomShoot","DolocTown.MonsterAttackBehaviourRandomShoot","class","public","DolocTown.MonsterAttackBehaviourBullet","","False","False","","5","3","0","0","0x02000283"
"DolocTown","MonsterAttackBehaviourSalvoShoot","DolocTown.MonsterAttackBehaviourSalvoShoot","class","public","DolocTown.MonsterAttackBehaviourBullet","","False","False","","4","2","0","0","0x02000284"
"","<>c__DisplayClass5_0","DolocTown.MonsterAttackBehaviourSalvoShoot/<>c__DisplayClass5_0","class","private","System.Object","","False","True","DolocTown.MonsterAttackBehaviourSalvoShoot","2","2","0","0","0x02000F13"
"DolocTown","MonsterAttackBehaviourScatteringShoot","DolocTown.MonsterAttackBehaviourScatteringShoot","class","public","DolocTown.MonsterAttackBehaviourBullet","","False","False","","6","2","0","0","0x02000285"
"DolocTown","MonsterAttackBehaviourScatteringThrow","DolocTown.MonsterAttackBehaviourScatteringThrow","class","public","DolocTown.MonsterAttackBehaviourBullet","","False","False","","5","2","0","0","0x02000286"
"DolocTown","MonsterAttackBehaviourShoot","DolocTown.MonsterAttackBehaviourShoot","class","public","DolocTown.MonsterAttackBehaviourBullet","","False","False","","4","2","0","0","0x02000287"
"DolocTown","MonsterAttackBehaviour","DolocTown.MonsterAttackBehaviour","class","public","System.Object","","True","False","","21","4","6","0","0x02000288"
"","<>c__DisplayClass23_0","DolocTown.MonsterAttackBehaviour/<>c__DisplayClass23_0","class","private","System.Object","","False","True","DolocTown.MonsterAttackBehaviour","2","2","0","0","0x02000F14"
"DolocTown","MonsterAttackBehaviourBullet","DolocTown.MonsterAttackBehaviourBullet","class","public","DolocTown.MonsterAttackBehaviour","","True","False","","10","2","0","0","0x02000289"
"DolocTown","MonsterAttackBehaviourHelper","DolocTown.MonsterAttackBehaviourHelper","static class","public","System.Object","","True","True","","5","0","0","0","0x0200028A"
"DolocTown","MonsterAttackBehaviourManager`1","DolocTown.MonsterAttackBehaviourManager`1","class","public","System.Object","","False","False","","14","4","1","0","0x0200028B"
"DolocTown","MonsterAttackBehaviourPhysical","DolocTown.MonsterAttackBehaviourPhysical","class","public","DolocTown.MonsterAttackBehaviour","","True","False","","5","1","0","0","0x0200028C"
"DolocTown","MonsterAttackBehaviourSkill","DolocTown.MonsterAttackBehaviourSkill","class","public","DolocTown.MonsterAttackBehaviour","","True","False","","5","2","0","0","0x0200028D"
"DolocTown","MonsterAttackId","DolocTown.MonsterAttackId","enum","public","System.Enum","","False","True","","0","7","0","0","0x0200028E"
"DolocTown","MonsterAttackBehaviourImpact","DolocTown.MonsterAttackBehaviourImpact","class","public","DolocTown.MonsterAttackBehaviourPhysical","","False","False","","5","3","0","0","0x0200028F"
"","<>c__DisplayClass7_0","DolocTown.MonsterAttackBehaviourImpact/<>c__DisplayClass7_0","class","private","System.Object","","False","True","DolocTown.MonsterAttackBehaviourImpact","2","2","0","0","0x02000F15"
"DolocTown","MonsterAttackBehaviourMultiImpact","DolocTown.MonsterAttackBehaviourMultiImpact","class","public","DolocTown.MonsterAttackBehaviourPhysical","","False","False","","6","3","0","0","0x02000290"
"","<>c__DisplayClass7_0","DolocTown.MonsterAttackBehaviourMultiImpact/<>c__DisplayClass7_0","class","private","System.Object","","False","True","DolocTown.MonsterAttackBehaviourMultiImpact","2","2","0","0","0x02000F16"
"","<>c__DisplayClass8_0","DolocTown.MonsterAttackBehaviourMultiImpact/<>c__DisplayClass8_0","class","private","System.Object","","False","True","DolocTown.MonsterAttackBehaviourMultiImpact","3","3","0","0","0x02000F17"
"DolocTown","MonsterAttackBehaviourSting","DolocTown.MonsterAttackBehaviourSting","class","public","DolocTown.MonsterAttackBehaviourPhysical","","False","False","","6","3","0","0","0x02000291"
"","<>c__DisplayClass7_0","DolocTown.MonsterAttackBehaviourSting/<>c__DisplayClass7_0","class","private","System.Object","","False","True","DolocTown.MonsterAttackBehaviourSting","2","2","0","0","0x02000F18"
"DolocTown","MonsterAttackBehaviourSkillBomb","DolocTown.MonsterAttackBehaviourSkillBomb","class","public","DolocTown.MonsterAttackBehaviourSkill","","False","False","","6","2","0","0","0x02000292"
"DolocTown","MonsterAttackBehaviourCall","DolocTown.MonsterAttackBehaviourCall","class","public","DolocTown.MonsterAttackBehaviour","","False","False","","6","2","0","0","0x02000293"
"DolocTown","MonsterAttackBehaviourSkillLandmine","DolocTown.MonsterAttackBehaviourSkillLandmine","class","public","DolocTown.MonsterAttackBehaviourSkill","","False","False","","5","2","0","0","0x02000294"
"","<>c__DisplayClass5_0","DolocTown.MonsterAttackBehaviourSkillLandmine/<>c__DisplayClass5_0","class","private","System.Object","","False","True","DolocTown.MonsterAttackBehaviourSkillLandmine","2","2","0","0","0x02000F19"
"DolocTown","MonsterAttackBehaviourSkillTimeBomb","DolocTown.MonsterAttackBehaviourSkillTimeBomb","class","public","DolocTown.MonsterAttackBehaviourSkill","","False","False","","6","2","0","0","0x02000295"
"","<>c__DisplayClass5_0","DolocTown.MonsterAttackBehaviourSkillTimeBomb/<>c__DisplayClass5_0","class","private","System.Object","","False","True","DolocTown.MonsterAttackBehaviourSkillTimeBomb","2","2","0","0","0x02000F1A"
"DolocTown","MonsterAttackBehaviourAmoebaJumpAttack","DolocTown.MonsterAttackBehaviourAmoebaJumpAttack","class","public","DolocTown.MonsterAttackBehaviourPhysical","","False","False","","11","7","1","0","0x02000296"
"","<>c__DisplayClass16_0","DolocTown.MonsterAttackBehaviourAmoebaJumpAttack/<>c__DisplayClass16_0","class","private","System.Object","","False","True","DolocTown.MonsterAttackBehaviourAmoebaJumpAttack","4","2","0","0","0x02000F1B"
"DolocTown","MonsterAttackBehaviourChomperBite","DolocTown.MonsterAttackBehaviourChomperBite","class","public","DolocTown.MonsterAttackBehaviourPhysical","","False","False","","5","2","0","0","0x02000297"
"DolocTown","MonsterAttackBehaviourSkillChomperMimicry","DolocTown.MonsterAttackBehaviourSkillChomperMimicry","class","public","DolocTown.MonsterAttackBehaviourSkill","","False","False","","5","3","0","0","0x02000298"
"","<>c__DisplayClass4_0","DolocTown.MonsterAttackBehaviourSkillChomperMimicry/<>c__DisplayClass4_0","class","private","System.Object","","False","True","DolocTown.MonsterAttackBehaviourSkillChomperMimicry","4","3","0","0","0x02000F1C"
"DolocTown","MonsterEnv","DolocTown.MonsterEnv","class","public","System.Object","","False","False","","12","5","3","0","0x02000299"
"DolocTown","MonsterManager","DolocTown.MonsterManager","class","public","System.Object","","False","False","","11","2","5","0","0x0200029A"
"DolocTown","MonsterMoverContextSteering","DolocTown.MonsterMoverContextSteering","class","public","DolocTown.MonsterMover","","False","False","","9","7","1","0","0x0200029B"
"DolocTown","MonsterMoverDoTween","DolocTown.MonsterMoverDoTween","class","public","DolocTown.MonsterMover","","False","False","","3","4","0","0","0x0200029C"
"","<>c__DisplayClass5_0","DolocTown.MonsterMoverDoTween/<>c__DisplayClass5_0","class","private","System.Object","","False","True","DolocTown.MonsterMoverDoTween","5","3","0","0","0x02000F1D"
"DolocTown","MonsterMoverGround","DolocTown.MonsterMoverGround","class","public","DolocTown.MonsterMover","","False","False","","9","6","1","0","0x0200029D"
"","MoveNode","DolocTown.MonsterMoverGround/MoveNode","struct","private","System.ValueType","","False","True","DolocTown.MonsterMoverGround","1","3","0","0","0x02000F1E"
"DolocTown","MonsterMoverNone","DolocTown.MonsterMoverNone","class","public","DolocTown.MonsterMover","","False","False","","3","0","0","0","0x0200029E"
"DolocTown","MonsterMoverShuttle","DolocTown.MonsterMoverShuttle","class","public","DolocTown.MonsterMover","","False","False","","6","4","0","0","0x0200029F"
"DolocTown","MonsterMover","DolocTown.MonsterMover","class","public","System.Object","","True","False","","18","11","3","0","0x020002A0"
"DolocTown","MonsterMoverHelper","DolocTown.MonsterMoverHelper","static class","public","System.Object","","True","True","","1","0","0","0","0x020002A1"
"DolocTown","MoveTargetType","DolocTown.MoveTargetType","enum","public","System.Enum","","False","True","","0","5","0","0","0x020002A2"
"DolocTown","MonsterMoverJump","DolocTown.MonsterMoverJump","class","public","System.Object","","False","False","","5","12","1","0","0x020002A3"
"","BezierCurveParabolic","DolocTown.MonsterMoverJump/BezierCurveParabolic","struct","private","System.ValueType","","False","True","DolocTown.MonsterMoverJump","4","4","0","0","0x02000F1F"
"","<>c__DisplayClass17_0","DolocTown.MonsterMoverJump/<>c__DisplayClass17_0","class","private","System.Object","","False","True","DolocTown.MonsterMoverJump","5","2","0","0","0x02000F20"
"DolocTown","ActionTask_AttackEx","DolocTown.ActionTask_AttackEx","class","public","NodeCanvas.Framework.ActionTask","","False","False","","3","3","1","0","0x020002A4"
"DolocTown","EmotionTask","DolocTown.EmotionTask","class","public","NodeCanvas.Framework.ActionTask","","False","False","","2","1","0","0","0x020002A5"
"DolocTown","AttackBehaviourRenderer","DolocTown.AttackBehaviourRenderer","class","public","UnityEngine.MonoBehaviour","","False","False","","6","1","1","0","0x020002A6"
"DolocTown","AttackBehaviourRendererAircraft","DolocTown.AttackBehaviourRendererAircraft","class","public","DolocTown.AttackBehaviourRenderer","","False","False","","2","0","0","0","0x020002A7"
"DolocTown","AttackBehaviourRendererBallDrone","DolocTown.AttackBehaviourRendererBallDrone","class","public","DolocTown.AttackBehaviourRenderer","","False","False","","3","0","0","0","0x020002A8"
"DolocTown","AttackBehaviourRendererFungus","DolocTown.AttackBehaviourRendererFungus","class","public","DolocTown.AttackBehaviourRenderer","","False","False","","2","0","0","0","0x020002A9"
"DolocTown","MonsterRenderer","DolocTown.MonsterRenderer","class","public","UnityEngine.MonoBehaviour","","False","False","","12","8","3","0","0x020002AA"
"DolocTown","IMonsterMoverGroundRenderer","DolocTown.IMonsterMoverGroundRenderer","interface","public","","","True","False","","8","1","0","0","0x020002AB"
"","FallbackRenderer","DolocTown.IMonsterMoverGroundRenderer/FallbackRenderer","class","public","System.Object","DolocTown.IMonsterMoverGroundRenderer","False","False","DolocTown.IMonsterMoverGroundRenderer","8","0","0","0","0x02000F21"
"DolocTown","MonsterMoverGroundRenderer","DolocTown.MonsterMoverGroundRenderer","class","public","UnityEngine.MonoBehaviour","DolocTown.IMonsterMoverGroundRenderer","True","False","","8","0","0","0","0x020002AC"
"DolocTown","MonsterMoverGroundRendererAmoeba","DolocTown.MonsterMoverGroundRendererAmoeba","class","public","DolocTown.MonsterMoverGroundRenderer","","False","False","","10","1","1","0","0x020002AD"
"DolocTown","IMonsterMoverShuttleRenderer","DolocTown.IMonsterMoverShuttleRenderer","interface","public","","","True","False","","3","1","0","0","0x020002AE"
"","FallbackRenderer","DolocTown.IMonsterMoverShuttleRenderer/FallbackRenderer","class","public","System.Object","DolocTown.IMonsterMoverShuttleRenderer","False","False","DolocTown.IMonsterMoverShuttleRenderer","3","0","0","0","0x02000F22"
"DolocTown","MonsterMoverRendererChomper","DolocTown.MonsterMoverRendererChomper","class","public","DolocTown.MonsterMoverShuttleRenderer","","False","False","","6","1","2","0","0x020002AF"
"DolocTown","MonsterMoverShuttleRenderer","DolocTown.MonsterMoverShuttleRenderer","class","public","UnityEngine.MonoBehaviour","DolocTown.IMonsterMoverShuttleRenderer","True","False","","3","0","0","0","0x020002B0"
"DolocTown","Target","DolocTown.Target","class","public","UnityEngine.MonoBehaviour","DolocTown.IAttackable","False","False","","10","6","4","0","0x020002B1"
"DolocTown","Boom","DolocTown.Boom","class","public","DolocTown.GameEntity","","False","False","","10","9","0","0","0x020002B2"
"DolocTown","IBombInteractive","DolocTown.IBombInteractive","interface","public","","","True","False","","2","0","1","0","0x020002B3"
"DolocTown","SimpleTrigger","DolocTown.SimpleTrigger","class","public","UnityEngine.MonoBehaviour","","False","False","","4","1","1","0","0x020002B4"
"DolocTown","Bomb","DolocTown.Bomb","class","public","DolocTown.Skill","","False","False","","19","10","5","0","0x020002B5"
"DolocTown","ChomperMimicry","DolocTown.ChomperMimicry","class","public","DolocTown.Skill","DolocTown.IFellable","False","False","","9","1","3","0","0x020002B6"
"DolocTown","Firecracker","DolocTown.Firecracker","class","public","DolocTown.Skill","","False","False","","22","16","5","0","0x020002B7"
"DolocTown","Landmine","DolocTown.Landmine","class","public","DolocTown.Skill","","False","False","","17","13","4","0","0x020002B8"
"DolocTown","TimeBomb","DolocTown.TimeBomb","class","public","DolocTown.Skill","","False","False","","13","13","3","0","0x020002B9"
"DolocTown","Skill","DolocTown.Skill","class","public","DolocTown.DolocRecyclableObject","","True","False","","18","6","5","0","0x020002BA"
"DolocTown","SkillManager","DolocTown.SkillManager","class","public","System.Object","","False","False","","10","5","1","0","0x020002BB"
"DolocTown","SkillFactory","DolocTown.SkillFactory","class","public","System.Object","","False","False","","10","3","0","1","0x020002BC"
"","<>c","DolocTown.SkillFactory/<>c","class","private","System.Object","","False","True","DolocTown.SkillFactory","3","2","0","0","0x02000F23"
"DolocTown","DropItem","DolocTown.DropItem","class","public","DolocTown.DropItemBase","","False","False","","9","1","5","0","0x020002BD"
"DolocTown","DropItemBase","DolocTown.DropItemBase","class","public","DolocTown.WorldContent","","True","False","","15","3","9","0","0x020002BE"
"DolocTown","DropItemManager","DolocTown.DropItemManager","class","public","DolocTown.DataManager`1<DolocTown.DropItemBase>","","False","False","","7","0","0","0","0x020002BF"
"DolocTown","DropItemMoney","DolocTown.DropItemMoney","class","public","DolocTown.DropItemBase","","False","False","","11","1","6","0","0x020002C0"
"DolocTown","DropItemRenderer","DolocTown.DropItemRenderer","class","public","DolocTown.WorldContentRenderer","","False","False","","12","6","3","0","0x020002C1"
"DolocTown","SpecialDropItem","DolocTown.SpecialDropItem","class","public","DolocTown.DropItemBase","","False","False","","10","1","6","0","0x020002C2"
"DolocTown","Dungeon","DolocTown.Dungeon","class","public","System.Object","","False","False","","32","8","8","0","0x020002C3"
"","<>c","DolocTown.Dungeon/<>c","class","private","System.Object","","False","True","DolocTown.Dungeon","3","2","0","0","0x02000F24"
"","<>c__DisplayClass32_0","DolocTown.Dungeon/<>c__DisplayClass32_0","class","private","System.Object","","False","True","DolocTown.Dungeon","2","1","0","0","0x02000F25"
"","<>c__DisplayClass33_0","DolocTown.Dungeon/<>c__DisplayClass33_0","class","private","System.Object","","False","True","DolocTown.Dungeon","2","2","0","0","0x02000F26"
"","<>c__DisplayClass37_0","DolocTown.Dungeon/<>c__DisplayClass37_0","class","private","System.Object","","False","True","DolocTown.Dungeon","2","1","0","0","0x02000F27"
"DolocTown","DungeonManager","DolocTown.DungeonManager","class","public","System.Object","","False","False","","11","1","2","0","0x020002C4"
"DolocTown","DungeonRoom","DolocTown.DungeonRoom","class","public","DolocTown.Room","","False","False","","11","2","5","0","0x020002C5"
"DolocTown","DungeonTransitionState","DolocTown.DungeonTransitionState","class","public","DolocTown.GameStateNoInput","","False","False","","6","2","0","0","0x020002C6"
"","TransitionHelper","DolocTown.DungeonTransitionState/TransitionHelper","static class","public","System.Object","","True","True","DolocTown.DungeonTransitionState","3","2","1","0","0x02000F28"
"","<>c__DisplayClass5_0","DolocTown.DungeonTransitionState/TransitionHelper/<>c__DisplayClass5_0","class","private","System.Object","","False","True","DolocTown.DungeonTransitionState/TransitionHelper","2","1","0","0","0x0200129B"
"","<AsyncLoad>d__6","DolocTown.DungeonTransitionState/<AsyncLoad>d__6","class","private","System.Object","System.Collections.Generic.IEnumerator`1<System.Object> | System.Collections.IEnumerator | System.IDisposable","False","True","DolocTown.DungeonTransitionState","6","3","2","0","0x02000F29"
"DolocTown","DungeonHandle","DolocTown.DungeonHandle","class","public","UnityEngine.MonoBehaviour","","False","False","","5","13","1","0","0x020002C7"
"DolocTown","DungeonRoomControlMap","DolocTown.DungeonRoomControlMap","class","public","System.Object","","False","False","","1","7","0","0","0x020002C8"
"DolocTown","DungeonResourceManager","DolocTown.DungeonResourceManager","class","public","System.Object","","False","False","","18","4","4","0","0x020002C9"
"","<>c","DolocTown.DungeonResourceManager/<>c","class","private","System.Object","","False","True","DolocTown.DungeonResourceManager","4","3","0","0","0x02000F2A"
"","<>c__DisplayClass17_0","DolocTown.DungeonResourceManager/<>c__DisplayClass17_0","class","private","System.Object","","False","True","DolocTown.DungeonResourceManager","2","1","0","0","0x02000F2B"
"","<>c__DisplayClass18_0","DolocTown.DungeonResourceManager/<>c__DisplayClass18_0","class","private","System.Object","","False","True","DolocTown.DungeonResourceManager","2","1","0","0","0x02000F2C"
"","<>c__DisplayClass19_0","DolocTown.DungeonResourceManager/<>c__DisplayClass19_0","class","private","System.Object","","False","True","DolocTown.DungeonResourceManager","2","1","0","0","0x02000F2D"
"","<>c__DisplayClass20_0","DolocTown.DungeonResourceManager/<>c__DisplayClass20_0","class","private","System.Object","","False","True","DolocTown.DungeonResourceManager","2","1","0","0","0x02000F2E"
"","<>c__DisplayClass21_0","DolocTown.DungeonResourceManager/<>c__DisplayClass21_0","class","private","System.Object","","False","True","DolocTown.DungeonResourceManager","2","1","0","0","0x02000F2F"
"DolocTown","DungeonResource","DolocTown.DungeonResource","class","public","DolocTown.TerrainContent","","True","False","","68","11","20","0","0x020002CA"
"DolocTown","ResourceFellData","DolocTown.ResourceFellData","struct","public","System.ValueType","","False","True","","5","9","0","0","0x020002CB"
"DolocTown","DungeonResourceBuildingsGarbage","DolocTown.DungeonResourceBuildingsGarbage","class","public","DolocTown.DungeonResource","","False","False","","5","0","0","0","0x020002CC"
"DolocTown","DungeonResourceCrop","DolocTown.DungeonResourceCrop","class","public","DolocTown.DungeonResource","","False","False","","13","0","1","0","0x020002CD"
"DolocTown","DungeonResourceHive","DolocTown.DungeonResourceHive","class","public","DolocTown.DungeonResource","","False","False","","5","1","0","0","0x020002CE"
"DolocTown","DungeonResourceModelMechanicalGarbage","DolocTown.DungeonResourceModelMechanicalGarbage","class","public","DolocTown.DungeonResource","","False","False","","5","0","0","0","0x020002CF"
"DolocTown","DungeonResourceOre","DolocTown.DungeonResourceOre","class","public","DolocTown.DungeonResource","","False","False","","5","0","0","0","0x020002D0"
"DolocTown","DungeonResourceModelPaperBox","DolocTown.DungeonResourceModelPaperBox","class","public","DolocTown.DungeonResource","","False","False","","10","0","1","0","0x020002D1"
"DolocTown","DungeonResourceTree","DolocTown.DungeonResourceTree","class","public","DolocTown.DungeonResource","DolocTown.IDecalHost | RedSaw.IHasIndex","False","False","","18","3","6","0","0x020002D2"
"DolocTown","DungeonResourceTreeTrunk","DolocTown.DungeonResourceTreeTrunk","class","public","DolocTown.DungeonResource","","False","False","","5","0","0","0","0x020002D3"
"DolocTown","DungeonResourceWeeds","DolocTown.DungeonResourceWeeds","class","public","DolocTown.DungeonResource","DolocTown.IFeeder | DolocTown.IAnimalInteractable","False","False","","25","3","9","0","0x020002D4"
"DolocTown","DungeonResourceWeedsSmall","DolocTown.DungeonResourceWeedsSmall","class","public","DolocTown.DungeonResourceWeeds","","False","False","","7","0","0","0","0x020002D5"
"DolocTown","IFellable","DolocTown.IFellable","interface","public","","","True","False","","3","0","2","0","0x020002D6"
"DolocTown","OnewayColliderProto","DolocTown.OnewayColliderProto","class","public","System.Object","","False","False","","1","2","0","0","0x020002D7"
"DolocTown","ColliderGroupPreset","DolocTown.ColliderGroupPreset","class","public","DolocTown.DolocObject","","False","False","","3","0","0","0","0x020002D8"
"","<>c","DolocTown.ColliderGroupPreset/<>c","class","private","System.Object","","False","True","DolocTown.ColliderGroupPreset","3","2","0","0","0x02000F30"
"DolocTown","DungeonResourceRenderer","DolocTown.DungeonResourceRenderer","class","public","DolocTown.GameRendererEntity","DolocTown.IFellable | DolocTown.IAttackable | DolocTown.IWaterable | DolocTown.IInteractable | DolocTown.IWindInteractive | DolocTown.IMonsterInteractable | DolocTown.IBombInteractive | DolocTown.IAnimalTouchable","False","False","","43","8","11","0","0x020002D9"
"","<>c__DisplayClass27_0","DolocTown.DungeonResourceRenderer/<>c__DisplayClass27_0","class","private","System.Object","","False","True","DolocTown.DungeonResourceRenderer","3","5","0","0","0x02000F31"
"","<>c__DisplayClass29_0","DolocTown.DungeonResourceRenderer/<>c__DisplayClass29_0","class","private","System.Object","","False","True","DolocTown.DungeonResourceRenderer","2","2","0","0","0x02000F32"
"DolocTown","EnvObject","DolocTown.EnvObject","class","public","DolocTown.WorldContent","","True","False","","10","3","5","0","0x020002DA"
"DolocTown","EnvObjectBird","DolocTown.EnvObjectBird","class","public","DolocTown.EnvObject","","False","False","","4","0","0","0","0x020002DB"
"","<>c__DisplayClass2_0","DolocTown.EnvObjectBird/<>c__DisplayClass2_0","class","private","System.Object","","False","True","DolocTown.EnvObjectBird","2","2","0","0","0x02000F33"
"DolocTown","EnvObjectAttribute","DolocTown.EnvObjectAttribute","class","public","System.Attribute","","False","False","","1","1","0","0","0x020002DC"
"DolocTown","EnvObjectManager","DolocTown.EnvObjectManager","class","public","DolocTown.DataManager`1<DolocTown.EnvObject>","","False","False","","5","1","0","0","0x020002DD"
"DolocTown","EnvObjectRenderer","DolocTown.EnvObjectRenderer","class","public","DolocTown.WorldContentRenderer","","False","False","","12","5","2","0","0x020002DE"
"DolocTown","GuaranteedData","DolocTown.GuaranteedData","class","public","System.Object","","False","False","","10","5","1","0","0x020002DF"
"DolocTown","GuaranteedManager","DolocTown.GuaranteedManager","class","public","System.Object","","False","False","","13","1","0","0","0x020002E0"
"","<>c","DolocTown.GuaranteedManager/<>c","class","private","System.Object","","False","True","DolocTown.GuaranteedManager","6","5","0","0","0x02000F34"
"DolocTown","MissionItem","DolocTown.MissionItem","class","public","DolocTown.WorldContent","","False","False","","9","2","4","0","0x020002E1"
"DolocTown","MissionItemManager","DolocTown.MissionItemManager","class","public","System.Object","","False","False","","5","1","1","0","0x020002E2"
"DolocTown","MissionItemRenderer","DolocTown.MissionItemRenderer","class","public","DolocTown.WorldContentRenderer","","False","False","","7","1","1","0","0x020002E3"
"DolocTown","LuminousPlant","DolocTown.LuminousPlant","class","public","DolocTown.SceneLight","","False","False","","5","3","0","0","0x020002E4"
"DolocTown","TyphaBulb","DolocTown.TyphaBulb","class","public","DolocTown.LuminousPlant","DolocTown.IInteractable","False","False","","12","5","2","0","0x020002E5"
"DolocTown","ResourceManager","DolocTown.ResourceManager","class","public","System.Object","","False","False","","15","3","3","0","0x020002E6"
"DolocTown","ILuminous","DolocTown.ILuminous","interface","public","","","True","False","","3","0","0","0","0x020002E7"
"DolocTown","Vegetation","DolocTown.Vegetation","class","public","DolocTown.TerrainContent","","True","False","","40","3","11","0","0x020002E8"
"DolocTown","VegetationBerryThicket","DolocTown.VegetationBerryThicket","class","public","DolocTown.VegetationGrow","","False","False","","9","0","1","0","0x020002E9"
"DolocTown","VegetationCrop","DolocTown.VegetationCrop","class","public","DolocTown.VegetationGrow","","False","False","","10","0","1","0","0x020002EA"
"DolocTown","VegetationDandelion","DolocTown.VegetationDandelion","class","public","DolocTown.VegetationGrow","","False","False","","12","0","3","0","0x020002EB"
"DolocTown","VegetationDecorator","DolocTown.VegetationDecorator","class","public","DolocTown.Vegetation","","False","False","","4","1","2","0","0x020002EC"
"DolocTown","VegetationGrow","DolocTown.VegetationGrow","class","public","DolocTown.Vegetation","","False","False","","17","4","6","0","0x020002ED"
"DolocTown","VegetationGrowLuminous","DolocTown.VegetationGrowLuminous","class","public","DolocTown.VegetationGrow","DolocTown.ILuminous","False","False","","16","2","2","0","0x020002EE"
"DolocTown","VegetationLuminous","DolocTown.VegetationLuminous","class","public","DolocTown.Vegetation","DolocTown.ILuminous","False","False","","15","3","2","0","0x020002EF"
"DolocTown","VegetationManager","DolocTown.VegetationManager","class","public","DolocTown.TerrainDataManager`1<DolocTown.Vegetation>","","False","False","","11","3","2","0","0x020002F0"
"","<>c__DisplayClass1_0","DolocTown.VegetationManager/<>c__DisplayClass1_0","class","private","System.Object","","False","True","DolocTown.VegetationManager","2","1","0","0","0x02000F35"
"","<>c","DolocTown.VegetationManager/<>c","class","private","System.Object","","False","True","DolocTown.VegetationManager","3","2","0","0","0x02000F36"
"DolocTown","VegetationRenderer","DolocTown.VegetationRenderer","class","public","DolocTown.GameRendererEntity","DolocTown.IAttackable | DolocTown.IFellable | DolocTown.IInteractable | DolocTown.IWindInteractive | DolocTown.IBombInteractive | DolocTown.IMonsterInteractable","False","False","","29","4","9","0","0x020002F1"
"DolocTown","Animal","DolocTown.Animal","class","public","System.Object","RedSaw.IHasIndex","False","False","","161","42","56","0","0x020002F2"
"","<>c__DisplayClass136_0","DolocTown.Animal/<>c__DisplayClass136_0","class","private","System.Object","","False","True","DolocTown.Animal","3","3","0","0","0x02000F37"
"DolocTown","AnimalController","DolocTown.AnimalController","class","public","RedSaw.AI.LinearTask.DecisionMaker","","False","False","","8","3","1","0","0x020002F3"
"","RoomSearcher","DolocTown.AnimalController/RoomSearcher","class","private","System.Object","","False","False","DolocTown.AnimalController","4","1","2","0","0x02000F38"
"DolocTown","AnimalMatureType","DolocTown.AnimalMatureType","enum","public","System.Enum","","False","True","","0","4","0","0","0x020002F4"
"DolocTown","AnimalData","DolocTown.AnimalData","struct","public","System.ValueType","","False","True","","5","11","2","0","0x020002F5"
"DolocTown","AnimalManager","DolocTown.AnimalManager","class","public","System.Object","","False","False","","8","1","1","0","0x020002F6"
"","<>c__DisplayClass9_0","DolocTown.AnimalManager/<>c__DisplayClass9_0","class","private","System.Object","","False","True","DolocTown.AnimalManager","2","1","0","0","0x02000F39"
"DolocTown","AnimalSystem","DolocTown.AnimalSystem","class","public","System.Object","","False","False","","22","3","2","0","0x020002F7"
"","<>c","DolocTown.AnimalSystem/<>c","class","private","System.Object","","False","True","DolocTown.AnimalSystem","3","2","0","0","0x02000F3A"
"DolocTown","AnimalWatchDog","DolocTown.AnimalWatchDog","class","public","System.Object","","False","False","","1","0","0","0","0x020002F8"
"DolocTown","AnimalMap","DolocTown.AnimalMap","class","public","System.Object","","False","False","","20","7","1","0","0x020002F9"
"","<get_AllAreas>d__8","DolocTown.AnimalMap/<get_AllAreas>d__8","class","private","System.Object","System.Collections.Generic.IEnumerable`1<UnityEngine.RectInt> | System.Collections.IEnumerable | System.Collections.Generic.IEnumerator`1<UnityEngine.RectInt> | System.Collections.IEnumerator | System.IDisposable","False","True","DolocTown.AnimalMap","9","5","2","0","0x02000F3B"
"","<>c__DisplayClass12_0","DolocTown.AnimalMap/<>c__DisplayClass12_0","class","private","System.Object","","False","True","DolocTown.AnimalMap","3","3","0","0","0x02000F3C"
"","<>c","DolocTown.AnimalMap/<>c","class","private","System.Object","","False","True","DolocTown.AnimalMap","8","7","0","0","0x02000F3D"
"","<FromBuilding>d__24","DolocTown.AnimalMap/<FromBuilding>d__24","class","private","System.Object","System.Collections.Generic.IEnumerable`1<DolocTown.AnimalStair> | System.Collections.IEnumerable | System.Collections.Generic.IEnumerator`1<DolocTown.AnimalStair> | System.Collections.IEnumerator | System.IDisposable","False","True","DolocTown.AnimalMap","10","6","2","0","0x02000F3E"
"","<FromBuildingFloor>d__25","DolocTown.AnimalMap/<FromBuildingFloor>d__25","class","private","System.Object","System.Collections.Generic.IEnumerable`1<DolocTown.AnimalStair> | System.Collections.IEnumerable | System.Collections.Generic.IEnumerator`1<DolocTown.AnimalStair> | System.Collections.IEnumerator | System.IDisposable","False","True","DolocTown.AnimalMap","9","6","2","0","0x02000F3F"
"","<FromBuildingCeiling>d__26","DolocTown.AnimalMap/<FromBuildingCeiling>d__26","class","private","System.Object","System.Collections.Generic.IEnumerable`1<DolocTown.AnimalStair> | System.Collections.IEnumerable | System.Collections.Generic.IEnumerator`1<DolocTown.AnimalStair> | System.Collections.IEnumerator | System.IDisposable","False","True","DolocTown.AnimalMap","9","6","2","0","0x02000F40"
"","<LineToStairs>d__27","DolocTown.AnimalMap/<LineToStairs>d__27","class","private","System.Object","System.Collections.Generic.IEnumerable`1<DolocTown.AnimalStair> | System.Collections.IEnumerable | System.Collections.Generic.IEnumerator`1<DolocTown.AnimalStair> | System.Collections.IEnumerator | System.IDisposable","False","True","DolocTown.AnimalMap","8","7","2","0","0x02000F41"
"DolocTown","AnimalStair","DolocTown.AnimalStair","struct","public","System.ValueType","","False","True","","13","3","3","0","0x020002FA"
"DolocTown","AnimalEvent","DolocTown.AnimalEvent","class","public","System.Object","","False","False","","8","3","3","0","0x020002FB"
"DolocTown","AnimalEventType","DolocTown.AnimalEventType","enum","public","System.Enum","","False","True","","0","2","0","0","0x020002FC"
"DolocTown","IAnimalFence","DolocTown.IAnimalFence","interface","public","","","True","False","","1","0","1","0","0x020002FD"
"DolocTown","IAnimalHoneyComb","DolocTown.IAnimalHoneyComb","interface","public","","DolocTown.IAnimalInteractable","True","False","","2","0","1","0","0x020002FE"
"DolocTown","IAnimalInteractable","DolocTown.IAnimalInteractable","interface","public","","","True","False","","7","0","5","0","0x020002FF"
"DolocTown","IAnimalLintRoller","DolocTown.IAnimalLintRoller","interface","public","","DolocTown.IAnimalInteractable","True","False","","2","0","1","0","0x02000300"
"DolocTown","IAnimalLivestockNursery","DolocTown.IAnimalLivestockNursery","interface","public","","DolocTown.IAnimalInteractable","True","False","","2","0","1","0","0x02000301"
"DolocTown","IAnimalMilkingMachine","DolocTown.IAnimalMilkingMachine","interface","public","","DolocTown.IAnimalInteractable","True","False","","3","0","2","0","0x02000302"
"DolocTown","IAnimalMoodAffector","DolocTown.IAnimalMoodAffector","interface","public","","","True","False","","1","0","1","0","0x02000303"
"DolocTown","IAnimalPathFinder","DolocTown.IAnimalPathFinder","interface","public","","","True","False","","2","0","0","0","0x02000304"
"DolocTown","IAnimalToilet","DolocTown.IAnimalToilet","interface","public","","DolocTown.IAnimalInteractable","True","False","","2","0","1","0","0x02000305"
"DolocTown","IAnimalTouchable","DolocTown.IAnimalTouchable","interface","public","","","True","False","","2","0","0","0","0x02000306"
"DolocTown","IFeeder","DolocTown.IFeeder","interface","public","","DolocTown.IAnimalInteractable","True","False","","5","0","2","0","0x02000307"
"","<>c__DisplayClass6_0","DolocTown.IFeeder/<>c__DisplayClass6_0","class","private","System.Object","","False","True","DolocTown.IFeeder","3","3","0","0","0x02000F42"
"DolocTown","AnimalPathFinderDebugger","DolocTown.AnimalPathFinderDebugger","class","public","UnityEngine.MonoBehaviour","","False","False","","19","12","3","0","0x02000308"
"DolocTown","AnimalPathFinderForRoom","DolocTown.AnimalPathFinderForRoom","class","public","System.Object","","False","False","","5","3","0","0","0x02000309"
"DolocTown","AnimalPathFinderManager","DolocTown.AnimalPathFinderManager","class","public","System.Object","","False","False","","5","1","0","0","0x0200030A"
"DolocTown","AnimalPathFinderUtils","DolocTown.AnimalPathFinderUtils","static class","public","System.Object","","True","True","","1","0","0","0","0x0200030B"
"DolocTown","AnimalRoomSearcher","DolocTown.AnimalRoomSearcher","class","public","System.Object","","False","False","","3","1","0","0","0x0200030C"
"DolocTown","AnimalPathFinder","DolocTown.AnimalPathFinder","class","public","RedSaw.AI.AStarBase","DolocTown.IAnimalPathFinder","False","False","","4","1","0","0","0x0200030D"
"DolocTown","AnimalPathFinderStair","DolocTown.AnimalPathFinderStair","class","public","RedSaw.AI.AStarBase","","False","False","","8","3","0","0","0x0200030E"
"","<>c","DolocTown.AnimalPathFinderStair/<>c","class","private","System.Object","","False","True","DolocTown.AnimalPathFinderStair","3","2","0","0","0x02000F43"
"DolocTown","AnimalPathFinderWidth","DolocTown.AnimalPathFinderWidth","class","public","RedSaw.AI.AStarBase","DolocTown.IAnimalPathFinder","False","False","","8","2","0","0","0x0200030F"
"DolocTown","AnimalJumper","DolocTown.AnimalJumper","class","public","System.Object","","False","False","","4","5","1","0","0x02000310"
"DolocTown","AnimalMover","DolocTown.AnimalMover","class","public","System.Object","","False","False","","7","8","2","0","0x02000311"
"DolocTown","AnimalRenderer","DolocTown.AnimalRenderer","class","public","DolocTown.GameRendererEntity","DolocTown.IFellable | DolocTown.IInteractable","False","False","","55","14","18","0","0x02000312"
"DolocTown","AnimalAI","DolocTown.AnimalAI","class","public","RedSaw.AI.StateMachine.StateMachine","","False","False","","5","1","0","0","0x02000313"
"","Chicken_FreeTimeState","DolocTown.AnimalAI/Chicken_FreeTimeState","class","public","DolocTown.AnimalAI/AnimalAIState","","False","False","DolocTown.AnimalAI","3","1","0","0","0x02000F44"
"","Chicken_MetabolismState","DolocTown.AnimalAI/Chicken_MetabolismState","class","public","DolocTown.AnimalAI/AnimalAIState","","False","False","DolocTown.AnimalAI","4","1","0","0","0x02000F45"
"","AnimalAIState","DolocTown.AnimalAI/AnimalAIState","class","public","RedSaw.AI.StateMachine.State","","True","False","DolocTown.AnimalAI","29","5","2","0","0x02000F46"
"","<>c__DisplayClass11_0","DolocTown.AnimalAI/AnimalAIState/<>c__DisplayClass11_0","class","private","System.Object","","False","True","DolocTown.AnimalAI/AnimalAIState","2","1","0","0","0x0200129C"
"","<>c__DisplayClass11_1","DolocTown.AnimalAI/AnimalAIState/<>c__DisplayClass11_1","class","private","System.Object","","False","True","DolocTown.AnimalAI/AnimalAIState","3","1","0","0","0x0200129D"
"","<>c__DisplayClass11_2","DolocTown.AnimalAI/AnimalAIState/<>c__DisplayClass11_2","class","private","System.Object","","False","True","DolocTown.AnimalAI/AnimalAIState","2","1","0","0","0x0200129E"
"","<>c","DolocTown.AnimalAI/AnimalAIState/<>c","class","private","System.Object","","False","True","DolocTown.AnimalAI/AnimalAIState","10","9","0","0","0x0200129F"
"","<>c__DisplayClass12_0","DolocTown.AnimalAI/AnimalAIState/<>c__DisplayClass12_0","class","private","System.Object","","False","True","DolocTown.AnimalAI/AnimalAIState","2","1","0","0","0x020012A0"
"","<>c__DisplayClass12_1","DolocTown.AnimalAI/AnimalAIState/<>c__DisplayClass12_1","class","private","System.Object","","False","True","DolocTown.AnimalAI/AnimalAIState","2","1","0","0","0x020012A1"
"","<>c__DisplayClass13_0","DolocTown.AnimalAI/AnimalAIState/<>c__DisplayClass13_0","class","private","System.Object","","False","True","DolocTown.AnimalAI/AnimalAIState","2","1","0","0","0x020012A2"
"","<>c__DisplayClass13_1","DolocTown.AnimalAI/AnimalAIState/<>c__DisplayClass13_1","class","private","System.Object","","False","True","DolocTown.AnimalAI/AnimalAIState","3","2","0","0","0x020012A3"
"","<>c__DisplayClass14_0","DolocTown.AnimalAI/AnimalAIState/<>c__DisplayClass14_0","class","private","System.Object","","False","True","DolocTown.AnimalAI/AnimalAIState","2","1","0","0","0x020012A4"
"","<>c__DisplayClass14_1","DolocTown.AnimalAI/AnimalAIState/<>c__DisplayClass14_1","class","private","System.Object","","False","True","DolocTown.AnimalAI/AnimalAIState","2","2","0","0","0x020012A5"
"","<>c__DisplayClass15_0","DolocTown.AnimalAI/AnimalAIState/<>c__DisplayClass15_0","class","private","System.Object","","False","True","DolocTown.AnimalAI/AnimalAIState","2","1","0","0","0x020012A6"
"","<>c__DisplayClass15_1","DolocTown.AnimalAI/AnimalAIState/<>c__DisplayClass15_1","class","private","System.Object","","False","True","DolocTown.AnimalAI/AnimalAIState","2","2","0","0","0x020012A7"
"","<>c__DisplayClass16_0","DolocTown.AnimalAI/AnimalAIState/<>c__DisplayClass16_0","class","private","System.Object","","False","True","DolocTown.AnimalAI/AnimalAIState","2","1","0","0","0x020012A8"
"","<>c__DisplayClass16_1","DolocTown.AnimalAI/AnimalAIState/<>c__DisplayClass16_1","class","private","System.Object","","False","True","DolocTown.AnimalAI/AnimalAIState","2","2","0","0","0x020012A9"
"","<>c__DisplayClass17_0","DolocTown.AnimalAI/AnimalAIState/<>c__DisplayClass17_0","class","private","System.Object","","False","True","DolocTown.AnimalAI/AnimalAIState","2","2","0","0","0x020012AA"
"","<>c__DisplayClass18_0","DolocTown.AnimalAI/AnimalAIState/<>c__DisplayClass18_0","class","private","System.Object","","False","True","DolocTown.AnimalAI/AnimalAIState","2","1","0","0","0x020012AB"
"","<>c__DisplayClass18_1","DolocTown.AnimalAI/AnimalAIState/<>c__DisplayClass18_1","class","private","System.Object","","False","True","DolocTown.AnimalAI/AnimalAIState","2","2","0","0","0x020012AC"
"","Goat_FreeTimeState","DolocTown.AnimalAI/Goat_FreeTimeState","class","public","DolocTown.AnimalAI/AnimalAIState","","False","False","DolocTown.AnimalAI","3","0","0","0","0x02000F47"
"","Goat_MetabolismState","DolocTown.AnimalAI/Goat_MetabolismState","class","public","DolocTown.AnimalAI/AnimalAIState","","False","False","DolocTown.AnimalAI","4","1","0","0","0x02000F48"
"","Slime_FreeTimeState","DolocTown.AnimalAI/Slime_FreeTimeState","class","public","DolocTown.AnimalAI/AnimalAIState","","False","False","DolocTown.AnimalAI","3","1","0","0","0x02000F49"
"","Slime_MetabolismState","DolocTown.AnimalAI/Slime_MetabolismState","class","public","DolocTown.AnimalAI/AnimalAIState","","False","False","DolocTown.AnimalAI","3","0","0","0","0x02000F4A"
"","MarshPangolin_FreeTimeState","DolocTown.AnimalAI/MarshPangolin_FreeTimeState","class","public","DolocTown.AnimalAI/AnimalAIState","","False","False","DolocTown.AnimalAI","3","0","0","0","0x02000F4B"
"","MarshPangolin_MetabolismState","DolocTown.AnimalAI/MarshPangolin_MetabolismState","class","public","DolocTown.AnimalAI/AnimalAIState","","False","False","DolocTown.AnimalAI","4","1","0","0","0x02000F4C"
"","Normal_FreeTimeState","DolocTown.AnimalAI/Normal_FreeTimeState","class","public","DolocTown.AnimalAI/AnimalAIState","","False","False","DolocTown.AnimalAI","3","0","0","0","0x02000F4D"
"","Normal_BreedState","DolocTown.AnimalAI/Normal_BreedState","class","public","DolocTown.AnimalAI/AnimalAIState","","False","False","DolocTown.AnimalAI","3","0","0","0","0x02000F4E"
"","Normal_ExcreteState","DolocTown.AnimalAI/Normal_ExcreteState","class","public","DolocTown.AnimalAI/AnimalAIState","","False","False","DolocTown.AnimalAI","3","0","0","0","0x02000F4F"
"","Normal_HungryState","DolocTown.AnimalAI/Normal_HungryState","class","public","DolocTown.AnimalAI/AnimalAIState","","False","False","DolocTown.AnimalAI","3","0","0","0","0x02000F50"
"","Normal_SleepState","DolocTown.AnimalAI/Normal_SleepState","class","public","DolocTown.AnimalAI/AnimalAIState","","False","False","DolocTown.AnimalAI","4","0","0","0","0x02000F51"
"DolocTown","AnimalWork","DolocTown.AnimalWork","class","public","System.Object","","True","False","","4","0","2","0","0x02000314"
"DolocTown","AnimalWorkGroup","DolocTown.AnimalWorkGroup","class","public","DolocTown.AnimalWork","","False","False","","7","2","3","0","0x02000315"
"DolocTown","AnimalWork_BuildChickenNest","DolocTown.AnimalWork_BuildChickenNest","class","public","DolocTown.AnimalWork","","False","False","","3","0","1","0","0x02000316"
"DolocTown","AnimalWork_EnterAnotherRoom","DolocTown.AnimalWork_EnterAnotherRoom","class","public","DolocTown.AnimalWork","","False","False","","5","3","1","0","0x02000317"
"","AnotherRoomType","DolocTown.AnimalWork_EnterAnotherRoom/AnotherRoomType","enum","private","System.Enum","","False","True","DolocTown.AnimalWork_EnterAnotherRoom","0","6","0","0","0x02000F52"
"DolocTown","AnimalWork_EnterRoom","DolocTown.AnimalWork_EnterRoom","class","public","DolocTown.AnimalWork","","False","False","","4","4","1","0","0x02000318"
"DolocTown","AnimalWork_Log","DolocTown.AnimalWork_Log","class","public","DolocTown.AnimalWork","","False","False","","4","1","1","0","0x02000319"
"DolocTown","AnimalWork_Move","DolocTown.AnimalWork_Move","class","public","DolocTown.AnimalWork","","False","False","","5","1","2","0","0x0200031A"
"","TargetType","DolocTown.AnimalWork_Move/TargetType","enum","private","System.Enum","","False","True","DolocTown.AnimalWork_Move","0","3","0","0","0x02000F53"
"DolocTown","AnimalWork_SearchChickenNestToProduce","DolocTown.AnimalWork_SearchChickenNestToProduce","class","public","DolocTown.AnimalWork","","False","False","","3","0","1","0","0x0200031B"
"DolocTown","AnimalWork_SearchFoodToEat","DolocTown.AnimalWork_SearchFoodToEat","class","public","DolocTown.AnimalWork","","False","False","","4","0","1","0","0x0200031C"
"","<>c__DisplayClass2_0","DolocTown.AnimalWork_SearchFoodToEat/<>c__DisplayClass2_0","class","private","System.Object","","False","True","DolocTown.AnimalWork_SearchFoodToEat","2","1","0","0","0x02000F54"
"","<>c__DisplayClass2_1","DolocTown.AnimalWork_SearchFoodToEat/<>c__DisplayClass2_1","class","private","System.Object","","False","True","DolocTown.AnimalWork_SearchFoodToEat","2","1","0","0","0x02000F55"
"","<>c","DolocTown.AnimalWork_SearchFoodToEat/<>c","class","private","System.Object","","False","True","DolocTown.AnimalWork_SearchFoodToEat","4","3","0","0","0x02000F56"
"DolocTown","AnimalWork_SearchHoneyCombToProduce","DolocTown.AnimalWork_SearchHoneyCombToProduce","class","public","DolocTown.AnimalWork","","False","False","","4","1","1","0","0x0200031D"
"","<>c__DisplayClass3_0","DolocTown.AnimalWork_SearchHoneyCombToProduce/<>c__DisplayClass3_0","class","private","System.Object","","False","True","DolocTown.AnimalWork_SearchHoneyCombToProduce","2","2","0","0","0x02000F57"
"","<>c__DisplayClass3_1","DolocTown.AnimalWork_SearchHoneyCombToProduce/<>c__DisplayClass3_1","class","private","System.Object","","False","True","DolocTown.AnimalWork_SearchHoneyCombToProduce","2","2","0","0","0x02000F58"
"","<>c","DolocTown.AnimalWork_SearchHoneyCombToProduce/<>c","class","private","System.Object","","False","True","DolocTown.AnimalWork_SearchHoneyCombToProduce","3","2","0","0","0x02000F59"
"DolocTown","AnimalWork_SearchLivestockNurseryToBreed","DolocTown.AnimalWork_SearchLivestockNurseryToBreed","class","public","DolocTown.AnimalWork","","False","False","","3","0","1","0","0x0200031E"
"","<>c__DisplayClass2_0","DolocTown.AnimalWork_SearchLivestockNurseryToBreed/<>c__DisplayClass2_0","class","private","System.Object","","False","True","DolocTown.AnimalWork_SearchLivestockNurseryToBreed","2","1","0","0","0x02000F5A"
"","<>c__DisplayClass2_1","DolocTown.AnimalWork_SearchLivestockNurseryToBreed/<>c__DisplayClass2_1","class","private","System.Object","","False","True","DolocTown.AnimalWork_SearchLivestockNurseryToBreed","3","2","0","0","0x02000F5B"
"","<>c","DolocTown.AnimalWork_SearchLivestockNurseryToBreed/<>c","class","private","System.Object","","False","True","DolocTown.AnimalWork_SearchLivestockNurseryToBreed","3","2","0","0","0x02000F5C"
"DolocTown","AnimalWork_SearchToiletToExcrete","DolocTown.AnimalWork_SearchToiletToExcrete","class","public","DolocTown.AnimalWork","","False","False","","3","0","1","0","0x0200031F"
"","<>c__DisplayClass2_0","DolocTown.AnimalWork_SearchToiletToExcrete/<>c__DisplayClass2_0","class","private","System.Object","","False","True","DolocTown.AnimalWork_SearchToiletToExcrete","2","1","0","0","0x02000F5D"
"","<>c__DisplayClass2_1","DolocTown.AnimalWork_SearchToiletToExcrete/<>c__DisplayClass2_1","class","private","System.Object","","False","True","DolocTown.AnimalWork_SearchToiletToExcrete","2","1","0","0","0x02000F5E"
"","<>c","DolocTown.AnimalWork_SearchToiletToExcrete/<>c","class","private","System.Object","","False","True","DolocTown.AnimalWork_SearchToiletToExcrete","3","2","0","0","0x02000F5F"
"DolocTown","AnimalWork_Sleep","DolocTown.AnimalWork_Sleep","class","public","DolocTown.AnimalWork","","False","False","","3","0","1","0","0x02000320"
"DolocTown","AnimalWork_Default","DolocTown.AnimalWork_Default","class","public","DolocTown.AnimalWork","","False","False","","3","1","1","0","0x02000321"
"DolocTown","AnimalWork_WakeUp","DolocTown.AnimalWork_WakeUp","class","public","DolocTown.AnimalWork","","False","False","","3","0","1","0","0x02000322"
"DolocTown","AnimalTask","DolocTown.AnimalTask","class","public","RedSaw.AI.LinearTask.LinearTask","","True","False","","3","1","0","0","0x02000323"
"DolocTown","AnimalTaskHelper","DolocTown.AnimalTaskHelper","static class","public","System.Object","","True","True","","14","0","0","0","0x02000324"
"","<>c__DisplayClass0_0","DolocTown.AnimalTaskHelper/<>c__DisplayClass0_0","class","private","System.Object","","False","True","DolocTown.AnimalTaskHelper","2","1","0","0","0x02000F60"
"DolocTown","AnimalEat","DolocTown.AnimalEat","class","public","DolocTown.AnimalTask_HandleInteractable","","False","False","","3","4","0","0","0x02000325"
"DolocTown","AnimalEmotion","DolocTown.AnimalEmotion","class","public","DolocTown.AnimalTask","","False","False","","2","1","0","0","0x02000326"
"DolocTown","AnimalEnterRoom","DolocTown.AnimalEnterRoom","class","public","DolocTown.AnimalTask","","False","False","","2","1","0","0","0x02000327"
"DolocTown","AnimalExcrete","DolocTown.AnimalExcrete","class","public","DolocTown.AnimalTask_HandleInteractable","","False","False","","3","2","0","0","0x02000328"
"DolocTown","AnimalJump","DolocTown.AnimalJump","class","public","DolocTown.AnimalTask","","False","False","","2","2","0","0","0x02000329"
"DolocTown","AnimalMove","DolocTown.AnimalMove","class","public","DolocTown.AnimalTask","","False","False","","3","3","0","0","0x0200032A"
"DolocTown","AnimalTask_HandleInteractable","DolocTown.AnimalTask_HandleInteractable","class","public","DolocTown.AnimalTask","","True","False","","5","1","0","0","0x0200032B"
"DolocTown","AnimalWink","DolocTown.AnimalWink","class","public","DolocTown.AnimalTask","","False","False","","3","1","0","0","0x0200032C"
"DolocTown","AnimalMapForBuilding","DolocTown.AnimalMapForBuilding","class","public","System.Object","","False","False","","5","2","1","0","0x0200032D"
"","<>c","DolocTown.AnimalMapForBuilding/<>c","class","private","System.Object","","False","True","DolocTown.AnimalMapForBuilding","3","2","0","0","0x02000F61"
"DolocTown","AnimalRoomEnv","DolocTown.AnimalRoomEnv","class","public","System.Object","","False","False","","16","3","2","0","0x0200032E"
"DolocTown","AnimalUtils","DolocTown.AnimalUtils","static class","public","System.Object","","True","True","","25","4","3","0","0x0200032F"
"","<>c","DolocTown.AnimalUtils/<>c","class","private","System.Object","","False","True","DolocTown.AnimalUtils","5","4","0","0","0x02000F62"
"","<GetAllFencePositions>d__8","DolocTown.AnimalUtils/<GetAllFencePositions>d__8","class","private","System.Object","System.Collections.Generic.IEnumerable`1<UnityEngine.Vector2Int> | System.Collections.IEnumerable | System.Collections.Generic.IEnumerator`1<UnityEngine.Vector2Int> | System.Collections.IEnumerator | System.IDisposable","False","True","DolocTown.AnimalUtils","10","7","2","0","0x02000F63"
"","<>c__DisplayClass12_0","DolocTown.AnimalUtils/<>c__DisplayClass12_0","class","private","System.Object","","False","True","DolocTown.AnimalUtils","5","3","0","0","0x02000F64"
"","<>c__DisplayClass19_0","DolocTown.AnimalUtils/<>c__DisplayClass19_0","class","private","System.Object","","False","True","DolocTown.AnimalUtils","2","1","0","0","0x02000F65"
"DolocTown","AutomateBot","DolocTown.AutomateBot","class","public","System.Object","","False","False","","53","15","24","0","0x02000330"
"","<>c__DisplayClass8_0","DolocTown.AutomateBot/<>c__DisplayClass8_0","class","private","System.Object","","False","True","DolocTown.AutomateBot","2","1","0","0","0x02000F66"
"DolocTown","AutomateBotChargeRenderer","DolocTown.AutomateBotChargeRenderer","class","public","DolocTown.GameEntity","","False","False","","8","1","3","0","0x02000331"
"DolocTown","AutomateBotRenderer","DolocTown.AutomateBotRenderer","class","public","DolocTown.GameEntity","RedSaw.Physical.ISteeringParamsProvider","False","False","","34","12","15","0","0x02000332"
"DolocTown","IAutomateBotManager","DolocTown.IAutomateBotManager","interface","public","","","True","False","","4","0","3","0","0x02000333"
"DolocTown","AutomateSystem","DolocTown.AutomateSystem","class","public","System.Object","","False","False","","13","4","1","0","0x02000334"
"","<>c","DolocTown.AutomateSystem/<>c","class","private","System.Object","","False","True","DolocTown.AutomateSystem","3","2","0","0","0x02000F67"
"DolocTown","AutomateBotDecisionMaker","DolocTown.AutomateBotDecisionMaker","class","public","RedSaw.AI.LinearTask.DecisionMaker","","True","False","","53","4","21","0","0x02000335"
"","IdleMode","DolocTown.AutomateBotDecisionMaker/IdleMode","enum","protected","System.Enum","","False","True","DolocTown.AutomateBotDecisionMaker","0","3","0","0","0x02000F68"
"","<>c__DisplayClass2_0","DolocTown.AutomateBotDecisionMaker/<>c__DisplayClass2_0","class","private","System.Object","","False","True","DolocTown.AutomateBotDecisionMaker","2","2","0","0","0x02000F69"
"","<>c__DisplayClass2_1","DolocTown.AutomateBotDecisionMaker/<>c__DisplayClass2_1","class","private","System.Object","","False","True","DolocTown.AutomateBotDecisionMaker","2","2","0","0","0x02000F6A"
"","<>c__DisplayClass7_0","DolocTown.AutomateBotDecisionMaker/<>c__DisplayClass7_0","class","private","System.Object","","False","True","DolocTown.AutomateBotDecisionMaker","2","1","0","0","0x02000F6B"
"","<>c__DisplayClass11_0","DolocTown.AutomateBotDecisionMaker/<>c__DisplayClass11_0","class","private","System.Object","","False","True","DolocTown.AutomateBotDecisionMaker","2","2","0","0","0x02000F6C"
"","<>c__DisplayClass12_0","DolocTown.AutomateBotDecisionMaker/<>c__DisplayClass12_0","class","private","System.Object","","False","True","DolocTown.AutomateBotDecisionMaker","2","2","0","0","0x02000F6D"
"","<>c__DisplayClass13_0","DolocTown.AutomateBotDecisionMaker/<>c__DisplayClass13_0","class","private","System.Object","","False","True","DolocTown.AutomateBotDecisionMaker","2","1","0","0","0x02000F6E"
"","<>c","DolocTown.AutomateBotDecisionMaker/<>c","class","private","System.Object","","False","True","DolocTown.AutomateBotDecisionMaker","4","3","0","0","0x02000F6F"
"","<>c__DisplayClass24_0`1","DolocTown.AutomateBotDecisionMaker/<>c__DisplayClass24_0`1","class","private","System.Object","","False","True","DolocTown.AutomateBotDecisionMaker","2","2","0","0","0x02000F70"
"DolocTown","AutomateBotDecisionMakerEmpty","DolocTown.AutomateBotDecisionMakerEmpty","class","public","DolocTown.AutomateBotDecisionMaker","","False","False","","2","0","0","0","0x02000336"
"DolocTown","AutomateBotDecisionMakerFarming","DolocTown.AutomateBotDecisionMakerFarming","class","public","DolocTown.AutomateBotDecisionMaker","","False","False","","31","3","0","0","0x02000337"
"","<>c__DisplayClass6_0","DolocTown.AutomateBotDecisionMakerFarming/<>c__DisplayClass6_0","class","private","System.Object","","False","True","DolocTown.AutomateBotDecisionMakerFarming","2","2","0","0","0x02000F71"
"","<>c__DisplayClass8_0","DolocTown.AutomateBotDecisionMakerFarming/<>c__DisplayClass8_0","class","private","System.Object","","False","True","DolocTown.AutomateBotDecisionMakerFarming","2","3","0","0","0x02000F72"
"","<>c","DolocTown.AutomateBotDecisionMakerFarming/<>c","class","private","System.Object","","False","True","DolocTown.AutomateBotDecisionMakerFarming","11","10","0","0","0x02000F73"
"","<>c__DisplayClass9_0","DolocTown.AutomateBotDecisionMakerFarming/<>c__DisplayClass9_0","class","private","System.Object","","False","True","DolocTown.AutomateBotDecisionMakerFarming","2","1","0","0","0x02000F74"
"","<>c__DisplayClass10_0","DolocTown.AutomateBotDecisionMakerFarming/<>c__DisplayClass10_0","class","private","System.Object","","False","True","DolocTown.AutomateBotDecisionMakerFarming","3","2","0","0","0x02000F75"
"","<>c__DisplayClass12_0","DolocTown.AutomateBotDecisionMakerFarming/<>c__DisplayClass12_0","class","private","System.Object","","False","True","DolocTown.AutomateBotDecisionMakerFarming","2","3","0","0","0x02000F76"
"","<>c__DisplayClass13_0","DolocTown.AutomateBotDecisionMakerFarming/<>c__DisplayClass13_0","class","private","System.Object","","False","True","DolocTown.AutomateBotDecisionMakerFarming","2","1","0","0","0x02000F77"
"","<>c__DisplayClass16_0","DolocTown.AutomateBotDecisionMakerFarming/<>c__DisplayClass16_0","class","private","System.Object","","False","True","DolocTown.AutomateBotDecisionMakerFarming","2","1","0","0","0x02000F78"
"","<>c__DisplayClass17_0","DolocTown.AutomateBotDecisionMakerFarming/<>c__DisplayClass17_0","class","private","System.Object","","False","True","DolocTown.AutomateBotDecisionMakerFarming","3","4","0","0","0x02000F79"
"","<>c__DisplayClass20_0","DolocTown.AutomateBotDecisionMakerFarming/<>c__DisplayClass20_0","class","private","System.Object","","False","True","DolocTown.AutomateBotDecisionMakerFarming","2","1","0","0","0x02000F7A"
"","<>c__DisplayClass26_0","DolocTown.AutomateBotDecisionMakerFarming/<>c__DisplayClass26_0","class","private","System.Object","","False","True","DolocTown.AutomateBotDecisionMakerFarming","2","1","0","0","0x02000F7B"
"DolocTown","AutomateBotDecisionMakerFilling","DolocTown.AutomateBotDecisionMakerFilling","class","public","DolocTown.AutomateBotDecisionMaker","","False","False","","19","4","0","0","0x02000338"
"","<>c__DisplayClass6_0","DolocTown.AutomateBotDecisionMakerFilling/<>c__DisplayClass6_0","class","private","System.Object","","False","True","DolocTown.AutomateBotDecisionMakerFilling","3","2","0","0","0x02000F7C"
"DolocTown","AutomateBotDecisionMakerGathering","DolocTown.AutomateBotDecisionMakerGathering","class","public","DolocTown.AutomateBotDecisionMaker","","False","False","","15","2","0","0","0x02000339"
"","<>c__DisplayClass5_0","DolocTown.AutomateBotDecisionMakerGathering/<>c__DisplayClass5_0","class","private","System.Object","","False","True","DolocTown.AutomateBotDecisionMakerGathering","2","1","0","0","0x02000F7D"
"","<>c__DisplayClass7_0","DolocTown.AutomateBotDecisionMakerGathering/<>c__DisplayClass7_0","class","private","System.Object","","False","True","DolocTown.AutomateBotDecisionMakerGathering","3","2","0","0","0x02000F7E"
"","<>c__DisplayClass10_0","DolocTown.AutomateBotDecisionMakerGathering/<>c__DisplayClass10_0","class","private","System.Object","","False","True","DolocTown.AutomateBotDecisionMakerGathering","3","2","0","0","0x02000F7F"
"","<>c__DisplayClass11_0","DolocTown.AutomateBotDecisionMakerGathering/<>c__DisplayClass11_0","class","private","System.Object","","False","True","DolocTown.AutomateBotDecisionMakerGathering","2","1","0","0","0x02000F80"
"","<>c__DisplayClass12_0","DolocTown.AutomateBotDecisionMakerGathering/<>c__DisplayClass12_0","class","private","System.Object","","False","True","DolocTown.AutomateBotDecisionMakerGathering","2","1","0","0","0x02000F81"
"","<>c__DisplayClass15_0","DolocTown.AutomateBotDecisionMakerGathering/<>c__DisplayClass15_0","class","private","System.Object","","False","True","DolocTown.AutomateBotDecisionMakerGathering","3","2","0","0","0x02000F82"
"DolocTown","AutomateBotDecisionMakerLogistics","DolocTown.AutomateBotDecisionMakerLogistics","class","public","DolocTown.AutomateBotDecisionMaker","","False","False","","6","1","0","0","0x0200033A"
"","<>c","DolocTown.AutomateBotDecisionMakerLogistics/<>c","class","private","System.Object","","False","True","DolocTown.AutomateBotDecisionMakerLogistics","3","2","0","0","0x02000F83"
"","<>c__DisplayClass4_0","DolocTown.AutomateBotDecisionMakerLogistics/<>c__DisplayClass4_0","class","private","System.Object","","False","True","DolocTown.AutomateBotDecisionMakerLogistics","2","1","0","0","0x02000F84"
"DolocTown","AutomateBotDecisionMakerProcessing","DolocTown.AutomateBotDecisionMakerProcessing","class","public","DolocTown.AutomateBotDecisionMaker","","False","False","","10","2","0","0","0x0200033B"
"","<>c__DisplayClass4_0","DolocTown.AutomateBotDecisionMakerProcessing/<>c__DisplayClass4_0","class","private","System.Object","","False","True","DolocTown.AutomateBotDecisionMakerProcessing","2","1","0","0","0x02000F85"
"","<>c","DolocTown.AutomateBotDecisionMakerProcessing/<>c","class","private","System.Object","","False","True","DolocTown.AutomateBotDecisionMakerProcessing","8","7","0","0","0x02000F86"
"","<>c__DisplayClass9_0","DolocTown.AutomateBotDecisionMakerProcessing/<>c__DisplayClass9_0","class","private","System.Object","","False","True","DolocTown.AutomateBotDecisionMakerProcessing","2","3","0","0","0x02000F87"
"DolocTown","AutomateStationEnv","DolocTown.AutomateStationEnv","class","public","System.Object","","False","False","","8","2","1","0","0x0200033C"
"","RoomEnv","DolocTown.AutomateStationEnv/RoomEnv","class","public","System.Object","","False","False","DolocTown.AutomateStationEnv","8","6","4","0","0x02000F88"
"","<get__AllEquipments>d__9","DolocTown.AutomateStationEnv/RoomEnv/<get__AllEquipments>d__9","class","private","System.Object","System.Collections.Generic.IEnumerable`1<DolocTown.Equipment> | System.Collections.IEnumerable | System.Collections.Generic.IEnumerator`1<DolocTown.Equipment> | System.Collections.IEnumerator | System.IDisposable","False","True","DolocTown.AutomateStationEnv/RoomEnv","9","5","2","0","0x020012AD"
"","<get_AllDropItems>d__11","DolocTown.AutomateStationEnv/RoomEnv/<get_AllDropItems>d__11","class","private","System.Object","System.Collections.Generic.IEnumerable`1<DolocTown.DropItem> | System.Collections.IEnumerable | System.Collections.Generic.IEnumerator`1<DolocTown.DropItem> | System.Collections.IEnumerator | System.IDisposable","False","True","DolocTown.AutomateStationEnv/RoomEnv","10","5","2","0","0x020012AE"
"","<get_AllBuildings>d__13","DolocTown.AutomateStationEnv/RoomEnv/<get_AllBuildings>d__13","class","private","System.Object","System.Collections.Generic.IEnumerable`1<DolocTown.Building> | System.Collections.IEnumerable | System.Collections.Generic.IEnumerator`1<DolocTown.Building> | System.Collections.IEnumerator | System.IDisposable","False","True","DolocTown.AutomateStationEnv/RoomEnv","8","4","2","0","0x020012AF"
"","<get_BrokenRoomEnvs>d__4","DolocTown.AutomateStationEnv/<get_BrokenRoomEnvs>d__4","class","private","System.Object","System.Collections.Generic.IEnumerable`1<DolocTown.AutomateStationEnv/RoomEnv> | System.Collections.IEnumerable | System.Collections.Generic.IEnumerator`1<DolocTown.AutomateStationEnv/RoomEnv> | System.Collections.IEnumerator | System.IDisposable","False","True","DolocTown.AutomateStationEnv","8","6","2","0","0x02000F89"
"","<>c","DolocTown.AutomateStationEnv/<>c","class","private","System.Object","","False","True","DolocTown.AutomateStationEnv","4","3","0","0","0x02000F8A"
"DolocTown","AutomateSystemEnv","DolocTown.AutomateSystemEnv","class","public","System.Object","","False","False","","32","3","1","0","0x0200033D"
"","<GetDropItemsNearStation>d__7","DolocTown.AutomateSystemEnv/<GetDropItemsNearStation>d__7","class","private","System.Object","System.Collections.Generic.IEnumerable`1<DolocTown.DropItemBase> | System.Collections.IEnumerable | System.Collections.Generic.IEnumerator`1<DolocTown.DropItemBase> | System.Collections.IEnumerator | System.IDisposable","False","True","DolocTown.AutomateSystemEnv","10","7","2","0","0x02000F8B"
"","<get_AllDropItems>d__11","DolocTown.AutomateSystemEnv/<get_AllDropItems>d__11","class","private","System.Object","System.Collections.Generic.IEnumerable`1<DolocTown.DropItemBase> | System.Collections.IEnumerable | System.Collections.Generic.IEnumerator`1<DolocTown.DropItemBase> | System.Collections.IEnumerator | System.IDisposable","False","True","DolocTown.AutomateSystemEnv","11","6","2","0","0x02000F8C"
"","<GetAllDropItemsInRoom>d__12","DolocTown.AutomateSystemEnv/<GetAllDropItemsInRoom>d__12","class","private","System.Object","System.Collections.Generic.IEnumerable`1<DolocTown.DropItemBase> | System.Collections.IEnumerable | System.Collections.Generic.IEnumerator`1<DolocTown.DropItemBase> | System.Collections.IEnumerator | System.IDisposable","False","True","DolocTown.AutomateSystemEnv","10","7","2","0","0x02000F8D"
"","<GetEquipmentsNearStation>d__25","DolocTown.AutomateSystemEnv/<GetEquipmentsNearStation>d__25","class","private","System.Object","System.Collections.Generic.IEnumerable`1<DolocTown.Equipment> | System.Collections.IEnumerable | System.Collections.Generic.IEnumerator`1<DolocTown.Equipment> | System.Collections.IEnumerator | System.IDisposable","False","True","DolocTown.AutomateSystemEnv","13","13","2","0","0x02000F8E"
"","<GetEquipmentsNearStation>d__26`1","DolocTown.AutomateSystemEnv/<GetEquipmentsNearStation>d__26`1","class","private","System.Object","System.Collections.Generic.IEnumerable`1<T> | System.Collections.IEnumerable | System.Collections.Generic.IEnumerator`1<T> | System.Collections.IEnumerator | System.IDisposable","False","True","DolocTown.AutomateSystemEnv","9","11","2","0","0x02000F8F"
"","<>c__DisplayClass28_0","DolocTown.AutomateSystemEnv/<>c__DisplayClass28_0","class","private","System.Object","","False","True","DolocTown.AutomateSystemEnv","2","1","0","0","0x02000F90"
"DolocTown","AutomateLocker`1","DolocTown.AutomateLocker`1","class","public","System.Object","","False","False","","6","2","0","0","0x0200033E"
"DolocTown","AutomateSystemLocker","DolocTown.AutomateSystemLocker","class","public","System.Object","","False","False","","16","5","0","0","0x0200033F"
"","<GetEquipmentsNearStation>d__17","DolocTown.AutomateSystemLocker/<GetEquipmentsNearStation>d__17","class","private","System.Object","System.Collections.Generic.IEnumerable`1<DolocTown.Equipment> | System.Collections.IEnumerable | System.Collections.Generic.IEnumerator`1<DolocTown.Equipment> | System.Collections.IEnumerator | System.IDisposable","False","True","DolocTown.AutomateSystemLocker","13","13","2","0","0x02000F91"
"","<GetEquipmentsNearStation>d__18`1","DolocTown.AutomateSystemLocker/<GetEquipmentsNearStation>d__18`1","class","private","System.Object","System.Collections.Generic.IEnumerable`1<T> | System.Collections.IEnumerable | System.Collections.Generic.IEnumerator`1<T> | System.Collections.IEnumerator | System.IDisposable","False","True","DolocTown.AutomateSystemLocker","9","11","2","0","0x02000F92"
"DolocTown","AutomateParam","DolocTown.AutomateParam","class","public","System.Object","","True","False","","6","1","1","0","0x02000340"
"DolocTown","AutomateParamEmpty","DolocTown.AutomateParamEmpty","class","public","DolocTown.AutomateParam","","False","False","","2","0","0","0","0x02000341"
"DolocTown","AutomateParamFarming","DolocTown.AutomateParamFarming","class","public","DolocTown.AutomateParam","","False","False","","17","7","7","0","0x02000342"
"DolocTown","AutomateParamFilling","DolocTown.AutomateParamFilling","class","public","DolocTown.AutomateParam","","False","False","","25","3","9","0","0x02000343"
"DolocTown","AutomateParamGathering","DolocTown.AutomateParamGathering","class","public","DolocTown.AutomateParam","","False","False","","10","5","3","0","0x02000344"
"DolocTown","AutomateParamLogistics","DolocTown.AutomateParamLogistics","class","public","DolocTown.AutomateParam","","False","False","","6","8","0","0","0x02000345"
"","<>c","DolocTown.AutomateParamLogistics/<>c","class","private","System.Object","","False","True","DolocTown.AutomateParamLogistics","3","2","0","0","0x02000F93"
"DolocTown","AutomateParamProcessing","DolocTown.AutomateParamProcessing","class","public","DolocTown.AutomateParam","","False","False","","13","4","5","0","0x02000346"
"","<>c__DisplayClass19_0","DolocTown.AutomateParamProcessing/<>c__DisplayClass19_0","class","private","System.Object","","False","True","DolocTown.AutomateParamProcessing","2","1","0","0","0x02000F94"
"","<>c__DisplayClass20_0","DolocTown.AutomateParamProcessing/<>c__DisplayClass20_0","class","private","System.Object","","False","True","DolocTown.AutomateParamProcessing","2","1","0","0","0x02000F95"
"","<>c","DolocTown.AutomateParamProcessing/<>c","class","private","System.Object","","False","True","DolocTown.AutomateParamProcessing","3","2","0","0","0x02000F96"
"DolocTown","FillingParams","DolocTown.FillingParams","class","public","System.Object","","False","False","","2","4","0","0","0x02000347"
"DolocTown","AutomateTask","DolocTown.AutomateTask","class","public","RedSaw.AI.LinearTask.LinearTask","","True","False","","6","1","3","0","0x02000348"
"DolocTown","AutomateTaskBotAction","DolocTown.AutomateTaskBotAction","class","public","DolocTown.AutomateTask","","False","False","","2","1","0","0","0x02000349"
"DolocTown","AutomateTaskEnterMainFarm","DolocTown.AutomateTaskEnterMainFarm","class","public","DolocTown.AutomateTask","","False","False","","3","1","1","0","0x0200034A"
"DolocTown","AutomateTaskEnterBuilding","DolocTown.AutomateTaskEnterBuilding","class","public","DolocTown.AutomateTask","","False","False","","2","1","0","0","0x0200034B"
"DolocTown","AutomateTaskPlant","DolocTown.AutomateTaskPlant","class","public","DolocTown.AutomateTask","","False","False","","2","1","0","0","0x0200034C"
"DolocTown","AutomateTaskProtect","DolocTown.AutomateTaskProtect","class","public","DolocTown.AutomateTask","","False","False","","2","1","0","0","0x0200034D"
"DolocTown","AutomateTaskFertilizer","DolocTown.AutomateTaskFertilizer","class","public","DolocTown.AutomateTask","","False","False","","2","1","0","0","0x0200034E"
"DolocTown","AutomateTaskWatering","DolocTown.AutomateTaskWatering","class","public","DolocTown.AutomateTask","","False","False","","2","2","0","0","0x0200034F"
"DolocTown","AutomateTaskHarvestCrop","DolocTown.AutomateTaskHarvestCrop","class","public","DolocTown.AutomateTask","","False","False","","2","1","0","0","0x02000350"
"DolocTown","AutomateTaskGatherEquipment","DolocTown.AutomateTaskGatherEquipment","class","public","DolocTown.AutomateTask","","False","False","","2","1","0","0","0x02000351"
"DolocTown","AutomateTaskMoveBase","DolocTown.AutomateTaskMoveBase","class","public","DolocTown.AutomateTask","","True","False","","4","0","0","0","0x02000352"
"DolocTown","AutomateTaskMove","DolocTown.AutomateTaskMove","class","public","DolocTown.AutomateTaskMoveBase","","False","False","","3","4","0","0","0x02000353"
"DolocTown","AutomateTaskMoveInt","DolocTown.AutomateTaskMoveInt","class","public","DolocTown.AutomateTaskMoveBase","","False","False","","3","4","0","0","0x02000354"
"DolocTown","AutomateTaskPickupItem","DolocTown.AutomateTaskPickupItem","class","public","DolocTown.AutomateTask","","False","False","","3","1","0","0","0x02000355"
"DolocTown","LinearMissionPatch","DolocTown.LinearMissionPatch","static class","public","System.Object","","True","True","","19","0","0","0","0x02000356"
"","<>c__DisplayClass0_0","DolocTown.LinearMissionPatch/<>c__DisplayClass0_0","class","private","System.Object","","False","True","DolocTown.LinearMissionPatch","2","1","0","0","0x02000F97"
"","<>c__DisplayClass11_0","DolocTown.LinearMissionPatch/<>c__DisplayClass11_0","class","private","System.Object","","False","True","DolocTown.LinearMissionPatch","2","3","0","0","0x02000F98"
"","<>c__DisplayClass12_0`1","DolocTown.LinearMissionPatch/<>c__DisplayClass12_0`1","class","private","System.Object","","False","True","DolocTown.LinearMissionPatch","2","3","0","0","0x02000F99"
"","<>c__DisplayClass13_0","DolocTown.LinearMissionPatch/<>c__DisplayClass13_0","class","private","System.Object","","False","True","DolocTown.LinearMissionPatch","2","1","0","0","0x02000F9A"
"","<>c__DisplayClass14_0","DolocTown.LinearMissionPatch/<>c__DisplayClass14_0","class","private","System.Object","","False","True","DolocTown.LinearMissionPatch","2","2","0","0","0x02000F9B"
"","<>c__DisplayClass15_0","DolocTown.LinearMissionPatch/<>c__DisplayClass15_0","class","private","System.Object","","False","True","DolocTown.LinearMissionPatch","2","2","0","0","0x02000F9C"
"","<>c__DisplayClass16_0","DolocTown.LinearMissionPatch/<>c__DisplayClass16_0","class","private","System.Object","","False","True","DolocTown.LinearMissionPatch","2","2","0","0","0x02000F9D"
"","<>c__DisplayClass17_0","DolocTown.LinearMissionPatch/<>c__DisplayClass17_0","class","private","System.Object","","False","True","DolocTown.LinearMissionPatch","2","1","0","0","0x02000F9E"
"","<>c__DisplayClass18_0","DolocTown.LinearMissionPatch/<>c__DisplayClass18_0","class","private","System.Object","","False","True","DolocTown.LinearMissionPatch","2","2","0","0","0x02000F9F"
"DolocTown","AutomateBotPatch","DolocTown.AutomateBotPatch","static class","public","System.Object","","True","True","","10","0","0","0","0x02000357"
"DolocTown","AutomatePlantMissionInfo","DolocTown.AutomatePlantMissionInfo","struct","public","System.ValueType","","False","True","","1","3","0","0","0x02000358"
"DolocTown","AutomateFarmingMissionInfo","DolocTown.AutomateFarmingMissionInfo","struct","public","System.ValueType","","False","True","","1","2","0","0","0x02000359"
"DolocTown","AutomateUtils","DolocTown.AutomateUtils","static class","public","System.Object","","True","True","","7","0","0","0","0x0200035A"
"DolocTown","AutomateProcessingUtils","DolocTown.AutomateProcessingUtils","static class","public","System.Object","","True","True","","6","0","0","0","0x0200035B"
"","<>c","DolocTown.AutomateProcessingUtils/<>c","class","private","System.Object","","False","True","DolocTown.AutomateProcessingUtils","7","6","0","0","0x02000FA0"
"","<>c__DisplayClass4_0","DolocTown.AutomateProcessingUtils/<>c__DisplayClass4_0","class","private","System.Object","","False","True","DolocTown.AutomateProcessingUtils","2","1","0","0","0x02000FA1"
"DolocTown","ChickenNest","DolocTown.ChickenNest","class","public","DolocTown.Equipment","DolocTown.IGatherableEquipment","False","False","","13","2","3","0","0x0200035C"
"DolocTown","FishTank","DolocTown.FishTank","class","public","DolocTown.Equipment","DolocTown.IGatherableEquipment | DolocTown.IFishTank | DolocTown.IContainer","False","False","","46","6","19","0","0x0200035D"
"","<>c__DisplayClass45_0","DolocTown.FishTank/<>c__DisplayClass45_0","class","private","System.Object","","False","True","DolocTown.FishTank","2","3","0","0","0x02000FA2"
"DolocTown","FishTankEcological","DolocTown.FishTankEcological","class","public","DolocTown.Equipment","DolocTown.IGatherableEquipment | DolocTown.IApplianceHost | DolocTown.IFishTank | DolocTown.IContainer","False","False","","45","10","18","0","0x0200035E"
"DolocTown","HoneyComb","DolocTown.HoneyComb","class","public","DolocTown.Equipment","DolocTown.IGatherableEquipment | DolocTown.IAnimalHoneyComb | DolocTown.IAnimalInteractable","False","False","","19","3","9","0","0x0200035F"
"DolocTown","IGatherableEquipment","DolocTown.IGatherableEquipment","interface","public","","","True","False","","3","0","2","0","0x02000360"
"DolocTown","LintRoller","DolocTown.LintRoller","class","public","DolocTown.Equipment","DolocTown.IGatherableEquipment | DolocTown.IAnimalLintRoller | DolocTown.IAnimalInteractable","False","False","","23","4","12","0","0x02000361"
"DolocTown","MilkingMachine","DolocTown.MilkingMachine","class","public","DolocTown.Equipment","DolocTown.IAnimalMilkingMachine | DolocTown.IAnimalInteractable","False","False","","26","6","13","0","0x02000362"
"DolocTown","ResinCollector","DolocTown.ResinCollector","class","public","DolocTown.Equipment","DolocTown.IGatherableEquipment","False","False","","21","3","3","0","0x02000363"
"DolocTown","Synthesizer","DolocTown.Synthesizer","class","public","DolocTown.EquipmentWorker","DolocTown.IContainer","False","False","","50","8","16","0","0x02000364"
"","<>c","DolocTown.Synthesizer/<>c","class","private","System.Object","","False","True","DolocTown.Synthesizer","5","4","0","0","0x02000FA3"
"","<>c__DisplayClass42_0","DolocTown.Synthesizer/<>c__DisplayClass42_0","class","private","System.Object","","False","True","DolocTown.Synthesizer","3","3","0","0","0x02000FA4"
"","<>c__DisplayClass57_0","DolocTown.Synthesizer/<>c__DisplayClass57_0","class","private","System.Object","","False","True","DolocTown.Synthesizer","2","2","0","0","0x02000FA5"
"","<>c__DisplayClass73_0","DolocTown.Synthesizer/<>c__DisplayClass73_0","class","private","System.Object","","False","True","DolocTown.Synthesizer","3","2","0","0","0x02000FA6"
"DolocTown","Toilet","DolocTown.Toilet","class","public","DolocTown.Equipment","DolocTown.IGatherableEquipment | DolocTown.IAnimalToilet | DolocTown.IAnimalInteractable | DolocTown.IAnimalMoodAffector","False","False","","27","5","13","0","0x02000365"
"DolocTown","PlantCondition","DolocTown.PlantCondition","struct","public","System.ValueType","","False","True","","3","6","0","0","0x02000366"
"DolocTown","CountItemContainer","DolocTown.CountItemContainer","struct","public","System.ValueType","","False","True","","3","2","2","0","0x02000367"
"DolocTown","ProcessingMission","DolocTown.ProcessingMission","struct","public","System.ValueType","","False","True","","1","4","0","0","0x02000368"
"DolocTown","BuilderUtils","DolocTown.BuilderUtils","static class","public","System.Object","","True","True","","8","0","0","0","0x02000369"
"DolocTown","BuilderIndicator","DolocTown.BuilderIndicator","class","public","DolocTown.GameEntity","","False","False","","3","2","1","0","0x0200036A"
"DolocTown","GridArea","DolocTown.GridArea","class","public","DolocTown.GameEntity","","False","False","","10","6","4","0","0x0200036B"
"","<>c__DisplayClass18_0","DolocTown.GridArea/<>c__DisplayClass18_0","class","private","System.Object","","False","True","DolocTown.GridArea","8","2","0","0","0x02000FA7"
"DolocTown","GridAreaBackground","DolocTown.GridAreaBackground","class","public","DolocTown.GridArea","","False","False","","1","0","0","0","0x0200036C"
"DolocTown","GridBackground","DolocTown.GridBackground","class","public","DolocTown.GameEntity","","False","False","","7","1","3","0","0x0200036D"
"DolocTown","GridRenderer","DolocTown.GridRenderer","class","public","DolocTown.GameEntity","","False","False","","15","4","9","0","0x0200036E"
"DolocTown","PlatformIndicator","DolocTown.PlatformIndicator","class","public","DolocTown.GameEntity","","False","False","","7","3","0","0","0x0200036F"
"DolocTown","IBuilderState","DolocTown.IBuilderState","interface","public","","","True","False","","11","0","2","0","0x02000370"
"DolocTown","BuilderState`2","DolocTown.BuilderState`2","class","public","System.Object","DolocTown.IBuilderState","True","False","","49","10","10","0","0x02000371"
"DolocTown","BuildingBuilder","DolocTown.BuildingBuilder","class","public","DolocTown.BuilderState`2<DolocTown.ItemBuilding,DolocTown.Building>","","False","False","","32","17","6","0","0x02000372"
"","<>c","DolocTown.BuildingBuilder/<>c","class","private","System.Object","","False","True","DolocTown.BuildingBuilder","8","7","0","0","0x02000FA8"
"","<>c__DisplayClass44_0","DolocTown.BuildingBuilder/<>c__DisplayClass44_0","class","private","System.Object","","False","True","DolocTown.BuildingBuilder","2","2","0","0","0x02000FA9"
"DolocTown","EquipmentBuilder","DolocTown.EquipmentBuilder","class","public","DolocTown.BuilderState`2<DolocTown.ItemEquipment,DolocTown.Equipment>","","False","False","","25","5","4","0","0x02000373"
"DolocTown","PlatformBuilder","DolocTown.PlatformBuilder","class","public","DolocTown.BuilderState`2<DolocTown.ItemPlatform,DolocTown.Platform>","","False","False","","21","7","4","0","0x02000374"
"","<>c","DolocTown.PlatformBuilder/<>c","class","private","System.Object","","False","True","DolocTown.PlatformBuilder","3","2","0","0","0x02000FAA"
"DolocTown","BuildingBuilderRenderer","DolocTown.BuildingBuilderRenderer","class","public","System.Object","","False","False","","10","2","2","0","0x02000375"
"DolocTown","EquipmentBuilderRenderer","DolocTown.EquipmentBuilderRenderer","class","public","System.Object","","False","False","","12","5","9","0","0x02000376"
"DolocTown","PlatformBuilderRenderer","DolocTown.PlatformBuilderRenderer","class","public","System.Object","","False","False","","16","5","8","0","0x02000377"
"DolocTown","TerrainContentCheckedRenderer","DolocTown.TerrainContentCheckedRenderer","class","public","System.Object","","False","False","","4","2","0","0","0x02000378"
"DolocTown","DismantleChecker","DolocTown.DismantleChecker","class","public","System.Object","","False","False","","2","0","0","0","0x02000379"
"DolocTown","Equipment","DolocTown.Equipment","class","public","DolocTown.TerrainContent","DolocTown.IDismantleable | DolocTown.IDecal | RedSaw.IHasIndex | DolocTown.IDecalHost | DolocTown.IElectronicComponentContainer | DolocTown.IElectronicComponent | DolocTown.IWaterable","True","False","","120","16","43","0","0x0200037A"
"","WeatherDecoratorManager","DolocTown.Equipment/WeatherDecoratorManager","class","public","System.Object","","False","False","DolocTown.Equipment","28","6","3","0","0x02000FAB"
"","<>c__DisplayClass15_0","DolocTown.Equipment/WeatherDecoratorManager/<>c__DisplayClass15_0","class","private","System.Object","","False","True","DolocTown.Equipment/WeatherDecoratorManager","2","1","0","0","0x020012B0"
"","<>c","DolocTown.Equipment/WeatherDecoratorManager/<>c","class","private","System.Object","","False","True","DolocTown.Equipment/WeatherDecoratorManager","3","2","0","0","0x020012B1"
"","<>c__DisplayClass18_0","DolocTown.Equipment/WeatherDecoratorManager/<>c__DisplayClass18_0","class","private","System.Object","","False","True","DolocTown.Equipment/WeatherDecoratorManager","2","1","0","0","0x020012B2"
"DolocTown","IDismantleable","DolocTown.IDismantleable","interface","public","","","True","False","","2","0","0","0","0x0200037B"
"DolocTown","Platform","DolocTown.Platform","class","public","DolocTown.TerrainContent","DolocTown.IDismantleable | System.IComparable`1<DolocTown.Platform>","False","False","","20","8","9","0","0x0200037C"
"DolocTown","BuilderTipBase","DolocTown.BuilderTipBase","class","public","System.Object","","True","False","","20","4","6","0","0x0200037D"
"DolocTown","BuildingItemBuilderTip","DolocTown.BuildingItemBuilderTip","class","public","DolocTown.BuilderTipBase","","False","False","","13","11","4","0","0x0200037E"
"DolocTown","DecalEquipmentItemBuilderTip","DolocTown.DecalEquipmentItemBuilderTip","class","public","DolocTown.BuilderTipBase","","False","False","","15","5","3","0","0x0200037F"
"","CachedHostData","DolocTown.DecalEquipmentItemBuilderTip/CachedHostData","class","private","System.Object","","False","False","DolocTown.DecalEquipmentItemBuilderTip","1","8","0","0","0x02000FAC"
"DolocTown","EquipmentItemBuilderTip","DolocTown.EquipmentItemBuilderTip","class","public","DolocTown.BuilderTipBase","","False","False","","19","11","4","0","0x02000380"
"DolocTown","PlatformItemBuilderTip","DolocTown.PlatformItemBuilderTip","class","public","DolocTown.BuilderTipBase","","False","False","","13","6","2","0","0x02000381"
"DolocTown","PlatformBuilderHelper","DolocTown.PlatformBuilderHelper","class","public","System.Object","","False","False","","19","9","7","0","0x02000382"
"DolocTown","Building","DolocTown.Building","class","public","DolocTown.TerrainContent","","False","False","","94","16","42","0","0x02000383"
"","<>c__DisplayClass106_0","DolocTown.Building/<>c__DisplayClass106_0","class","private","System.Object","","False","True","DolocTown.Building","4","4","0","0","0x02000FAD"
"","<>c__DisplayClass113_0","DolocTown.Building/<>c__DisplayClass113_0","class","private","System.Object","","False","True","DolocTown.Building","2","4","0","0","0x02000FAE"
"","<>c","DolocTown.Building/<>c","class","private","System.Object","","False","True","DolocTown.Building","4","3","0","0","0x02000FAF"
"DolocTown","Wallpaper","DolocTown.Wallpaper","class","public","System.Object","","False","False","","1","1","0","0","0x02000384"
"DolocTown","BuildingGate","DolocTown.BuildingGate","class","public","DolocTown.GameEntity","DolocTown.IGate","False","False","","18","5","7","0","0x02000385"
"DolocTown","BuildingLinkGate","DolocTown.BuildingLinkGate","class","public","DolocTown.DolocObject","DolocTown.IGate","False","False","","26","6","9","0","0x02000386"
"DolocTown","BuildingLinkGateEditorHelper","DolocTown.BuildingLinkGateEditorHelper","class","public","UnityEngine.MonoBehaviour","","False","False","","7","0","0","0","0x02000387"
"DolocTown","BuildingLinkGateId","DolocTown.BuildingLinkGateId","struct","public","System.ValueType","","False","True","","2","2","0","0","0x02000388"
"DolocTown","BuildingLinkGateMap","DolocTown.BuildingLinkGateMap","class","public","System.Object","","False","False","","11","5","1","0","0x02000389"
"","<>c__DisplayClass14_0","DolocTown.BuildingLinkGateMap/<>c__DisplayClass14_0","class","private","System.Object","","False","True","DolocTown.BuildingLinkGateMap","2","1","0","0","0x02000FB0"
"","<>c","DolocTown.BuildingLinkGateMap/<>c","class","private","System.Object","","False","True","DolocTown.BuildingLinkGateMap","3","2","0","0","0x02000FB1"
"DolocTown","BuildingLinkInfo","DolocTown.BuildingLinkInfo","class","public","System.Object","","False","False","","15","7","4","0","0x0200038A"
"DolocTown","BuildingLinkInfoForCellar","DolocTown.BuildingLinkInfoForCellar","class","public","DolocTown.BuildingLinkInfo","","False","False","","2","4","1","0","0x0200038B"
"DolocTown","BuildingLinkType","DolocTown.BuildingLinkType","enum","public","System.Enum","","False","True","","0","5","0","0","0x0200038C"
"DolocTown","BuildingLinkTypePatch","DolocTown.BuildingLinkTypePatch","static class","public","System.Object","","True","True","","3","0","0","0","0x0200038D"
"DolocTown","BuildingManager","DolocTown.BuildingManager","class","public","System.Object","","False","False","","16","2","4","0","0x0200038E"
"DolocTown","BuildingSupport","DolocTown.BuildingSupport","class","public","System.Object","","False","False","","10","9","3","0","0x0200038F"
"","TileCache","DolocTown.BuildingSupport/TileCache","struct","private","System.ValueType","","False","True","DolocTown.BuildingSupport","1","7","0","0","0x02000FB2"
"","PlatformTileType","DolocTown.BuildingSupport/PlatformTileType","enum","private","System.Enum","","False","True","DolocTown.BuildingSupport","0","5","0","0","0x02000FB3"
"","SupportLayerType","DolocTown.BuildingSupport/SupportLayerType","enum","private","System.Enum","","False","True","DolocTown.BuildingSupport","0","7","0","0","0x02000FB4"
"","<>c","DolocTown.BuildingSupport/<>c","class","private","System.Object","","False","True","DolocTown.BuildingSupport","5","4","0","0","0x02000FB5"
"DolocTown","BuildingRenderer","DolocTown.BuildingRenderer","class","public","DolocTown.GameRendererEntity","","False","False","","17","4","6","0","0x02000390"
"DolocTown","TerrainTilemapRenderer","DolocTown.TerrainTilemapRenderer","class","public","DolocTown.GameEntity","","False","False","","11","3","2","0","0x02000391"
"DolocTown","TilemapGroupManager","DolocTown.TilemapGroupManager","class","public","DolocTown.GameEntity","","False","False","","7","2","0","0","0x02000392"
"DolocTown","CellarExtension","DolocTown.CellarExtension","static class","public","System.Object","","True","True","","20","0","0","0","0x02000393"
"","<>c__DisplayClass4_0","DolocTown.CellarExtension/<>c__DisplayClass4_0","class","private","System.Object","","False","True","DolocTown.CellarExtension","3","1","0","0","0x02000FB6"
"","<>c__DisplayClass9_0","DolocTown.CellarExtension/<>c__DisplayClass9_0","class","private","System.Object","","False","True","DolocTown.CellarExtension","4","5","0","0","0x02000FB7"
"","<>c","DolocTown.CellarExtension/<>c","class","private","System.Object","","False","True","DolocTown.CellarExtension","7","6","0","0","0x02000FB8"
"","<>c__DisplayClass10_0","DolocTown.CellarExtension/<>c__DisplayClass10_0","class","private","System.Object","","False","True","DolocTown.CellarExtension","2","2","0","0","0x02000FB9"
"","<GetAllQuitPositionsPair>d__14","DolocTown.CellarExtension/<GetAllQuitPositionsPair>d__14","class","private","System.Object","System.Collections.Generic.IEnumerable`1<System.ValueTuple`2<DolocTown.Building,UnityEngine.Vector2>> | System.Collections.IEnumerable | System.Collections.Generic.IEnumerator`1<System.ValueTuple`2<DolocTown.Building,UnityEngine.Vector2>> | System.Collections.IEnumerator | System.IDisposable","False","True","DolocTown.CellarExtension","9","6","2","0","0x02000FBA"
"DolocTown","BuildingWindow","DolocTown.BuildingWindow","class","public","DolocTown.GameEntity","","False","False","","2","0","0","0","0x02000394"
"DolocTown","CollectionType","DolocTown.CollectionType","enum","public","System.Enum","","False","True","","0","10","0","0","0x02000395"
"DolocTown","CollectionRecord","DolocTown.CollectionRecord","class","public","System.Object","","False","False","","2","3","0","0","0x02000396"
"DolocTown","CollectionManager","DolocTown.CollectionManager","class","public","System.Object","","False","False","","23","6","1","0","0x02000397"
"","<>c__DisplayClass18_0","DolocTown.CollectionManager/<>c__DisplayClass18_0","class","private","System.Object","","False","True","DolocTown.CollectionManager","2","1","0","0","0x02000FBB"
"","<>c__DisplayClass19_0","DolocTown.CollectionManager/<>c__DisplayClass19_0","class","private","System.Object","","False","True","DolocTown.CollectionManager","2","1","0","0","0x02000FBC"
"","<>c__DisplayClass20_0","DolocTown.CollectionManager/<>c__DisplayClass20_0","class","private","System.Object","","False","True","DolocTown.CollectionManager","2","1","0","0","0x02000FBD"
"","<>c__DisplayClass21_0","DolocTown.CollectionManager/<>c__DisplayClass21_0","class","private","System.Object","","False","True","DolocTown.CollectionManager","2","1","0","0","0x02000FBE"
"","<>c__DisplayClass22_0","DolocTown.CollectionManager/<>c__DisplayClass22_0","class","private","System.Object","","False","True","DolocTown.CollectionManager","2","1","0","0","0x02000FBF"
"","<>c","DolocTown.CollectionManager/<>c","class","private","System.Object","","False","True","DolocTown.CollectionManager","4","3","0","0","0x02000FC0"
"DolocTown","DecalExtension","DolocTown.DecalExtension","static class","public","System.Object","","True","True","","4","0","0","0","0x02000398"
"DolocTown","DecalHostExtension","DolocTown.DecalHostExtension","static class","public","System.Object","","True","True","","9","0","0","0","0x02000399"
"DolocTown","DecalInfo","DolocTown.DecalInfo","class","public","System.Object","","False","False","","1","3","0","0","0x0200039A"
"DolocTown","IDecal","DolocTown.IDecal","interface","public","","RedSaw.IHasIndex","True","False","","13","0","8","0","0x0200039B"
"DolocTown","IDecalHost","DolocTown.IDecalHost","interface","public","","RedSaw.IHasIndex","True","False","","7","0","6","0","0x0200039C"
"DolocTown","IApplianceHost","DolocTown.IApplianceHost","interface","public","","","True","False","","9","0","4","0","0x0200039D"
"DolocTown","ApplianceHandle","DolocTown.ApplianceHandle","class","public","System.Object","","False","False","","2","1","0","0","0x0200039E"
"DolocTown","ElectricSystemStatus","DolocTown.ElectricSystemStatus","enum","public","System.Enum","","False","True","","0","7","0","0","0x0200039F"
"DolocTown","ElectricSystem","DolocTown.ElectricSystem","class","public","System.Object","","False","False","","27","8","12","0","0x020003A0"
"","<>c","DolocTown.ElectricSystem/<>c","class","private","System.Object","","False","True","DolocTown.ElectricSystem","10","9","0","0","0x02000FC1"
"","<>c__DisplayClass40_0","DolocTown.ElectricSystem/<>c__DisplayClass40_0","class","private","System.Object","","False","True","DolocTown.ElectricSystem","3","2","0","0","0x02000FC2"
"DolocTown","IElectronicComponent","DolocTown.IElectronicComponent","interface","public","","","True","False","","0","0","0","0","0x020003A1"
"DolocTown","IElectronicComponentAppliance","DolocTown.IElectronicComponentAppliance","interface","public","","DolocTown.IElectronicComponent","True","False","","10","0","6","0","0x020003A2"
"DolocTown","IElectronicComponentBattery","DolocTown.IElectronicComponentBattery","interface","public","","DolocTown.IElectronicComponent","True","False","","8","0","4","0","0x020003A3"
"DolocTown","IElectronicComponentContainer","DolocTown.IElectronicComponentContainer","interface","public","","DolocTown.IElectronicComponent","True","False","","1","0","1","0","0x020003A4"
"DolocTown","IElectronicComponentGenerator","DolocTown.IElectronicComponentGenerator","interface","public","","DolocTown.IElectronicComponent","True","False","","1","0","1","0","0x020003A5"
"DolocTown","EnvOptimizerBranch","DolocTown.EnvOptimizerBranch","class","public","System.Object","","False","False","","11","2","6","0","0x020003A6"
"DolocTown","EnvOptimizerComponentSlot","DolocTown.EnvOptimizerComponentSlot","class","public","System.Object","","False","False","","11","3","6","0","0x020003A7"
"DolocTown","EnvOptimizerDataManager","DolocTown.EnvOptimizerDataManager","class","public","System.Object","","False","False","","13","1","3","0","0x020003A8"
"","<>c","DolocTown.EnvOptimizerDataManager/<>c","class","private","System.Object","","False","True","DolocTown.EnvOptimizerDataManager","5","4","0","0","0x02000FC3"
"DolocTown","EnvOptimizerSystem","DolocTown.EnvOptimizerSystem","class","public","System.Object","","False","False","","34","3","14","0","0x020003A9"
"","<>c","DolocTown.EnvOptimizerSystem/<>c","class","private","System.Object","","False","True","DolocTown.EnvOptimizerSystem","9","8","0","0","0x02000FC4"
"","<>c__DisplayClass42_0","DolocTown.EnvOptimizerSystem/<>c__DisplayClass42_0","class","private","System.Object","","False","True","DolocTown.EnvOptimizerSystem","2","1","0","0","0x02000FC5"
"DolocTown","ElectronicComponent","DolocTown.ElectronicComponent","class","public","System.Object","DolocTown.IElectronicComponent","True","False","","10","2","0","0","0x020003AA"
"","<>c__DisplayClass3_0","DolocTown.ElectronicComponent/<>c__DisplayClass3_0","class","private","System.Object","","False","True","DolocTown.ElectronicComponent","2","1","0","0","0x02000FC6"
"","<>c","DolocTown.ElectronicComponent/<>c","class","private","System.Object","","False","True","DolocTown.ElectronicComponent","3","2","0","0","0x02000FC7"
"DolocTown","ElectronicComponentAppliance","DolocTown.ElectronicComponentAppliance","class","public","DolocTown.ElectronicComponent","DolocTown.IElectronicComponentAppliance | DolocTown.IElectronicComponent","False","False","","15","3","6","0","0x020003AB"
"DolocTown","ElectronicComponentBattery","DolocTown.ElectronicComponentBattery","class","public","DolocTown.ElectronicComponent","DolocTown.IElectronicComponentBattery | DolocTown.IElectronicComponent","False","False","","12","2","6","0","0x020003AC"
"DolocTown","ElectronicComponentGenerator","DolocTown.ElectronicComponentGenerator","class","public","DolocTown.ElectronicComponent","DolocTown.IElectronicComponentGenerator | DolocTown.IElectronicComponent","True","False","","8","1","4","0","0x020003AD"
"DolocTown","ElectronicComponentGeneratorCustom","DolocTown.ElectronicComponentGeneratorCustom","class","public","DolocTown.ElectronicComponentGenerator","","False","False","","4","1","0","0","0x020003AE"
"DolocTown","ElectronicComponentGeneratorSolar","DolocTown.ElectronicComponentGeneratorSolar","class","public","DolocTown.ElectronicComponentGenerator","","False","False","","5","1","1","0","0x020003AF"
"DolocTown","ElectronicComponentGeneratorWind","DolocTown.ElectronicComponentGeneratorWind","class","public","DolocTown.ElectronicComponentGenerator","","False","False","","5","1","1","0","0x020003B0"
"DolocTown","Affector","DolocTown.Affector","class","public","DolocTown.Equipment","DolocTown.IAffector","True","False","","11","4","3","0","0x020003B1"
"DolocTown","AffectorElectric","DolocTown.AffectorElectric","class","public","DolocTown.Affector","","True","False","","23","4","5","0","0x020003B2"
"DolocTown","AffectorType","DolocTown.AffectorType","enum","public","System.Enum","","False","True","","0","5","0","0","0x020003B3"
"DolocTown","IAffector","DolocTown.IAffector","interface","public","","","True","False","","7","0","3","0","0x020003B4"
"DolocTown","IAffectorReceiver","DolocTown.IAffectorReceiver","interface","public","","","True","False","","2","0","0","0","0x020003B5"
"DolocTown","FarmLight","DolocTown.FarmLight","class","public","DolocTown.AffectorElectric","DolocTown.ILamp","False","False","","16","2","5","0","0x020003B6"
"DolocTown","LightningArrester","DolocTown.LightningArrester","class","public","DolocTown.Affector","","False","False","","5","2","1","0","0x020003B7"
"DolocTown","Sound","DolocTown.Sound","class","public","DolocTown.AffectorElectric","","False","False","","3","0","1","0","0x020003B8"
"DolocTown","Sprinkler","DolocTown.Sprinkler","class","public","DolocTown.AffectorElectric","","False","False","","7","1","3","0","0x020003B9"
"DolocTown","SprinklerManual","DolocTown.SprinklerManual","class","public","DolocTown.Affector","","False","False","","11","3","1","0","0x020003BA"
"","<>c__DisplayClass11_0","DolocTown.SprinklerManual/<>c__DisplayClass11_0","class","private","System.Object","","False","True","DolocTown.SprinklerManual","2","2","0","0","0x02000FC8"
"DolocTown","AnimalDecorator","DolocTown.AnimalDecorator","class","public","DolocTown.Equipment","DolocTown.IAnimalMoodAffector","False","False","","3","1","1","0","0x020003BB"
"DolocTown","AnimalStation","DolocTown.AnimalStation","class","public","DolocTown.Equipment","","False","False","","6","0","0","0","0x020003BC"
"","<>c__DisplayClass4_0","DolocTown.AnimalStation/<>c__DisplayClass4_0","class","private","System.Object","","False","True","DolocTown.AnimalStation","2","1","0","0","0x02000FC9"
"DolocTown","FishIncubator","DolocTown.FishIncubator","class","public","DolocTown.EquipmentWorker","DolocTown.IContainer","False","False","","20","5","5","0","0x020003BD"
"","<>c","DolocTown.FishIncubator/<>c","class","private","System.Object","","False","True","DolocTown.FishIncubator","5","4","0","0","0x02000FCA"
"DolocTown","FishTankElectricEel","DolocTown.FishTankElectricEel","class","public","DolocTown.Equipment","DolocTown.IFishTank | DolocTown.IContainer","False","False","","32","6","13","0","0x020003BE"
"DolocTown","FishTankExtension","DolocTown.FishTankExtension","class","public","DolocTown.Equipment","","False","False","","6","0","3","0","0x020003BF"
"DolocTown","IFishTank","DolocTown.IFishTank","interface","public","","DolocTown.IContainer","True","False","","7","0","6","0","0x020003C0"
"DolocTown","Feeder","DolocTown.Feeder","class","public","DolocTown.Equipment","DolocTown.IFeeder | DolocTown.IAnimalInteractable","False","False","","30","4","13","0","0x020003C1"
"","<>c__DisplayClass21_0","DolocTown.Feeder/<>c__DisplayClass21_0","class","private","System.Object","","False","True","DolocTown.Feeder","2","3","0","0","0x02000FCB"
"DolocTown","Fence","DolocTown.Fence","class","public","DolocTown.Equipment","DolocTown.IAnimalFence","False","False","","5","0","1","0","0x020003C2"
"DolocTown","LivestockNursery","DolocTown.LivestockNursery","class","public","DolocTown.Equipment","DolocTown.IAnimalLivestockNursery | DolocTown.IAnimalInteractable","False","False","","20","6","11","0","0x020003C3"
"DolocTown","Case","DolocTown.Case","class","public","DolocTown.Equipment","DolocTown.IContainer | DolocTown.ILocatable","False","False","","37","9","12","0","0x020003C4"
"","<>c","DolocTown.Case/<>c","class","private","System.Object","","False","True","DolocTown.Case","5","4","0","0","0x02000FCC"
"DolocTown","StorageShelf","DolocTown.StorageShelf","class","public","DolocTown.Equipment","DolocTown.IContainer | DolocTown.ILocatable","False","False","","24","5","9","0","0x020003C5"
"DolocTown","CaseLocator","DolocTown.CaseLocator","class","public","DolocTown.Equipment","","False","False","","10","1","1","0","0x020003C6"
"DolocTown","ILocatable","DolocTown.ILocatable","interface","public","","","True","False","","2","0","1","0","0x020003C7"
"DolocTown","Decorator","DolocTown.Decorator","class","public","DolocTown.Equipment","","False","False","","2","0","0","0","0x020003C8"
"DolocTown","DecoratorWithRenderer","DolocTown.DecoratorWithRenderer","class","public","DolocTown.Equipment","","False","False","","5","1","0","0","0x020003C9"
"","IDecoratorRenderer","DolocTown.DecoratorWithRenderer/IDecoratorRenderer","interface","public","","","True","False","DolocTown.DecoratorWithRenderer","5","0","1","0","0x02000FCD"
"DolocTown","Battery","DolocTown.Battery","class","public","DolocTown.Equipment","","False","False","","16","3","4","0","0x020003CA"
"DolocTown","PowerGenerator","DolocTown.PowerGenerator","class","public","DolocTown.Equipment","","True","False","","11","1","3","0","0x020003CB"
"DolocTown","PowerGeneratorBiogas","DolocTown.PowerGeneratorBiogas","class","public","DolocTown.PowerGenerator","","False","False","","12","2","2","0","0x020003CC"
"","<>c","DolocTown.PowerGeneratorBiogas/<>c","class","private","System.Object","","False","True","DolocTown.PowerGeneratorBiogas","3","2","0","0","0x02000FCE"
"DolocTown","PowerGeneratorFuel","DolocTown.PowerGeneratorFuel","class","public","DolocTown.PowerGenerator","","False","False","","17","2","5","0","0x020003CD"
"","<>c__DisplayClass14_0","DolocTown.PowerGeneratorFuel/<>c__DisplayClass14_0","class","private","System.Object","","False","True","DolocTown.PowerGeneratorFuel","2","2","0","0","0x02000FCF"
"DolocTown","PowerGeneratorWind","DolocTown.PowerGeneratorWind","class","public","DolocTown.PowerGenerator","","False","False","","10","1","2","0","0x020003CE"
"DolocTown","GeneExtractor","DolocTown.GeneExtractor","class","public","DolocTown.CustomSynthesizer","","False","False","","6","0","1","0","0x020003CF"
"DolocTown","GeneIncubator","DolocTown.GeneIncubator","class","public","DolocTown.EquipmentWorker","DolocTown.IContainer","False","False","","20","1","5","0","0x020003D0"
"","<>c","DolocTown.GeneIncubator/<>c","class","private","System.Object","","False","True","DolocTown.GeneIncubator","3","2","0","0","0x02000FD0"
"DolocTown","GeneReplicator","DolocTown.GeneReplicator","class","public","DolocTown.EquipmentWorker","DolocTown.IContainer","False","False","","25","2","6","0","0x020003D1"
"DolocTown","GeneSynthesizer","DolocTown.GeneSynthesizer","class","public","DolocTown.EquipmentWorker","DolocTown.IContainer","False","False","","19","1","5","0","0x020003D2"
"","<>c","DolocTown.GeneSynthesizer/<>c","class","private","System.Object","","False","True","DolocTown.GeneSynthesizer","5","4","0","0","0x02000FD1"
"DolocTown","SeedCompressor","DolocTown.SeedCompressor","class","public","DolocTown.CustomSynthesizer","","False","False","","6","0","0","0","0x020003D3"
"DolocTown","Barrel","DolocTown.Barrel","class","public","DolocTown.Equipment","DolocTown.IWaterContainer","False","False","","18","3","3","0","0x020003D4"
"","<>c__DisplayClass17_0","DolocTown.Barrel/<>c__DisplayClass17_0","class","private","System.Object","","False","True","DolocTown.Barrel","1","2","0","0","0x02000FD2"
"","<>c__DisplayClass17_1","DolocTown.Barrel/<>c__DisplayClass17_1","class","private","System.Object","","False","True","DolocTown.Barrel","2","2","0","0","0x02000FD3"
"","<>c__DisplayClass17_2","DolocTown.Barrel/<>c__DisplayClass17_2","class","private","System.Object","","False","True","DolocTown.Barrel","2","2","0","0","0x02000FD4"
"DolocTown","Bed","DolocTown.Bed","class","public","DolocTown.Equipment","","False","False","","5","0","0","0","0x020003D5"
"DolocTown","Chair","DolocTown.Chair","class","public","DolocTown.Equipment","","False","False","","6","0","1","0","0x020003D6"
"DolocTown","CropTrafficLight","DolocTown.CropTrafficLight","class","public","DolocTown.Equipment","","False","False","","7","3","0","0","0x020003D7"
"","<>c","DolocTown.CropTrafficLight/<>c","class","private","System.Object","","False","True","DolocTown.CropTrafficLight","4","3","0","0","0x02000FD5"
"DolocTown","EquipmentRoom","DolocTown.EquipmentRoom","class","public","DolocTown.Equipment","","False","False","","9","1","0","0","0x020003D8"
"DolocTown","IWaterContainer","DolocTown.IWaterContainer","interface","public","","","True","False","","3","0","1","0","0x020003D9"
"DolocTown","Lamp","DolocTown.Lamp","class","public","DolocTown.Equipment","DolocTown.ILamp","False","False","","7","3","2","0","0x020003DA"
"DolocTown","MailBox","DolocTown.MailBox","class","public","DolocTown.Equipment","","False","False","","9","2","0","0","0x020003DB"
"DolocTown","ParkingApron","DolocTown.ParkingApron","class","public","DolocTown.Equipment","DolocTown.IContainer","False","False","","48","14","15","0","0x020003DC"
"","<SpawnMoneyItems>d__52","DolocTown.ParkingApron/<SpawnMoneyItems>d__52","struct","private","System.ValueType","System.Runtime.CompilerServices.IAsyncStateMachine","False","True","DolocTown.ParkingApron","2","6","0","0","0x02000FD6"
"","<>c__DisplayClass64_0","DolocTown.ParkingApron/<>c__DisplayClass64_0","class","private","System.Object","","False","True","DolocTown.ParkingApron","2","2","0","0","0x02000FD7"
"DolocTown","ShowCase","DolocTown.ShowCase","class","public","DolocTown.Equipment","","False","False","","17","5","3","0","0x020003DD"
"DolocTown","ShowerRoom","DolocTown.ShowerRoom","class","public","DolocTown.Equipment","","False","False","","9","1","0","0","0x020003DE"
"","<_Animation>d__4","DolocTown.ShowerRoom/<_Animation>d__4","struct","private","System.ValueType","System.Runtime.CompilerServices.IAsyncStateMachine","False","True","DolocTown.ShowerRoom","2","8","0","0","0x02000FD8"
"","<PlayAnimation>d__5","DolocTown.ShowerRoom/<PlayAnimation>d__5","struct","private","System.ValueType","System.Runtime.CompilerServices.IAsyncStateMachine","False","True","DolocTown.ShowerRoom","2","4","0","0","0x02000FD9"
"DolocTown","SimpleWell","DolocTown.SimpleWell","class","public","DolocTown.Equipment","DolocTown.IWaterContainer","False","False","","22","2","7","0","0x020003DF"
"DolocTown","Television","DolocTown.Television","class","public","DolocTown.Equipment","","False","False","","14","5","3","0","0x020003E0"
"DolocTown","WeatherRegulator","DolocTown.WeatherRegulator","class","public","DolocTown.Equipment","","False","False","","11","2","1","0","0x020003E1"
"","<>c","DolocTown.WeatherRegulator/<>c","class","private","System.Object","","False","True","DolocTown.WeatherRegulator","7","6","0","0","0x02000FDA"
"","<>c__DisplayClass12_0","DolocTown.WeatherRegulator/<>c__DisplayClass12_0","class","private","System.Object","","False","True","DolocTown.WeatherRegulator","2","1","0","0","0x02000FDB"
"DolocTown","FlowerPot","DolocTown.FlowerPot","class","public","DolocTown.Equipment","","False","False","","12","5","4","0","0x020003E2"
"DolocTown","PlantBasin","DolocTown.PlantBasin","class","public","DolocTown.Equipment","DolocTown.IAffectorReceiver | DolocTown.IAnimalMoodAffector | DolocTown.IFeeder | DolocTown.IAnimalInteractable | DolocTown.UI.IHasCropInfo","False","False","","95","11","38","0","0x020003E3"
"","<>c__DisplayClass16_0","DolocTown.PlantBasin/<>c__DisplayClass16_0","class","private","System.Object","","False","True","DolocTown.PlantBasin","2","2","0","0","0x02000FDC"
"DolocTown","PlantBasinGrass","DolocTown.PlantBasinGrass","class","public","DolocTown.Equipment","","False","False","","23","7","6","0","0x020003E4"
"","<>c","DolocTown.PlantBasinGrass/<>c","class","private","System.Object","","False","True","DolocTown.PlantBasinGrass","4","3","0","0","0x02000FDD"
"DolocTown","PlantBasinSimple","DolocTown.PlantBasinSimple","class","public","DolocTown.PlantBasin","","False","False","","10","2","1","0","0x020003E5"
"DolocTown","PlantBasinSupply","DolocTown.PlantBasinSupply","struct","public","System.ValueType","","False","True","","31","7","14","0","0x020003E6"
"","<>c","DolocTown.PlantBasinSupply/<>c","class","private","System.Object","","False","True","DolocTown.PlantBasinSupply","3","2","0","0","0x02000FDE"
"DolocTown","PlantBasinTree","DolocTown.PlantBasinTree","class","public","DolocTown.Equipment","DolocTown.UI.IHasCropInfo","False","False","","37","3","16","0","0x020003E7"
"","<>c__DisplayClass19_0","DolocTown.PlantBasinTree/<>c__DisplayClass19_0","class","private","System.Object","","False","True","DolocTown.PlantBasinTree","2","3","0","0","0x02000FDF"
"DolocTown","AutomateBotStation","DolocTown.AutomateBotStation","class","public","DolocTown.Equipment","DolocTown.IAutomateBotManager","False","False","","45","9","15","0","0x020003E8"
"","<>c","DolocTown.AutomateBotStation/<>c","class","private","System.Object","","False","True","DolocTown.AutomateBotStation","6","5","0","0","0x02000FE0"
"DolocTown","EquipmentAnimation","DolocTown.EquipmentAnimation","class","public","DolocTown.Equipment","","False","False","","7","0","1","0","0x020003E9"
"DolocTown","GarbageShredder","DolocTown.GarbageShredder","class","public","DolocTown.EquipmentWorker","DolocTown.IContainer","False","False","","32","2","8","0","0x020003EA"
"","<>c__DisplayClass22_0","DolocTown.GarbageShredder/<>c__DisplayClass22_0","class","private","System.Object","","False","True","DolocTown.GarbageShredder","2","2","0","0","0x02000FE1"
"","<>c__DisplayClass30_0","DolocTown.GarbageShredder/<>c__DisplayClass30_0","class","private","System.Object","","False","True","DolocTown.GarbageShredder","5","3","0","0","0x02000FE2"
"","<>c","DolocTown.GarbageShredder/<>c","class","private","System.Object","","False","True","DolocTown.GarbageShredder","4","3","0","0","0x02000FE3"
"","<SpawnItems>d__38","DolocTown.GarbageShredder/<SpawnItems>d__38","class","private","System.Object","System.Collections.Generic.IEnumerable`1<DolocTown.CountItem> | System.Collections.IEnumerable | System.Collections.Generic.IEnumerator`1<DolocTown.CountItem> | System.Collections.IEnumerator | System.IDisposable","False","True","DolocTown.GarbageShredder","8","11","2","0","0x02000FE4"
"","<DropAsync>d__40","DolocTown.GarbageShredder/<DropAsync>d__40","struct","private","System.ValueType","System.Runtime.CompilerServices.IAsyncStateMachine","False","True","DolocTown.GarbageShredder","2","9","0","0","0x02000FE5"
"DolocTown","MalignantWeatherSuppressor","DolocTown.MalignantWeatherSuppressor","class","public","DolocTown.EquipmentWorker","","False","False","","6","1","1","0","0x020003EB"
"DolocTown","TrampolineEquipment","DolocTown.TrampolineEquipment","class","public","DolocTown.Equipment","","False","False","","5","0","0","0","0x020003EC"
"DolocTown","CustomSynthesizer","DolocTown.CustomSynthesizer","class","public","DolocTown.Synthesizer","","True","False","","6","0","1","0","0x020003ED"
"","<>c__DisplayClass4_0","DolocTown.CustomSynthesizer/<>c__DisplayClass4_0","class","private","System.Object","","False","True","DolocTown.CustomSynthesizer","2","2","0","0","0x02000FE6"
"DolocTown","SynthesizerGenerator","DolocTown.SynthesizerGenerator","class","public","DolocTown.EquipmentWorker","","False","False","","5","1","0","0","0x020003EE"
"DolocTown","WorkerRendererAttribute","DolocTown.WorkerRendererAttribute","class","public","System.Attribute","","False","False","","1","1","0","0","0x020003EF"
"DolocTown","EquipmentWorker","DolocTown.EquipmentWorker","class","public","DolocTown.Equipment","DolocTown.IEquipmentWorker","True","False","","32","8","11","0","0x020003F0"
"DolocTown","IEquipmentWorker","DolocTown.IEquipmentWorker","interface","public","","","True","False","","20","0","7","0","0x020003F1"
"DolocTown","IEquipmentWorkerRenderer","DolocTown.IEquipmentWorkerRenderer","interface","public","","","True","False","","7","1","0","0","0x020003F2"
"","WorkerRendererDefault","DolocTown.IEquipmentWorkerRenderer/WorkerRendererDefault","class","public","System.Object","DolocTown.IEquipmentWorkerRenderer","False","False","DolocTown.IEquipmentWorkerRenderer","7","0","0","0","0x02000FE7"
"DolocTown","EquipmentInteractableBridge","DolocTown.EquipmentInteractableBridge","class","public","System.Object","DolocTown.IInteractable","False","False","","6","1","2","0","0x020003F3"
"DolocTown","EquipmentManager","DolocTown.EquipmentManager","class","public","System.Object","","False","False","","26","5","3","0","0x020003F4"
"","<ForEachEquipments>d__23`1","DolocTown.EquipmentManager/<ForEachEquipments>d__23`1","class","private","System.Object","System.Collections.Generic.IEnumerable`1<T> | System.Collections.IEnumerable | System.Collections.Generic.IEnumerator`1<T> | System.Collections.IEnumerator | System.IDisposable","False","True","DolocTown.EquipmentManager","9","5","2","0","0x02000FE8"
"","<>c__DisplayClass25_0`1","DolocTown.EquipmentManager/<>c__DisplayClass25_0`1","class","private","System.Object","","False","True","DolocTown.EquipmentManager","2","2","0","0","0x02000FE9"
"","<>c__DisplayClass27_0","DolocTown.EquipmentManager/<>c__DisplayClass27_0","class","private","System.Object","","False","True","DolocTown.EquipmentManager","2","1","0","0","0x02000FEA"
"","<>c__DisplayClass31_0","DolocTown.EquipmentManager/<>c__DisplayClass31_0","class","private","System.Object","","False","True","DolocTown.EquipmentManager","2","1","0","0","0x02000FEB"
"DolocTown","EquipmentPatch","DolocTown.EquipmentPatch","static class","public","System.Object","","True","True","","16","0","0","0","0x020003F5"
"DolocTown","EquipmentRenderer","DolocTown.EquipmentRenderer","class","public","DolocTown.GameRendererEntity","","False","False","","31","8","7","0","0x020003F6"
"DolocTown","EquipmentRendererBasePatch","DolocTown.EquipmentRendererBasePatch","static class","public","System.Object","","True","True","","13","0","0","0","0x020003F7"
"DolocTown","EquipmentUtils","DolocTown.EquipmentUtils","static class","public","System.Object","","True","True","","8","1","0","0","0x020003F8"
"","<>c__DisplayClass1_0","DolocTown.EquipmentUtils/<>c__DisplayClass1_0","class","private","System.Object","","False","True","DolocTown.EquipmentUtils","2","1","0","0","0x02000FEC"
"","<>c","DolocTown.EquipmentUtils/<>c","class","private","System.Object","","False","True","DolocTown.EquipmentUtils","3","2","0","0","0x02000FED"
"DolocTown","WD_AcidRain","DolocTown.WD_AcidRain","class","public","DolocTown.WeatherDecorator","","True","False","","3","0","1","0","0x020003F9"
"DolocTown","WD_AcidRain_PlantBasin","DolocTown.WD_AcidRain_PlantBasin","class","public","DolocTown.WeatherDecorator","","False","False","","8","2","2","0","0x020003FA"
"DolocTown","WD_AcidRain_PowerGenerator","DolocTown.WD_AcidRain_PowerGenerator","class","public","DolocTown.WeatherDecorator","","False","False","","16","2","2","0","0x020003FB"
"DolocTown","WD_AcidRain_Worker","DolocTown.WD_AcidRain_Worker","class","public","DolocTown.WeatherDecorator","","False","False","","14","2","3","0","0x020003FC"
"DolocTown","WD_ScorchSun","DolocTown.WD_ScorchSun","class","public","DolocTown.WeatherDecorator","","True","False","","3","0","1","0","0x020003FD"
"DolocTown","WD_ScorchSun_PlantBasin","DolocTown.WD_ScorchSun_PlantBasin","class","public","DolocTown.WD_ScorchSun","","False","False","","8","2","1","0","0x020003FE"
"DolocTown","WeatherDecorator","DolocTown.WeatherDecorator","class","public","System.Object","","True","False","","29","3","8","0","0x020003FF"
"DolocTown","ILamp","DolocTown.ILamp","interface","public","","","True","False","","4","0","3","0","0x02000400"
"DolocTown","LampController","DolocTown.LampController","class","public","DolocTown.LampControllerBase","","False","False","","10","2","3","0","0x02000401"
"","<>c__DisplayClass12_0","DolocTown.LampController/<>c__DisplayClass12_0","class","private","System.Object","","False","True","DolocTown.LampController","2","2","0","0","0x02000FEE"
"DolocTown","LampControllerBase","DolocTown.LampControllerBase","class","public","System.Object","","True","False","","6","3","1","0","0x02000402"
"DolocTown","SimpleLampController","DolocTown.SimpleLampController","class","public","DolocTown.LampControllerBase","","False","False","","7","2","0","0","0x02000403"
"DolocTown","WorkerRenderer","DolocTown.WorkerRenderer","class","public","System.Object","DolocTown.IEquipmentWorkerRenderer","True","False","","11","3","1","0","0x02000404"
"","<>c__DisplayClass3_0","DolocTown.WorkerRenderer/<>c__DisplayClass3_0","class","private","System.Object","","False","True","DolocTown.WorkerRenderer","2","1","0","0","0x02000FEF"
"DolocTown","WorkerRendererLowPower_Tip","DolocTown.WorkerRendererLowPower_Tip","class","public","DolocTown.WorkerRenderer","","False","False","","7","0","0","0","0x02000405"
"DolocTown","WorkerRendererNormal","DolocTown.WorkerRendererNormal","class","public","DolocTown.WorkerRenderer","","False","False","","8","2","0","0","0x02000406"
"DolocTown","WorkerRendererParticles`1","DolocTown.WorkerRendererParticles`1","class","public","DolocTown.WorkerRenderer","","True","False","","8","0","1","0","0x02000407"
"DolocTown","WorkerRendererPotSmoke","DolocTown.WorkerRendererPotSmoke","class","public","DolocTown.WorkerRendererParticles`1<DolocTown.PotSmokeRenderer>","","False","False","","2","0","0","0","0x02000408"
"DolocTown","WorkerRendererBrewBubbles","DolocTown.WorkerRendererBrewBubbles","class","public","DolocTown.WorkerRendererParticles`1<DolocTown.BrewBubbles>","","False","False","","3","0","1","0","0x02000409"
"DolocTown","WorkerRendererIndustrialSmoke","DolocTown.WorkerRendererIndustrialSmoke","class","public","DolocTown.WorkerRendererParticles`1<DolocTown.PotSmokeRenderer>","","False","False","","2","0","1","0","0x0200040A"
"DolocTown","WorkerRendererRotatedArrow","DolocTown.WorkerRendererRotatedArrow","class","public","DolocTown.WorkerRenderer","","False","False","","7","0","0","0","0x0200040B"
"DolocTown","FarmFish","DolocTown.FarmFish","class","public","System.Object","","False","False","","4","2","2","0","0x0200040C"
"DolocTown","FarmFishShoal","DolocTown.FarmFishShoal","class","public","System.Object","","False","False","","12","3","4","0","0x0200040D"
"","<>c","DolocTown.FarmFishShoal/<>c","class","private","System.Object","","False","True","DolocTown.FarmFishShoal","4","3","0","0","0x02000FF0"
"DolocTown","FarmFishTank","DolocTown.FarmFishTank","class","public","System.Object","","False","False","","51","9","17","0","0x0200040E"
"","<>c","DolocTown.FarmFishTank/<>c","class","private","System.Object","","False","True","DolocTown.FarmFishTank","5","4","0","0","0x02000FF1"
"","<GetProductItems>d__71","DolocTown.FarmFishTank/<GetProductItems>d__71","class","private","System.Object","System.Collections.Generic.IEnumerable`1<DolocTown.Item> | System.Collections.IEnumerable | System.Collections.Generic.IEnumerator`1<DolocTown.Item> | System.Collections.IEnumerator | System.IDisposable","False","True","DolocTown.FarmFishTank","9","5","2","0","0x02000FF2"
"","<>c__DisplayClass75_0","DolocTown.FarmFishTank/<>c__DisplayClass75_0","class","private","System.Object","","False","True","DolocTown.FarmFishTank","2","2","0","0","0x02000FF3"
"DolocTown","FishingGameController","DolocTown.FishingGameController","class","public","System.Object","","True","False","","8","0","2","0","0x0200040F"
"","GameStatus","DolocTown.FishingGameController/GameStatus","enum","public","System.Enum","","False","True","DolocTown.FishingGameController","0","4","0","0","0x02000FF4"
"DolocTown","FishingPool","DolocTown.FishingPool","class","public","DolocTown.DolocObject","","False","False","","7","2","2","0","0x02000410"
"DolocTown","FishingGameScrollBar","DolocTown.FishingGameScrollBar","class","public","DolocTown.FishingGameController","","False","False","","14","24","6","0","0x02000411"
"DolocTown","FishingNoteType","DolocTown.FishingNoteType","enum","public","System.Enum","","False","True","","0","4","0","0","0x02000412"
"DolocTown","FishingNoteData","DolocTown.FishingNoteData","class","public","System.Object","","False","False","","1","6","0","0","0x02000413"
"DolocTown","FishingNoteSpawner","DolocTown.FishingNoteSpawner","class","public","System.Object","","False","False","","4","8","0","0","0x02000414"
"DolocTown","FishingGame","DolocTown.FishingGame","class","public","System.Object","","True","False","","6","1","1","0","0x02000415"
"DolocTown","FishGameRendererDoubleCircle","DolocTown.FishGameRendererDoubleCircle","class","public","DolocTown.DolocObject","","False","False","","7","6","4","0","0x02000416"
"DolocTown","FishingGameDoubleCircle","DolocTown.FishingGameDoubleCircle","class","public","DolocTown.FishingGame","","False","False","","13","10","1","0","0x02000417"
"","IParams","DolocTown.FishingGameDoubleCircle/IParams","interface","public","","","True","False","DolocTown.FishingGameDoubleCircle","8","0","8","0","0x02000FF5"
"DolocTown","ICelledSprite","DolocTown.ICelledSprite","interface","public","","","True","False","","4","0","4","0","0x02000418"
"DolocTown","IContainer","DolocTown.IContainer","interface","public","","","True","False","","7","0","4","0","0x02000419"
"DolocTown","IDroneComponentItem","DolocTown.IDroneComponentItem","interface","public","","","True","False","","11","1","9","0","0x0200041A"
"DolocTown","IDurability","DolocTown.IDurability","interface","public","","","True","False","","3","0","3","0","0x0200041B"
"DolocTown","IEatable","DolocTown.IEatable","interface","public","","","True","False","","8","0","3","0","0x0200041C"
"DolocTown","IHasGeneGroup","DolocTown.IHasGeneGroup","interface","public","","","True","False","","8","0","5","0","0x0200041D"
"DolocTown","IHasSubscript","DolocTown.IHasSubscript","interface","public","","","True","False","","2","0","2","0","0x0200041E"
"DolocTown","IActiveItem","DolocTown.IActiveItem","interface","public","","","True","False","","0","0","0","0","0x0200041F"
"DolocTown","ItemConstructController","DolocTown.ItemConstructController","class","public","DolocTown.Item","DolocTown.IActiveItem","False","False","","6","0","0","0","0x02000420"
"DolocTown","ItemFarmingGun","DolocTown.ItemFarmingGun","class","public","DolocTown.Item","DolocTown.IContainer | DolocTown.IActiveItem","False","False","","26","2","5","0","0x02000421"
"","<>c__DisplayClass17_0","DolocTown.ItemFarmingGun/<>c__DisplayClass17_0","class","private","System.Object","","False","True","DolocTown.ItemFarmingGun","2","6","0","0","0x02000FF6"
"","<>c__DisplayClass17_1","DolocTown.ItemFarmingGun/<>c__DisplayClass17_1","class","private","System.Object","","False","True","DolocTown.ItemFarmingGun","2","2","0","0","0x02000FF7"
"","<>c__DisplayClass22_0","DolocTown.ItemFarmingGun/<>c__DisplayClass22_0","class","private","System.Object","","False","True","DolocTown.ItemFarmingGun","3","2","0","0","0x02000FF8"
"DolocTown","ItemMotorKey","DolocTown.ItemMotorKey","class","public","DolocTown.Item","DolocTown.IActiveItem","False","False","","8","0","0","0","0x02000422"
"DolocTown","ItemHat","DolocTown.ItemHat","class","public","DolocTown.Item","","False","False","","7","0","1","0","0x02000423"
"DolocTown","ItemHatShield","DolocTown.ItemHatShield","class","public","DolocTown.ItemHat","","False","False","","7","2","1","0","0x02000424"
"DolocTown","ItemPassive","DolocTown.ItemPassive","class","public","DolocTown.Item","","False","False","","6","0","0","0","0x02000425"
"DolocTown","ItemHerbPackage","DolocTown.ItemHerbPackage","class","public","DolocTown.ItemPassive","","False","False","","7","2","2","0","0x02000426"
"DolocTown","ItemAnimalPackage","DolocTown.ItemAnimalPackage","class","public","DolocTown.Item","","False","False","","27","2","7","0","0x02000427"
"","<>c__DisplayClass25_0","DolocTown.ItemAnimalPackage/<>c__DisplayClass25_0","class","private","System.Object","","False","True","DolocTown.ItemAnimalPackage","4","3","0","0","0x02000FF9"
"DolocTown","ItemFishFry","DolocTown.ItemFishFry","class","public","DolocTown.Item","","False","False","","17","4","6","0","0x02000428"
"DolocTown","ItemFishRoe","DolocTown.ItemFishRoe","class","public","DolocTown.Item","","False","False","","15","3","5","0","0x02000429"
"DolocTown","ItemAnimation","DolocTown.ItemAnimation","class","public","DolocTown.Item","","False","False","","9","0","1","0","0x0200042A"
"DolocTown","ItemRescuePager","DolocTown.ItemRescuePager","class","public","DolocTown.ItemAnimation","","False","False","","3","0","0","0","0x0200042B"
"DolocTown","ItemSleepingBag","DolocTown.ItemSleepingBag","class","public","DolocTown.ItemAnimation","","False","False","","3","0","0","0","0x0200042C"
"DolocTown","ItemBuilding","DolocTown.ItemBuilding","class","public","DolocTown.Item","","False","False","","18","2","8","0","0x0200042D"
"DolocTown","ItemBuildingExterior","DolocTown.ItemBuildingExterior","class","public","DolocTown.Item","","False","False","","14","0","3","0","0x0200042E"
"","<>c","DolocTown.ItemBuildingExterior/<>c","class","private","System.Object","","False","True","DolocTown.ItemBuildingExterior","4","3","0","0","0x02000FFA"
"DolocTown","ItemDemolitionTool","DolocTown.ItemDemolitionTool","class","public","DolocTown.Item","","False","False","","9","0","0","0","0x0200042F"
"","<>c__DisplayClass5_0","DolocTown.ItemDemolitionTool/<>c__DisplayClass5_0","class","private","System.Object","","False","True","DolocTown.ItemDemolitionTool","3","3","0","0","0x02000FFB"
"DolocTown","ItemDoorplate","DolocTown.ItemDoorplate","class","public","DolocTown.Item","","False","False","","10","0","0","0","0x02000430"
"DolocTown","ItemPatch","DolocTown.ItemPatch","class","public","DolocTown.Item","","False","False","","9","0","1","0","0x02000431"
"","<>c__DisplayClass5_0","DolocTown.ItemPatch/<>c__DisplayClass5_0","class","private","System.Object","","False","True","DolocTown.ItemPatch","2","2","0","0","0x02000FFC"
"DolocTown","ItemWallpaper","DolocTown.ItemWallpaper","class","public","DolocTown.Item","","False","False","","11","0","3","0","0x02000432"
"","<>c","DolocTown.ItemWallpaper/<>c","class","private","System.Object","","False","True","DolocTown.ItemWallpaper","4","3","0","0","0x02000FFD"
"DolocTown","ItemDroneAssist","DolocTown.ItemDroneAssist","class","public","DolocTown.Item","DolocTown.IDroneComponentItem","False","False","","11","1","9","0","0x02000433"
"DolocTown","ItemDroneChip","DolocTown.ItemDroneChip","class","public","DolocTown.Item","DolocTown.IDroneComponentItem","False","False","","12","1","9","0","0x02000434"
"DolocTown","ItemDroneEngine","DolocTown.ItemDroneEngine","class","public","DolocTown.Item","DolocTown.IDroneComponentItem","False","False","","11","1","8","0","0x02000435"
"DolocTown","ItemDroneStructure","DolocTown.ItemDroneStructure","class","public","DolocTown.Item","","False","False","","20","3","5","0","0x02000436"
"","<>c","DolocTown.ItemDroneStructure/<>c","class","private","System.Object","","False","True","DolocTown.ItemDroneStructure","4","3","0","0","0x02000FFE"
"DolocTown","ItemDroneWeapon","DolocTown.ItemDroneWeapon","class","public","DolocTown.Item","DolocTown.IDroneComponentItem","False","False","","12","1","9","0","0x02000437"
"DolocTown","ItemCrop","DolocTown.ItemCrop","class","public","DolocTown.Item","DolocTown.IHasGeneGroup | DolocTown.IEatable | DolocTown.IHasSubscript","False","False","","22","2","11","0","0x02000438"
"DolocTown","ItemGeneCapsule","DolocTown.ItemGeneCapsule","class","public","DolocTown.Item","DolocTown.IHasGeneGroup | DolocTown.IHasSubscript","False","False","","16","1","7","0","0x02000439"
"DolocTown","ItemSeed","DolocTown.ItemSeed","class","public","DolocTown.Item","DolocTown.IHasGeneGroup | DolocTown.IHasSubscript","False","False","","34","6","8","0","0x0200043A"
"","<>c__DisplayClass27_0","DolocTown.ItemSeed/<>c__DisplayClass27_0","class","private","System.Object","","False","True","DolocTown.ItemSeed","2","2","0","0","0x02000FFF"
"","<>c__DisplayClass28_0","DolocTown.ItemSeed/<>c__DisplayClass28_0","class","private","System.Object","","False","True","DolocTown.ItemSeed","2","2","0","0","0x02001000"
"DolocTown","ItemAutomateBot","DolocTown.ItemAutomateBot","class","public","DolocTown.Item","","False","False","","4","0","2","0","0x0200043B"
"DolocTown","ItemBattery","DolocTown.ItemBattery","class","public","DolocTown.Item","","False","False","","5","0","0","0","0x0200043C"
"","<>c__DisplayClass4_0","DolocTown.ItemBattery/<>c__DisplayClass4_0","class","private","System.Object","","False","True","DolocTown.ItemBattery","2","2","0","0","0x02001001"
"DolocTown","ItemBottle","DolocTown.ItemBottle","class","public","DolocTown.Item","","False","False","","14","0","0","0","0x0200043D"
"","<>c__DisplayClass10_0","DolocTown.ItemBottle/<>c__DisplayClass10_0","class","private","System.Object","","False","True","DolocTown.ItemBottle","2","3","0","0","0x02001002"
"DolocTown","ItemBox","DolocTown.ItemBox","class","public","DolocTown.Item","DolocTown.IContainer | DolocTown.IDurability","False","False","","41","5","10","0","0x0200043E"
"","<>c__DisplayClass24_0","DolocTown.ItemBox/<>c__DisplayClass24_0","struct","private","System.ValueType","","False","True","DolocTown.ItemBox","0","1","0","0","0x02001003"
"DolocTown","ItemEdenFruit","DolocTown.ItemEdenFruit","class","public","DolocTown.Item","","False","False","","7","0","0","0","0x0200043F"
"","<>c","DolocTown.ItemEdenFruit/<>c","class","private","System.Object","","False","True","DolocTown.ItemEdenFruit","3","2","0","0","0x02001004"
"DolocTown","ItemEquipment","DolocTown.ItemEquipment","class","public","DolocTown.Item","","False","False","","21","2","7","0","0x02000440"
"","<>c","DolocTown.ItemEquipment/<>c","class","private","System.Object","","False","True","DolocTown.ItemEquipment","3","2","0","0","0x02001005"
"DolocTown","ItemFertilizer","DolocTown.ItemFertilizer","class","public","DolocTown.Item","","False","False","","9","0","1","0","0x02000441"
"","<>c__DisplayClass6_0","DolocTown.ItemFertilizer/<>c__DisplayClass6_0","class","private","System.Object","","False","True","DolocTown.ItemFertilizer","2","2","0","0","0x02001006"
"","<>c__DisplayClass6_1","DolocTown.ItemFertilizer/<>c__DisplayClass6_1","class","private","System.Object","","False","True","DolocTown.ItemFertilizer","2","2","0","0","0x02001007"
"DolocTown","ItemFilm","DolocTown.ItemFilm","class","public","DolocTown.Item","","False","False","","11","0","1","0","0x02000442"
"","<>c__DisplayClass6_0","DolocTown.ItemFilm/<>c__DisplayClass6_0","class","private","System.Object","","False","True","DolocTown.ItemFilm","2","2","0","0","0x02001008"
"DolocTown","ItemFishingRod","DolocTown.ItemFishingRod","class","public","DolocTown.Item","","False","False","","6","2","0","0","0x02000443"
"DolocTown","ItemFood","DolocTown.ItemFood","class","public","DolocTown.Item","DolocTown.IEatable","False","False","","7","1","2","0","0x02000444"
"DolocTown","ItemMissile","DolocTown.ItemMissile","class","public","DolocTown.Item","","False","False","","10","0","2","0","0x02000445"
"","<>c__DisplayClass10_0","DolocTown.ItemMissile/<>c__DisplayClass10_0","class","private","System.Object","","False","True","DolocTown.ItemMissile","2","1","0","0","0x02001009"
"","<>c__DisplayClass11_0","DolocTown.ItemMissile/<>c__DisplayClass11_0","class","private","System.Object","","False","True","DolocTown.ItemMissile","2","1","0","0","0x0200100A"
"DolocTown","ItemPlatform","DolocTown.ItemPlatform","class","public","DolocTown.Item","","False","False","","8","0","2","0","0x02000446"
"DolocTown","ItemRandomPackage","DolocTown.ItemRandomPackage","class","public","DolocTown.Item","","False","False","","5","0","0","0","0x02000447"
"","<>c__DisplayClass4_0","DolocTown.ItemRandomPackage/<>c__DisplayClass4_0","class","private","System.Object","","False","True","DolocTown.ItemRandomPackage","2","2","0","0","0x0200100B"
"DolocTown","ItemSeedMaternal","DolocTown.ItemSeedMaternal","class","public","DolocTown.Item","","False","False","","5","0","1","0","0x02000448"
"DolocTown","ItemTool","DolocTown.ItemTool","class","public","DolocTown.Item","","False","False","","12","0","6","0","0x02000449"
"DolocTown","ItemRecipe","DolocTown.ItemRecipe","class","public","DolocTown.Item","","False","False","","9","1","4","0","0x0200044A"
"DolocTown","ItemRecipeGroup","DolocTown.ItemRecipeGroup","class","public","DolocTown.Item","","False","False","","7","1","2","0","0x0200044B"
"DolocTown","ItemSeedTree","DolocTown.ItemSeedTree","class","public","DolocTown.Item","","False","False","","13","0","5","0","0x0200044C"
"","<>c__DisplayClass14_0","DolocTown.ItemSeedTree/<>c__DisplayClass14_0","class","private","System.Object","","False","True","DolocTown.ItemSeedTree","2","4","0","0","0x0200100C"
"DolocTown","ItemWaterCan","DolocTown.ItemWaterCan","class","public","DolocTown.Item","DolocTown.IDurability | DolocTown.IWaterContainer","False","False","","29","2","11","0","0x0200044D"
"","<>c__DisplayClass30_0","DolocTown.ItemWaterCan/<>c__DisplayClass30_0","class","private","System.Object","","False","True","DolocTown.ItemWaterCan","2","2","0","0","0x0200100D"
"DolocTown","Item","DolocTown.Item","class","public","DolocTown.ItemBase","","False","False","","78","2","34","0","0x0200044E"
"","<>c","DolocTown.Item/<>c","class","private","System.Object","","False","True","DolocTown.Item","5","4","0","0","0x0200100E"
"DolocTown","ItemAttribute","DolocTown.ItemAttribute","class","public","System.Attribute","","False","False","","1","0","0","0","0x0200044F"
"DolocTown","ItemBase","DolocTown.ItemBase","class","public","System.Object","","True","False","","4","1","2","0","0x02000450"
"DolocTown","ItemFactory","DolocTown.ItemFactory","class","public","System.Object","","False","False","","8","1","1","0","0x02000451"
"DolocTown","TreeCrop","DolocTown.TreeCrop","class","public","System.Object","","False","False","","29","11","12","0","0x02000452"
"DolocTown","Crop","DolocTown.Crop","class","public","System.Object","","False","False","","101","11","36","0","0x02000453"
"","<>c","DolocTown.Crop/<>c","class","private","System.Object","","False","True","DolocTown.Crop","4","3","0","0","0x0200100F"
"","<>c__DisplayClass40_0","DolocTown.Crop/<>c__DisplayClass40_0","class","private","System.Object","","False","True","DolocTown.Crop","2","1","0","0","0x02001010"
"DolocTown","CropData","DolocTown.CropData","struct","public","System.ValueType","","False","True","","2","9","0","0","0x02000454"
"DolocTown","CropDecorator","DolocTown.CropDecorator","class","public","System.Object","DolocTown.ICropFunction","False","False","","43","3","5","0","0x02000455"
"","<>c","DolocTown.CropDecorator/<>c","class","private","System.Object","","False","True","DolocTown.CropDecorator","3","2","0","0","0x02001011"
"DolocTown","CropEnv","DolocTown.CropEnv","class","public","System.Object","","False","False","","7","4","5","0","0x02000456"
"","<get_AroundBasins>d__10","DolocTown.CropEnv/<get_AroundBasins>d__10","class","private","System.Object","System.Collections.Generic.IEnumerable`1<DolocTown.PlantBasin> | System.Collections.IEnumerable | System.Collections.Generic.IEnumerator`1<DolocTown.PlantBasin> | System.Collections.IEnumerator | System.IDisposable","False","True","DolocTown.CropEnv","8","7","2","0","0x02001012"
"","<>c__DisplayClass11_0","DolocTown.CropEnv/<>c__DisplayClass11_0","class","private","System.Object","","False","True","DolocTown.CropEnv","2","1","0","0","0x02001013"
"","<>c","DolocTown.CropEnv/<>c","class","private","System.Object","","False","True","DolocTown.CropEnv","3","2","0","0","0x02001014"
"","<get_AroundCrops>d__15","DolocTown.CropEnv/<get_AroundCrops>d__15","class","private","System.Object","System.Collections.Generic.IEnumerable`1<DolocTown.Crop> | System.Collections.IEnumerable | System.Collections.Generic.IEnumerator`1<DolocTown.Crop> | System.Collections.IEnumerator | System.IDisposable","False","True","DolocTown.CropEnv","9","5","2","0","0x02001015"
"DolocTown","FertilizerData","DolocTown.FertilizerData","struct","public","System.ValueType","","False","True","","7","4","2","0","0x02000457"
"","<>c__DisplayClass10_0","DolocTown.FertilizerData/<>c__DisplayClass10_0","class","private","System.Object","","False","True","DolocTown.FertilizerData","2","1","0","0","0x02001016"
"","<>c","DolocTown.FertilizerData/<>c","class","private","System.Object","","False","True","DolocTown.FertilizerData","4","3","0","0","0x02001017"
"","<>c__DisplayClass11_0","DolocTown.FertilizerData/<>c__DisplayClass11_0","class","private","System.Object","","False","True","DolocTown.FertilizerData","2","1","0","0","0x02001018"
"DolocTown","ForageGrass","DolocTown.ForageGrass","class","public","System.Object","DolocTown.IFeeder | DolocTown.IAnimalInteractable","False","False","","42","11","18","0","0x02000458"
"DolocTown","CropGeneFunction","DolocTown.CropGeneFunction","class","public","System.Object","DolocTown.ICropFunction","True","False","","46","3","11","0","0x02000459"
"DolocTown","CropGeneUtils","DolocTown.CropGeneUtils","static class","public","System.Object","","True","True","","11","2","0","0","0x0200045A"
"","<>c","DolocTown.CropGeneUtils/<>c","class","private","System.Object","","False","True","DolocTown.CropGeneUtils","8","7","0","0","0x02001019"
"","<>c__DisplayClass8_0","DolocTown.CropGeneUtils/<>c__DisplayClass8_0","class","private","System.Object","","False","True","DolocTown.CropGeneUtils","3","2","0","0","0x0200101A"
"DolocTown","CropOutputData","DolocTown.CropOutputData","struct","public","System.ValueType","","False","True","","1","3","0","0","0x0200045B"
"DolocTown","CropGeneFunctionAerialRoot","DolocTown.CropGeneFunctionAerialRoot","class","public","DolocTown.CropGeneFunction","","False","False","","6","0","1","0","0x0200045C"
"DolocTown","CropGeneFunctionAntiAcidRain","DolocTown.CropGeneFunctionAntiAcidRain","class","public","DolocTown.CropGeneFunction","","False","False","","4","0","0","0","0x0200045D"
"","<>c","DolocTown.CropGeneFunctionAntiAcidRain/<>c","class","private","System.Object","","False","True","DolocTown.CropGeneFunctionAntiAcidRain","4","3","0","0","0x0200101B"
"DolocTown","CropGeneFunctionBonsai","DolocTown.CropGeneFunctionBonsai","class","public","DolocTown.CropGeneFunction","","False","False","","3","1","1","0","0x0200045E"
"DolocTown","CropGeneFunctionCharge","DolocTown.CropGeneFunctionCharge","class","public","DolocTown.CropGeneFunction","","False","False","","4","1","0","0","0x0200045F"
"","<>c__DisplayClass3_0","DolocTown.CropGeneFunctionCharge/<>c__DisplayClass3_0","class","private","System.Object","","False","True","DolocTown.CropGeneFunctionCharge","2","2","0","0","0x0200101C"
"DolocTown","CropGeneFunctionConiferLeaf","DolocTown.CropGeneFunctionConiferLeaf","class","public","DolocTown.CropGeneFunction","","False","False","","7","1","0","0","0x02000460"
"","<>c","DolocTown.CropGeneFunctionConiferLeaf/<>c","class","private","System.Object","","False","True","DolocTown.CropGeneFunctionConiferLeaf","3","2","0","0","0x0200101D"
"DolocTown","CropGeneFunctionFertilityEnhance","DolocTown.CropGeneFunctionFertilityEnhance","class","public","DolocTown.CropGeneFunction","","False","False","","3","1","0","0","0x02000461"
"DolocTown","CropGeneFunctionFirefly","DolocTown.CropGeneFunctionFirefly","class","public","DolocTown.CropGeneFunction","","False","False","","7","1","0","0","0x02000462"
"DolocTown","CropGeneFunctionFlorescenceExtend","DolocTown.CropGeneFunctionFlorescenceExtend","class","public","DolocTown.CropGeneFunction","","False","False","","5","1","1","0","0x02000463"
"DolocTown","CropGeneFunctionFractalCrop","DolocTown.CropGeneFunctionFractalCrop","class","public","DolocTown.CropGeneFunction","","False","False","","3","1","0","0","0x02000464"
"DolocTown","CropGeneFunctionGrowUnchecked","DolocTown.CropGeneFunctionGrowUnchecked","class","public","DolocTown.CropGeneFunction","","False","False","","3","1","0","0","0x02000465"
"DolocTown","CropGeneFunctionHanabi","DolocTown.CropGeneFunctionHanabi","class","public","DolocTown.CropGeneFunction","","False","False","","5","3","0","0","0x02000466"
"DolocTown","CropGeneFunctionHope","DolocTown.CropGeneFunctionHope","class","public","DolocTown.CropGeneFunction","","False","False","","5","0","0","0","0x02000467"
"","<>c__DisplayClass2_0","DolocTown.CropGeneFunctionHope/<>c__DisplayClass2_0","class","private","System.Object","","False","True","DolocTown.CropGeneFunctionHope","2","4","0","0","0x0200101E"
"DolocTown","CropGeneFunctionImmortalJellyfish","DolocTown.CropGeneFunctionImmortalJellyfish","class","public","DolocTown.CropGeneFunction","","False","False","","4","1","0","0","0x02000468"
"DolocTown","CropGeneFunctionNutritionEnrich","DolocTown.CropGeneFunctionNutritionEnrich","class","public","DolocTown.CropGeneFunction","","False","False","","4","2","0","0","0x02000469"
"DolocTown","CropGeneFunctionOxygen","DolocTown.CropGeneFunctionOxygen","class","public","DolocTown.CropGeneFunction","","False","False","","11","4","0","0","0x0200046A"
"DolocTown","CropGeneFunctionParasite","DolocTown.CropGeneFunctionParasite","class","public","DolocTown.CropGeneFunction","","False","False","","5","3","0","0","0x0200046B"
"DolocTown","CropGeneFunctionProtoInfertility","DolocTown.CropGeneFunctionProtoInfertility","class","public","DolocTown.CropGeneFunction","","False","False","","3","0","1","0","0x0200046C"
"DolocTown","CropGeneFunctionRobustHealth","DolocTown.CropGeneFunctionRobustHealth","class","public","DolocTown.CropGeneFunction","","False","False","","4","1","0","0","0x0200046D"
"DolocTown","CropGeneFunctionSporeSpray","DolocTown.CropGeneFunctionSporeSpray","class","public","DolocTown.CropGeneFunction","","False","False","","3","0","0","0","0x0200046E"
"DolocTown","CropGeneFunctionSprinkler","DolocTown.CropGeneFunctionSprinkler","class","public","DolocTown.CropGeneFunction","","False","False","","8","3","0","0","0x0200046F"
"DolocTown","CropGeneFunctionSymbioticSupply","DolocTown.CropGeneFunctionSymbioticSupply","class","public","DolocTown.CropGeneFunction","","False","False","","5","2","0","0","0x02000470"
"DolocTown","CropGeneFunctionTimeGift","DolocTown.CropGeneFunctionTimeGift","class","public","DolocTown.CropGeneFunction","","False","False","","4","3","0","0","0x02000471"
"DolocTown","CropGeneFunctionWindSow","DolocTown.CropGeneFunctionWindSow","class","public","DolocTown.CropGeneFunction","","False","False","","6","3","0","0","0x02000472"
"DolocTown","GeneBuffData","DolocTown.GeneBuffData","struct","public","System.ValueType","","False","True","","1","2","0","0","0x02000473"
"DolocTown","GeneGroup","DolocTown.GeneGroup","class","public","System.Object","","False","False","","21","1","4","0","0x02000474"
"","<>c","DolocTown.GeneGroup/<>c","class","private","System.Object","","False","True","DolocTown.GeneGroup","4","3","0","0","0x0200101F"
"","<>c__DisplayClass12_0","DolocTown.GeneGroup/<>c__DisplayClass12_0","class","private","System.Object","","False","True","DolocTown.GeneGroup","2","1","0","0","0x02001020"
"DolocTown","ICropFunction","DolocTown.ICropFunction","interface","public","","","True","False","","14","0","2","0","0x02000475"
"DolocTown","CropRenderer","DolocTown.CropRenderer","class","public","DolocTown.GameEntity","DolocTown.IWindInteractive | DolocTown.IFellable | DolocTown.IAttackable","False","False","","41","10","12","0","0x02000476"
"","<>c__DisplayClass42_0","DolocTown.CropRenderer/<>c__DisplayClass42_0","class","private","System.Object","","False","True","DolocTown.CropRenderer","2","2","0","0","0x02001021"
"DolocTown","ForageGrassRenderer","DolocTown.ForageGrassRenderer","class","public","DolocTown.GameEntity","DolocTown.IWindInteractive | DolocTown.IFellable | DolocTown.IAttackable","False","False","","27","5","8","0","0x02000477"
"DolocTown","MoistRenderer","DolocTown.MoistRenderer","class","public","DolocTown.DolocRecyclableObject","","False","False","","5","2","0","0","0x02000478"
"DolocTown","TreeCropRenderer","DolocTown.TreeCropRenderer","class","public","DolocTown.GameEntity","DolocTown.IFellable","False","False","","16","5","5","0","0x02000479"
"DolocTown","PlatformCutInfos","DolocTown.PlatformCutInfos","struct","public","System.ValueType","","False","True","","2","1","1","0","0x0200047A"
"","<get_AllCutPositions>d__2","DolocTown.PlatformCutInfos/<get_AllCutPositions>d__2","class","private","System.Object","System.Collections.Generic.IEnumerable`1<UnityEngine.Vector2Int> | System.Collections.IEnumerable | System.Collections.Generic.IEnumerator`1<UnityEngine.Vector2Int> | System.Collections.IEnumerator | System.IDisposable","False","True","DolocTown.PlatformCutInfos","11","9","2","0","0x02001022"
"DolocTown","PlatformGeometry","DolocTown.PlatformGeometry","class","public","System.Object","","False","False","","32","2","17","0","0x0200047B"
"","<get_SurfacePositions>d__21","DolocTown.PlatformGeometry/<get_SurfacePositions>d__21","class","private","System.Object","System.Collections.Generic.IEnumerable`1<UnityEngine.Vector2Int> | System.Collections.IEnumerable | System.Collections.Generic.IEnumerator`1<UnityEngine.Vector2Int> | System.Collections.IEnumerator | System.IDisposable","False","True","DolocTown.PlatformGeometry","8","6","2","0","0x02001023"
"","<get_PlatformPositions>d__23","DolocTown.PlatformGeometry/<get_PlatformPositions>d__23","class","private","System.Object","System.Collections.Generic.IEnumerable`1<UnityEngine.Vector2Int> | System.Collections.IEnumerable | System.Collections.Generic.IEnumerator`1<UnityEngine.Vector2Int> | System.Collections.IEnumerator | System.IDisposable","False","True","DolocTown.PlatformGeometry","8","5","2","0","0x02001024"
"","<get_PlatformPositionsIncludeBorder>d__25","DolocTown.PlatformGeometry/<get_PlatformPositionsIncludeBorder>d__25","class","private","System.Object","System.Collections.Generic.IEnumerable`1<UnityEngine.Vector2Int> | System.Collections.IEnumerable | System.Collections.Generic.IEnumerator`1<UnityEngine.Vector2Int> | System.Collections.IEnumerator | System.IDisposable","False","True","DolocTown.PlatformGeometry","8","5","2","0","0x02001025"
"","<get_ColumnPositions>d__28","DolocTown.PlatformGeometry/<get_ColumnPositions>d__28","class","private","System.Object","System.Collections.Generic.IEnumerable`1<UnityEngine.Vector2Int> | System.Collections.IEnumerable | System.Collections.Generic.IEnumerator`1<UnityEngine.Vector2Int> | System.Collections.IEnumerator | System.IDisposable","False","True","DolocTown.PlatformGeometry","8","7","2","0","0x02001026"
"","<get_AllPositions>d__30","DolocTown.PlatformGeometry/<get_AllPositions>d__30","class","private","System.Object","System.Collections.Generic.IEnumerable`1<UnityEngine.Vector2Int> | System.Collections.IEnumerable | System.Collections.Generic.IEnumerator`1<UnityEngine.Vector2Int> | System.Collections.IEnumerator | System.IDisposable","False","True","DolocTown.PlatformGeometry","10","5","2","0","0x02001027"
"","<GetColumnPositions>d__41","DolocTown.PlatformGeometry/<GetColumnPositions>d__41","class","private","System.Object","System.Collections.Generic.IEnumerable`1<UnityEngine.Vector2Int> | System.Collections.IEnumerable | System.Collections.Generic.IEnumerator`1<UnityEngine.Vector2Int> | System.Collections.IEnumerator | System.IDisposable","False","True","DolocTown.PlatformGeometry","9","5","2","0","0x02001028"
"","<GetColumnPositionsFromPos>d__49","DolocTown.PlatformGeometry/<GetColumnPositionsFromPos>d__49","class","private","System.Object","System.Collections.Generic.IEnumerable`1<UnityEngine.Vector2Int> | System.Collections.IEnumerable | System.Collections.Generic.IEnumerator`1<UnityEngine.Vector2Int> | System.Collections.IEnumerator | System.IDisposable","False","True","DolocTown.PlatformGeometry","8","8","2","0","0x02001029"
"DolocTown","PlatformManager","DolocTown.PlatformManager","class","public","System.Object","","False","False","","14","3","4","0","0x0200047C"
"","<get_totalPlatforms>d__10","DolocTown.PlatformManager/<get_totalPlatforms>d__10","class","private","System.Object","System.Collections.Generic.IEnumerable`1<DolocTown.Platform> | System.Collections.IEnumerable | System.Collections.Generic.IEnumerator`1<DolocTown.Platform> | System.Collections.IEnumerator | System.IDisposable","False","True","DolocTown.PlatformManager","10","6","2","0","0x0200102A"
"","<get_totalColliders>d__12","DolocTown.PlatformManager/<get_totalColliders>d__12","class","private","System.Object","System.Collections.Generic.IEnumerable`1<UnityEngine.Vector3Int> | System.Collections.IEnumerable | System.Collections.Generic.IEnumerator`1<UnityEngine.Vector3Int> | System.Collections.IEnumerator | System.IDisposable","False","True","DolocTown.PlatformManager","10","7","2","0","0x0200102B"
"","<GetCollidersAtRow>d__13","DolocTown.PlatformManager/<GetCollidersAtRow>d__13","class","private","System.Object","System.Collections.Generic.IEnumerable`1<UnityEngine.Vector3Int> | System.Collections.IEnumerable | System.Collections.Generic.IEnumerator`1<UnityEngine.Vector3Int> | System.Collections.IEnumerator | System.IDisposable","False","True","DolocTown.PlatformManager","9","7","2","0","0x0200102C"
"","<>c__DisplayClass16_0","DolocTown.PlatformManager/<>c__DisplayClass16_0","class","private","System.Object","","False","True","DolocTown.PlatformManager","2","2","0","0","0x0200102D"
"DolocTown","PlatformTileGeneratorUtils","DolocTown.PlatformTileGeneratorUtils","static class","public","System.Object","","True","True","","8","1","0","0","0x0200047D"
"","<>c","DolocTown.PlatformTileGeneratorUtils/<>c","class","private","System.Object","","False","True","DolocTown.PlatformTileGeneratorUtils","4","3","0","0","0x0200102E"
"DolocTown","OnewayColliderAlias","DolocTown.OnewayColliderAlias","static class","public","System.Object","","True","True","","0","2","0","0","0x0200047E"
"DolocTown","OnewayColliderRenderer","DolocTown.OnewayColliderRenderer","class","public","DolocTown.PlatformEntityOneway","","False","False","","1","0","0","0","0x0200047F"
"DolocTown","PlatformEntityOneway","DolocTown.PlatformEntityOneway","class","public","DolocTown.GameEntity","","False","False","","8","3","2","0","0x02000480"
"DolocTown","PlatformEntityOnewayManual","DolocTown.PlatformEntityOnewayManual","class","public","DolocTown.PlatformEntityOneway","","False","False","","2","0","0","0","0x02000481"
"DolocTown","Dish","DolocTown.Dish","class","public","System.Object","DolocTown.IRecipe","False","False","","14","5","12","0","0x02000482"
"","<>c","DolocTown.Dish/<>c","class","private","System.Object","","False","True","DolocTown.Dish","3","2","0","0","0x0200102F"
"DolocTown","DishGroup","DolocTown.DishGroup","class","public","System.Object","DolocTown.IRecipeGroup","False","False","","19","3","12","0","0x02000483"
"DolocTown","IRecipe","DolocTown.IRecipe","interface","public","","","True","False","","14","0","9","0","0x02000484"
"DolocTown","IRecipeGroup","DolocTown.IRecipeGroup","interface","public","","","True","False","","18","0","11","0","0x02000485"
"DolocTown","Recipe","DolocTown.Recipe","class","public","System.Object","DolocTown.IRecipe","False","False","","11","3","9","0","0x02000486"
"DolocTown","RecipeGroup","DolocTown.RecipeGroup","class","public","System.Object","DolocTown.IRecipeGroup","False","False","","19","3","12","0","0x02000487"
"DolocTown","RecipeManager","DolocTown.RecipeManager","class","public","System.Object","","False","False","","11","2","5","0","0x02000488"
"DolocTown","TechLevelManager","DolocTown.TechLevelManager","class","public","System.Object","","False","False","","7","1","0","0","0x02000489"
"","<>c","DolocTown.TechLevelManager/<>c","class","private","System.Object","","False","True","DolocTown.TechLevelManager","3","2","0","0","0x02001030"
"DolocTown","DisableOnGameStart","DolocTown.DisableOnGameStart","class","public","UnityEngine.MonoBehaviour","","False","False","","2","1","0","0","0x0200048A"
"DolocTown","BuildingPreset","DolocTown.BuildingPreset","class","public","DolocTown.ObjectPreset","","False","False","","6","3","4","0","0x0200048B"
"DolocTown","EquipmentPreset","DolocTown.EquipmentPreset","class","public","DolocTown.ObjectPreset","","False","False","","7","4","5","0","0x0200048C"
"DolocTown","ObjectPreset","DolocTown.ObjectPreset","class","public","UnityEngine.MonoBehaviour","","True","False","","11","3","7","0","0x0200048D"
"DolocTown","PlatformPreset","DolocTown.PlatformPreset","class","public","DolocTown.ObjectPreset","","False","False","","9","3","5","0","0x0200048E"
"DolocTown","ResourcePreset","DolocTown.ResourcePreset","class","public","DolocTown.ObjectPreset","","False","False","","9","4","6","0","0x0200048F"
"DolocTown","RoomDataLoadUtils","DolocTown.RoomDataLoadUtils","static class","public","System.Object","","True","True","","1","0","0","0","0x02000490"
"DolocTown","TemplateRoom","DolocTown.TemplateRoom","class","public","DolocTown.Room","","True","False","","14","2","7","0","0x02000491"
"DolocTown","TemplateRoomInHouse","DolocTown.TemplateRoomInHouse","class","public","DolocTown.TemplateRoom","","False","False","","22","2","10","0","0x02000492"
"","<get_Buildings>d__12","DolocTown.TemplateRoomInHouse/<get_Buildings>d__12","class","private","System.Object","System.Collections.Generic.IEnumerable`1<DolocTown.Building> | System.Collections.IEnumerable | System.Collections.Generic.IEnumerator`1<DolocTown.Building> | System.Collections.IEnumerator | System.IDisposable","False","True","DolocTown.TemplateRoomInHouse","9","5","2","0","0x02001031"
"","<>c__DisplayClass31_0","DolocTown.TemplateRoomInHouse/<>c__DisplayClass31_0","class","private","System.Object","","False","True","DolocTown.TemplateRoomInHouse","2","1","0","0","0x02001032"
"DolocTown","TemplateRoomOutdoor","DolocTown.TemplateRoomOutdoor","class","public","DolocTown.TemplateRoom","","False","False","","9","0","0","0","0x02000493"
"DolocTown","TerrainContentAttribute","DolocTown.TerrainContentAttribute","class","public","System.Attribute","","False","False","","1","1","0","0","0x02000494"
"DolocTown","TerrainContent","DolocTown.TerrainContent","class","public","System.Object","RedSaw.IHasIndex","True","False","","20","6","10","0","0x02000495"
"","<>c","DolocTown.TerrainContent/<>c","class","private","System.Object","","False","True","DolocTown.TerrainContent","5","4","0","0","0x02001033"
"DolocTown","TerrainGround","DolocTown.TerrainGround","class","public","DolocTown.TerrainContent","","False","False","","3","2","0","0","0x02000496"
"DolocTown","TerrainObstacle","DolocTown.TerrainObstacle","class","public","DolocTown.TerrainContent","","False","False","","3","1","0","0","0x02000497"
"DolocTown","TerrainSlot","DolocTown.TerrainSlot","class","public","System.Object","","False","False","","8","3","3","0","0x02000498"
"DolocTown","Terrain","DolocTown.Terrain","class","public","System.Object","","False","False","","38","3","2","0","0x02000499"
"","<>c__DisplayClass10_0","DolocTown.Terrain/<>c__DisplayClass10_0","class","private","System.Object","","False","True","DolocTown.Terrain","2","2","0","0","0x02001034"
"","<>c__DisplayClass29_0","DolocTown.Terrain/<>c__DisplayClass29_0","class","private","System.Object","","False","True","DolocTown.Terrain","2","2","0","0","0x02001035"
"","<>c__DisplayClass30_0","DolocTown.Terrain/<>c__DisplayClass30_0","class","private","System.Object","","False","True","DolocTown.Terrain","2","2","0","0","0x02001036"
"","<>c__DisplayClass31_0","DolocTown.Terrain/<>c__DisplayClass31_0","class","private","System.Object","","False","True","DolocTown.Terrain","2","2","0","0","0x02001037"
"","<>c__DisplayClass32_0","DolocTown.Terrain/<>c__DisplayClass32_0","class","private","System.Object","","False","True","DolocTown.Terrain","2","2","0","0","0x02001038"
"DolocTown","TerrainLayer","DolocTown.TerrainLayer","class","public","System.Object","","False","False","","24","4","3","0","0x0200049A"
"","<GetContentsFromArea>d__13`1","DolocTown.TerrainLayer/<GetContentsFromArea>d__13`1","class","private","System.Object","System.Collections.Generic.IEnumerable`1<T> | System.Collections.IEnumerable | System.Collections.Generic.IEnumerator`1<T> | System.Collections.IEnumerator | System.IDisposable","False","True","DolocTown.TerrainLayer","9","9","2","0","0x02001039"
"","<GetContentsOfSet>d__14`1","DolocTown.TerrainLayer/<GetContentsOfSet>d__14`1","class","private","System.Object","System.Collections.Generic.IEnumerable`1<T> | System.Collections.IEnumerable | System.Collections.Generic.IEnumerator`1<T> | System.Collections.IEnumerator | System.IDisposable","False","True","DolocTown.TerrainLayer","8","6","2","0","0x0200103A"
"DolocTown","TerrainLayerDraft","DolocTown.TerrainLayerDraft","class","public","DolocTown.DolocObject","","False","False","","6","7","0","0","0x0200049B"
"DolocTown","TerrainLayerName","DolocTown.TerrainLayerName","enum","public","System.Enum","","False","True","","0","22","0","0","0x0200049C"
"DolocTown","TerrainPatch","DolocTown.TerrainPatch","static class","public","System.Object","","True","True","","7","0","0","0","0x0200049D"
"DolocTown","IndependentWeatherSystem","DolocTown.IndependentWeatherSystem","class","public","System.Object","","False","False","","7","5","3","0","0x0200049E"
"DolocTown","WeatherHistoryRecord","DolocTown.WeatherHistoryRecord","struct","public","System.ValueType","","False","True","","2","3","0","0","0x0200049F"
"DolocTown","WeatherHistory","DolocTown.WeatherHistory","class","public","System.Object","","False","False","","8","2","1","0","0x020004A0"
"DolocTown","ReferenceRecorder","DolocTown.ReferenceRecorder","class","public","System.Object","","False","False","","3","1","0","0","0x020004A1"
"DolocTown","WeatherMapGenerator","DolocTown.WeatherMapGenerator","class","public","System.Object","","False","False","","6","6","0","0","0x020004A2"
"DolocTown","WeatherMapPatch","DolocTown.WeatherMapPatch","class","public","System.Object","","False","False","","5","1","1","0","0x020004A3"
"","Record","DolocTown.WeatherMapPatch/Record","struct","public","System.ValueType","","False","True","DolocTown.WeatherMapPatch","0","4","0","0","0x0200103B"
"DolocTown","WeatherSystem","DolocTown.WeatherSystem","class","public","System.Object","","False","False","","12","4","3","0","0x020004A4"
"DolocTown","WorldContentRenderer","DolocTown.WorldContentRenderer","class","public","DolocTown.GameEntity","DolocTown.IInteractable","True","False","","11","3","3","0","0x020004A5"
"DolocTown","WorldContent","DolocTown.WorldContent","class","public","System.Object","RedSaw.IHasIndex","True","False","","16","3","6","0","0x020004A6"
"DolocTown","FestivalState","DolocTown.FestivalState","class","public","DolocTown.NormalGameState","","False","False","","15","2","4","0","0x020004A7"
"","<>c","DolocTown.FestivalState/<>c","class","private","System.Object","","False","True","DolocTown.FestivalState","3","2","0","0","0x0200103C"
"DolocTown","GameStateNoInput","DolocTown.GameStateNoInput","class","public","DolocTownGameStateBase","","False","False","","6","0","2","0","0x020004A8"
"DolocTown","GameStateUniversalTransition","DolocTown.GameStateUniversalTransition","class","public","DolocTown.GameStateNoInput","","False","False","","5","4","0","0","0x020004A9"
"DolocTown","SitParams","DolocTown.SitParams","struct","public","System.ValueType","","False","True","","8","4","7","0","0x020004AA"
"DolocTown","KillTimeState","DolocTown.KillTimeState","class","public","DolocTownGameStateBase","","False","False","","19","13","4","0","0x020004AB"
"","<SitDown>d__24","DolocTown.KillTimeState/<SitDown>d__24","struct","private","System.ValueType","System.Runtime.CompilerServices.IAsyncStateMachine","False","True","DolocTown.KillTimeState","2","5","0","0","0x0200103D"
"DolocTown","GameStatePluginBodyPause","DolocTown.GameStatePluginBodyPause","class","public","DolocTown.GameStatePlugin","","False","False","","2","0","0","0","0x020004AC"
"DolocTown","GameStatePlugin","DolocTown.GameStatePlugin","class","public","System.Object","","True","False","","4","0","1","0","0x020004AD"
"DolocTown","GameStatePluginCurrent","DolocTown.GameStatePluginCurrent","class","public","DolocTown.GameStatePlugin","","False","False","","2","0","0","0","0x020004AE"
"DolocTown","GameStatePluginPauseTip","DolocTown.GameStatePluginPauseTip","class","public","DolocTown.GameStatePlugin","","False","False","","2","0","0","0","0x020004AF"
"DolocTown","GameStatePluginStopAgentWhileModalState","DolocTown.GameStatePluginStopAgentWhileModalState","class","public","DolocTown.GameStatePlugin","","False","False","","2","0","0","0","0x020004B0"
"DolocTown","GameStatePluginUiBackground","DolocTown.GameStatePluginUiBackground","class","public","DolocTown.GameStatePlugin","","False","False","","3","1","0","0","0x020004B1"
"DolocTown","TakeBoatState","DolocTown.TakeBoatState","class","public","DolocTownGameStateBase","","False","False","","16","6","6","0","0x020004B2"
"","<>c","DolocTown.TakeBoatState/<>c","class","private","System.Object","","False","True","DolocTown.TakeBoatState","3","2","0","0","0x0200103E"
"","<FadeInOut>d__27","DolocTown.TakeBoatState/<FadeInOut>d__27","struct","private","System.ValueType","System.Runtime.CompilerServices.IAsyncStateMachine","False","True","DolocTown.TakeBoatState","2","5","0","0","0x0200103F"
"DolocTown","AchievementInfo","DolocTown.AchievementInfo","struct","public","System.ValueType","","False","True","","1","2","0","0","0x020004B3"
"DolocTown","AchievementSystem","DolocTown.AchievementSystem","class","public","System.Object","DolocTown.IMissionManagerComponent","False","False","","18","4","2","0","0x020004B4"
"","<>c__DisplayClass17_0","DolocTown.AchievementSystem/<>c__DisplayClass17_0","class","private","System.Object","","False","True","DolocTown.AchievementSystem","2","1","0","0","0x02001040"
"DolocTown","BackgroundLayerRenderer","DolocTown.BackgroundLayerRenderer","class","public","DolocTown.DolocRecyclableObject","","False","False","","8","6","1","0","0x020004B5"
"DolocTown","BackgroundRenderer","DolocTown.BackgroundRenderer","class","public","DolocTown.DolocObject","","False","False","","9","9","0","0","0x020004B6"
"DolocTown","CursorManager","DolocTown.CursorManager","class","public","DolocTown.DolocObject","","False","False","","14","7","4","0","0x020004B7"
"","<WaitToHideCursor>d__19","DolocTown.CursorManager/<WaitToHideCursor>d__19","class","private","System.Object","System.Collections.Generic.IEnumerator`1<System.Object> | System.Collections.IEnumerator | System.IDisposable","False","True","DolocTown.CursorManager","6","4","2","0","0x02001041"
"DolocTown","CloudShadow","DolocTown.CloudShadow","class","public","DolocTown.ProjectiveShadow","","False","False","","5","2","0","0","0x020004B8"
"DolocTown","CloudShadowController","DolocTown.CloudShadowController","class","public","DolocTown.DolocObject","","False","False","","21","16","7","0","0x020004B9"
"DolocTown","ProjectiveShadow","DolocTown.ProjectiveShadow","class","public","DolocTown.GameEntity","DolocTown.ITimeAffectable","False","False","","10","4","0","0","0x020004BA"
"DolocTown","ProjectiveShadowEx","DolocTown.ProjectiveShadowEx","class","public","DolocTown.ProjectiveShadow","","False","False","","1","0","0","0","0x020004BB"
"DolocTown","ProjectiveShadowManager","DolocTown.ProjectiveShadowManager","class","public","System.Object","","False","False","","7","5","0","0","0x020004BC"
"","<>c","DolocTown.ProjectiveShadowManager/<>c","class","private","System.Object","","False","True","DolocTown.ProjectiveShadowManager","3","2","0","0","0x02001042"
"DolocTown","DayNightRendererController","DolocTown.DayNightRendererController","class","public","System.Object","","False","False","","7","4","0","0","0x020004BD"
"","<>c__DisplayClass6_0","DolocTown.DayNightRendererController/<>c__DisplayClass6_0","class","private","System.Object","","False","True","DolocTown.DayNightRendererController","16","5","0","0","0x02001043"
"DolocTown","DayNightRenderSettings","DolocTown.DayNightRenderSettings","class","public","System.Object","","False","False","","1","7","0","0","0x020004BE"
"DolocTown","Sun","DolocTown.Sun","class","public","DolocTown.DolocObject","DolocTown.IEnvLight","False","False","","8","1","4","0","0x020004BF"
"DolocTown","IEnvLight","DolocTown.IEnvLight","interface","public","","","True","False","","5","0","2","0","0x020004C0"
"DolocTown","INonEnvLight","DolocTown.INonEnvLight","interface","public","","","True","False","","1","0","0","0","0x020004C1"
"DolocTown","DepthFogController","DolocTown.DepthFogController","class","public","DolocTown.DolocObject","","False","False","","10","7","0","0","0x020004C2"
"","<>c__DisplayClass13_0","DolocTown.DepthFogController/<>c__DisplayClass13_0","class","private","System.Object","","False","True","DolocTown.DepthFogController","2","2","0","0","0x02001044"
"DolocTown","DepthFogControllerBuilding","DolocTown.DepthFogControllerBuilding","class","public","DolocTown.GameEntity","","False","False","","10","9","0","0","0x020004C3"
"","<>c__DisplayClass17_0","DolocTown.DepthFogControllerBuilding/<>c__DisplayClass17_0","class","private","System.Object","","False","True","DolocTown.DepthFogControllerBuilding","2","2","0","0","0x02001045"
"DolocTown","EnvCovariantController","DolocTown.EnvCovariantController","class","public","System.Object","","False","False","","11","6","1","0","0x020004C4"
"DolocTown","ITimeAffectable","DolocTown.ITimeAffectable","interface","public","","","True","False","","3","0","0","0","0x020004C5"
"DolocTown","SunSpot","DolocTown.SunSpot","class","public","UnityEngine.MonoBehaviour","","False","False","","1","0","0","0","0x020004C6"
"DolocTown","SunSpotManager","DolocTown.SunSpotManager","class","public","System.Object","","False","False","","9","5","0","0","0x020004C7"
"","<>c","DolocTown.SunSpotManager/<>c","class","private","System.Object","","False","True","DolocTown.SunSpotManager","3","2","0","0","0x02001046"
"DolocTown","WeatherRenderer_AcidRain","DolocTown.WeatherRenderer_AcidRain","class","public","DolocTown.WeatherRenderer","","False","False","","9","9","2","0","0x020004C8"
"","<>c","DolocTown.WeatherRenderer_AcidRain/<>c","class","private","System.Object","","False","True","DolocTown.WeatherRenderer_AcidRain","3","2","0","0","0x02001047"
"DolocTown","WeatherRenderer_Cloudy","DolocTown.WeatherRenderer_Cloudy","class","public","DolocTown.WeatherRenderer","","False","False","","4","1","2","0","0x020004C9"
"DolocTown","WeatherRenderer_None","DolocTown.WeatherRenderer_None","class","public","DolocTown.WeatherRenderer","","False","False","","4","1","2","0","0x020004CA"
"DolocTown","WeatherRenderer_Rain","DolocTown.WeatherRenderer_Rain","class","public","DolocTown.WeatherRenderer","","False","False","","8","5","2","0","0x020004CB"
"DolocTown","WeatherRenderer_ScorchSun","DolocTown.WeatherRenderer_ScorchSun","class","public","DolocTown.WeatherRenderer","","False","False","","6","4","2","0","0x020004CC"
"","<>c","DolocTown.WeatherRenderer_ScorchSun/<>c","class","private","System.Object","","False","True","DolocTown.WeatherRenderer_ScorchSun","4","3","0","0","0x02001048"
"DolocTown","WeatherRenderer_Sunny","DolocTown.WeatherRenderer_Sunny","class","public","DolocTown.WeatherRenderer","","False","False","","5","2","2","0","0x020004CD"
"DolocTown","WeatherRenderer_ThunderStorm","DolocTown.WeatherRenderer_ThunderStorm","class","public","DolocTown.WeatherRenderer","","False","False","","8","5","2","0","0x020004CE"
"DolocTown","WeatherRenderer_Windy","DolocTown.WeatherRenderer_Windy","class","public","DolocTown.WeatherRenderer","","False","False","","4","2","2","0","0x020004CF"
"DolocTown","GlobalFogMateiralProperties","DolocTown.GlobalFogMateiralProperties","class","public","UnityEngine.MonoBehaviour","","False","False","","4","14","1","0","0x020004D0"
"DolocTown","RaindropCollision","DolocTown.RaindropCollision","class","public","DolocTown.ParticleSystemCollisionHandle","","False","False","","9","14","2","0","0x020004D1"
"DolocTown","RainFogParticle","DolocTown.RainFogParticle","class","public","DolocTown.GameEntity","","False","False","","6","5","0","0","0x020004D2"
"DolocTown","WeatherRenderer","DolocTown.WeatherRenderer","class","public","DolocTown.DolocObject","","True","False","","8","0","2","0","0x020004D3"
"DolocTown","WeatherRendererController","DolocTown.WeatherRendererController","class","public","System.Object","","False","False","","11","2","1","0","0x020004D4"
"DolocTown","WindController","DolocTown.WindController","class","public","UnityEngine.MonoBehaviour","","False","False","","5","5","1","0","0x020004D5"
"DolocTown","WindControllerConfig","DolocTown.WindControllerConfig","class","public","UnityEngine.ScriptableObject","","False","False","","4","3","3","0","0x020004D6"
"DolocTown","EquipmentRendererComponentAttribute","DolocTown.EquipmentRendererComponentAttribute","class","public","System.Attribute","","False","False","","1","2","0","0","0x020004D7"
"DolocTown","CropShinyRenderer","DolocTown.CropShinyRenderer","class","public","DolocTown.GameEntity","","False","False","","2","1","0","0","0x020004D8"
"DolocTown","EquipmentStateRenderer","DolocTown.EquipmentStateRenderer","class","public","DolocTown.GameEntity","","False","False","","8","1","0","0","0x020004D9"
"DolocTown","ExpressDrone","DolocTown.ExpressDrone","class","public","DolocTown.GameEntity","","False","False","","26","39","6","0","0x020004DA"
"","DroneMovingMode","DolocTown.ExpressDrone/DroneMovingMode","enum","public","System.Enum","","False","True","DolocTown.ExpressDrone","0","5","0","0","0x02001049"
"","DroneMission","DolocTown.ExpressDrone/DroneMission","enum","public","System.Enum","","False","True","DolocTown.ExpressDrone","0","5","0","0","0x0200104A"
"","<get_AvailableSortingLayerNames>d__25","DolocTown.ExpressDrone/<get_AvailableSortingLayerNames>d__25","class","private","System.Object","System.Collections.Generic.IEnumerable`1<System.String> | System.Collections.IEnumerable | System.Collections.Generic.IEnumerator`1<System.String> | System.Collections.IEnumerator | System.IDisposable","False","True","DolocTown.ExpressDrone","8","5","2","0","0x0200104B"
"","<>c__DisplayClass68_0","DolocTown.ExpressDrone/<>c__DisplayClass68_0","class","private","System.Object","","False","True","DolocTown.ExpressDrone","4","2","0","0","0x0200104C"
"DolocTown","ExpressDroneDebug","DolocTown.ExpressDroneDebug","class","public","UnityEngine.MonoBehaviour","","False","False","","4","1","0","0","0x020004DB"
"DolocTown","FollowingFlag","DolocTown.FollowingFlag","class","public","DolocTown.GameEntity","","False","False","","10","5","4","0","0x020004DC"
"DolocTown","GameEntityAnimator","DolocTown.GameEntityAnimator","class","public","DolocTown.GameEntity","","False","False","","6","2","1","0","0x020004DD"
"DolocTown","LampRenderer","DolocTown.LampRenderer","class","public","DolocTown.GameEntity","","False","False","","15","3","6","0","0x020004DE"
"DolocTown","EquipmentParticleSystemRenderer","DolocTown.EquipmentParticleSystemRenderer","class","public","DolocTown.GameEntity","","False","False","","7","1","1","0","0x020004DF"
"DolocTown","BrewBubbles","DolocTown.BrewBubbles","class","public","DolocTown.EquipmentParticleSystemRenderer","","False","False","","1","0","0","0","0x020004E0"
"DolocTown","PotSmokeRenderer","DolocTown.PotSmokeRenderer","class","public","DolocTown.EquipmentParticleSystemRenderer","","False","False","","1","0","0","0","0x020004E1"
"DolocTown","ProgressBarRenderer","DolocTown.ProgressBarRenderer","class","public","DolocTown.GameEntity","","False","False","","8","2","1","0","0x020004E2"
"DolocTown","ProgressBarRendererFeeder","DolocTown.ProgressBarRendererFeeder","class","public","DolocTown.ProgressBarRenderer","","False","False","","1","0","0","0","0x020004E3"
"DolocTown","ProgressBarRendererWater","DolocTown.ProgressBarRendererWater","class","public","DolocTown.ProgressBarRenderer","","False","False","","1","0","0","0","0x020004E4"
"DolocTown","SignalLight","DolocTown.SignalLight","class","public","DolocTown.GameEntity","","False","False","","5","3","1","0","0x020004E5"
"DolocTown","SingleSpriteRender","DolocTown.SingleSpriteRender","class","public","DolocTown.GameEntity","","False","False","","17","1","6","0","0x020004E6"
"DolocTown","SpriteShadow","DolocTown.SpriteShadow","class","public","DolocTown.GameEntity","","False","False","","4","1","1","0","0x020004E7"
"DolocTown","TrampolineRenderer","DolocTown.TrampolineRenderer","class","public","DolocTown.GameEntity","","False","False","","4","4","0","0","0x020004E8"
"DolocTown","GameProcessSystem","DolocTown.GameProcessSystem","class","public","System.Object","","False","False","","8","4","0","0","0x020004E9"
"DolocTown","GameProcessTask","DolocTown.GameProcessTask","class","public","RedSaw.AI.LinearTask.LinearTask","","False","False","","2","0","0","0","0x020004EA"
"DolocTown","AccessableConditionType","DolocTown.AccessableConditionType","enum","public","System.Enum","","False","True","","0","3","0","0","0x020004EB"
"DolocTown","ITouchCheckStrategy","DolocTown.ITouchCheckStrategy","interface","public","","","True","False","","1","0","0","0","0x020004EC"
"DolocTown","IAgentTouchCheckStrategy","DolocTown.IAgentTouchCheckStrategy","interface","public","","DolocTown.ITouchCheckStrategy","True","False","","4","0","3","0","0x020004ED"
"DolocTown","AgentTouchCheckerBase","DolocTown.AgentTouchCheckerBase","class","public","System.Object","DolocTown.IAgentTouchCheckStrategy | DolocTown.ITouchCheckStrategy","False","False","","6","1","3","0","0x020004EE"
"DolocTown","AgentGroundPassByChecker","DolocTown.AgentGroundPassByChecker","class","public","DolocTown.AgentTouchCheckerBase","","False","False","","2","0","0","0","0x020004EF"
"DolocTown","AgentWallPassByChecker","DolocTown.AgentWallPassByChecker","class","public","DolocTown.AgentTouchCheckerBase","","False","False","","2","0","0","0","0x020004F0"
"DolocTown","AgentDropDownChecker","DolocTown.AgentDropDownChecker","class","public","DolocTown.AgentTouchCheckerBase","","False","False","","2","0","0","0","0x020004F1"
"DolocTown","AgentClimbChecker","DolocTown.AgentClimbChecker","class","public","DolocTown.AgentTouchCheckerBase","","False","False","","2","0","0","0","0x020004F2"
"DolocTown","HiddenTriggerChecker","DolocTown.HiddenTriggerChecker","class","public","DolocTown.AgentTouchCheckerBase","","False","False","","2","0","0","0","0x020004F3"
"DolocTown","DrowningTriggerChecker","DolocTown.DrowningTriggerChecker","class","public","DolocTown.AgentTouchCheckerBase","","False","False","","2","0","0","0","0x020004F4"
"DolocTown","PlayerAndMotorChecker","DolocTown.PlayerAndMotorChecker","class","public","DolocTown.AgentTouchCheckerBase","","False","False","","2","1","0","0","0x020004F5"
"","<>c","DolocTown.PlayerAndMotorChecker/<>c","class","private","System.Object","","False","True","DolocTown.PlayerAndMotorChecker","3","2","0","0","0x0200104D"
"DolocTown","ConditionChecker","DolocTown.ConditionChecker","struct","public","System.ValueType","","False","True","","2","12","0","0","0x020004F6"
"DolocTown","ConditionalCreator","DolocTown.ConditionalCreator","class","public","UnityEngine.MonoBehaviour","DolocTown.IConditionValidator","False","False","","3","3","0","0","0x020004F7"
"DolocTown","ConditionalVisible","DolocTown.ConditionalVisible","class","public","UnityEngine.MonoBehaviour","DolocTown.IConditionValidator","False","False","","3","2","0","0","0x020004F8"
"DolocTown","IConditionValidator","DolocTown.IConditionValidator","interface","public","","","True","False","","1","0","0","0","0x020004F9"
"DolocTown","ConditionMode","DolocTown.ConditionMode","enum","public","System.Enum","","False","True","","0","4","0","0","0x020004FA"
"DolocTown","ConditionGroupChecker","DolocTown.ConditionGroupChecker","struct","public","System.ValueType","","False","True","","2","3","0","0","0x020004FB"
"DolocTown","ConditionType","DolocTown.ConditionType","enum","public","System.Enum","","False","True","","0","10","0","0","0x020004FC"
"DolocTown","EventDecoratorCondition","DolocTown.EventDecoratorCondition","struct","public","System.ValueType","DolocTown.ICondition","False","True","","2","1","0","0","0x020004FD"
"DolocTown","FactionMissionCondition","DolocTown.FactionMissionCondition","struct","public","System.ValueType","DolocTown.ICondition","False","True","","2","1","0","0","0x020004FE"
"DolocTown","FarmLevelCondition","DolocTown.FarmLevelCondition","struct","public","System.ValueType","DolocTown.ICondition","False","True","","2","2","0","0","0x020004FF"
"DolocTown","LikabilityCondition","DolocTown.LikabilityCondition","struct","public","System.ValueType","DolocTown.ICondition","False","True","","2","3","0","0","0x02000500"
"DolocTown","MissionCondition","DolocTown.MissionCondition","struct","public","System.ValueType","DolocTown.ICondition","False","True","","2","2","0","0","0x02000501"
"DolocTown","MonthCondition","DolocTown.MonthCondition","class","public","System.Object","DolocTown.ICondition","False","False","","3","2","0","0","0x02000502"
"DolocTown","PortalVisitCondition","DolocTown.PortalVisitCondition","class","public","System.Object","DolocTown.ICondition","False","False","","3","1","0","0","0x02000503"
"DolocTown","RoomVisitCondition","DolocTown.RoomVisitCondition","class","public","System.Object","DolocTown.ICondition","False","False","","3","1","0","0","0x02000504"
"DolocTown","UnlockCondition","DolocTown.UnlockCondition","class","public","System.Object","DolocTown.ICondition","False","False","","3","1","0","0","0x02000505"
"DolocTown","FlowingLightRenderer","DolocTown.FlowingLightRenderer","class","public","DolocTown.DolocRecyclableObject","","False","False","","3","1","0","0","0x02000506"
"DolocTown","InteractableObject","DolocTown.InteractableObject","class","public","DolocTown.DolocObject","DolocTown.ILockable | DolocTown.IInteractable | DolocTown.IFellable | DolocTown.IAttackable","False","False","","72","39","24","0","0x02000507"
"","ToggleType","DolocTown.InteractableObject/ToggleType","enum","public","System.Enum","","False","True","DolocTown.InteractableObject","0","4","0","0","0x0200104E"
"","<>c","DolocTown.InteractableObject/<>c","class","private","System.Object","","False","True","DolocTown.InteractableObject","5","4","0","0","0x0200104F"
"DolocTown","SendMessageTiming","DolocTown.SendMessageTiming","enum","public","System.Enum","","False","True","","0","5","0","0","0x02000508"
"DolocTown","TipPositionType","DolocTown.TipPositionType","enum","public","System.Enum","","False","True","","0","3","0","0","0x02000509"
"DolocTown","InteractableObjectLogic","DolocTown.InteractableObjectLogic","class","public","System.Object","","False","False","","22","6","5","0","0x0200050A"
"DolocTown","InteractableObjectExclude","DolocTown.InteractableObjectExclude","class","public","DolocTown.InteractableObject","DolocTown.IInteractableExclude | DolocTown.IInteractable","True","False","","11","2","3","0","0x0200050B"
"DolocTown","DecorativeAnimal","DolocTown.DecorativeAnimal","class","public","DolocTown.InteractableObject","RedSaw.IRecyclable","False","False","","27","13","3","0","0x0200050C"
"","DecorativeAnimalState","DolocTown.DecorativeAnimal/DecorativeAnimalState","class","private","RedSaw.AI.StateMachine.State","","True","False","DolocTown.DecorativeAnimal","5","4","1","0","0x02001050"
"","HideState","DolocTown.DecorativeAnimal/HideState","class","private","DolocTown.DecorativeAnimal/DecorativeAnimalState","","False","False","DolocTown.DecorativeAnimal","4","1","0","0","0x02001051"
"","AppearState","DolocTown.DecorativeAnimal/AppearState","class","private","DolocTown.DecorativeAnimal/DecorativeAnimalState","","False","False","DolocTown.DecorativeAnimal","5","1","0","0","0x02001052"
"","IdleState","DolocTown.DecorativeAnimal/IdleState","class","private","DolocTown.DecorativeAnimal/DecorativeAnimalState","","False","False","DolocTown.DecorativeAnimal","5","2","0","0","0x02001053"
"","WanderState","DolocTown.DecorativeAnimal/WanderState","class","private","DolocTown.DecorativeAnimal/DecorativeAnimalState","","False","False","DolocTown.DecorativeAnimal","4","2","0","0","0x02001054"
"","LeaveState","DolocTown.DecorativeAnimal/LeaveState","class","private","DolocTown.DecorativeAnimal/DecorativeAnimalState","","False","False","DolocTown.DecorativeAnimal","4","4","0","0","0x02001055"
"","EatState","DolocTown.DecorativeAnimal/EatState","class","private","DolocTown.DecorativeAnimal/DecorativeAnimalState","","False","False","DolocTown.DecorativeAnimal","4","4","0","0","0x02001056"
"","<>c","DolocTown.DecorativeAnimal/<>c","class","private","System.Object","","False","True","DolocTown.DecorativeAnimal","3","2","0","0","0x02001057"
"DolocTown","DecorativeAnimalManager","DolocTown.DecorativeAnimalManager","class","public","DolocTown.InteractableObject","","False","False","","6","4","2","0","0x0200050D"
"","AnimalInfo","DolocTown.DecorativeAnimalManager/AnimalInfo","struct","private","System.ValueType","","False","True","DolocTown.DecorativeAnimalManager","0","2","0","0","0x02001058"
"","<>c","DolocTown.DecorativeAnimalManager/<>c","class","private","System.Object","","False","True","DolocTown.DecorativeAnimalManager","4","3","0","0","0x02001059"
"DolocTown","CityEquipment","DolocTown.CityEquipment","class","public","DolocTown.InteractableObject","","False","False","","13","3","5","0","0x0200050E"
"DolocTown","CityEquipmentLogic","DolocTown.CityEquipmentLogic","class","public","DolocTown.InteractableObjectLogic","","False","False","","9","1","2","0","0x0200050F"
"DolocTown","FerryBoat","DolocTown.FerryBoat","class","public","DolocTown.InteractableObject","","False","False","","6","9","0","0","0x02000510"
"DolocTown","FerryBoatHelpdesk","DolocTown.FerryBoatHelpdesk","class","public","DolocTown.InteractableObject","","False","False","","5","1","0","0","0x02000511"
"DolocTown","FestivalLedStrip","DolocTown.FestivalLedStrip","class","public","DolocTown.DolocObject","","False","False","","2","1","0","0","0x02000512"
"DolocTown","FestivalLedStripGroup","DolocTown.FestivalLedStripGroup","class","public","DolocTown.DolocObject","","False","False","","3","0","0","0","0x02000513"
"DolocTown","GameProcessEntrance","DolocTown.GameProcessEntrance","class","public","DolocTown.InteractableObject","","False","False","","11","4","0","0","0x02000514"
"DolocTown","SaveOptionType","DolocTown.SaveOptionType","enum","public","System.Enum","","False","True","","0","3","0","0","0x02000515"
"DolocTown","InteractableSavePoint","DolocTown.InteractableSavePoint","class","public","DolocTown.InteractableObject","","False","False","","5","3","0","0","0x02000516"
"DolocTown","NoticeBoard","DolocTown.NoticeBoard","class","public","DolocTown.InteractableObject","","False","False","","6","1","1","0","0x02000517"
"DolocTown","AirWall","DolocTown.AirWall","class","public","DolocTown.InteractableObject","","False","False","","4","2","1","0","0x02000518"
"DolocTown","AirWallTilemap","DolocTown.AirWallTilemap","class","public","DolocTown.InteractableObject","","False","False","","3","2","0","0","0x02000519"
"DolocTown","BlockadeWall","DolocTown.BlockadeWall","class","public","DolocTown.InteractableObject","","False","False","","3","1","0","0","0x0200051A"
"DolocTown","ContainerObject","DolocTown.ContainerObject","class","public","DolocTown.InteractableObject","DolocTown.IContainer","True","False","","11","2","4","0","0x0200051B"
"DolocTown","SacrificeBox","DolocTown.SacrificeBox","class","public","DolocTown.ContainerObject","","False","False","","8","4","2","0","0x0200051C"
"DolocTown","StorageBox","DolocTown.StorageBox","class","public","DolocTown.ContainerObject","","False","False","","6","2","2","0","0x0200051D"
"DolocTown","TreasureBox","DolocTown.TreasureBox","class","public","DolocTown.ContainerObject","","False","False","","10","0","2","0","0x0200051E"
"DolocTown","DestructibleEffectType","DolocTown.DestructibleEffectType","enum","public","System.Enum","","False","True","","0","4","0","0","0x0200051F"
"DolocTown","DestructibleObject","DolocTown.DestructibleObject","class","public","DolocTown.InteractableObject","","False","False","","14","14","2","0","0x02000520"
"","<>c__DisplayClass26_0","DolocTown.DestructibleObject/<>c__DisplayClass26_0","class","private","System.Object","","False","True","DolocTown.DestructibleObject","2","2","0","0","0x0200105A"
"DolocTown","FinishTrainingFlag","DolocTown.FinishTrainingFlag","class","public","DolocTown.InteractableObject","","False","False","","2","0","0","0","0x02000521"
"DolocTown","GravelBlockTouchChecker","DolocTown.GravelBlockTouchChecker","class","public","DolocTown.AgentTouchCheckerBase","","False","False","","3","1","1","0","0x02000522"
"DolocTown","GravelBlock","DolocTown.GravelBlock","class","public","DolocTown.InteractableObjectExclude","DolocTown.ITileMaterial","False","False","","14","4","5","0","0x02000523"
"","<OnStay>d__17","DolocTown.GravelBlock/<OnStay>d__17","struct","private","System.ValueType","System.Runtime.CompilerServices.IAsyncStateMachine","False","True","DolocTown.GravelBlock","2","4","0","0","0x0200105B"
"","<Hide>d__18","DolocTown.GravelBlock/<Hide>d__18","struct","private","System.ValueType","System.Runtime.CompilerServices.IAsyncStateMachine","False","True","DolocTown.GravelBlock","2","8","0","0","0x0200105C"
"","<Show>d__19","DolocTown.GravelBlock/<Show>d__19","struct","private","System.ValueType","System.Runtime.CompilerServices.IAsyncStateMachine","False","True","DolocTown.GravelBlock","2","4","0","0","0x0200105D"
"DolocTown","InvisibleTilemap","DolocTown.InvisibleTilemap","class","public","DolocTown.InteractableObjectExclude","","False","False","","10","6","2","0","0x02000524"
"","<>c__DisplayClass15_0","DolocTown.InvisibleTilemap/<>c__DisplayClass15_0","class","private","System.Object","","False","True","DolocTown.InvisibleTilemap","3","2","0","0","0x0200105E"
"DolocTown","MovableObjectSwitch","DolocTown.MovableObjectSwitch","class","public","DolocTown.InteractableObject","","False","False","","5","5","0","0","0x02000525"
"","<>c__DisplayClass8_0","DolocTown.MovableObjectSwitch/<>c__DisplayClass8_0","class","private","System.Object","","False","True","DolocTown.MovableObjectSwitch","5","1","0","0","0x0200105F"
"","<ZoomTargetAnim>d__8","DolocTown.MovableObjectSwitch/<ZoomTargetAnim>d__8","struct","private","System.ValueType","System.Runtime.CompilerServices.IAsyncStateMachine","False","True","DolocTown.MovableObjectSwitch","2","7","0","0","0x02001060"
"DolocTown","MovableObjectTarget","DolocTown.MovableObjectTarget","class","public","DolocTown.InteractableObject","","False","False","","6","5","0","0","0x02000526"
"DolocTown","StaticTarget","DolocTown.StaticTarget","class","public","DolocTown.InteractableObject","DolocTown.IBulletTrackingObject","False","False","","5","3","2","0","0x02000527"
"DolocTown","TrampolineTouchChecker","DolocTown.TrampolineTouchChecker","class","public","DolocTown.AgentTouchCheckerBase","","False","False","","2","1","0","0","0x02000528"
"DolocTown","Trampoline","DolocTown.Trampoline","class","public","DolocTown.InteractableObjectExclude","","False","False","","8","2","2","0","0x02000529"
"","<WaitToJump>d__9","DolocTown.Trampoline/<WaitToJump>d__9","struct","private","System.ValueType","System.Runtime.CompilerServices.IAsyncStateMachine","False","True","DolocTown.Trampoline","2","4","0","0","0x02001061"
"DolocTown","CutsceneObject","DolocTown.CutsceneObject","class","public","DolocTown.InteractableObject","","False","False","","3","5","0","0","0x0200052A"
"DolocTown","CutsceneObjectLogic","DolocTown.CutsceneObjectLogic","class","public","DolocTown.InteractableObjectLogic","","False","False","","11","4","2","0","0x0200052B"
"DolocTown","DeepWater","DolocTown.DeepWater","class","public","DolocTown.InteractableObjectExclude","","False","False","","8","2","1","0","0x0200052C"
"","<>c__DisplayClass6_0","DolocTown.DeepWater/<>c__DisplayClass6_0","class","private","System.Object","","False","True","DolocTown.DeepWater","4","4","0","0","0x02001062"
"","<>c","DolocTown.DeepWater/<>c","class","private","System.Object","","False","True","DolocTown.DeepWater","3","2","0","0","0x02001063"
"DolocTown","WaterDropChecker","DolocTown.WaterDropChecker","class","public","DolocTown.InteractableObjectExclude","","False","False","","8","5","3","0","0x0200052D"
"DolocTown","DolocObjectContainer","DolocTown.DolocObjectContainer","class","public","DolocTown.DolocObject","","False","False","","2","0","0","0","0x0200052E"
"DolocTown","ResidentOperationTipTrigger","DolocTown.ResidentOperationTipTrigger","class","public","UnityEngine.MonoBehaviour","DolocTown.IInteractable","False","False","","21","10","8","0","0x0200052F"
"","TriggerMode","DolocTown.ResidentOperationTipTrigger/TriggerMode","enum","private","System.Enum","","False","True","DolocTown.ResidentOperationTipTrigger","0","5","0","0","0x02001064"
"","<>c","DolocTown.ResidentOperationTipTrigger/<>c","class","private","System.Object","","False","True","DolocTown.ResidentOperationTipTrigger","3","2","0","0","0x02001065"
"DolocTown","TextTipObject","DolocTown.TextTipObject","class","public","DolocTown.InteractableObject","","False","False","","12","1","5","0","0x02000530"
"DolocTown","VendingMachine","DolocTown.VendingMachine","class","public","DolocTown.CutsceneObject","","False","False","","3","2","1","0","0x02000531"
"DolocTown","AnimatedGate","DolocTown.AnimatedGate","class","public","DolocTown.InteractableObject","DolocTown.IGate","False","False","","17","17","8","0","0x02000532"
"","<TransportAnim>d__39","DolocTown.AnimatedGate/<TransportAnim>d__39","struct","private","System.ValueType","System.Runtime.CompilerServices.IAsyncStateMachine","False","True","DolocTown.AnimatedGate","2","14","0","0","0x02001066"
"","<DoTransport>d__40","DolocTown.AnimatedGate/<DoTransport>d__40","struct","private","System.ValueType","System.Runtime.CompilerServices.IAsyncStateMachine","False","True","DolocTown.AnimatedGate","2","5","0","0","0x02001067"
"DolocTown","BusStation","DolocTown.BusStation","class","public","DolocTown.Station","","False","False","","2","0","0","0","0x02000533"
"DolocTown","TransportOverrideInfo","DolocTown.TransportOverrideInfo","class","public","System.Object","","False","False","","1","2","0","0","0x02000534"
"DolocTown","SimpleGate","DolocTown.SimpleGate","class","public","DolocTown.Gate","","False","False","","3","3","1","0","0x02000535"
"DolocTown","Station","DolocTown.Station","class","public","DolocTown.InteractableObject","","True","False","","6","2","2","0","0x02000536"
"DolocTown","ICondition","DolocTown.ICondition","interface","public","","","True","False","","1","0","0","0","0x02000537"
"DolocTown","NoneCondition","DolocTown.NoneCondition","struct","public","System.ValueType","DolocTown.ICondition","False","True","","1","0","0","0","0x02000538"
"DolocTown","IInteractableExclude","DolocTown.IInteractableExclude","interface","public","","DolocTown.IInteractable","True","False","","0","0","0","0","0x02000539"
"DolocTown","ILockable","DolocTown.ILockable","interface","public","","","True","False","","2","0","1","0","0x0200053A"
"DolocTown","ITileMaterial","DolocTown.ITileMaterial","interface","public","","","True","False","","1","0","1","0","0x0200053B"
"DolocTown","RoomInteractableObjectManager","DolocTown.RoomInteractableObjectManager","class","public","System.Object","","False","False","","14","3","1","0","0x0200053C"
"DolocTown","HideOnStart","DolocTown.HideOnStart","class","public","DolocTown.DolocObject","","False","False","","2","0","0","0","0x0200053D"
"DolocTown","TechPointConfig","DolocTown.TechPointConfig","struct","public","System.ValueType","","False","True","","0","2","0","0","0x0200053E"
"DolocTown","TextConfig","DolocTown.TextConfig","struct","public","System.ValueType","","False","True","","4","1","3","0","0x0200053F"
"DolocTown","TextTipConfig","DolocTown.TextTipConfig","struct","public","System.ValueType","","False","True","","10","4","6","0","0x02000540"
"DolocTown","LightController","DolocTown.LightController","class","public","System.Object","","False","False","","13","5","1","0","0x02000541"
"","<>c__DisplayClass13_0","DolocTown.LightController/<>c__DisplayClass13_0","class","private","System.Object","","False","True","DolocTown.LightController","4","2","0","0","0x02001068"
"","<>c__DisplayClass14_0","DolocTown.LightController/<>c__DisplayClass14_0","class","private","System.Object","","False","True","DolocTown.LightController","4","3","0","0","0x02001069"
"","<>c__DisplayClass15_0","DolocTown.LightController/<>c__DisplayClass15_0","class","private","System.Object","","False","True","DolocTown.LightController","4","2","0","0","0x0200106A"
"","<>c__DisplayClass16_0","DolocTown.LightController/<>c__DisplayClass16_0","class","private","System.Object","","False","True","DolocTown.LightController","4","2","0","0","0x0200106B"
"","<>c__DisplayClass17_0","DolocTown.LightController/<>c__DisplayClass17_0","class","private","System.Object","","False","True","DolocTown.LightController","4","2","0","0","0x0200106C"
"DolocTown","SceneLightBuildingGateContent","DolocTown.SceneLightBuildingGateContent","class","public","DolocTown.SceneLight","","False","False","","4","1","0","0","0x02000542"
"DolocTown","SceneLightNormal","DolocTown.SceneLightNormal","class","public","DolocTown.SceneLight","","False","False","","6","5","2","0","0x02000543"
"DolocTown","SceneLightParticleSystem","DolocTown.SceneLightParticleSystem","class","public","DolocTown.SceneLight","","False","False","","4","1","0","0","0x02000544"
"DolocTown","SceneLightSimple","DolocTown.SceneLightSimple","class","public","DolocTown.SceneLight","","False","False","","7","3","1","0","0x02000545"
"","TurnOnMode","DolocTown.SceneLightSimple/TurnOnMode","enum","private","System.Enum","","False","True","DolocTown.SceneLightSimple","0","4","0","0","0x0200106D"
"DolocTown","SceneLightFluorescentLamp","DolocTown.SceneLightFluorescentLamp","class","public","DolocTown.SceneLight","","False","False","","6","5","0","0","0x02000546"
"DolocTown","SceneLightTelevision","DolocTown.SceneLightTelevision","class","public","DolocTown.SceneLight","","False","False","","6","2","0","0","0x02000547"
"DolocTown","SceneLightStreetLamp","DolocTown.SceneLightStreetLamp","class","public","DolocTown.SceneLight","","False","False","","8","9","0","0","0x02000548"
"DolocTown","StreetLampBulb","DolocTown.StreetLampBulb","class","public","UnityEngine.MonoBehaviour","","False","False","","8","2","1","0","0x02000549"
"DolocTown","LightPatch","DolocTown.LightPatch","static class","public","System.Object","","True","True","","3","6","0","0","0x0200054A"
"DolocTown","SceneLight","DolocTown.SceneLight","class","public","UnityEngine.MonoBehaviour","","True","False","","14","4","2","0","0x0200054B"
"DolocTown","SceneLightManager","DolocTown.SceneLightManager","class","public","System.Object","","False","False","","4","2","0","0","0x0200054C"
"DolocTown","MapManager","DolocTown.MapManager","class","public","System.Object","","False","False","","25","21","2","0","0x0200054D"
"","<>c","DolocTown.MapManager/<>c","class","private","System.Object","","False","True","DolocTown.MapManager","5","4","0","0","0x0200106E"
"DolocTown","PhotoState","DolocTown.PhotoState","class","public","DolocTownGameStateBase","","False","False","","11","6","1","0","0x0200054E"
"DolocTown","ObjectOutlineType","DolocTown.ObjectOutlineType","enum","public","System.Enum","","False","True","","0","4","0","0","0x0200054F"
"DolocTown","EntityOutlineRenderer","DolocTown.EntityOutlineRenderer","class","public","DolocTown.GameEntity","","False","False","","12","14","1","0","0x02000550"
"DolocTown","RopeRenderer","DolocTown.RopeRenderer","class","public","DolocTown.DolocObject","","False","False","","13","10","1","0","0x02000551"
"DolocTown","RopeRendererPendulum","DolocTown.RopeRendererPendulum","class","public","DolocTown.DolocObject","","False","False","","6","9","0","0","0x02000552"
"DolocTown","SceneRenderer","DolocTown.SceneRenderer","class","public","System.Object","","True","False","","9","2","2","0","0x02000553"
"DolocTown","BuildingMaterial","DolocTown.BuildingMaterial","class","public","DolocTown.DolocObject","","False","False","","3","3","0","0","0x02000554"
"DolocTown","SceneRendererFarm","DolocTown.SceneRendererFarm","class","public","DolocTown.SceneRenderer","","False","False","","2","2","0","0","0x02000555"
"DolocTown","ScreenManager","DolocTown.ScreenManager","class","public","System.Object","","False","False","","17","6","5","0","0x02000556"
"DolocTown","EmissionObject","DolocTown.EmissionObject","class","public","DolocTown.DolocObject","","False","False","","3","2","0","0","0x02000557"
"DolocTown","ShaderConst","DolocTown.ShaderConst","static class","public","System.Object","","True","True","","1","3","0","0","0x02000558"
"DolocTown","ShaderUtils","DolocTown.ShaderUtils","static class","public","System.Object","","True","True","","13","0","0","0","0x02000559"
"DolocTown","Shaker","DolocTown.Shaker","class","public","System.Object","","False","False","","3","3","0","0","0x0200055A"
"DolocTown","Shiner","DolocTown.Shiner","class","public","System.Object","","False","False","","4","4","1","0","0x0200055B"
"","<Wait>d__8","DolocTown.Shiner/<Wait>d__8","class","private","System.Object","System.Collections.Generic.IEnumerator`1<System.Object> | System.Collections.IEnumerator | System.IDisposable","False","True","DolocTown.Shiner","6","4","2","0","0x0200106F"
"DolocTown","AircraftEngineSmoke","DolocTown.AircraftEngineSmoke","class","public","UnityEngine.MonoBehaviour","","False","False","","2","3","0","0","0x0200055C"
"DolocTown","Lantern","DolocTown.Lantern","class","public","DolocTown.DolocObject","","False","False","","3","1","0","0","0x0200055D"
"DolocTown","SwingAnimationCache","DolocTown.SwingAnimationCache","class","public","System.Object","","False","False","","5","6","3","0","0x0200055E"
"DolocTown","TimeAffectableManager","DolocTown.TimeAffectableManager","class","public","System.Object","","False","False","","7","3","0","0","0x0200055F"
"","<>c","DolocTown.TimeAffectableManager/<>c","class","private","System.Object","","False","True","DolocTown.TimeAffectableManager","4","3","0","0","0x02001070"
"DolocTown","TimeScaleManager","DolocTown.TimeScaleManager","class","public","System.Object","","False","False","","4","1","1","0","0x02000560"
"DolocTown","FloatingObject","DolocTown.FloatingObject","class","public","DolocTown.FloatingObjectBase","","False","False","","4","1","0","0","0x02000561"
"","Spring","DolocTown.FloatingObject/Spring","struct","private","System.ValueType","","False","True","DolocTown.FloatingObject","2","5","0","0","0x02001071"
"DolocTown","FloatingObjectBase","DolocTown.FloatingObjectBase","class","public","DolocTown.GameEntity","","True","False","","14","3","10","0","0x02000562"
"DolocTown","FloatType","DolocTown.FloatType","enum","public","System.Enum","","False","True","","0","3","0","0","0x02000563"
"DolocTown","FloatingObjectPreset","DolocTown.FloatingObjectPreset","class","public","UnityEngine.MonoBehaviour","","False","False","","4","5","1","0","0x02000564"
"DolocTown","FloatingObjectSimple","DolocTown.FloatingObjectSimple","class","public","DolocTown.FloatingObjectBase","","False","False","","3","2","0","0","0x02000565"
"DolocTown","FloatingParamSO","DolocTown.FloatingParamSO","class","public","UnityEngine.ScriptableObject","","False","False","","1","7","0","0","0x02000566"
"DolocTown","WaterTouchChecker","DolocTown.WaterTouchChecker","class","public","DolocTown.AgentTouchCheckerBase","","False","False","","1","0","0","0","0x02000567"
"DolocTown","InteractiveWater","DolocTown.InteractiveWater","class","public","DolocTown.InteractableObjectExclude","DolocTown.IMonsterInteractable | DolocTown.IWindInteractive | DolocTown.IBombInteractive","False","False","","26","7","5","0","0x02000568"
"DolocTown","WaterController","DolocTown.WaterController","class","public","UnityEngine.MonoBehaviour","","False","False","","16","26","1","0","0x02000569"
"DolocTown","WaterGizmos","DolocTown.WaterGizmos","class","public","UnityEngine.MonoBehaviour","","False","False","","4","10","0","0","0x0200056A"
"","<>c__DisplayClass11_0","DolocTown.WaterGizmos/<>c__DisplayClass11_0","class","private","System.Object","","False","True","DolocTown.WaterGizmos","3","2","0","0","0x02001072"
"DolocTown","WaterType","DolocTown.WaterType","enum","public","System.Enum","","False","True","","0","3","0","0","0x0200056B"
"DolocTown","WaterHeightData","DolocTown.WaterHeightData","struct","public","System.ValueType","","False","True","","0","2","0","0","0x0200056C"
"DolocTown","WaterConditionChecker","DolocTown.WaterConditionChecker","struct","public","System.ValueType","","False","True","","0","2","0","0","0x0200056D"
"DolocTown","WaterHandle","DolocTown.WaterHandle","class","public","UnityEngine.MonoBehaviour","","False","False","","15","8","4","0","0x0200056E"
"","<>c","DolocTown.WaterHandle/<>c","class","private","System.Object","","False","True","DolocTown.WaterHandle","4","3","0","0","0x02001073"
"DolocTown","WaterRenderer","DolocTown.WaterRenderer","class","public","DolocTown.GameEntity","","False","False","","20","19","4","0","0x0200056F"
"DolocTown","MessageAttribute","DolocTown.MessageAttribute","class","public","System.Attribute","","False","False","","1","1","0","0","0x02000570"
"DolocTown","MessageSystem`1","DolocTown.MessageSystem`1","class","public","System.Object","","False","False","","5","1","0","0","0x02000571"
"DolocTown","GameEventArgs","DolocTown.GameEventArgs","class","public","System.EventArgs","","False","False","","3","1","0","0","0x02000572"
"DolocTown","GameEventArgs`1","DolocTown.GameEventArgs`1","class","public","DolocTown.GameEventArgs","","False","False","","1","1","0","0","0x02000573"
"DolocTown","GameEventArgsExtension","DolocTown.GameEventArgsExtension","static class","public","System.Object","","True","True","","2","0","0","0","0x02000574"
"DolocTown","GameEventArgsBool","DolocTown.GameEventArgsBool","class","public","DolocTown.GameEventArgs","","False","False","","4","1","0","0","0x02000575"
"DolocTown","GameEventArgsFloat","DolocTown.GameEventArgsFloat","class","public","DolocTown.GameEventArgs","","False","False","","2","1","0","0","0x02000576"
"DolocTown","GameEventArgsInt","DolocTown.GameEventArgsInt","class","public","DolocTown.GameEventArgs","","False","False","","3","1","0","0","0x02000577"
"DolocTown","GameEventArgsObjects","DolocTown.GameEventArgsObjects","class","public","DolocTown.GameEventArgs","","False","False","","2","1","0","0","0x02000578"
"DolocTown","GameEventArgsString","DolocTown.GameEventArgsString","class","public","DolocTown.GameEventArgs","","False","False","","3","1","0","0","0x02000579"
"DolocTown","GameEvent","DolocTown.GameEvent","class","public","System.Object","","False","False","","6","2","0","1","0x0200057A"
"DolocTown","GameEventType","DolocTown.GameEventType","enum","public","System.Enum","","False","True","","0","80","0","0","0x0200057B"
"DolocTown","GameEventUtils","DolocTown.GameEventUtils","static class","public","System.Object","","True","True","","5","2","0","0","0x0200057C"
"","<>c","DolocTown.GameEventUtils/<>c","class","private","System.Object","","False","True","DolocTown.GameEventUtils","3","2","0","0","0x02001074"
"DolocTown","GameMessage","DolocTown.GameMessage","class","public","System.Object","","False","False","","7","3","1","0","0x0200057D"
"DolocTown","IMessageReceiver","DolocTown.IMessageReceiver","interface","public","","","True","False","","1","0","0","0","0x0200057E"
"DolocTown","OperationEventType","DolocTown.OperationEventType","enum","public","System.Enum","","False","True","","0","28","0","0","0x0200057F"
"DolocTown","NormalGameState","DolocTown.NormalGameState","class","public","DolocTownGameStateBase","","False","False","","19","3","6","0","0x02000580"
"DolocTown","AgentBehaviorSettings","DolocTown.AgentBehaviorSettings","struct","public","System.ValueType","","False","True","","0","4","0","0","0x02000581"
"DolocTown","AgentControllerState","DolocTown.AgentControllerState","class","public","System.Object","","False","False","","40","32","7","0","0x02000582"
"","<>c__DisplayClass66_0","DolocTown.AgentControllerState/<>c__DisplayClass66_0","class","private","System.Object","","False","True","DolocTown.AgentControllerState","2","1","0","0","0x02001075"
"","<>c","DolocTown.AgentControllerState/<>c","class","private","System.Object","","False","True","DolocTown.AgentControllerState","3","2","0","0","0x02001076"
"DolocTown","BodyController","DolocTown.BodyController","class","public","DolocTown.DolocObject","DolocTown.IAttackable | DolocTown.IBombInteractive","False","False","","109","40","41","0","0x02000583"
"","PlayerAudioType","DolocTown.BodyController/PlayerAudioType","enum","public","System.Enum","","False","True","DolocTown.BodyController","0","6","0","0","0x02001077"
"","<>c__DisplayClass136_0","DolocTown.BodyController/<>c__DisplayClass136_0","class","private","System.Object","","False","True","DolocTown.BodyController","2","1","0","0","0x02001078"
"","<>c__DisplayClass137_0","DolocTown.BodyController/<>c__DisplayClass137_0","class","private","System.Object","","False","True","DolocTown.BodyController","2","2","0","0","0x02001079"
"","<>c","DolocTown.BodyController/<>c","class","private","System.Object","","False","True","DolocTown.BodyController","4","3","0","0","0x0200107A"
"","<>c__DisplayClass140_0","DolocTown.BodyController/<>c__DisplayClass140_0","class","private","System.Object","","False","True","DolocTown.BodyController","2","1","0","0","0x0200107B"
"DolocTown","FaintReason","DolocTown.FaintReason","enum","public","System.Enum","","False","True","","0","6","0","0","0x02000584"
"DolocTown","HurtReason","DolocTown.HurtReason","enum","public","System.Enum","","False","True","","0","5","0","0","0x02000585"
"DolocTown","BodyEnumPatch","DolocTown.BodyEnumPatch","static class","public","System.Object","","True","True","","1","0","0","0","0x02000586"
"DolocTown","AgentLight","DolocTown.AgentLight","class","public","UnityEngine.MonoBehaviour","","False","False","","12","3","0","0","0x02000587"
"DolocTown","AgentStateClimb","DolocTown.AgentStateClimb","class","public","AgentStateBase","","False","False","","4","0","0","0","0x02000588"
"DolocTown","AgentStateClimbJump","DolocTown.AgentStateClimbJump","class","public","AgentStateBase","","False","False","","4","1","0","0","0x02000589"
"DolocTown","AgentStateDash","DolocTown.AgentStateDash","class","public","AgentStateBase","","False","False","","8","6","2","0","0x0200058A"
"DolocTown","AgentStateDrop","DolocTown.AgentStateDrop","class","public","AgentStateBase","","False","False","","5","1","0","0","0x0200058B"
"DolocTown","AgentStateEat","DolocTown.AgentStateEat","class","public","AgentStateBase","","False","False","","3","0","0","0","0x0200058C"
"DolocTown","AgentStateFaint","DolocTown.AgentStateFaint","class","public","AgentStateBase","","False","False","","4","0","0","0","0x0200058D"
"DolocTown","AgentStateHit","DolocTown.AgentStateHit","class","public","AgentStateBase","","False","False","","7","1","3","0","0x0200058E"
"DolocTown","AgentStateIdle","DolocTown.AgentStateIdle","class","public","AgentStateBase","","False","False","","7","2","3","0","0x0200058F"
"DolocTown","AgentStateInteract","DolocTown.AgentStateInteract","class","public","AgentStateBase","","False","False","","8","4","3","0","0x02000590"
"DolocTown","AgentStateJump","DolocTown.AgentStateJump","class","public","AgentStateBase","","False","False","","8","1","2","0","0x02000591"
"DolocTown","AgentStateJumpTrampoline","DolocTown.AgentStateJumpTrampoline","class","public","AgentStateBase","","False","False","","6","0","1","0","0x02000592"
"DolocTown","AgentStateMove","DolocTown.AgentStateMove","class","public","AgentStateBase","","False","False","","8","1","3","0","0x02000593"
"DolocTown","AgentStateSit","DolocTown.AgentStateSit","class","public","AgentStateBase","","False","False","","4","0","0","0","0x02000594"
"DolocTown","AgentStateStand","DolocTown.AgentStateStand","class","public","AgentStateBase","","False","False","","3","0","0","0","0x02000595"
"DolocTown","AgentStateThrow","DolocTown.AgentStateThrow","class","public","AgentStateBase","","False","False","","6","0","4","0","0x02000596"
"DolocTown","AgentStateTool","DolocTown.AgentStateTool","class","public","AgentStateBase","","False","False","","9","3","3","0","0x02000597"
"DolocTown","AgentStateTouchGround","DolocTown.AgentStateTouchGround","class","public","AgentStateBase","","False","False","","6","0","3","0","0x02000598"
"DolocTown","AgentStateWater","DolocTown.AgentStateWater","class","public","AgentStateBase","","False","False","","9","1","4","0","0x02000599"
"DolocTown","AgentStateYawn","DolocTown.AgentStateYawn","class","public","AgentStateBase","","False","False","","7","0","3","0","0x0200059A"
"DolocTown","FishingCache","DolocTown.FishingCache","class","public","System.Object","","False","False","","13","5","5","0","0x0200059B"
"DolocTown","AgentStateFishing","DolocTown.AgentStateFishing","class","public","AgentStateBase","","True","False","","18","1","7","0","0x0200059C"
"DolocTown","AgentStateFishingBattle","DolocTown.AgentStateFishingBattle","class","public","DolocTown.AgentStateFishing","","False","False","","6","2","0","0","0x0200059D"
"","<>c__DisplayClass2_0","DolocTown.AgentStateFishingBattle/<>c__DisplayClass2_0","class","private","System.Object","","False","True","DolocTown.AgentStateFishingBattle","2","1","0","0","0x0200107C"
"","<>c","DolocTown.AgentStateFishingBattle/<>c","class","private","System.Object","","False","True","DolocTown.AgentStateFishingBattle","3","2","0","0","0x0200107D"
"DolocTown","AgentStateFishingCast","DolocTown.AgentStateFishingCast","class","public","DolocTown.AgentStateFishing","","False","False","","5","2","0","0","0x0200059E"
"DolocTown","AgentStateFishingPull","DolocTown.AgentStateFishingPull","class","public","DolocTown.AgentStateFishing","","False","False","","8","2","1","0","0x0200059F"
"DolocTown","AgentStateFishingReady","DolocTown.AgentStateFishingReady","class","public","DolocTown.AgentStateFishing","","False","False","","7","3","0","0","0x020005A0"
"DolocTown","AgentStateFishingWait","DolocTown.AgentStateFishingWait","class","public","DolocTown.AgentStateFishing","","False","False","","10","8","1","0","0x020005A1"
"","<>c","DolocTown.AgentStateFishingWait/<>c","class","private","System.Object","","False","True","DolocTown.AgentStateFishingWait","6","5","0","0","0x0200107E"
"DolocTown","CameraController","DolocTown.CameraController","class","public","DolocTown.DolocObject","","False","False","","34","23","5","0","0x020005A2"
"","<>c__DisplayClass40_0","DolocTown.CameraController/<>c__DisplayClass40_0","class","private","System.Object","","False","True","DolocTown.CameraController","2","1","0","0","0x0200107F"
"","<>c__DisplayClass41_0","DolocTown.CameraController/<>c__DisplayClass41_0","class","private","System.Object","","False","True","DolocTown.CameraController","2","1","0","0","0x02001080"
"DolocTown","GameStateSceneTransition","DolocTown.GameStateSceneTransition","class","public","DolocTown.GameStateNoInput","","False","False","","10","4","3","0","0x020005A3"
"DolocTown","AgentPhysicalStatus","DolocTown.AgentPhysicalStatus","class","public","System.Object","","False","False","","26","10","12","0","0x020005A4"
"DolocTown","AbilitySystem","DolocTown.AbilitySystem","class","public","System.Object","","False","False","","12","5","5","0","0x020005A5"
"DolocTown","BattleAbility","DolocTown.BattleAbility","class","public","System.Object","","False","False","","7","1","2","0","0x020005A6"
"DolocTown","BattleModifier","DolocTown.BattleModifier","class","public","System.Object","","False","False","","1","1","0","0","0x020005A7"
"DolocTown","CollectionAbility","DolocTown.CollectionAbility","class","public","System.Object","","False","False","","22","1","8","0","0x020005A8"
"DolocTown","CollectionModifier","DolocTown.CollectionModifier","struct","public","System.ValueType","","False","True","","0","4","0","0","0x020005A9"
"DolocTown","IMotionParam","DolocTown.IMotionParam","interface","public","","","True","False","","10","0","10","0","0x020005AA"
"DolocTown","MotionAbility","DolocTown.MotionAbility","class","public","System.Object","","False","False","","25","4","15","0","0x020005AB"
"DolocTown","MotionParamModifier","DolocTown.MotionParamModifier","struct","public","System.ValueType","","False","True","","1","3","1","0","0x020005AC"
"DolocTown","RecorveryAbility","DolocTown.RecorveryAbility","class","public","System.Object","","False","False","","20","1","6","0","0x020005AD"
"DolocTown","RecoveryModifier","DolocTown.RecoveryModifier","struct","public","System.ValueType","","False","True","","0","3","0","0","0x020005AE"
"DolocTown","StateAbility","DolocTown.StateAbility","class","public","System.Object","","False","False","","4","1","1","0","0x020005AF"
"DolocTown","StateModifier","DolocTown.StateModifier","struct","public","System.ValueType","","False","True","","0","1","0","0","0x020005B0"
"DolocTown","AgentHatAnimator","DolocTown.AgentHatAnimator","class","public","DolocTown.DolocObject","","False","False","","17","3","6","0","0x020005B1"
"DolocTown","AgentHatRenderer","DolocTown.AgentHatRenderer","class","public","DolocTown.DolocObject","","False","False","","28","11","8","0","0x020005B2"
"DolocTown","AgentHatRendererDrone66Mask","DolocTown.AgentHatRendererDrone66Mask","class","public","DolocTown.AgentHatRenderer","","False","False","","6","8","0","0","0x020005B3"
"DolocTown","AgentHatRendererMinerHelmet","DolocTown.AgentHatRendererMinerHelmet","class","public","DolocTown.AgentHatRenderer","","False","False","","14","11","4","0","0x020005B4"
"DolocTown","AgentHatRendererUtils","DolocTown.AgentHatRendererUtils","static class","public","System.Object","","True","True","","3","2","0","0","0x020005B5"
"DolocTown","AgentHatRendererAttribute","DolocTown.AgentHatRendererAttribute","class","public","System.Attribute","","False","False","","1","1","0","0","0x020005B6"
"DolocTown","AgentEquipmentFunction","DolocTown.AgentEquipmentFunction","class","public","System.Object","","True","False","","17","5","3","0","0x020005B7"
"DolocTown","AgentEquipmentFunctionAmoeba","DolocTown.AgentEquipmentFunctionAmoeba","class","public","DolocTown.AgentEquipmentFunction","","False","False","","1","0","0","0","0x020005B8"
"DolocTown","AgentEquipmentFunctionAreaSpeedUp","DolocTown.AgentEquipmentFunctionAreaSpeedUp","class","public","DolocTown.AgentEquipmentFunction","","False","False","","3","1","0","0","0x020005B9"
"","<>c__DisplayClass2_0","DolocTown.AgentEquipmentFunctionAreaSpeedUp/<>c__DisplayClass2_0","class","private","System.Object","","False","True","DolocTown.AgentEquipmentFunctionAreaSpeedUp","2","1","0","0","0x02001081"
"DolocTown","AgentEquipmentFunctionCook","DolocTown.AgentEquipmentFunctionCook","class","public","DolocTown.AgentEquipmentFunction","","False","False","","1","1","0","0","0x020005BA"
"DolocTown","AgentEquipmentFunctionCounterBack","DolocTown.AgentEquipmentFunctionCounterBack","class","public","DolocTown.AgentEquipmentFunction","","False","False","","2","1","0","0","0x020005BB"
"DolocTown","AgentEquipmentFunctionDashCdCooler","DolocTown.AgentEquipmentFunctionDashCdCooler","class","public","DolocTown.AgentEquipmentFunction","","False","False","","2","1","0","0","0x020005BC"
"DolocTown","AgentEquipmentFunctionDisguise","DolocTown.AgentEquipmentFunctionDisguise","class","public","DolocTown.AgentEquipmentFunction","","False","False","","2","1","0","0","0x020005BD"
"DolocTown","AgentEquipmentFunctionExtraResource","DolocTown.AgentEquipmentFunctionExtraResource","class","public","DolocTown.AgentEquipmentFunction","","False","False","","2","2","0","0","0x020005BE"
"","<>c__DisplayClass3_0","DolocTown.AgentEquipmentFunctionExtraResource/<>c__DisplayClass3_0","class","private","System.Object","","False","True","DolocTown.AgentEquipmentFunctionExtraResource","2","2","0","0","0x02001082"
"DolocTown","AgentEquipmentFunctionFellCountAdditionOre","DolocTown.AgentEquipmentFunctionFellCountAdditionOre","class","public","DolocTown.AgentEquipmentFunction","","False","False","","2","1","0","0","0x020005BF"
"DolocTown","AgentEquipmentFunctionFishTank","DolocTown.AgentEquipmentFunctionFishTank","class","public","DolocTown.AgentEquipmentFunction","","False","False","","4","2","1","0","0x020005C0"
"DolocTown","AgentEquipmentFunctionFoodEffectsAddition","DolocTown.AgentEquipmentFunctionFoodEffectsAddition","class","public","DolocTown.AgentEquipmentFunction","","False","False","","2","1","0","0","0x020005C1"
"","<>c__DisplayClass2_0","DolocTown.AgentEquipmentFunctionFoodEffectsAddition/<>c__DisplayClass2_0","class","private","System.Object","","False","True","DolocTown.AgentEquipmentFunctionFoodEffectsAddition","2","1","0","0","0x02001083"
"DolocTown","AgentEquipmentFunctionGrandmasButton","DolocTown.AgentEquipmentFunctionGrandmasButton","class","public","DolocTown.AgentEquipmentFunction","","False","False","","2","0","0","0","0x020005C2"
"DolocTown","AgentEquipmentFunctionHerbPackage","DolocTown.AgentEquipmentFunctionHerbPackage","class","public","DolocTown.AgentEquipmentFunction","","False","False","","3","2","1","0","0x020005C3"
"DolocTown","AgentEquipmentFunctionImmuneAcidRain","DolocTown.AgentEquipmentFunctionImmuneAcidRain","class","public","DolocTown.AgentEquipmentFunction","","False","False","","2","0","0","0","0x020005C4"
"DolocTown","AgentEquipmentFunctionIncreaseCriticalRate","DolocTown.AgentEquipmentFunctionIncreaseCriticalRate","class","public","DolocTown.AgentEquipmentFunction","","False","False","","2","1","0","0","0x020005C5"
"DolocTown","AgentEquipmentFunctionLightningConductor","DolocTown.AgentEquipmentFunctionLightningConductor","class","public","DolocTown.AgentEquipmentFunction","","False","False","","3","3","0","0","0x020005C6"
"DolocTown","AgentEquipmentFunctionMimeticAffinity","DolocTown.AgentEquipmentFunctionMimeticAffinity","class","public","DolocTown.AgentEquipmentFunction","","False","False","","2","0","1","0","0x020005C7"
"DolocTown","AgentEquipmentFunctionShepherd","DolocTown.AgentEquipmentFunctionShepherd","class","public","DolocTown.AgentEquipmentFunction","","False","False","","2","1","0","0","0x020005C8"
"DolocTown","AgentEquipmentFunctionShield","DolocTown.AgentEquipmentFunctionShield","class","public","DolocTown.AgentEquipmentFunction","DolocTown.IAgentEquipmentShieldItem","False","False","","3","2","1","0","0x020005C9"
"DolocTown","IAgentEquipmentShieldItem","DolocTown.IAgentEquipmentShieldItem","interface","public","","","True","False","","2","0","1","0","0x020005CA"
"DolocTown","AgentRenderer","DolocTown.AgentRenderer","class","public","DolocTown.CharacterRenderer","","False","False","","10","0","3","0","0x020005CB"
"","<WalkTo>d__3","DolocTown.AgentRenderer/<WalkTo>d__3","struct","private","System.ValueType","System.Runtime.CompilerServices.IAsyncStateMachine","False","True","DolocTown.AgentRenderer","2","6","0","0","0x02001084"
"DolocTown","AgentSkillManager","DolocTown.AgentSkillManager","class","public","System.Object","","False","False","","9","1","0","0","0x020005CC"
"","TriggerType","DolocTown.AgentSkillManager/TriggerType","enum","public","System.Enum","","False","True","DolocTown.AgentSkillManager","0","3","0","0","0x02001085"
"","<>c__DisplayClass7_0","DolocTown.AgentSkillManager/<>c__DisplayClass7_0","class","private","System.Object","","False","True","DolocTown.AgentSkillManager","2","2","0","0","0x02001086"
"","<>c__DisplayClass9_0","DolocTown.AgentSkillManager/<>c__DisplayClass9_0","class","private","System.Object","","False","True","DolocTown.AgentSkillManager","2","2","0","0","0x02001087"
"DolocTown","FerryBoatController","DolocTown.FerryBoatController","class","public","DolocTown.DolocObject","","False","False","","12","12","4","0","0x020005CD"
"DolocTown","Buff","DolocTown.Buff","class","public","System.Object","","False","False","","13","4","8","0","0x020005CE"
"DolocTown","BuffComponent","DolocTown.BuffComponent","class","public","System.Object","","True","False","","3","0","0","0","0x020005CF"
"DolocTown","BuffComponentBasic","DolocTown.BuffComponentBasic","class","public","DolocTown.BuffComponent","","False","False","","5","3","1","0","0x020005D0"
"DolocTown","BuffManager","DolocTown.BuffManager","class","public","System.Object","","False","False","","36","3","1","0","0x020005D1"
"","BuffRequest","DolocTown.BuffManager/BuffRequest","struct","private","System.ValueType","","False","True","DolocTown.BuffManager","1","2","0","0","0x02001088"
"DolocTown","BuffTimer","DolocTown.BuffTimer","class","public","System.Object","","False","False","","7","2","2","0","0x020005D2"
"DolocTown","CharacterRenderer","DolocTown.CharacterRenderer","class","public","DolocTown.GameRendererEntity","DolocTown.IDialogueEntity","True","False","","44","4","15","0","0x020005D3"
"","<PlayAnimationAsync>d__38","DolocTown.CharacterRenderer/<PlayAnimationAsync>d__38","struct","private","System.ValueType","System.Runtime.CompilerServices.IAsyncStateMachine","False","True","DolocTown.CharacterRenderer","2","6","0","0","0x02001089"
"","<>c","DolocTown.CharacterRenderer/<>c","class","private","System.Object","","False","True","DolocTown.CharacterRenderer","3","2","0","0","0x0200108A"
"","<InternalWalkTo>d__48","DolocTown.CharacterRenderer/<InternalWalkTo>d__48","struct","private","System.ValueType","System.Runtime.CompilerServices.IAsyncStateMachine","False","True","DolocTown.CharacterRenderer","2","13","0","0","0x0200108B"
"DolocTown","FaintGameState","DolocTown.FaintGameState","class","public","DolocTown.GameStateNoInput","","False","False","","10","3","0","0","0x020005D4"
"","<>c__DisplayClass9_0","DolocTown.FaintGameState/<>c__DisplayClass9_0","class","private","System.Object","","False","True","DolocTown.FaintGameState","2","2","0","0","0x0200108C"
"DolocTown","MotorController","DolocTown.MotorController","class","public","DolocTown.DolocObject","","False","False","","65","46","27","0","0x020005D5"
"","<GetAllSpriteRenderers>d__109","DolocTown.MotorController/<GetAllSpriteRenderers>d__109","class","private","System.Object","System.Collections.Generic.IEnumerable`1<UnityEngine.SpriteRenderer> | System.Collections.IEnumerable | System.Collections.Generic.IEnumerator`1<UnityEngine.SpriteRenderer> | System.Collections.IEnumerator | System.IDisposable","False","True","DolocTown.MotorController","8","6","2","0","0x0200108D"
"","<>c__DisplayClass111_0","DolocTown.MotorController/<>c__DisplayClass111_0","class","private","System.Object","","False","True","DolocTown.MotorController","3","2","0","0","0x0200108E"
"","<FlyToTargetCoroutine>d__112","DolocTown.MotorController/<FlyToTargetCoroutine>d__112","class","private","System.Object","System.Collections.Generic.IEnumerator`1<System.Object> | System.Collections.IEnumerator | System.IDisposable","False","True","DolocTown.MotorController","6","6","2","0","0x0200108F"
"","<ResumeReboundLatch>d__135","DolocTown.MotorController/<ResumeReboundLatch>d__135","class","private","System.Object","System.Collections.Generic.IEnumerator`1<System.Object> | System.Collections.IEnumerator | System.IDisposable","False","True","DolocTown.MotorController","6","4","2","0","0x02001090"
"DolocTown","MotorDriverRenderer","DolocTown.MotorDriverRenderer","class","public","DolocTown.DolocObject","","False","False","","10","9","2","0","0x020005D6"
"DolocTown","MotorInteractable","DolocTown.MotorInteractable","class","public","DolocTown.DolocObject","DolocTown.IInteractable | DolocTown.IAttackable","False","False","","10","2","3","0","0x020005D7"
"DolocTown","MotorLight","DolocTown.MotorLight","class","public","DolocTown.DolocObject","","False","False","","7","10","0","0","0x020005D8"
"DolocTown","MotorRenderer","DolocTown.MotorRenderer","class","public","DolocTown.DolocObject","","False","False","","6","4","1","0","0x020005D9"
"DolocTown","MotorWorldContentHandle","DolocTown.MotorWorldContentHandle","class","public","DolocTown.DolocObject","","False","False","","3","0","0","0","0x020005DA"
"DolocTown","PlayerSplitRenderer","DolocTown.PlayerSplitRenderer","class","public","DolocTown.DolocObject","","False","False","","11","3","7","0","0x020005DB"
"DolocTown","CollectorDropItem","DolocTown.CollectorDropItem","class","public","UnityEngine.MonoBehaviour","","False","False","","8","5","0","0","0x020005DC"
"DolocTown","BuildingScanner","DolocTown.BuildingScanner","class","public","DolocTown.Scanner`1<DolocTown.Building>","","False","False","","9","5","1","0","0x020005DD"
"DolocTown","RoomScanner","DolocTown.RoomScanner","class","public","System.Object","DolocTown.IScanner","False","False","","13","7","3","0","0x020005DE"
"DolocTown","MapScanner","DolocTown.MapScanner","class","public","System.Object","DolocTown.IScanner","False","False","","5","1","1","0","0x020005DF"
"DolocTown","IScanner","DolocTown.IScanner","interface","public","","","True","False","","3","0","0","0","0x020005E0"
"DolocTown","Scanner`1","DolocTown.Scanner`1","class","public","System.Object","DolocTown.IScanner","True","False","","6","1","0","0","0x020005E1"
"DolocTown","ScannerDriver","DolocTown.ScannerDriver","class","public","System.Object","","False","False","","4","5","0","0","0x020005E2"
"DolocTown","ManagerGate","DolocTown.ManagerGate","class","public","System.Object","","False","False","","12","2","1","0","0x020005E3"
"DolocTown","ScannerGate","DolocTown.ScannerGate","class","public","DolocTown.DolocObject","","False","False","","11","4","3","0","0x020005E4"
"DolocTown","InteractableManager","DolocTown.InteractableManager","class","public","System.Object","","False","False","","8","2","1","0","0x020005E5"
"","<>c","DolocTown.InteractableManager/<>c","class","private","System.Object","","False","True","DolocTown.InteractableManager","3","2","0","0","0x02001091"
"DolocTown","InteractableManagerEx","DolocTown.InteractableManagerEx","class","public","System.Object","","False","False","","5","2","0","0","0x020005E6"
"","<>c__DisplayClass5_0","DolocTown.InteractableManagerEx/<>c__DisplayClass5_0","class","private","System.Object","","False","True","DolocTown.InteractableManagerEx","2","1","0","0","0x02001092"
"DolocTown","ScannerInteractable","DolocTown.ScannerInteractable","class","public","DolocTown.DolocObject","","False","False","","6","2","1","0","0x020005E7"
"DolocTown","ScannerInteractableOfMotor","DolocTown.ScannerInteractableOfMotor","class","public","DolocTown.DolocObject","","False","False","","6","2","1","0","0x020005E8"
"DolocTown","StuckHelper","DolocTown.StuckHelper","class","public","UnityEngine.MonoBehaviour","","False","False","","3","0","1","0","0x020005E9"
"DolocTown","FishRodHook","DolocTown.FishRodHook","class","public","DolocTown.DolocObject","","False","False","","24","12","4","1","0x020005EA"
"DolocTown","FishRodLine","DolocTown.FishRodLine","class","public","DolocTown.DolocObject","","False","False","","8","12","2","0","0x020005EB"
"DolocTown","FishRodRenderer","DolocTown.FishRodRenderer","class","public","DolocTown.DolocObject","","False","False","","25","18","6","0","0x020005EC"
"","<>c__DisplayClass41_0","DolocTown.FishRodRenderer/<>c__DisplayClass41_0","class","private","System.Object","","False","True","DolocTown.FishRodRenderer","2","2","0","0","0x02001093"
"","<WaitForNextFrame>d__43","DolocTown.FishRodRenderer/<WaitForNextFrame>d__43","class","private","System.Object","System.Collections.Generic.IEnumerator`1<System.Object> | System.Collections.IEnumerator | System.IDisposable","False","True","DolocTown.FishRodRenderer","6","3","2","0","0x02001094"
"DolocTown","FishShadow","DolocTown.FishShadow","class","public","DolocTown.DolocObject","","False","False","","7","8","1","0","0x020005ED"
"","<>c__DisplayClass12_0","DolocTown.FishShadow/<>c__DisplayClass12_0","class","private","System.Object","","False","True","DolocTown.FishShadow","2","2","0","0","0x02001095"
"DolocTown","IWaterable","DolocTown.IWaterable","interface","public","","","True","False","","1","0","0","0","0x020005EE"
"DolocTown","ToolCollider","DolocTown.ToolCollider","class","public","DolocTown.DolocObject","","False","False","","14","7","3","0","0x020005EF"
"","<>c","DolocTown.ToolCollider/<>c","class","private","System.Object","","False","True","DolocTown.ToolCollider","3","2","0","0","0x02001096"
"DolocTown","ToolRenderer","DolocTown.ToolRenderer","class","public","DolocTown.DolocObject","","False","False","","17","3","5","0","0x020005F0"
"DolocTown","DataManager`1","DolocTown.DataManager`1","class","public","System.Object","","False","False","","11","1","5","0","0x020005F1"
"DolocTown","DungeonResourceHostDebugger","DolocTown.DungeonResourceHostDebugger","class","public","System.Object","","False","False","","3","1","0","0","0x020005F2"
"DolocTown","ISceneHandle","DolocTown.ISceneHandle","interface","public","","","True","False","","22","0","4","0","0x020005F3"
"","<>c__DisplayClass25_0`1","DolocTown.ISceneHandle/<>c__DisplayClass25_0`1","class","private","System.Object","","False","True","DolocTown.ISceneHandle","2","1","0","0","0x02001097"
"DolocTown","ISceneHandleExtension","DolocTown.ISceneHandleExtension","static class","public","System.Object","","True","True","","5","0","0","0","0x020005F4"
"DolocTown","RefreshRoomAfterMissionComplete","DolocTown.RefreshRoomAfterMissionComplete","class","public","System.Object","DolocTown.IMissionManagerComponent","False","False","","5","0","0","0","0x020005F5"
"DolocTown","RoomGeneratorUtils","DolocTown.RoomGeneratorUtils","static class","public","System.Object","","True","True","","14","0","0","0","0x020005F6"
"","<>c__DisplayClass6_0","DolocTown.RoomGeneratorUtils/<>c__DisplayClass6_0","class","private","System.Object","","False","True","DolocTown.RoomGeneratorUtils","3","1","0","0","0x02001098"
"DolocTown","RoomHandle","DolocTown.RoomHandle","class","public","UnityEngine.MonoBehaviour","DolocTown.ISceneHandle","False","False","","57","38","7","0","0x020005F7"
"","<>c__DisplayClass66_0`1","DolocTown.RoomHandle/<>c__DisplayClass66_0`1","class","private","System.Object","","False","True","DolocTown.RoomHandle","2","1","0","0","0x02001099"
"","<>c__DisplayClass81_0","DolocTown.RoomHandle/<>c__DisplayClass81_0","class","private","System.Object","","False","True","DolocTown.RoomHandle","2","1","0","0","0x0200109A"
"","<>c","DolocTown.RoomHandle/<>c","class","private","System.Object","","False","True","DolocTown.RoomHandle","4","3","0","0","0x0200109B"
"DolocTown","RoomHandleUtils","DolocTown.RoomHandleUtils","static class","public","System.Object","","True","True","","7","0","0","0","0x020005F8"
"DolocTown","IAnimalHost","DolocTown.IAnimalHost","interface","public","","DolocTown.IBaseHost","True","False","","12","0","5","0","0x020005F9"
"","<>c","DolocTown.IAnimalHost/<>c","class","private","System.Object","","False","True","DolocTown.IAnimalHost","3","2","0","0","0x0200109C"
"","<>c__DisplayClass15_0","DolocTown.IAnimalHost/<>c__DisplayClass15_0","class","private","System.Object","","False","True","DolocTown.IAnimalHost","2","1","0","0","0x0200109D"
"DolocTown","IBaseHost","DolocTown.IBaseHost","interface","public","","","True","False","","2","0","2","0","0x020005FA"
"DolocTown","IBuildingHost","DolocTown.IBuildingHost","interface","public","","DolocTown.IBaseHost","True","False","","36","0","2","0","0x020005FB"
"","<>c","DolocTown.IBuildingHost/<>c","class","private","System.Object","","False","True","DolocTown.IBuildingHost","5","4","0","0","0x0200109E"
"","<>c__DisplayClass30_0","DolocTown.IBuildingHost/<>c__DisplayClass30_0","class","private","System.Object","","False","True","DolocTown.IBuildingHost","2","1","0","0","0x0200109F"
"","<>c__DisplayClass36_0","DolocTown.IBuildingHost/<>c__DisplayClass36_0","class","private","System.Object","","False","True","DolocTown.IBuildingHost","2","1","0","0","0x020010A0"
"","<>c__DisplayClass37_0","DolocTown.IBuildingHost/<>c__DisplayClass37_0","class","private","System.Object","","False","True","DolocTown.IBuildingHost","2","1","0","0","0x020010A1"
"DolocTown","IDropItemHost","DolocTown.IDropItemHost","interface","public","","DolocTown.IBaseHost","True","False","","25","0","1","0","0x020005FC"
"DolocTown","IDungeonResourceHost","DolocTown.IDungeonResourceHost","interface","public","","DolocTown.IBaseHost","True","False","","32","0","2","0","0x020005FD"
"","<>c__DisplayClass21_0","DolocTown.IDungeonResourceHost/<>c__DisplayClass21_0","class","private","System.Object","","False","True","DolocTown.IDungeonResourceHost","2","2","0","0","0x020010A2"
"","<>c","DolocTown.IDungeonResourceHost/<>c","class","private","System.Object","","False","True","DolocTown.IDungeonResourceHost","5","4","0","0","0x020010A3"
"DolocTown","IEnvObjectHost","DolocTown.IEnvObjectHost","interface","public","","DolocTown.IBaseHost","True","False","","12","0","3","0","0x020005FE"
"","<>c__DisplayClass11_0","DolocTown.IEnvObjectHost/<>c__DisplayClass11_0","class","private","System.Object","","False","True","DolocTown.IEnvObjectHost","2","2","0","0","0x020010A4"
"DolocTown","IEquipmentHost","DolocTown.IEquipmentHost","interface","public","","DolocTown.IBaseHost","True","False","","50","0","8","0","0x020005FF"
"","<get_AllEquipmentsIncludeSubrooms>d__13","DolocTown.IEquipmentHost/<get_AllEquipmentsIncludeSubrooms>d__13","class","private","System.Object","System.Collections.Generic.IEnumerable`1<DolocTown.Equipment> | System.Collections.IEnumerable | System.Collections.Generic.IEnumerator`1<DolocTown.Equipment> | System.Collections.IEnumerator | System.IDisposable","False","True","DolocTown.IEquipmentHost","11","6","2","0","0x020010A5"
"","<>c__DisplayClass22_0","DolocTown.IEquipmentHost/<>c__DisplayClass22_0","class","private","System.Object","","False","True","DolocTown.IEquipmentHost","2","1","0","0","0x020010A6"
"","<>c","DolocTown.IEquipmentHost/<>c","class","private","System.Object","","False","True","DolocTown.IEquipmentHost","6","5","0","0","0x020010A7"
"DolocTown","EquipmentHostPatch_OfCrop","DolocTown.EquipmentHostPatch_OfCrop","static class","public","System.Object","","True","True","","2","0","0","0","0x02000600"
"DolocTown","IMissionItemHost","DolocTown.IMissionItemHost","interface","public","","","True","False","","8","0","1","0","0x02000601"
"DolocTown","IMonsterHost","DolocTown.IMonsterHost","interface","public","","DolocTown.IBaseHost","True","False","","19","0","4","0","0x02000602"
"","<>c","DolocTown.IMonsterHost/<>c","class","private","System.Object","","False","True","DolocTown.IMonsterHost","4","3","0","0","0x020010A8"
"DolocTown","IPlatformHost","DolocTown.IPlatformHost","interface","public","","DolocTown.IBaseHost","True","False","","22","0","2","0","0x02000603"
"","<>c__DisplayClass8_0","DolocTown.IPlatformHost/<>c__DisplayClass8_0","class","private","System.Object","","False","True","DolocTown.IPlatformHost","2","2","0","0","0x020010A9"
"","<>c__DisplayClass9_0","DolocTown.IPlatformHost/<>c__DisplayClass9_0","class","private","System.Object","","False","True","DolocTown.IPlatformHost","2","2","0","0","0x020010AA"
"DolocTown","IVegetationHost","DolocTown.IVegetationHost","interface","public","","DolocTown.IBaseHost","True","False","","14","0","2","0","0x02000604"
"","<>c","DolocTown.IVegetationHost/<>c","class","private","System.Object","","False","True","DolocTown.IVegetationHost","3","2","0","0","0x020010AB"
"DolocTown","Room","DolocTown.Room","class","public","System.Object","DolocTown.IDropItemHost | DolocTown.IBaseHost | DolocTown.IMonsterHost | DolocTown.IMissionItemHost | DolocTown.IDungeonResourceHost | DolocTown.IVegetationHost | DolocTown.IEnvObjectHost | DolocTown.IPlatformHost | DolocTown.IBuildingHost | DolocTown.IEquipmentHost | DolocTown.IAnimalHost","True","False","","136","36","69","0","0x02000605"
"","<get_AllAnimals>d__161","DolocTown.Room/<get_AllAnimals>d__161","class","private","System.Object","System.Collections.Generic.IEnumerable`1<DolocTown.Animal> | System.Collections.IEnumerable | System.Collections.Generic.IEnumerator`1<DolocTown.Animal> | System.Collections.IEnumerator | System.IDisposable","False","True","DolocTown.Room","11","6","2","0","0x020010AC"
"DolocTown","RoomPatch","DolocTown.RoomPatch","static class","public","System.Object","","True","True","","3","0","0","0","0x02000606"
"DolocTown","RoomType","DolocTown.RoomType","enum","public","System.Enum","","False","True","","0","5","0","0","0x02000607"
"DolocTown","TerrainDataManager`1","DolocTown.TerrainDataManager`1","class","public","DolocTown.DataManager`1<T>","","False","False","","3","0","0","0","0x02000608"
"DolocTown","WwiseAkInitializer","DolocTown.WwiseAkInitializer","class","public","AkInitializer","","False","False","","3","0","0","0","0x02000609"
"DolocTown","AudioDevices","DolocTown.AudioDevices","enum","public","System.Enum","","False","True","","0","3","0","0","0x0200060A"
"DolocTown","SoundBanks","DolocTown.SoundBanks","enum","public","System.Enum","","False","True","","0","4","0","0","0x0200060B"
"DolocTown","SoundBusses","DolocTown.SoundBusses","enum","public","System.Enum","","False","True","","0","8","0","0","0x0200060C"
"DolocTown","SoundEvents","DolocTown.SoundEvents","enum","public","System.Enum","","False","True","","0","173","0","0","0x0200060D"
"DolocTown","SoundParameters","DolocTown.SoundParameters","enum","public","System.Enum","","False","True","","0","5","0","0","0x0200060E"
"DolocTown","SoundStates","DolocTown.SoundStates","class","public","System.Object","","False","False","","1","0","0","0","0x0200060F"
"","__HOLD_PLACE__","DolocTown.SoundStates/__HOLD_PLACE__","enum","public","System.Enum","","False","True","DolocTown.SoundStates","0","2","0","0","0x020010AD"
"DolocTown","SoundSwitches","DolocTown.SoundSwitches","class","public","System.Object","","False","False","","1","0","0","0","0x02000610"
"","GROUND_MATERIAL_TYPE","DolocTown.SoundSwitches/GROUND_MATERIAL_TYPE","enum","public","System.Enum","","False","True","DolocTown.SoundSwitches","0","4","0","0","0x020010AE"
"DolocTown","SoundTriggers","DolocTown.SoundTriggers","enum","public","System.Enum","","False","True","","0","2","0","0","0x02000611"
"DolocTown","WwiseSoundManager","DolocTown.WwiseSoundManager","class","public","DolocTown.DolocObject","","False","False","","66","15","5","0","0x02000612"
"","SfxStamp","DolocTown.WwiseSoundManager/SfxStamp","struct","private","System.ValueType","","False","True","DolocTown.WwiseSoundManager","1","2","0","0","0x020010AF"
"","<LoadBankAsync>d__41","DolocTown.WwiseSoundManager/<LoadBankAsync>d__41","struct","private","System.ValueType","System.Runtime.CompilerServices.IAsyncStateMachine","False","True","DolocTown.WwiseSoundManager","2","5","0","0","0x020010B0"
"","<>c__DisplayClass49_0","DolocTown.WwiseSoundManager/<>c__DisplayClass49_0","class","private","System.Object","","False","True","DolocTown.WwiseSoundManager","2","3","0","0","0x020010B1"
"","<>c__DisplayClass50_0","DolocTown.WwiseSoundManager/<>c__DisplayClass50_0","class","private","System.Object","","False","True","DolocTown.WwiseSoundManager","2","4","0","0","0x020010B2"
"DolocTown","DolocGameUiState","DolocTown.DolocGameUiState","class","public","DolocTownGameStateBase","","True","False","","32","4","7","0","0x02000613"
"DolocTown","DolocGameUiStateManager","DolocTown.DolocGameUiStateManager","class","public","System.Object","","False","False","","10","1","0","0","0x02000614"
"DolocTown","DolocUiState`1","DolocTown.DolocUiState`1","class","public","DolocTown.DolocGameUiState","","True","False","","26","2","7","0","0x02000615"
"DolocTown","AllDocumentUiState","DolocTown.AllDocumentUiState","class","public","DolocTown.UI.PageUiStateBase`2<DolocTown.UI.DocumentPanel,DolocTown.UI.DocumentData>","","False","False","","9","1","4","0","0x02000616"
"DolocTown","ChipDocumentUiState","DolocTown.ChipDocumentUiState","class","public","DolocTown.UI.PageUiStateBase`2<DolocTown.UI.DocumentPanel,DolocTown.UI.DocumentData>","","False","False","","5","0","2","0","0x02000617"
"DolocTown","PlantDocumentUiState","DolocTown.PlantDocumentUiState","class","public","DolocTown.UI.PageUiStateBase`2<DolocTown.UI.DocumentPanel,DolocTown.UI.DocumentData>","","False","False","","5","0","2","0","0x02000618"
"DolocTown","ChipSubmitUiState","DolocTown.ChipSubmitUiState","class","public","DolocTown.SubmitMultipleItemsUiStateBase","","False","False","","6","0","1","0","0x02000619"
"DolocTown","PlantSubmitUiState","DolocTown.PlantSubmitUiState","class","public","DolocTown.SubmitMultipleItemsUiStateBase","","False","False","","6","0","1","0","0x0200061A"
"DolocTown","SubmitMultipleItemsUiStateBase","DolocTown.SubmitMultipleItemsUiStateBase","class","public","DolocTown.DolocUiState`1<DolocTown.UI.BackpackBottomPanel>","","True","False","","17","0","2","0","0x0200061B"
"","<>c","DolocTown.SubmitMultipleItemsUiStateBase/<>c","class","private","System.Object","","False","True","DolocTown.SubmitMultipleItemsUiStateBase","3","2","0","0","0x020010B3"
"DolocTown","SubmitSingleItemsUiStateBase","DolocTown.SubmitSingleItemsUiStateBase","class","public","DolocTown.DolocUiState`1<DolocTown.UI.BackpackBottomPanel>","","True","False","","19","0","2","0","0x0200061C"
"","<>c__DisplayClass13_0","DolocTown.SubmitSingleItemsUiStateBase/<>c__DisplayClass13_0","class","private","System.Object","","False","True","DolocTown.SubmitSingleItemsUiStateBase","2","5","0","0","0x020010B4"
"DolocTown","BuildingPanelUiState","DolocTown.BuildingPanelUiState","class","public","DolocTown.UI.PageUiStateBase`2<DolocTown.UI.BuildingPanel,DolocTown.UI.BuildingData>","","False","False","","14","4","2","0","0x0200061D"
"","<>c","DolocTown.BuildingPanelUiState/<>c","class","private","System.Object","","False","True","DolocTown.BuildingPanelUiState","3","2","0","0","0x020010B5"
"","<>c__DisplayClass13_0","DolocTown.BuildingPanelUiState/<>c__DisplayClass13_0","class","private","System.Object","","False","True","DolocTown.BuildingPanelUiState","3","4","0","0","0x020010B6"
"DolocTown","EquipmentSortMode","DolocTown.EquipmentSortMode","enum","public","System.Enum","","False","True","","0","3","0","0","0x0200061E"
"DolocTown","EquipmentPanelUiState","DolocTown.EquipmentPanelUiState","class","public","DolocTown.UI.PageUiStateBase`2<DolocTown.UI.EquipmentPanel,DolocTown.UI.EquipmentData>","","False","False","","44","9","5","0","0x0200061F"
"","<>c","DolocTown.EquipmentPanelUiState/<>c","class","private","System.Object","","False","True","DolocTown.EquipmentPanelUiState","5","4","0","0","0x020010B7"
"","<>c__DisplayClass36_0","DolocTown.EquipmentPanelUiState/<>c__DisplayClass36_0","class","private","System.Object","","False","True","DolocTown.EquipmentPanelUiState","2","4","0","0","0x020010B8"
"","<>c__DisplayClass36_1","DolocTown.EquipmentPanelUiState/<>c__DisplayClass36_1","class","private","System.Object","","False","True","DolocTown.EquipmentPanelUiState","2","2","0","0","0x020010B9"
"DolocTown","PlatformPanelUiState","DolocTown.PlatformPanelUiState","class","public","DolocTown.UI.PageUiStateBase`2<DolocTown.UI.PlatformPanel,DolocTown.UI.PlatformData>","","False","False","","13","3","2","0","0x02000620"
"DolocTown","RecipePanelUiState","DolocTown.RecipePanelUiState","class","public","DolocTown.DolocUiState`1<DolocTown.UI.CookPanel>","","False","False","","48","20","12","0","0x02000621"
"","<>c__DisplayClass54_0","DolocTown.RecipePanelUiState/<>c__DisplayClass54_0","class","private","System.Object","","False","True","DolocTown.RecipePanelUiState","2","3","0","0","0x020010BA"
"","<>c__DisplayClass56_0","DolocTown.RecipePanelUiState/<>c__DisplayClass56_0","class","private","System.Object","","False","True","DolocTown.RecipePanelUiState","2","2","0","0","0x020010BB"
"","<>c__DisplayClass75_0","DolocTown.RecipePanelUiState/<>c__DisplayClass75_0","class","private","System.Object","","False","True","DolocTown.RecipePanelUiState","3","2","0","0","0x020010BC"
"DolocTown","ConfirmUiState","DolocTown.ConfirmUiState","class","public","DolocTown.DolocUiState`1<DolocTown.UI.ConfirmBox>","","False","False","","11","1","1","0","0x02000622"
"DolocTown","DemoEndUiSate","DolocTown.DemoEndUiSate","class","public","DolocTown.DolocUiState`1<DolocTown.UI.DemoEndBox>","","False","False","","8","0","2","0","0x02000623"
"DolocTown","InputBirthdayUiState","DolocTown.InputBirthdayUiState","class","public","DolocTown.DolocUiState`1<DolocTown.UI.InputBirthdayBox>","","False","False","","11","4","2","0","0x02000624"
"","<>c__DisplayClass7_0","DolocTown.InputBirthdayUiState/<>c__DisplayClass7_0","class","private","System.Object","","False","True","DolocTown.InputBirthdayUiState","2","3","0","0","0x020010BD"
"DolocTown","InputNameUiState","DolocTown.InputNameUiState","class","public","DolocTown.DolocUiState`1<DolocTown.UI.InputNameBox>","","False","False","","10","1","2","0","0x02000625"
"","<>c__DisplayClass6_0","DolocTown.InputNameUiState/<>c__DisplayClass6_0","class","private","System.Object","","False","True","DolocTown.InputNameUiState","2","2","0","0","0x020010BE"
"DolocTown","LargeQuesitionUiState","DolocTown.LargeQuesitionUiState","class","public","DolocTown.DolocUiState`1<DolocTown.UI.QuestionBoxLarge>","","False","False","","12","3","1","0","0x02000626"
"DolocTown","PendingUiState","DolocTown.PendingUiState","class","public","DolocTown.DolocUiState`1<DolocTown.UI.PendingBox>","","False","False","","7","0","1","0","0x02000627"
"DolocTown","QuestionUiState","DolocTown.QuestionUiState","class","public","DolocTown.DolocUiState`1<DolocTown.UI.QuestionBox>","","False","False","","12","3","1","0","0x02000628"
"DolocTown","KillTimeUiState","DolocTown.KillTimeUiState","class","public","DolocTown.DolocUiState`1<DolocTown.UI.DialogueOptionPanel>","","False","False","","10","5","1","0","0x02000629"
"","<>c__DisplayClass7_0","DolocTown.KillTimeUiState/<>c__DisplayClass7_0","class","private","System.Object","","False","True","DolocTown.KillTimeUiState","5","2","0","0","0x020010BF"
"DolocTown","OptionUiState","DolocTown.OptionUiState","class","public","DolocTown.DolocUiState`1<DolocTown.UI.DialogueOptionPanel>","","False","False","","9","2","1","0","0x0200062A"
"DolocTown","SleepUiState","DolocTown.SleepUiState","class","public","DolocTown.DolocUiState`1<DolocTown.UI.DialogueOptionPanel>","","False","False","","16","1","3","0","0x0200062B"
"","<>c__DisplayClass17_0","DolocTown.SleepUiState/<>c__DisplayClass17_0","class","private","System.Object","","False","True","DolocTown.SleepUiState","2","6","0","0","0x020010C0"
"DolocTown","EnvOptimizerContainer","DolocTown.EnvOptimizerContainer","class","public","System.Object","DolocTown.IContainer","False","False","","13","3","6","0","0x0200062C"
"DolocTown","EnvOptimizerSubmitUiState","DolocTown.EnvOptimizerSubmitUiState","class","public","DolocTown.ContainerBaseUiState","","False","False","","17","2","6","0","0x0200062D"
"DolocTown","EnvOptimizerUiState","DolocTown.EnvOptimizerUiState","class","public","DolocTown.DolocUiState`1<DolocTown.UI.EnvOptimizerPanel>","","False","False","","21","3","4","0","0x0200062E"
"","<>c__DisplayClass15_0","DolocTown.EnvOptimizerUiState/<>c__DisplayClass15_0","class","private","System.Object","","False","True","DolocTown.EnvOptimizerUiState","2","2","0","0","0x020010C1"
"DolocTown","AutomateBotUiState","DolocTown.AutomateBotUiState","class","public","DolocTown.DolocUiState`1<DolocTown.UI.AutomateBotPanel>","","False","False","","27","4","5","0","0x0200062F"
"DolocTown","GlobalBuilderState","DolocTown.GlobalBuilderState","class","public","DolocTownGameStateBase","","False","False","","44","14","14","0","0x02000630"
"","<>c__DisplayClass47_0","DolocTown.GlobalBuilderState/<>c__DisplayClass47_0","class","private","System.Object","","False","True","DolocTown.GlobalBuilderState","2","1","0","0","0x020010C2"
"","<>c","DolocTown.GlobalBuilderState/<>c","class","private","System.Object","","False","True","DolocTown.GlobalBuilderState","4","3","0","0","0x020010C3"
"DolocTown","DeveloperListUiState","DolocTown.DeveloperListUiState","class","public","DolocTown.DolocUiState`1<DolocTown.UI.DeveloperListPanel>","","False","False","","12","6","6","0","0x02000631"
"DolocTown","GameDataUiState","DolocTown.GameDataUiState","class","public","DolocTown.DolocUiState`1<DolocTown.UI.GameDataPanel>","","False","False","","17","2","3","0","0x02000632"
"","<>c__DisplayClass13_0","DolocTown.GameDataUiState/<>c__DisplayClass13_0","class","private","System.Object","","False","True","DolocTown.GameDataUiState","3","2","0","0","0x020010C4"
"","<>c__DisplayClass13_1","DolocTown.GameDataUiState/<>c__DisplayClass13_1","class","private","System.Object","","False","True","DolocTown.GameDataUiState","3","3","0","0","0x020010C5"
"DolocTown","ButtonAction","DolocTown.ButtonAction","class","public","System.Object","","False","False","","4","3","2","0","0x02000633"
"DolocTown","HomePageUiState","DolocTown.HomePageUiState","class","public","DolocTown.DolocUiState`1<DolocTown.UI.HomePage>","","False","False","","24","3","3","0","0x02000634"
"","<>c","DolocTown.HomePageUiState/<>c","class","private","System.Object","","False","True","DolocTown.HomePageUiState","7","6","0","0","0x020010C6"
"DolocTown","ModChangeListUiState","DolocTown.ModChangeListUiState","class","public","DolocTown.DolocUiState`1<DolocTown.UI.ModChangeListPanel>","","False","False","","12","3","1","0","0x02000635"
"DolocTown","ModUiState","DolocTown.ModUiState","class","public","DolocTown.UI.PageUiStateBase`2<DolocTown.UI.ModPanel,DolocTown.UI.ModData>","","False","False","","46","4","8","0","0x02000636"
"","<>c","DolocTown.ModUiState/<>c","class","private","System.Object","","False","True","DolocTown.ModUiState","6","5","0","0","0x020010C7"
"","<>c__DisplayClass31_0","DolocTown.ModUiState/<>c__DisplayClass31_0","class","private","System.Object","","False","True","DolocTown.ModUiState","2","3","0","0","0x020010C8"
"","<>c__DisplayClass41_0","DolocTown.ModUiState/<>c__DisplayClass41_0","class","private","System.Object","","False","True","DolocTown.ModUiState","2","3","0","0","0x020010C9"
"","<>c__DisplayClass43_0","DolocTown.ModUiState/<>c__DisplayClass43_0","class","private","System.Object","","False","True","DolocTown.ModUiState","3","3","0","0","0x020010CA"
"","<>c__DisplayClass43_1","DolocTown.ModUiState/<>c__DisplayClass43_1","class","private","System.Object","","False","True","DolocTown.ModUiState","2","2","0","0","0x020010CB"
"DolocTown","UpdateLogUiState","DolocTown.UpdateLogUiState","class","public","DolocTown.DolocUiState`1<DolocTown.UI.UpdateLogPanel>","","False","False","","9","0","2","0","0x02000637"
"DolocTown","ContainerBaseUiState","DolocTown.ContainerBaseUiState","class","public","DolocTown.DolocUiState`1<DolocTown.UI.ContainerPanel>","","True","False","","65","16","23","0","0x02000638"
"","<>c__DisplayClass100_0","DolocTown.ContainerBaseUiState/<>c__DisplayClass100_0","class","private","System.Object","","False","True","DolocTown.ContainerBaseUiState","3","2","0","0","0x020010CC"
"DolocTown","RenamingUiState","DolocTown.RenamingUiState","class","public","DolocTown.DolocUiState`1<DolocTown.UI.RenamingBox>","","False","False","","12","3","2","0","0x02000639"
"DolocTown","ConversionRecipeUiState","DolocTown.ConversionRecipeUiState","class","public","DolocTown.ContainerBaseUiState","","False","False","","23","10","2","0","0x0200063A"
"DolocTown","DungeonCaseUiState","DolocTown.DungeonCaseUiState","class","public","DolocTown.ContainerBaseUiState","","False","False","","13","0","5","0","0x0200063B"
"DolocTown","EquipmentBarUiState","DolocTown.EquipmentBarUiState","class","public","DolocTown.DolocUiState`1<DolocTown.UI.EquipmentBarPanel>","","False","False","","53","4","13","0","0x0200063C"
"","<>c__DisplayClass49_0","DolocTown.EquipmentBarUiState/<>c__DisplayClass49_0","class","private","System.Object","","False","True","DolocTown.EquipmentBarUiState","3","2","0","0","0x020010CD"
"DolocTown","FarmCaseUiState","DolocTown.FarmCaseUiState","class","public","DolocTown.ContainerBaseUiState","","False","False","","12","1","3","0","0x0200063D"
"","<>c__DisplayClass7_0","DolocTown.FarmCaseUiState/<>c__DisplayClass7_0","class","private","System.Object","","False","True","DolocTown.FarmCaseUiState","4","4","0","0","0x020010CE"
"DolocTown","FarmingGunUiState","DolocTown.FarmingGunUiState","class","public","DolocTown.ContainerBaseUiState","","False","False","","13","0","1","0","0x0200063E"
"DolocTown","FishTankUiState","DolocTown.FishTankUiState","class","public","DolocTown.ContainerBaseUiState","","False","False","","32","7","6","0","0x0200063F"
"","<>c","DolocTown.FishTankUiState/<>c","class","private","System.Object","","False","True","DolocTown.FishTankUiState","5","4","0","0","0x020010CF"
"DolocTown","GarbageShredderUiState","DolocTown.GarbageShredderUiState","class","public","DolocTown.ContainerBaseUiState","","False","False","","22","4","2","0","0x02000640"
"DolocTown","ParkingApronUiState","DolocTown.ParkingApronUiState","class","public","DolocTown.ContainerBaseUiState","","False","False","","17","1","2","0","0x02000641"
"DolocTown","SacrificeBoxUiState","DolocTown.SacrificeBoxUiState","class","public","DolocTown.ContainerBaseUiState","","False","False","","11","0","4","0","0x02000642"
"DolocTown","StorageShelfUiState","DolocTown.StorageShelfUiState","class","public","DolocTown.DolocUiState`1<DolocTown.UI.StorageShelfPanel>","","False","False","","52","7","10","0","0x02000643"
"","<>c__DisplayClass29_0","DolocTown.StorageShelfUiState/<>c__DisplayClass29_0","class","private","System.Object","","False","True","DolocTown.StorageShelfUiState","8","2","0","0","0x020010D0"
"","<>c","DolocTown.StorageShelfUiState/<>c","class","private","System.Object","","False","True","DolocTown.StorageShelfUiState","7","6","0","0","0x020010D1"
"","<>c__DisplayClass36_0","DolocTown.StorageShelfUiState/<>c__DisplayClass36_0","class","private","System.Object","","False","True","DolocTown.StorageShelfUiState","2","2","0","0","0x020010D2"
"","<>c__DisplayClass40_0","DolocTown.StorageShelfUiState/<>c__DisplayClass40_0","class","private","System.Object","","False","True","DolocTown.StorageShelfUiState","3","2","0","0","0x020010D3"
"","<>c__DisplayClass45_0","DolocTown.StorageShelfUiState/<>c__DisplayClass45_0","class","private","System.Object","","False","True","DolocTown.StorageShelfUiState","2","1","0","0","0x020010D4"
"DolocTown","TeleportUiState","DolocTown.TeleportUiState","class","public","DolocTown.DolocUiState`1<DolocTown.UI.TeleportPanel>","","False","False","","20","5","5","0","0x02000644"
"","<>c","DolocTown.TeleportUiState/<>c","class","private","System.Object","","False","True","DolocTown.TeleportUiState","3","2","0","0","0x020010D5"
"DolocTown","InstructionUiState","DolocTown.InstructionUiState","class","public","DolocTown.DolocUiState`1<DolocTown.UI.TutorialPanel>","","False","False","","11","1","3","0","0x02000645"
"DolocTown","MainMenuUiState","DolocTown.MainMenuUiState","class","public","DolocTown.DolocUiState`1<DolocTown.UI.MainMenuPanel>","","False","False","","18","2","6","0","0x02000646"
"","<>c","DolocTown.MainMenuUiState/<>c","class","private","System.Object","","False","True","DolocTown.MainMenuUiState","6","5","0","0","0x020010D6"
"DolocTown","SmallTextMenuUiState","DolocTown.SmallTextMenuUiState","class","public","DolocTown.DolocUiState`1<DolocTown.UI.SmallTextMenu>","","False","False","","8","3","0","0","0x02000647"
"DolocTown","SystemMenuUiState","DolocTown.SystemMenuUiState","class","public","DolocTown.DolocUiState`1<DolocTown.UI.TextMenu>","","False","False","","8","0","0","0","0x02000648"
"","<>c","DolocTown.SystemMenuUiState/<>c","class","private","System.Object","","False","True","DolocTown.SystemMenuUiState","3","2","0","0","0x020010D7"
"DolocTown","BoardMissionUiState","DolocTown.BoardMissionUiState","class","public","DolocTown.DolocUiState`1<DolocTown.UI.BoardMissionPanel>","","False","False","","12","0","3","0","0x02000649"
"DolocTown","FactionMissionUiState","DolocTown.FactionMissionUiState","class","public","DolocTown.DolocUiState`1<DolocTown.UI.FactionMissionPanel>","","False","False","","29","7","10","0","0x0200064A"
"","<>c__DisplayClass30_0","DolocTown.FactionMissionUiState/<>c__DisplayClass30_0","class","private","System.Object","","False","True","DolocTown.FactionMissionUiState","2","5","0","0","0x020010D8"
"","<>c__DisplayClass35_0","DolocTown.FactionMissionUiState/<>c__DisplayClass35_0","class","private","System.Object","","False","True","DolocTown.FactionMissionUiState","2","2","0","0","0x020010D9"
"","<>c","DolocTown.FactionMissionUiState/<>c","class","private","System.Object","","False","True","DolocTown.FactionMissionUiState","3","2","0","0","0x020010DA"
"DolocTown","MissionPanelUiState","DolocTown.MissionPanelUiState","class","public","DolocTown.UI.PageUiStateBase`2<DolocTown.UI.MissionPanel,DolocTown.UI.MissionData>","","False","False","","12","3","4","0","0x0200064B"
"","<>c","DolocTown.MissionPanelUiState/<>c","class","private","System.Object","","False","True","DolocTown.MissionPanelUiState","6","5","0","0","0x020010DB"
"DolocTown","GiveGiftToNPCUiState","DolocTown.GiveGiftToNPCUiState","class","public","DolocTown.SubmitSingleItemsUiStateBase","","False","False","","7","2","0","0","0x0200064C"
"DolocTown","SubmitItemFilter","DolocTown.SubmitItemFilter","class","public","System.Object","","False","False","","9","4","2","0","0x0200064D"
"DolocTown","SubmitItemToNpcUiState","DolocTown.SubmitItemToNpcUiState","class","public","DolocTown.SubmitSingleItemsUiStateBase","","False","False","","16","3","1","0","0x0200064E"
"","<>c__DisplayClass7_0","DolocTown.SubmitItemToNpcUiState/<>c__DisplayClass7_0","class","private","System.Object","","False","True","DolocTown.SubmitItemToNpcUiState","2","1","0","0","0x020010DC"
"","<>c","DolocTown.SubmitItemToNpcUiState/<>c","class","private","System.Object","","False","True","DolocTown.SubmitItemToNpcUiState","3","2","0","0","0x020010DD"
"DolocTown","AnimalPanelUiState","DolocTown.AnimalPanelUiState","class","public","DolocTown.UI.PageUiStateBase`2<DolocTown.UI.AnimalPanel,DolocTown.UI.AnimalFullInfoData>","","False","False","","15","5","1","0","0x0200064F"
"DolocTown","CalendarUiState","DolocTown.CalendarUiState","class","public","DolocTown.DolocUiState`1<DolocTown.UI.CalendarPanel>","","False","False","","15","1","4","0","0x02000650"
"","<>c__DisplayClass12_0","DolocTown.CalendarUiState/<>c__DisplayClass12_0","class","private","System.Object","","False","True","DolocTown.CalendarUiState","2","2","0","0","0x020010DE"
"","<>c__DisplayClass18_0","DolocTown.CalendarUiState/<>c__DisplayClass18_0","class","private","System.Object","","False","True","DolocTown.CalendarUiState","3","3","0","0","0x020010DF"
"DolocTown","CollectionBookUiState","DolocTown.CollectionBookUiState","class","public","DolocTown.DolocUiState`1<DolocTown.UI.CollectionBookPanel>","","False","False","","50","11","16","0","0x02000651"
"","<>c__DisplayClass39_0","DolocTown.CollectionBookUiState/<>c__DisplayClass39_0","class","private","System.Object","","False","True","DolocTown.CollectionBookUiState","2","2","0","0","0x020010E0"
"","<>c","DolocTown.CollectionBookUiState/<>c","class","private","System.Object","","False","True","DolocTown.CollectionBookUiState","9","8","0","0","0x020010E1"
"DolocTown","DialogueHistoryUiState","DolocTown.DialogueHistoryUiState","class","public","DolocTown.DolocUiState`1<DolocTown.UI.DialogueHistoryPanel>","","False","False","","9","0","3","0","0x02000652"
"DolocTown","DronePanelUiState","DolocTown.DronePanelUiState","class","public","DolocTown.DolocUiState`1<DolocTown.UI.DronePanel>","","False","False","","29","3","6","0","0x02000653"
"","<>c__DisplayClass18_0","DolocTown.DronePanelUiState/<>c__DisplayClass18_0","class","private","System.Object","","False","True","DolocTown.DronePanelUiState","2","4","0","0","0x020010E2"
"","<>c__DisplayClass27_0","DolocTown.DronePanelUiState/<>c__DisplayClass27_0","class","private","System.Object","","False","True","DolocTown.DronePanelUiState","2","3","0","0","0x020010E3"
"DolocTown","EmailPanelUiState","DolocTown.EmailPanelUiState","class","public","DolocTown.UI.PageUiStateBase`2<DolocTown.UI.EmailPanel,DolocTown.UI.EmailData>","","False","False","","21","3","5","0","0x02000654"
"","<>c","DolocTown.EmailPanelUiState/<>c","class","private","System.Object","","False","True","DolocTown.EmailPanelUiState","7","6","0","0","0x020010E4"
"DolocTown","LongTextInputUiState","DolocTown.LongTextInputUiState","class","public","DolocTown.DolocUiState`1<DolocTown.UI.LongTextInputBox>","","False","False","","11","1","2","0","0x02000655"
"DolocTown","RecruitPanelUiState","DolocTown.RecruitPanelUiState","class","public","DolocTown.DolocUiState`1<DolocTown.UI.TreatyPortPanel>","","False","False","","13","2","4","0","0x02000656"
"","<>c","DolocTown.RecruitPanelUiState/<>c","class","private","System.Object","","False","True","DolocTown.RecruitPanelUiState","3","2","0","0","0x020010E5"
"DolocTown","SeedUnLockUiState","DolocTown.SeedUnLockUiState","class","public","DolocTown.UI.PageUiStateBase`2<DolocTown.UI.SeedUnLockPanel,DolocTown.UI.SeedUnLockData>","","False","False","","14","2","3","0","0x02000657"
"","<>c","DolocTown.SeedUnLockUiState/<>c","class","private","System.Object","","False","True","DolocTown.SeedUnLockUiState","3","2","0","0","0x020010E6"
"","<>c__DisplayClass11_0","DolocTown.SeedUnLockUiState/<>c__DisplayClass11_0","class","private","System.Object","","False","True","DolocTown.SeedUnLockUiState","2","2","0","0","0x020010E7"
"DolocTown","SettingPanelUiState","DolocTown.SettingPanelUiState","class","public","DolocTown.DolocUiState`1<DolocTown.UI.SettingPanel>","","False","False","","27","3","3","0","0x02000658"
"DolocTown","TechTreeUiState","DolocTown.TechTreeUiState","class","public","DolocTown.DolocUiState`1<DolocTown.UI.TechTreePanel>","","False","False","","34","4","8","0","0x02000659"
"","<>c__DisplayClass20_0","DolocTown.TechTreeUiState/<>c__DisplayClass20_0","class","private","System.Object","","False","True","DolocTown.TechTreeUiState","3","3","0","0","0x020010E8"
"","<>c","DolocTown.TechTreeUiState/<>c","class","private","System.Object","","False","True","DolocTown.TechTreeUiState","6","5","0","0","0x020010E9"
"DolocTown","TutorialPanelUiState","DolocTown.TutorialPanelUiState","class","public","DolocTown.DolocUiState`1<DolocTown.UI.TutorialPanel>","","False","False","","9","0","1","0","0x0200065A"
"DolocTown","WeatherReportUiState","DolocTown.WeatherReportUiState","class","public","DolocTown.DolocUiState`1<DolocTown.UI.WeatherReportPanel>","","False","False","","7","0","1","0","0x0200065B"
"DolocTown","BackpackUpgradeUiState","DolocTown.BackpackUpgradeUiState","class","public","DolocTown.DolocUiState`1<DolocTown.UI.BackpackUpPanel>","","False","False","","13","2","3","0","0x0200065C"
"DolocTown","StoreUiState","DolocTown.StoreUiState","class","public","DolocTown.UI.PageUiStateBase`2<DolocTown.UI.StorePanel,DolocTown.UI.StoreItemData>","","False","False","","49","8","10","0","0x0200065D"
"","FocusMode","DolocTown.StoreUiState/FocusMode","enum","private","System.Enum","","False","True","DolocTown.StoreUiState","0","3","0","0","0x020010EA"
"","<>c__DisplayClass35_0","DolocTown.StoreUiState/<>c__DisplayClass35_0","class","private","System.Object","","False","True","DolocTown.StoreUiState","2","7","0","0","0x020010EB"
"","<>c__DisplayClass35_1","DolocTown.StoreUiState/<>c__DisplayClass35_1","class","private","System.Object","","False","True","DolocTown.StoreUiState","2","3","0","0","0x020010EC"
"","<>c__DisplayClass42_0","DolocTown.StoreUiState/<>c__DisplayClass42_0","class","private","System.Object","","False","True","DolocTown.StoreUiState","2","6","0","0","0x020010ED"
"","<>c__DisplayClass42_1","DolocTown.StoreUiState/<>c__DisplayClass42_1","class","private","System.Object","","False","True","DolocTown.StoreUiState","2","4","0","0","0x020010EE"
"","<>c__DisplayClass43_0","DolocTown.StoreUiState/<>c__DisplayClass43_0","class","private","System.Object","","False","True","DolocTown.StoreUiState","2","2","0","0","0x020010EF"
"","<>c","DolocTown.StoreUiState/<>c","class","private","System.Object","","False","True","DolocTown.StoreUiState","3","2","0","0","0x020010F0"
"DolocTown","CraftQuantitySubmitUiState","DolocTown.CraftQuantitySubmitUiState","class","public","DolocTown.QuantitySubmitUiStateBase`2<DolocTown.UI.CraftQuantitySubmitPanel,DolocTown.UI.CraftQuantityData>","","False","False","","1","0","0","0","0x0200065E"
"DolocTown","GeneralSubmitUiState","DolocTown.GeneralSubmitUiState","class","public","DolocTown.SubmitSingleItemsUiStateBase","","False","False","","7","6","0","0","0x0200065F"
"","<>c","DolocTown.GeneralSubmitUiState/<>c","class","private","System.Object","","False","True","DolocTown.GeneralSubmitUiState","6","5","0","0","0x020010F1"
"DolocTown","QuantitySubmitUiStateBase`2","DolocTown.QuantitySubmitUiStateBase`2","class","public","DolocTown.DolocUiState`1<TPanel>","","True","False","","12","5","2","0","0x02000660"
"DolocTown","StoreQuantitySubmitUiState","DolocTown.StoreQuantitySubmitUiState","class","public","DolocTown.QuantitySubmitUiStateBase`2<DolocTown.UI.StoreQuantitySubmitPanel,DolocTown.UI.StoreQuantitySubmitData>","","False","False","","1","0","0","0","0x02000661"
"DolocTown","LongPressTip","DolocTown.LongPressTip","class","public","System.Object","","False","False","","3","4","0","0","0x02000662"
"DolocTown","Alignment","DolocTown.Alignment","enum","public","System.Enum","","False","True","","0","4","0","0","0x02000663"
"DolocTown","GridSelector","DolocTown.GridSelector","class","public","System.Object","","False","False","","17","6","4","0","0x02000664"
"DolocTown","LinearSelector","DolocTown.LinearSelector","class","public","System.Object","","False","False","","13","5","3","0","0x02000665"
"DolocTown","NodeCanvasSelector","DolocTown.NodeCanvasSelector","class","public","System.Object","","False","False","","18","4","6","0","0x02000666"
"DolocTown","ActionIconGroup","DolocTown.ActionIconGroup","struct","public","System.ValueType","","False","True","","6","3","5","0","0x02000667"
"DolocTown","DolocUserInput","DolocTown.DolocUserInput","class","public","System.Object","","False","False","","178","11","151","1","0x02000668"
"","<>c","DolocTown.DolocUserInput/<>c","class","private","System.Object","","False","True","DolocTown.DolocUserInput","3","2","0","0","0x020010F2"
"DolocTown","DolocInputType","DolocTown.DolocInputType","enum","public","System.Enum","","False","True","","0","6","0","0","0x02000669"
"DolocTown","DolocInputDeviceType","DolocTown.DolocInputDeviceType","enum","public","System.Enum","","False","True","","0","7","0","0","0x0200066A"
"DolocTown","InputSchemaType","DolocTown.InputSchemaType","enum","public","System.Enum","","False","True","","0","4","0","0","0x0200066B"
"DolocTown","InputActionExtension","DolocTown.InputActionExtension","static class","public","System.Object","","True","True","","4","0","1","0","0x0200066C"
"DolocTown","CommandDefines","DolocTown.CommandDefines","class","public","System.Object","","False","False","","105","5","0","0","0x0200066D"
"","SubmitItemType","DolocTown.CommandDefines/SubmitItemType","enum","private","System.Enum","","False","True","DolocTown.CommandDefines","0","3","0","0","0x020010F3"
"","SubmitCountType","DolocTown.CommandDefines/SubmitCountType","enum","private","System.Enum","","False","True","DolocTown.CommandDefines","0","5","0","0","0x020010F4"
"","<>c","DolocTown.CommandDefines/<>c","class","private","System.Object","","False","True","DolocTown.CommandDefines","4","3","0","0","0x020010F5"
"","<ShowEmotion>d__33","DolocTown.CommandDefines/<ShowEmotion>d__33","struct","private","System.ValueType","System.Runtime.CompilerServices.IAsyncStateMachine","False","True","DolocTown.CommandDefines","2","6","0","0","0x020010F6"
"","<RaiseContinuesPS>d__34","DolocTown.CommandDefines/<RaiseContinuesPS>d__34","struct","private","System.ValueType","System.Runtime.CompilerServices.IAsyncStateMachine","False","True","DolocTown.CommandDefines","2","9","0","0","0x020010F7"
"","<RaiseContinuesPS>d__35","DolocTown.CommandDefines/<RaiseContinuesPS>d__35","struct","private","System.ValueType","System.Runtime.CompilerServices.IAsyncStateMachine","False","True","DolocTown.CommandDefines","2","8","0","0","0x020010F8"
"","<WalkTo>d__36","DolocTown.CommandDefines/<WalkTo>d__36","struct","private","System.ValueType","System.Runtime.CompilerServices.IAsyncStateMachine","False","True","DolocTown.CommandDefines","2","7","0","0","0x020010F9"
"","<WalkToMark>d__37","DolocTown.CommandDefines/<WalkToMark>d__37","struct","private","System.ValueType","System.Runtime.CompilerServices.IAsyncStateMachine","False","True","DolocTown.CommandDefines","2","8","0","0","0x020010FA"
"","<WalkToMarkGlobal>d__38","DolocTown.CommandDefines/<WalkToMarkGlobal>d__38","struct","private","System.ValueType","System.Runtime.CompilerServices.IAsyncStateMachine","False","True","DolocTown.CommandDefines","2","7","0","0","0x020010FB"
"","<WalkLeft>d__39","DolocTown.CommandDefines/<WalkLeft>d__39","struct","private","System.ValueType","System.Runtime.CompilerServices.IAsyncStateMachine","False","True","DolocTown.CommandDefines","2","6","0","0","0x020010FC"
"","<WalkRight>d__40","DolocTown.CommandDefines/<WalkRight>d__40","struct","private","System.ValueType","System.Runtime.CompilerServices.IAsyncStateMachine","False","True","DolocTown.CommandDefines","2","6","0","0","0x020010FD"
"","<WalkToTarget>d__41","DolocTown.CommandDefines/<WalkToTarget>d__41","struct","private","System.ValueType","System.Runtime.CompilerServices.IAsyncStateMachine","False","True","DolocTown.CommandDefines","2","8","0","0","0x020010FE"
"","<PlayNpcAnimation>d__42","DolocTown.CommandDefines/<PlayNpcAnimation>d__42","struct","private","System.ValueType","System.Runtime.CompilerServices.IAsyncStateMachine","False","True","DolocTown.CommandDefines","2","6","0","0","0x020010FF"
"","<FadeIn>d__45","DolocTown.CommandDefines/<FadeIn>d__45","struct","private","System.ValueType","System.Runtime.CompilerServices.IAsyncStateMachine","False","True","DolocTown.CommandDefines","2","4","0","0","0x02001100"
"","<FadeOut>d__46","DolocTown.CommandDefines/<FadeOut>d__46","struct","private","System.ValueType","System.Runtime.CompilerServices.IAsyncStateMachine","False","True","DolocTown.CommandDefines","2","4","0","0","0x02001101"
"","<EnterCinemaScreen>d__47","DolocTown.CommandDefines/<EnterCinemaScreen>d__47","struct","private","System.ValueType","System.Runtime.CompilerServices.IAsyncStateMachine","False","True","DolocTown.CommandDefines","2","4","0","0","0x02001102"
"","<ExitCinemaScreen>d__48","DolocTown.CommandDefines/<ExitCinemaScreen>d__48","struct","private","System.ValueType","System.Runtime.CompilerServices.IAsyncStateMachine","False","True","DolocTown.CommandDefines","2","4","0","0","0x02001103"
"","<ShakeScreen>d__49","DolocTown.CommandDefines/<ShakeScreen>d__49","struct","private","System.ValueType","System.Runtime.CompilerServices.IAsyncStateMachine","False","True","DolocTown.CommandDefines","2","5","0","0","0x02001104"
"","<RevertCam>d__52","DolocTown.CommandDefines/<RevertCam>d__52","struct","private","System.ValueType","System.Runtime.CompilerServices.IAsyncStateMachine","False","True","DolocTown.CommandDefines","2","5","0","0","0x02001105"
"","<>c__DisplayClass65_0","DolocTown.CommandDefines/<>c__DisplayClass65_0","class","private","System.Object","","False","True","DolocTown.CommandDefines","3","1","0","0","0x02001106"
"","<MoveCam>d__65","DolocTown.CommandDefines/<MoveCam>d__65","struct","private","System.ValueType","System.Runtime.CompilerServices.IAsyncStateMachine","False","True","DolocTown.CommandDefines","2","7","0","0","0x02001107"
"","<MoveCam>d__66","DolocTown.CommandDefines/<MoveCam>d__66","struct","private","System.ValueType","System.Runtime.CompilerServices.IAsyncStateMachine","False","True","DolocTown.CommandDefines","2","6","0","0","0x02001108"
"","<MoveCamX>d__67","DolocTown.CommandDefines/<MoveCamX>d__67","struct","private","System.ValueType","System.Runtime.CompilerServices.IAsyncStateMachine","False","True","DolocTown.CommandDefines","2","6","0","0","0x02001109"
"","<MoveCamY>d__68","DolocTown.CommandDefines/<MoveCamY>d__68","struct","private","System.ValueType","System.Runtime.CompilerServices.IAsyncStateMachine","False","True","DolocTown.CommandDefines","2","6","0","0","0x0200110A"
"","<PlayMelody>d__76","DolocTown.CommandDefines/<PlayMelody>d__76","struct","private","System.ValueType","System.Runtime.CompilerServices.IAsyncStateMachine","False","True","DolocTown.CommandDefines","2","8","0","0","0x0200110B"
"","<WaitForSeconds>d__89","DolocTown.CommandDefines/<WaitForSeconds>d__89","struct","private","System.ValueType","System.Runtime.CompilerServices.IAsyncStateMachine","False","True","DolocTown.CommandDefines","2","4","0","0","0x0200110C"
"DolocTown","CommandExecuteResult","DolocTown.CommandExecuteResult","enum","public","System.Enum","","False","True","","0","4","0","0","0x0200066E"
"DolocTown","DialogueCommandRunner","DolocTown.DialogueCommandRunner","class","public","System.Object","","False","False","","3","0","0","0","0x0200066F"
"","<AsyncTest1>d__2","DolocTown.DialogueCommandRunner/<AsyncTest1>d__2","struct","private","System.ValueType","System.Runtime.CompilerServices.IAsyncStateMachine","False","True","DolocTown.DialogueCommandRunner","2","4","0","0","0x0200110D"
"DolocTown","FunctionDefines","DolocTown.FunctionDefines","class","public","System.Object","","False","False","","102","1","0","0","0x02000670"
"","<>c","DolocTown.FunctionDefines/<>c","class","private","System.Object","","False","True","DolocTown.FunctionDefines","10","9","0","0","0x0200110E"
"","<>c__DisplayClass90_0","DolocTown.FunctionDefines/<>c__DisplayClass90_0","class","private","System.Object","","False","True","DolocTown.FunctionDefines","2","3","0","0","0x0200110F"
"DolocTown","VersionCommand","DolocTown.VersionCommand","static class","public","System.Object","","True","True","","19","0","0","0","0x02000671"
"","<>c","DolocTown.VersionCommand/<>c","class","private","System.Object","","False","True","DolocTown.VersionCommand","5","4","0","0","0x02001110"
"DolocTown","DolocPatch","DolocTown.DolocPatch","static class","public","System.Object","","True","True","","22","0","0","0","0x02000672"
"DolocTown","JsonUtils","DolocTown.JsonUtils","static class","public","System.Object","","True","True","","32","0","0","0","0x02000673"
"DolocTown","TextureUtils","DolocTown.TextureUtils","static class","public","System.Object","","True","True","","24","0","0","0","0x02000674"
"DolocTown","DiceTask","DolocTown.DiceTask","class","public","NodeCanvas.Framework.ConditionTask","","False","False","","2","1","0","0","0x02000675"
"DolocTown","SOUtils","DolocTown.SOUtils","static class","public","System.Object","","True","True","","7","0","7","0","0x02000676"
"","<>c","DolocTown.SOUtils/<>c","class","private","System.Object","","False","True","DolocTown.SOUtils","6","5","0","0","0x02001111"
"DolocTown","VersionPatchFunctions","DolocTown.VersionPatchFunctions","class","public","System.Object","","False","False","","45","0","0","0","0x02000677"
"","<>c","DolocTown.VersionPatchFunctions/<>c","class","private","System.Object","","False","True","DolocTown.VersionPatchFunctions","3","2","0","0","0x02001112"
"DolocTown","DungeonResourceConstraintType","DolocTown.DungeonResourceConstraintType","enum","public","System.Enum","","False","True","","0","7","0","0","0x02000678"
"DolocTown","EnvObstacleType","DolocTown.EnvObstacleType","enum","public","System.Enum","","False","True","","0","2","0","0","0x02000679"
"DolocTown","VegetationConstraintType","DolocTown.VegetationConstraintType","enum","public","System.Enum","","False","True","","0","6","0","0","0x0200067A"
"DolocTown","CountItem","DolocTown.CountItem","struct","public","System.ValueType","","False","True","","6","2","1","0","0x0200067B"
"DolocTown","CountItemExt","DolocTown.CountItemExt","static class","public","System.Object","","True","True","","1","0","0","0","0x0200067C"
"","<>c","DolocTown.CountItemExt/<>c","class","private","System.Object","","False","True","DolocTown.CountItemExt","3","2","0","0","0x02001113"
"DolocTown","CraftedItem","DolocTown.CraftedItem","class","public","System.Object","","False","False","","1","2","0","0","0x0200067D"
"DolocTown","RangedItem","DolocTown.RangedItem","struct","public","System.ValueType","","False","True","","3","3","2","0","0x0200067E"
"DolocTown","SceneInfoSO","DolocTown.SceneInfoSO","struct","public","System.ValueType","","False","True","","2","5","1","0","0x0200067F"
"DolocTown","LutHelper","DolocTown.LutHelper","static class","public","System.Object","","True","True","","1","0","0","0","0x02000680"
"DolocTown","JsonConverterUtils","DolocTown.JsonConverterUtils","static class","public","System.Object","","True","True","","1","0","0","0","0x02000681"
"DolocTown","MaskTextureDictionaryConverter","DolocTown.MaskTextureDictionaryConverter","class","public","Newtonsoft.Json.JsonConverter","","False","False","","4","0","0","0","0x02000682"
"DolocTown","TypeRedirectBinder","DolocTown.TypeRedirectBinder","class","public","System.Object","Newtonsoft.Json.Serialization.ISerializationBinder","False","False","","3","0","0","0","0x02000683"
"DolocTown","UnlockedTechNodesConverter","DolocTown.UnlockedTechNodesConverter","class","public","Newtonsoft.Json.JsonConverter","","False","False","","7","0","2","0","0x02000684"
"","<>c","DolocTown.UnlockedTechNodesConverter/<>c","class","private","System.Object","","False","True","DolocTown.UnlockedTechNodesConverter","3","2","0","0","0x02001114"
"DolocTown","VectorConverter","DolocTown.VectorConverter","class","public","Newtonsoft.Json.JsonConverter","","False","False","","7","0","2","0","0x02000685"
"DolocTown","BaseArchiveData","DolocTown.BaseArchiveData","class","public","System.Object","","False","False","","7","10","0","0","0x02000686"
"DolocTown","DataTracker","DolocTown.DataTracker","class","public","System.Object","DolocTown.GameData.IDataPersistence","False","False","","10","3","2","0","0x02000687"
"","<>c__DisplayClass13_0","DolocTown.DataTracker/<>c__DisplayClass13_0","class","private","System.Object","","False","True","DolocTown.DataTracker","2","1","0","0","0x02001115"
"","<>c__DisplayClass14_0","DolocTown.DataTracker/<>c__DisplayClass14_0","class","private","System.Object","","False","True","DolocTown.DataTracker","2","2","0","0","0x02001116"
"DolocTown","InventorySystem","DolocTown.InventorySystem","class","public","System.Object","","False","False","","34","6","7","0","0x02000688"
"DolocTown","InventoryReceiver","DolocTown.InventoryReceiver","delegate","public","System.MulticastDelegate","","False","True","","4","0","0","0","0x02000689"
"DolocTown","LinearInventory","DolocTown.LinearInventory","class","public","System.Object","","False","False","","72","3","12","0","0x0200068A"
"","<>c","DolocTown.LinearInventory/<>c","class","private","System.Object","","False","True","DolocTown.LinearInventory","13","12","0","0","0x02001117"
"","<ReadAll>d__66`1","DolocTown.LinearInventory/<ReadAll>d__66`1","class","private","System.Object","System.Collections.Generic.IEnumerable`1<T> | System.Collections.IEnumerable | System.Collections.Generic.IEnumerator`1<T> | System.Collections.IEnumerator | System.IDisposable","False","True","DolocTown.LinearInventory","8","6","2","0","0x02001118"
"DolocTown","SingleInventoryReceiver","DolocTown.SingleInventoryReceiver","delegate","public","System.MulticastDelegate","","False","True","","4","0","0","0","0x0200068B"
"DolocTown","SingleInventory","DolocTown.SingleInventory","class","public","System.Object","","False","False","","11","3","3","0","0x0200068C"
"DolocTown","UserSettings","DolocTown.UserSettings","class","public","System.Object","","False","False","","59","22","23","0","0x0200068D"
"","<>c","DolocTown.UserSettings/<>c","class","private","System.Object","","False","True","DolocTown.UserSettings","5","4","0","0","0x02001119"
"DolocTown","GlobalSystemConfig","DolocTown.GlobalSystemConfig","class","public","Sirenix.OdinInspector.SerializedScriptableObject","DolocTown.GameServiceLocator.ISystemConfigProvider","False","False","","8","7","7","0","0x0200068E"
"DolocTown","ObstacleFinder","DolocTown.ObstacleFinder","class","public","System.Object","","False","False","","3","2","0","0","0x0200068F"
"DolocTown","SecondOrderDynamics","DolocTown.SecondOrderDynamics","struct","public","System.ValueType","","False","True","","3","6","0","0","0x02000690"
"DolocTown","SecondOrderSystem","DolocTown.SecondOrderSystem","class","public","DolocTown.DolocObject","","False","False","","8","7","1","0","0x02000691"
"DolocTown","SecondOrderSystemDebugger","DolocTown.SecondOrderSystemDebugger","class","public","UnityEngine.MonoBehaviour","","False","False","","3","2","0","0","0x02000692"
"DolocTown","DolocAssert","DolocTown.DolocAssert","class","public","System.Object","","False","False","","7","0","0","0","0x02000693"
"DolocTown","DolocInitAssert","DolocTown.DolocInitAssert","class","public","System.Object","","False","False","","7","0","0","0","0x02000694"
"DolocTown","DolocDeserializeAssert","DolocTown.DolocDeserializeAssert","class","public","System.Object","","False","False","","7","0","0","0","0x02000695"
"DolocTown","ContinuesAnimationEffects","DolocTown.ContinuesAnimationEffects","class","public","DolocTown.GameEntity","","False","False","","6","2","1","0","0x02000696"
"DolocTown","ContinuesAnimationEffectsSlot","DolocTown.ContinuesAnimationEffectsSlot","class","public","System.Object","","False","False","","4","2","1","0","0x02000697"
"DolocTown","ContinuesAnimEffectType","DolocTown.ContinuesAnimEffectType","enum","public","System.Enum","","False","True","","0","2","0","0","0x02000698"
"DolocTown","ContinuesGoEffects","DolocTown.ContinuesGoEffects","class","public","DolocTown.DolocRecyclableObject","","False","False","","5","1","1","0","0x02000699"
"","<__Wait>d__5","DolocTown.ContinuesGoEffects/<__Wait>d__5","class","private","System.Object","System.Collections.Generic.IEnumerator`1<System.Object> | System.Collections.IEnumerator | System.IDisposable","False","True","DolocTown.ContinuesGoEffects","6","4","2","0","0x0200111A"
"DolocTown","ContinuesGoEffectsType","DolocTown.ContinuesGoEffectsType","enum","public","System.Enum","","False","True","","0","2","0","0","0x0200069A"
"DolocTown","ContinuesParticleEffects","DolocTown.ContinuesParticleEffects","class","public","DolocTown.DolocRecyclableObject","","False","False","","12","3","1","0","0x0200069B"
"DolocTown","ContinuesParticleEffectsManager","DolocTown.ContinuesParticleEffectsManager","class","public","System.Object","","False","False","","5","2","0","0","0x0200069C"
"","<>c__DisplayClass3_0","DolocTown.ContinuesParticleEffectsManager/<>c__DisplayClass3_0","class","private","System.Object","","False","True","DolocTown.ContinuesParticleEffectsManager","2","1","0","0","0x0200111B"
"DolocTown","ContinuesParticleEffectsType","DolocTown.ContinuesParticleEffectsType","enum","public","System.Enum","","False","True","","0","6","0","0","0x0200069D"
"DolocTown","EffectsManager","DolocTown.EffectsManager","class","public","System.Object","DolocTown.GameServiceLocator.IEffectsProvider","False","False","","40","8","0","0","0x0200069E"
"DolocTown","GlobalEffectsType","DolocTown.GlobalEffectsType","enum","public","System.Enum","","False","True","","0","3","0","0","0x0200069F"
"DolocTown","FadeUpTip","DolocTown.FadeUpTip","class","public","DolocTown.DolocRecyclableObject","","False","False","","7","4","1","0","0x020006A0"
"","<>c__DisplayClass4_0","DolocTown.FadeUpTip/<>c__DisplayClass4_0","class","private","System.Object","","False","True","DolocTown.FadeUpTip","4","2","0","0","0x0200111C"
"","<>c__DisplayClass5_0","DolocTown.FadeUpTip/<>c__DisplayClass5_0","class","private","System.Object","","False","True","DolocTown.FadeUpTip","4","2","0","0","0x0200111D"
"","<>c__DisplayClass6_0","DolocTown.FadeUpTip/<>c__DisplayClass6_0","class","private","System.Object","","False","True","DolocTown.FadeUpTip","4","2","0","0","0x0200111E"
"DolocTown","FadeUpTipManager","DolocTown.FadeUpTipManager","class","public","System.Object","","False","False","","7","1","0","0","0x020006A1"
"","<RaiseSpriteArray>d__6","DolocTown.FadeUpTipManager/<RaiseSpriteArray>d__6","struct","private","System.ValueType","System.Runtime.CompilerServices.IAsyncStateMachine","False","True","DolocTown.FadeUpTipManager","2","12","0","0","0x0200111F"
"DolocTown","InstAnimEffectType","DolocTown.InstAnimEffectType","enum","public","System.Enum","","False","True","","0","42","0","0","0x020006A2"
"DolocTown","InstantAnimationEffects","DolocTown.InstantAnimationEffects","class","public","DolocTown.GameEntity","","False","False","","14","4","3","0","0x020006A3"
"DolocTown","RadioSignal","DolocTown.RadioSignal","class","public","DolocTown.InstantGoEffects","","False","False","","12","9","5","0","0x020006A4"
"","<>c__DisplayClass24_0","DolocTown.RadioSignal/<>c__DisplayClass24_0","class","private","System.Object","","False","True","DolocTown.RadioSignal","8","2","0","0","0x02001120"
"DolocTown","InstantGoAnimEffects","DolocTown.InstantGoAnimEffects","class","public","DolocTown.InstantGoEffects","","False","False","","5","1","0","0","0x020006A5"
"DolocTown","InstantGoEffects","DolocTown.InstantGoEffects","class","public","DolocTown.GameEntity","","True","False","","5","1","1","0","0x020006A6"
"DolocTown","InstantGoEffectsManager","DolocTown.InstantGoEffectsManager","class","public","System.Object","","False","False","","6","1","0","0","0x020006A7"
"","<>c__DisplayClass3_0","DolocTown.InstantGoEffectsManager/<>c__DisplayClass3_0","class","private","System.Object","","False","True","DolocTown.InstantGoEffectsManager","2","1","0","0","0x02001121"
"DolocTown","InstantGoEffectsType","DolocTown.InstantGoEffectsType","enum","public","System.Enum","","False","True","","0","3","0","0","0x020006A8"
"DolocTown","InstantParticleEffects","DolocTown.InstantParticleEffects","class","public","DolocTown.DolocRecyclableObject","","False","False","","7","2","2","0","0x020006A9"
"DolocTown","InstantParticleEffectsManager","DolocTown.InstantParticleEffectsManager","class","public","System.Object","","False","False","","5","2","0","0","0x020006AA"
"","<>c__DisplayClass4_0","DolocTown.InstantParticleEffectsManager/<>c__DisplayClass4_0","class","private","System.Object","","False","True","DolocTown.InstantParticleEffectsManager","2","1","0","0","0x02001122"
"DolocTown","InstantParticleEffectsType","DolocTown.InstantParticleEffectsType","enum","public","System.Enum","","False","True","","0","43","0","0","0x020006AB"
"DolocTown","ParticleSystemCollisionHandle","DolocTown.ParticleSystemCollisionHandle","class","public","UnityEngine.MonoBehaviour","","False","False","","4","2","1","0","0x020006AC"
"DolocTown","GhostShadow","DolocTown.GhostShadow","class","public","DolocTown.GameEntity","","False","False","","6","5","1","0","0x020006AD"
"DolocTown","TwistEffects","DolocTown.TwistEffects","class","public","DolocTown.GameEntity","","False","False","","9","4","1","0","0x020006AE"
"DolocTown","IWindInteractive","DolocTown.IWindInteractive","interface","public","","","True","False","","1","0","0","0","0x020006AF"
"DolocTown","Wind","DolocTown.Wind","class","public","DolocTown.GameEntity","","False","False","","5","2","1","0","0x020006B0"
"DolocTown","WindDebugger","DolocTown.WindDebugger","class","public","UnityEngine.MonoBehaviour","","False","False","","2","3","0","0","0x020006B1"
"DolocTown","WindLarge","DolocTown.WindLarge","class","public","DolocTown.GameEntity","","False","False","","5","3","1","0","0x020006B2"
"DolocTown","WindScanner","DolocTown.WindScanner","class","public","DolocTown.GameEntity","","False","False","","2","0","0","0","0x020006B3"
"DolocTown","GameEntityManagerBaseAttribute","DolocTown.GameEntityManagerBaseAttribute","class","public","System.Attribute","","True","False","","12","5","5","0","0x020006B4"
"DolocTown","GEMGameObjectAttribute","DolocTown.GEMGameObjectAttribute","class","public","DolocTown.GameEntityManagerBaseAttribute","","True","False","","1","0","0","0","0x020006B5"
"DolocTown","GEMGameEffectsAttribute","DolocTown.GEMGameEffectsAttribute","class","public","DolocTown.GameEntityManagerBaseAttribute","","True","False","","1","0","0","0","0x020006B6"
"DolocTown","GEMUIObjectAttribute","DolocTown.GEMUIObjectAttribute","class","public","DolocTown.GameEntityManagerBaseAttribute","","True","False","","1","0","0","0","0x020006B7"
"DolocTown","GameEffectsManager","DolocTown.GameEffectsManager","class","public","DolocTown.GEMGameEffectsAttribute","","False","False","","5","2","2","0","0x020006B8"
"DolocTown","GameEntityManagerAttribute","DolocTown.GameEntityManagerAttribute","class","public","DolocTown.GEMGameObjectAttribute","","False","False","","3","1","1","0","0x020006B9"
"DolocTown","GameEntity","DolocTown.GameEntity","class","public","DolocTown.DolocRecyclableObject","","True","False","","3","0","0","0","0x020006BA"
"DolocTown","GameRendererEntity","DolocTown.GameRendererEntity","class","public","DolocTown.GameEntity","","True","False","","7","2","5","0","0x020006BB"
"DolocTown","GameEntityUi","DolocTown.GameEntityUi","class","public","DolocTown.GameEntity","","True","False","","1","0","0","0","0x020006BC"
"DolocTown","GameEntityManager","DolocTown.GameEntityManager","class","public","System.Object","","True","False","","23","4","6","0","0x020006BD"
"DolocTown","GameEntityManager`1","DolocTown.GameEntityManager`1","class","public","DolocTown.GameEntityManager","","False","False","","31","2","5","0","0x020006BE"
"","<NextGameEntities>d__19","DolocTown.GameEntityManager`1/<NextGameEntities>d__19","class","private","System.Object","System.Collections.Generic.IEnumerable`1<DolocTown.GameEntity> | System.Collections.IEnumerable | System.Collections.Generic.IEnumerator`1<DolocTown.GameEntity> | System.Collections.IEnumerator | System.IDisposable","False","True","DolocTown.GameEntityManager`1","8","7","2","0","0x02001123"
"","<NextEntities>d__27","DolocTown.GameEntityManager`1/<NextEntities>d__27","class","private","System.Object","System.Collections.Generic.IEnumerable`1<T> | System.Collections.IEnumerable | System.Collections.Generic.IEnumerator`1<T> | System.Collections.IEnumerator | System.IDisposable","False","True","DolocTown.GameEntityManager`1","8","7","2","0","0x02001124"
"","<NextEntitiesFromPool>d__36","DolocTown.GameEntityManager`1/<NextEntitiesFromPool>d__36","class","private","System.Object","System.Collections.Generic.IEnumerable`1<T> | System.Collections.IEnumerable | System.Collections.Generic.IEnumerator`1<T> | System.Collections.IEnumerator | System.IDisposable","False","True","DolocTown.GameEntityManager`1","8","8","2","0","0x02001125"
"","<NextGameEntitiesFromPool>d__37","DolocTown.GameEntityManager`1/<NextGameEntitiesFromPool>d__37","class","private","System.Object","System.Collections.Generic.IEnumerable`1<DolocTown.GameEntity> | System.Collections.IEnumerable | System.Collections.Generic.IEnumerator`1<DolocTown.GameEntity> | System.Collections.IEnumerator | System.IDisposable","False","True","DolocTown.GameEntityManager`1","8","8","2","0","0x02001126"
"DolocTown","GameEntityManagerInfo","DolocTown.GameEntityManagerInfo","class","public","UnityEngine.MonoBehaviour","","False","False","","8","1","7","0","0x020006BF"
"DolocTown","GameEntitySlot`1","DolocTown.GameEntitySlot`1","class","public","System.Object","","False","False","","8","3","1","0","0x020006C0"
"DolocTown","GameEntitySlotUI`1","DolocTown.GameEntitySlotUI`1","class","public","System.Object","","False","False","","7","3","1","0","0x020006C1"
"DolocTown","GameEntitySystem`1","DolocTown.GameEntitySystem`1","class","public","System.Object","","False","False","","27","2","0","0","0x020006C2"
"DolocTown","FontInfo","DolocTown.FontInfo","struct","public","System.ValueType","","False","True","","4","2","1","0","0x020006C3"
"DolocTown","FontHandle","DolocTown.FontHandle","class","public","DolocTown.DolocObject","","False","False","","12","2","2","0","0x020006C4"
"DolocTown","TextType","DolocTown.TextType","enum","public","System.Enum","","False","True","","0","4","0","0","0x020006C5"
"DolocTown","FontHandleInfo","DolocTown.FontHandleInfo","struct","public","System.ValueType","","False","True","","2","9","0","0","0x020006C6"
"DolocTown","FontManager","DolocTown.FontManager","class","public","System.Object","","False","False","","9","2","1","0","0x020006C7"
"DolocTown","FontManagerUsage","DolocTown.FontManagerUsage","class","public","UnityEngine.MonoBehaviour","","False","False","","6","2","1","0","0x020006C8"
"DolocTown","FontManagerUtils","DolocTown.FontManagerUtils","static class","public","System.Object","","True","True","","3","0","0","0","0x020006C9"
"DolocTown","FastButtonAttribute","DolocTown.FastButtonAttribute","class","public","System.Attribute","","False","False","","2","1","0","0","0x020006CA"
"DolocTown","DevMenuItemAttribute","DolocTown.DevMenuItemAttribute","class","public","System.Attribute","","False","False","","2","1","0","0","0x020006CB"
"DolocTown","RoomGizmos","DolocTown.RoomGizmos","class","public","UnityEngine.MonoBehaviour","","False","False","","16","42","2","0","0x020006CC"
"DolocTown","HomePageGround","DolocTown.HomePageGround","class","public","UnityEngine.MonoBehaviour","","False","False","","5","2","1","0","0x020006CD"
"DolocTown","CustomPostProcessingGroup","DolocTown.CustomPostProcessingGroup","class","public","UnityEngine.Rendering.Universal.ScriptableRendererFeature","","False","False","","4","3","0","0","0x020006CE"
"","FeatureSettings","DolocTown.CustomPostProcessingGroup/FeatureSettings","class","public","System.Object","","False","False","DolocTown.CustomPostProcessingGroup","1","3","0","0","0x02001127"
"DolocTown","CustomPostProcessingGroupPass","DolocTown.CustomPostProcessingGroupPass","class","private","UnityEngine.Rendering.Universal.ScriptableRenderPass","","False","False","","6","4","0","0","0x020006CF"
"DolocTown","SpriteUVCorrector","DolocTown.SpriteUVCorrector","class","public","UnityEngine.MonoBehaviour","","False","False","","8","7","2","0","0x020006D0"
"DolocTown","SceneInfo","DolocTown.SceneInfo","struct","public","System.ValueType","","False","True","","1","5","0","0","0x020006D1"
"DolocTown","SceneManagement","DolocTown.SceneManagement","static class","public","System.Object","","True","True","","4","1","1","0","0x020006D2"
"DolocTown","SceneManager","DolocTown.SceneManager","class","public","System.Object","","False","False","","22","3","0","0","0x020006D3"
"","SceneHandleCache","DolocTown.SceneManager/SceneHandleCache","struct","private","System.ValueType","","False","True","DolocTown.SceneManager","1","3","0","0","0x02001128"
"","<CoroutineLoadSceneAsync>d__10","DolocTown.SceneManager/<CoroutineLoadSceneAsync>d__10","class","private","System.Object","System.Collections.Generic.IEnumerator`1<System.Object> | System.Collections.IEnumerator | System.IDisposable","False","True","DolocTown.SceneManager","6","6","2","0","0x02001129"
"","<CoroutineLoadSceneAsyncEx>d__11","DolocTown.SceneManager/<CoroutineLoadSceneAsyncEx>d__11","class","private","System.Object","System.Collections.Generic.IEnumerator`1<System.Object> | System.Collections.IEnumerator | System.IDisposable","False","True","DolocTown.SceneManager","6","7","2","0","0x0200112A"
"","<CoroutineUnloadSceneAsync>d__14","DolocTown.SceneManager/<CoroutineUnloadSceneAsync>d__14","class","private","System.Object","System.Collections.Generic.IEnumerator`1<System.Object> | System.Collections.IEnumerator | System.IDisposable","False","True","DolocTown.SceneManager","6","6","2","0","0x0200112B"
"","<>c__DisplayClass21_0","DolocTown.SceneManager/<>c__DisplayClass21_0","class","private","System.Object","","False","True","DolocTown.SceneManager","2","1","0","0","0x0200112C"
"","<>c__DisplayClass24_0","DolocTown.SceneManager/<>c__DisplayClass24_0","class","private","System.Object","","False","True","DolocTown.SceneManager","2","2","0","0","0x0200112D"
"DolocTown","SceneType","DolocTown.SceneType","enum","public","System.Enum","","False","True","","0","6","0","0","0x020006D4"
"DolocTown","HatSpriteOverrideHandler","DolocTown.HatSpriteOverrideHandler","class","public","DolocTown.SpriteOverrideHandler","","False","False","","5","0","1","0","0x020006D5"
"DolocTown","PlayerSpriteOverrideHandler","DolocTown.PlayerSpriteOverrideHandler","class","public","DolocTown.SpriteOverrideHandler","","False","False","","5","1","1","0","0x020006D6"
"DolocTown","SpriteOverrideHandler","DolocTown.SpriteOverrideHandler","class","public","UnityEngine.MonoBehaviour","","False","False","","8","4","2","0","0x020006D7"
"DolocTown","SpriteShapeBuffer","DolocTown.SpriteShapeBuffer","class","public","System.Object","","False","False","","5","2","1","0","0x020006D8"
"DolocTown","Timer","DolocTown.Timer","class","public","System.Object","","False","False","","6","6","0","0","0x020006D9"
"DolocTown","UpdateLogHelper","DolocTown.UpdateLogHelper","class","public","System.Object","","False","False","","21","3","3","0","0x020006DA"
"","DevLogType","DolocTown.UpdateLogHelper/DevLogType","enum","private","System.Enum","","False","True","DolocTown.UpdateLogHelper","0","10","0","0","0x0200112E"
"","DevLog","DolocTown.UpdateLogHelper/DevLog","struct","private","System.ValueType","","False","True","DolocTown.UpdateLogHelper","0","2","0","0","0x0200112F"
"","DevLogVersion","DolocTown.UpdateLogHelper/DevLogVersion","class","private","System.Object","","False","False","DolocTown.UpdateLogHelper","2","3","0","0","0x02001130"
"","LogInfos","DolocTown.UpdateLogHelper/LogInfos","class","private","System.Object","","False","False","DolocTown.UpdateLogHelper","4","3","0","0","0x02001131"
"","<GetAllFileInDirectory>d__15","DolocTown.UpdateLogHelper/<GetAllFileInDirectory>d__15","class","private","System.Object","System.Collections.Generic.IEnumerable`1<System.String> | System.Collections.IEnumerable | System.Collections.Generic.IEnumerator`1<System.String> | System.Collections.IEnumerator | System.IDisposable","False","True","DolocTown.UpdateLogHelper","8","7","2","0","0x02001132"
"","<>c","DolocTown.UpdateLogHelper/<>c","class","private","System.Object","","False","True","DolocTown.UpdateLogHelper","3","2","0","0","0x02001133"
"DolocTown","DolocLuaLoader","DolocTown.DolocLuaLoader","static class","public","System.Object","","True","True","","2","0","0","0","0x020006DB"
"DolocTown","SteamDLCRecord","DolocTown.SteamDLCRecord","struct","public","System.ValueType","","False","True","","2","4","0","0","0x020006DC"
"DolocTown","SteamForDolocTown","DolocTown.SteamForDolocTown","class","public","DolocTown.DolocObject","","False","False","","8","3","4","0","0x020006DD"
"DolocTown","SteamHelper","DolocTown.SteamHelper","static class","public","System.Object","","True","True","","10","0","0","0","0x020006DE"
"","<GetUnlockedAchievements>d__9","DolocTown.SteamHelper/<GetUnlockedAchievements>d__9","class","private","System.Object","System.Collections.Generic.IEnumerable`1<System.String> | System.Collections.IEnumerable | System.Collections.Generic.IEnumerator`1<System.String> | System.Collections.IEnumerator | System.IDisposable","False","True","DolocTown.SteamHelper","8","5","2","0","0x02001134"
"DolocTown","SensitiveWordFilter","DolocTown.SensitiveWordFilter","class","public","System.Object","","False","False","","5","3","0","0","0x020006DF"
"","TrieNode","DolocTown.SensitiveWordFilter/TrieNode","class","public","System.Object","","False","False","DolocTown.SensitiveWordFilter","5","2","1","0","0x02001135"
"DolocTown","SensitiveWordChecker","DolocTown.SensitiveWordChecker","class","public","System.Object","","False","False","","6","3","3","0","0x020006E0"
"DolocTown","AnimalStatusTip","DolocTown.AnimalStatusTip","class","public","DolocTown.UI.DolocUiRecyclableObject","","False","False","","7","5","2","0","0x020006E1"
"DolocTown","UiEffectsManager","DolocTown.UiEffectsManager","class","public","System.Object","DolocTown.GameServiceLocator.IUIEffectsProvider","False","False","","6","4","0","0","0x020006E2"
"DolocTown","IconDescriptor","DolocTown.IconDescriptor","class","public","DolocTown.UI.DolocUiRecyclableObject","","False","False","","5","2","2","0","0x020006E3"
"DolocTown","BuildingRecipe","DolocTown.BuildingRecipe","class","public","System.Object","DolocTown.IRecipe","False","False","","11","2","10","0","0x020006E4"
"DolocTown","AsideDialoguePanel","DolocTown.AsideDialoguePanel","class","public","DolocTown.UI.DolocUIPanel","DolocTown.IDialogueLineView | DolocTown.UI.IView","False","False","","17","5","4","0","0x020006E5"
"DolocTown","HomeLight","DolocTown.HomeLight","class","public","UnityEngine.MonoBehaviour","","False","False","","4","1","0","0","0x020006E6"
"DolocTown","MapAreaType","DolocTown.MapAreaType","enum","public","System.Enum","","False","True","","0","5","0","0","0x020006E7"
"DolocTown","MissionTip","DolocTown.MissionTip","class","public","DolocTown.UI.DolocUiRecyclableObject","","False","False","","6","6","0","0","0x020006E8"
"","<>c__DisplayClass9_0","DolocTown.MissionTip/<>c__DisplayClass9_0","class","private","System.Object","","False","True","DolocTown.MissionTip","2","2","0","0","0x02001136"
"DolocTown","VersionPatchAttribute","DolocTown.VersionPatchAttribute","class","public","System.Attribute","","False","False","","3","2","1","0","0x020006E9"
"DolocTown","VersionPatch","DolocTown.VersionPatch","class","public","System.Object","","False","False","","7","2","2","0","0x020006EA"
"DolocTown","VersionPatcher","DolocTown.VersionPatcher","static class","public","System.Object","","True","True","","5","0","0","0","0x020006EB"
"","<LoadAllVersionPatchFunctions>d__2","DolocTown.VersionPatcher/<LoadAllVersionPatchFunctions>d__2","class","private","System.Object","System.Collections.Generic.IEnumerable`1<System.ValueTuple`2<DolocTown.VersionPatchAttribute,System.Reflection.MethodInfo>> | System.Collections.IEnumerable | System.Collections.Generic.IEnumerator`1<System.ValueTuple`2<DolocTown.VersionPatchAttribute,System.Reflection.MethodInfo>> | System.Collections.IEnumerator | System.IDisposable","False","True","DolocTown.VersionPatcher","8","9","2","0","0x02001137"
"","<>c","DolocTown.VersionPatcher/<>c","class","private","System.Object","","False","True","DolocTown.VersionPatcher","5","4","0","0","0x02001138"
"","<>c__DisplayClass4_0","DolocTown.VersionPatcher/<>c__DisplayClass4_0","class","private","System.Object","","False","True","DolocTown.VersionPatcher","2","1","0","0","0x02001139"
"DolocTown.Rendering","MaterialSetter01","DolocTown.Rendering.MaterialSetter01","class","public","System.Object","","False","False","","6","4","1","0","0x020006EC"
"","<>c__DisplayClass8_0","DolocTown.Rendering.MaterialSetter01/<>c__DisplayClass8_0","class","private","System.Object","","False","True","DolocTown.Rendering.MaterialSetter01","4","2","0","0","0x0200113A"
"","<>c__DisplayClass9_0","DolocTown.Rendering.MaterialSetter01/<>c__DisplayClass9_0","class","private","System.Object","","False","True","DolocTown.Rendering.MaterialSetter01","6","2","0","0","0x0200113B"
"","<>c__DisplayClass10_0","DolocTown.Rendering.MaterialSetter01/<>c__DisplayClass10_0","class","private","System.Object","","False","True","DolocTown.Rendering.MaterialSetter01","4","2","0","0","0x0200113C"
"DolocTown.Rendering","RenderTextureUVHandler","DolocTown.Rendering.RenderTextureUVHandler","class","public","UnityEngine.MonoBehaviour","","False","False","","14","9","4","0","0x020006ED"
"","CamGeometry","DolocTown.Rendering.RenderTextureUVHandler/CamGeometry","struct","private","System.ValueType","","False","True","DolocTown.Rendering.RenderTextureUVHandler","2","4","0","0","0x0200113D"
"DolocTown.Rendering","ShaderUtils","DolocTown.Rendering.ShaderUtils","static class","public","System.Object","","True","True","","1","0","0","0","0x020006EE"
"","<GetMaterialPropertyIDs>d__0","DolocTown.Rendering.ShaderUtils/<GetMaterialPropertyIDs>d__0","class","private","System.Object","System.Collections.Generic.IEnumerable`1<System.String> | System.Collections.IEnumerable | System.Collections.Generic.IEnumerator`1<System.String> | System.Collections.IEnumerator | System.IDisposable","False","True","DolocTown.Rendering.ShaderUtils","8","10","2","0","0x0200113E"
"DolocTown.Rendering","SpriteMaterialHandle","DolocTown.Rendering.SpriteMaterialHandle","class","public","UnityEngine.MonoBehaviour","","False","False","","11","7","0","0","0x020006EF"
"","SetTiming","DolocTown.Rendering.SpriteMaterialHandle/SetTiming","enum","private","System.Enum","","False","True","DolocTown.Rendering.SpriteMaterialHandle","0","4","0","0","0x0200113F"
"","PropertyType","DolocTown.Rendering.SpriteMaterialHandle/PropertyType","enum","private","System.Enum","","False","True","DolocTown.Rendering.SpriteMaterialHandle","0","8","0","0","0x02001140"
"","MaterialPropertyInfo","DolocTown.Rendering.SpriteMaterialHandle/MaterialPropertyInfo","struct","private","System.ValueType","","False","True","DolocTown.Rendering.SpriteMaterialHandle","3","11","0","0","0x02001141"
"DolocTown.GameDataTracker","DataUploader","DolocTown.GameDataTracker.DataUploader","static class","public","System.Object","","True","True","","9","0","1","0","0x020006F0"
"DolocTown.GameDataTracker","DolocTownURL","DolocTown.GameDataTracker.DolocTownURL","static class","public","System.Object","","True","True","","1","6","1","0","0x020006F1"
"DolocTown.GameDataTracker","GameDataTrackerDayMoney","DolocTown.GameDataTracker.GameDataTrackerDayMoney","class","public","System.Object","","False","False","","3","1","0","0","0x020006F2"
"DolocTown.GameDataTracker","GameDataTrackerMissionGuide","DolocTown.GameDataTracker.GameDataTrackerMissionGuide","class","public","System.Object","","False","False","","4","1","0","0","0x020006F3"
"","MissionListener","DolocTown.GameDataTracker.GameDataTrackerMissionGuide/MissionListener","class","public","System.Object","DolocTown.IMissionManagerComponent","False","False","DolocTown.GameDataTracker.GameDataTrackerMissionGuide","5","0","0","0","0x02001142"
"DolocTown.Patch","GameEntityPatch","DolocTown.Patch.GameEntityPatch","static class","public","System.Object","","True","True","","1","0","0","0","0x020006F4"
"DolocTown.TreeGraph","TreeGraph`1","DolocTown.TreeGraph.TreeGraph`1","class","public","System.Object","","False","False","","11","8","0","0","0x020006F5"
"DolocTown.TreeGraph","TreeGraphGeometry","DolocTown.TreeGraph.TreeGraphGeometry","class","public","System.Object","","False","False","","2","4","0","0","0x020006F6"
"DolocTown.TreeGraph","TreeGraphLink","DolocTown.TreeGraph.TreeGraphLink","struct","public","System.ValueType","","False","True","","1","2","0","0","0x020006F7"
"DolocTown.TreeGraph","TreeGraphNode`1","DolocTown.TreeGraph.TreeGraphNode`1","class","public","System.Object","","False","False","","1","4","0","0","0x020006F8"
"DolocTown.TreeGraph","TreeGraphPositionBuffer","DolocTown.TreeGraph.TreeGraphPositionBuffer","class","public","System.Object","","False","False","","5","2","0","0","0x020006F9"
"DolocTown.UI","PageUiStateBase`2","DolocTown.UI.PageUiStateBase`2","class","public","DolocTown.DolocUiState`1<TPanel>","","True","False","","12","1","3","0","0x020006FA"
"DolocTown.UI","UILocalization","DolocTown.UI.UILocalization","class","public","UnityEngine.MonoBehaviour","","False","False","","7","4","1","0","0x020006FB"
"DolocTown.UI","UILocalizationImage","DolocTown.UI.UILocalizationImage","class","public","UnityEngine.MonoBehaviour","","False","False","","6","2","0","0","0x020006FC"
"DolocTown.UI","UIEffects","DolocTown.UI.UIEffects","class","public","System.Object","","True","False","","3","1","0","0","0x020006FD"
"DolocTown.UI","UIEffectsAttention","DolocTown.UI.UIEffectsAttention","class","public","DolocTown.UI.UIEffects","","False","False","","2","0","0","0","0x020006FE"
"DolocTown.UI","LineRenderer","DolocTown.UI.LineRenderer","class","public","UnityEngine.UI.Extensions.UILineRenderer","RedSaw.IRecyclable","False","False","","6","0","1","0","0x020006FF"
"DolocTown.UI","DolocBasicTip","DolocTown.UI.DolocBasicTip","class","public","DolocTown.UI.DolocUiObject","","False","False","","8","4","0","0","0x02000700"
"DolocTown.UI","DolocUiObject","DolocTown.UI.DolocUiObject","class","public","UnityEngine.MonoBehaviour","","True","False","","72","4","32","0","0x02000701"
"DolocTown.UI","DolocUiRecyclableObject","DolocTown.UI.DolocUiRecyclableObject","class","public","DolocTown.UI.DolocUiObject","RedSaw.IRecyclable","True","False","","5","0","0","0","0x02000702"
"DolocTown.UI","DolocUiRecyclableObjectSelfCall`1","DolocTown.UI.DolocUiRecyclableObjectSelfCall`1","class","public","DolocTown.UI.DolocUiRecyclableObject","","True","False","","4","1","1","0","0x02000703"
"DolocTown.UI","DolocUiEntity","DolocTown.UI.DolocUiEntity","class","public","DolocTown.UI.DolocUiObject","","True","False","","5","0","4","0","0x02000704"
"DolocTown.UI","CenterType","DolocTown.UI.CenterType","enum","public","System.Enum","","False","True","","0","4","0","0","0x02000705"
"DolocTown.UI","DolocUIPanel","DolocTown.UI.DolocUIPanel","class","public","DolocTown.UI.DolocUiEntity","DolocTown.UI.IView | UnityEngine.EventSystems.IPointerEnterHandler | UnityEngine.EventSystems.IEventSystemHandler | UnityEngine.EventSystems.IPointerExitHandler","True","False","","50","22","12","0","0x02000706"
"","<>c","DolocTown.UI.DolocUIPanel/<>c","class","private","System.Object","","False","True","DolocTown.UI.DolocUIPanel","3","2","0","0","0x02001143"
"","<>c__DisplayClass41_0","DolocTown.UI.DolocUIPanel/<>c__DisplayClass41_0","class","private","System.Object","","False","True","DolocTown.UI.DolocUIPanel","2","3","0","0","0x02001144"
"","<Display>d__41","DolocTown.UI.DolocUIPanel/<Display>d__41","struct","private","System.ValueType","System.Runtime.CompilerServices.IAsyncStateMachine","False","True","DolocTown.UI.DolocUIPanel","2","6","0","0","0x02001145"
"DolocTown.UI","AutoSizeUIPanel","DolocTown.UI.AutoSizeUIPanel","class","public","DolocTown.UI.DolocUIPanel","","True","False","","4","2","0","0","0x02000707"
"DolocTown.UI","UiPanelDisplayAnimType","DolocTown.UI.UiPanelDisplayAnimType","enum","public","System.Enum","","False","True","","0","10","0","0","0x02000708"
"DolocTown.UI","UIAlignmentType","DolocTown.UI.UIAlignmentType","enum","public","System.Enum","","False","True","","0","11","0","0","0x02000709"
"DolocTown.UI","IClickable","DolocTown.UI.IClickable","interface","public","","","True","False","","1","0","0","0","0x0200070A"
"DolocTown.UI","ILayoutableUi","DolocTown.UI.ILayoutableUi","interface","public","","","True","False","","2","0","1","0","0x0200070B"
"DolocTown.UI","INavigationView","DolocTown.UI.INavigationView","interface","public","","DolocTown.UI.IView","True","False","","2","0","0","0","0x0200070C"
"DolocTown.UI","INavPanel","DolocTown.UI.INavPanel","interface","public","","","True","False","","2","0","2","0","0x0200070D"
"DolocTown.UI","IPageUI`1","DolocTown.UI.IPageUI`1","interface","public","","DolocTown.UI.IView","True","False","","6","0","1","0","0x0200070E"
"DolocTown.UI","ISelectable","DolocTown.UI.ISelectable","interface","public","","","True","False","","4","0","4","0","0x0200070F"
"DolocTown.UI","ISinglePageUI`1","DolocTown.UI.ISinglePageUI`1","interface","public","","","True","False","","6","0","1","0","0x02000710"
"DolocTown.UI","IUIData","DolocTown.UI.IUIData","interface","public","","","True","False","","1","0","1","0","0x02000711"
"DolocTown.UI","IView","DolocTown.UI.IView","interface","public","","","True","False","","3","0","1","0","0x02000712"
"DolocTown.UI","DolocPagedGridUI`2","DolocTown.UI.DolocPagedGridUI`2","class","public","DolocTown.UI.DolocUIPanel","DolocTown.UI.INavPanel | DolocTown.UI.IPageUI`1<TData> | DolocTown.UI.IView","True","False","","63","20","15","0","0x02000713"
"","<>c","DolocTown.UI.DolocPagedGridUI`2/<>c","class","private","System.Object","","False","True","DolocTown.UI.DolocPagedGridUI`2","3","2","0","0","0x02001146"
"","<>c__DisplayClass37_0","DolocTown.UI.DolocPagedGridUI`2/<>c__DisplayClass37_0","class","private","System.Object","","False","True","DolocTown.UI.DolocPagedGridUI`2","2","2","0","0","0x02001147"
"DolocTown.UI","SlotLayout","DolocTown.UI.SlotLayout","enum","public","System.Enum","","False","True","","0","3","0","0","0x02000714"
"DolocTown.UI","DolocPagedLinearUI`2","DolocTown.UI.DolocPagedLinearUI`2","class","public","DolocTown.UI.AutoSizeUIPanel","DolocTown.UI.INavPanel | DolocTown.UI.IPageUI`1<TData> | DolocTown.UI.IView","True","False","","57","21","13","0","0x02000715"
"","<>c","DolocTown.UI.DolocPagedLinearUI`2/<>c","class","private","System.Object","","False","True","DolocTown.UI.DolocPagedLinearUI`2","3","2","0","0","0x02001148"
"","<>c__DisplayClass36_0","DolocTown.UI.DolocPagedLinearUI`2/<>c__DisplayClass36_0","class","private","System.Object","","False","True","DolocTown.UI.DolocPagedLinearUI`2","2","2","0","0","0x02001149"
"DolocTown.UI","DolocScrollGridUI`2","DolocTown.UI.DolocScrollGridUI`2","class","public","DolocTown.UI.DolocGridUI`1<TSlot>","DolocTown.UI.INavPanel","True","False","","15","3","3","0","0x02000716"
"","<>c","DolocTown.UI.DolocScrollGridUI`2/<>c","class","private","System.Object","","False","True","DolocTown.UI.DolocScrollGridUI`2","3","2","0","0","0x0200114A"
"DolocTown.UI","DolocSinglePageUI`1","DolocTown.UI.DolocSinglePageUI`1","class","public","DolocTown.UI.DolocUiObject","DolocTown.UI.ISinglePageUI`1<TData>","True","False","","17","6","3","0","0x02000717"
"DolocTown.UI","LayoutType","DolocTown.UI.LayoutType","enum","public","System.Enum","","False","True","","0","4","0","0","0x02000718"
"DolocTown.UI","DolocGridUI`1","DolocTown.UI.DolocGridUI`1","class","public","DolocTown.UI.AutoSizeUIPanel","","True","False","","50","12","13","0","0x02000719"
"","<>c__DisplayClass20_0","DolocTown.UI.DolocGridUI`1/<>c__DisplayClass20_0","class","private","System.Object","","False","True","DolocTown.UI.DolocGridUI`1","3","2","0","0","0x0200114B"
"","<>c__DisplayClass23_0","DolocTown.UI.DolocGridUI`1/<>c__DisplayClass23_0","class","private","System.Object","","False","True","DolocTown.UI.DolocGridUI`1","4","2","0","0","0x0200114C"
"","<>c__DisplayClass26_0","DolocTown.UI.DolocGridUI`1/<>c__DisplayClass26_0","class","private","System.Object","","False","True","DolocTown.UI.DolocGridUI`1","3","2","0","0","0x0200114D"
"","<>c__DisplayClass29_0","DolocTown.UI.DolocGridUI`1/<>c__DisplayClass29_0","class","private","System.Object","","False","True","DolocTown.UI.DolocGridUI`1","2","2","0","0","0x0200114E"
"","<>c__DisplayClass32_0","DolocTown.UI.DolocGridUI`1/<>c__DisplayClass32_0","class","private","System.Object","","False","True","DolocTown.UI.DolocGridUI`1","2","2","0","0","0x0200114F"
"DolocTown.UI","DolocHorizontalUI`1","DolocTown.UI.DolocHorizontalUI`1","class","public","DolocTown.UI.DolocGridUI`1<T>","","True","False","","6","0","2","0","0x0200071A"
"DolocTown.UI","DolocVerticalUI`1","DolocTown.UI.DolocVerticalUI`1","class","public","DolocTown.UI.DolocGridUI`1<T>","","True","False","","6","0","2","0","0x0200071B"
"DolocTown.UI","SimpleGroup","DolocTown.UI.SimpleGroup","class","public","DolocTown.UI.DolocUiObject","","False","False","","2","0","0","0","0x0200071C"
"DolocTown.UI","DolocNavigationButton","DolocTown.UI.DolocNavigationButton","class","public","DolocIcon","","False","False","","43","26","9","0","0x0200071D"
"DolocTown.UI","DynamicArrow","DolocTown.UI.DynamicArrow","class","public","DolocTown.UI.DolocUiObject","","False","False","","6","7","0","0","0x0200071E"
"DolocTown.UI","PageInfo","DolocTown.UI.PageInfo","class","public","DolocTown.UI.DolocUiObject","","False","False","","6","3","0","0","0x0200071F"
"","<>c__DisplayClass4_0","DolocTown.UI.PageInfo/<>c__DisplayClass4_0","class","private","System.Object","","False","True","DolocTown.UI.PageInfo","3","2","0","0","0x02001150"
"DolocTown.UI","ProgressBarDirection","DolocTown.UI.ProgressBarDirection","enum","public","System.Enum","","False","True","","0","3","0","0","0x02000720"
"DolocTown.UI","ProgressBar","DolocTown.UI.ProgressBar","class","public","DolocTown.UI.DolocNavigationButton","","False","False","","4","6","0","0","0x02000721"
"DolocTown.UI","RotateImage","DolocTown.UI.RotateImage","class","public","DolocTown.UI.DolocUiObject","","False","False","","6","8","1","0","0x02000722"
"DolocTown.UI","ClickEventTriggeredType","DolocTown.UI.ClickEventTriggeredType","enum","public","System.Enum","","False","True","","0","3","0","0","0x02000723"
"DolocTown.UI","ClickType","DolocTown.UI.ClickType","enum","public","System.Enum","","False","True","","0","4","0","0","0x02000724"
"DolocTown.UI","DolocButtonComponent","DolocTown.UI.DolocButtonComponent","class","public","UnityEngine.UI.Button","DolocTown.UI.ISelectable | DolocTown.UI.IClickable","False","False","","34","27","17","0","0x02000725"
"DolocTown.UI","DolocInputFiledComponent","DolocTown.UI.DolocInputFiledComponent","class","public","UnityEngine.UI.InputField","","False","False","","7","3","3","0","0x02000726"
"DolocTown.UI","DolocSelectableComponent","DolocTown.UI.DolocSelectableComponent","class","public","UnityEngine.UI.Selectable","DolocTown.UI.ISelectable","False","False","","8","4","4","0","0x02000727"
"DolocTown.UI","DolocSliderComponent","DolocTown.UI.DolocSliderComponent","class","public","UnityEngine.UI.Slider","DolocTown.UI.ISelectable","False","False","","8","4","4","0","0x02000728"
"DolocTown.UI","DolocToggleComponent","DolocTown.UI.DolocToggleComponent","class","public","UnityEngine.UI.Toggle","DolocTown.UI.ISelectable | DolocTown.UI.IClickable","False","False","","9","4","4","0","0x02000729"
"DolocTown.UI","DolocToggleHelper","DolocTown.UI.DolocToggleHelper","class","public","DolocTown.UI.DolocUiObject","","False","False","","3","13","0","0","0x0200072A"
"DolocTown.UI","CaseAutomateLabelTip","DolocTown.UI.CaseAutomateLabelTip","class","public","DolocTown.UI.DolocUiRecyclableObject","","False","False","","1","1","0","0","0x0200072B"
"DolocTown.UI","DeviceDetectImageCom","DolocTown.UI.DeviceDetectImageCom","class","public","DolocTown.UI.DolocUiObject","DolocTown.UI.IInputDeviceDetect","False","False","","5","5","2","0","0x0200072C"
"DolocTown.UI","DeviceDetectL10nKeyTextCom","DolocTown.UI.DeviceDetectL10nKeyTextCom","class","public","DolocTown.UI.DolocUiObject","DolocTown.UI.IInputDeviceDetect","False","False","","7","4","2","0","0x0200072D"
"DolocTown.UI","DeviceDetectTextCom","DolocTown.UI.DeviceDetectTextCom","class","public","DolocTown.UI.DolocUiObject","DolocTown.UI.IInputDeviceDetect","False","False","","6","3","2","0","0x0200072E"
"DolocTown.UI","IInputDeviceDetect","DolocTown.UI.IInputDeviceDetect","interface","public","","","True","False","","1","0","0","0","0x0200072F"
"DolocTown.UI","DamageTip","DolocTown.UI.DamageTip","class","public","DolocTown.UI.DolocUiRecyclableObject","","False","False","","14","7","1","0","0x02000730"
"DolocTown.UI","DamageTipManager","DolocTown.UI.DamageTipManager","class","public","System.Object","","False","False","","2","0","0","0","0x02000731"
"","<>c","DolocTown.UI.DamageTipManager/<>c","class","private","System.Object","","False","True","DolocTown.UI.DamageTipManager","3","2","0","0","0x02001151"
"DolocTown.UI","FadeUpTipNumberManager","DolocTown.UI.FadeUpTipNumberManager","class","public","System.Object","","False","False","","3","0","0","0","0x02000732"
"","<>c__DisplayClass1_0","DolocTown.UI.FadeUpTipNumberManager/<>c__DisplayClass1_0","class","private","System.Object","","False","True","DolocTown.UI.FadeUpTipNumberManager","2","1","0","0","0x02001152"
"DolocTown.UI","FadeUpTipSpriteManager","DolocTown.UI.FadeUpTipSpriteManager","class","public","System.Object","","False","False","","3","0","0","0","0x02000733"
"","<>c__DisplayClass0_0","DolocTown.UI.FadeUpTipSpriteManager/<>c__DisplayClass0_0","class","private","System.Object","","False","True","DolocTown.UI.FadeUpTipSpriteManager","4","2","0","0","0x02001153"
"","<>c__DisplayClass1_0","DolocTown.UI.FadeUpTipSpriteManager/<>c__DisplayClass1_0","class","private","System.Object","","False","True","DolocTown.UI.FadeUpTipSpriteManager","4","2","0","0","0x02001154"
"DolocTown.UI","FadeUpTipTextManager","DolocTown.UI.FadeUpTipTextManager","class","public","System.Object","","False","False","","2","0","0","0","0x02000734"
"","<>c__DisplayClass0_0","DolocTown.UI.FadeUpTipTextManager/<>c__DisplayClass0_0","class","private","System.Object","","False","True","DolocTown.UI.FadeUpTipTextManager","4","1","0","0","0x02001155"
"DolocTown.UI","SingleImage","DolocTown.UI.SingleImage","class","public","DolocTown.UI.DolocUiRecyclableObject","","False","False","","10","3","2","0","0x02000735"
"DolocTown.UI","GetUnstuckButton","DolocTown.UI.GetUnstuckButton","class","public","DolocTown.UI.LinkButton","","False","False","","3","1","0","0","0x02000736"
"","<>c","DolocTown.UI.GetUnstuckButton/<>c","class","private","System.Object","","False","True","DolocTown.UI.GetUnstuckButton","3","2","0","0","0x02001156"
"DolocTown.UI","LanguageButton","DolocTown.UI.LanguageButton","class","public","DolocTown.UI.DolocNavigationButton","","False","False","","4","1","0","0","0x02000737"
"DolocTown.UI","LinkButton","DolocTown.UI.LinkButton","class","public","DolocTown.UI.DolocNavigationButton","","False","False","","5","1","1","0","0x02000738"
"DolocTown.UI","VerticalButtonGroup`1","DolocTown.UI.VerticalButtonGroup`1","class","public","DolocTown.UI.DolocVerticalUI`1<T>","","True","False","","7","1","2","0","0x02000739"
"DolocTown.UI","HorizontalTextMenu","DolocTown.UI.HorizontalTextMenu","class","public","DolocTown.UI.DolocUIPanel","","True","False","","9","6","2","0","0x0200073A"
"DolocTown.UI","ItemData","DolocTown.UI.ItemData","struct","public","System.ValueType","DolocTown.UI.IUIData","False","True","","6","8","1","0","0x0200073B"
"DolocTown.UI","SplashController","DolocTown.UI.SplashController","class","public","UnityEngine.MonoBehaviour","","False","False","","14","8","3","0","0x0200073C"
"","<>c__DisplayClass20_0","DolocTown.UI.SplashController/<>c__DisplayClass20_0","class","private","System.Object","","False","True","DolocTown.UI.SplashController","4","2","0","0","0x02001157"
"DolocTown.UI","UiGroup","DolocTown.UI.UiGroup","class","public","UnityEngine.MonoBehaviour","","False","False","","7","2","1","0","0x0200073D"
"","<>c","DolocTown.UI.UiGroup/<>c","class","private","System.Object","","False","True","DolocTown.UI.UiGroup","3","2","0","0","0x02001158"
"DolocTown.UI","AnimalFullInfoData","DolocTown.UI.AnimalFullInfoData","class","public","DolocTown.UI.AnimalBaseInfoData","","False","False","","1","11","0","0","0x0200073E"
"DolocTown.UI","AnimalPanel","DolocTown.UI.AnimalPanel","class","public","DolocTown.UI.DolocPagedLinearUI`2<DolocTown.UI.AnimalSlot,DolocTown.UI.AnimalFullInfoData>","","False","False","","12","4","4","0","0x0200073F"
"","<>c__DisplayClass14_0","DolocTown.UI.AnimalPanel/<>c__DisplayClass14_0","class","private","System.Object","","False","True","DolocTown.UI.AnimalPanel","3","2","0","0","0x02001159"
"DolocTown.UI","AnimalSlot","DolocTown.UI.AnimalSlot","class","public","DolocTown.UI.DolocNavigationButton","","False","False","","3","3","1","0","0x02000740"
"DolocTown.UI","AnimalViewer","DolocTown.UI.AnimalViewer","class","public","DolocTown.UI.DolocUiObject","","False","False","","6","13","0","0","0x02000741"
"DolocTown.UI","DocumentData","DolocTown.UI.DocumentData","struct","public","System.ValueType","DolocTown.UI.IUIData","False","True","","2","4","1","0","0x02000742"
"DolocTown.UI","DocumentPanel","DolocTown.UI.DocumentPanel","class","public","DolocTown.UI.DolocPagedLinearUI`2<DolocTown.UI.DocumentSlot,DolocTown.UI.DocumentData>","","False","False","","15","5","5","0","0x02000743"
"","<>c__DisplayClass19_0","DolocTown.UI.DocumentPanel/<>c__DisplayClass19_0","class","private","System.Object","","False","True","DolocTown.UI.DocumentPanel","3","2","0","0","0x0200115A"
"DolocTown.UI","DocumentSlot","DolocTown.UI.DocumentSlot","class","public","DolocTown.UI.DolocNavigationButton","","False","False","","5","1","2","0","0x02000744"
"DolocTown.UI","DocumentViewer","DolocTown.UI.DocumentViewer","class","public","DolocTown.UI.DolocUiObject","DolocTown.UI.IScrollContentRect","False","False","","11","7","3","0","0x02000745"
"DolocTown.UI","BuffIconRenderer","DolocTown.UI.BuffIconRenderer","class","public","DolocTown.UI.DolocNavigationButton","","False","False","","9","4","2","0","0x02000746"
"DolocTown.UI","BuffTip","DolocTown.UI.BuffTip","class","public","DolocTown.UI.DolocBasicTip","","False","False","","6","2","0","0","0x02000747"
"DolocTown.UI","CalendarDateList","DolocTown.UI.CalendarDateList","class","public","DolocTown.UI.DolocGridUI`1<DolocTown.UI.DateSlot>","","False","False","","5","2","1","0","0x02000748"
"DolocTown.UI","CalendarPanel","DolocTown.UI.CalendarPanel","class","public","DolocTown.UI.DolocUIPanel","","False","False","","4","7","0","0","0x02000749"
"DolocTown.UI","DateEventData","DolocTown.UI.DateEventData","struct","public","System.ValueType","DolocTown.UI.IUIData","False","True","","8","7","7","0","0x0200074A"
"DolocTown.UI","CalendarViewer","DolocTown.UI.CalendarViewer","class","public","DolocTown.UI.DolocUIPanel","","False","False","","3","6","0","0","0x0200074B"
"DolocTown.UI","DateEventInfo","DolocTown.UI.DateEventInfo","class","public","DolocTown.UI.DolocUiRecyclableObject","","False","False","","2","2","0","0","0x0200074C"
"DolocTown.UI","DateData","DolocTown.UI.DateData","struct","public","System.ValueType","DolocTown.UI.IUIData","False","True","","8","7","7","0","0x0200074D"
"","<>c__DisplayClass21_0","DolocTown.UI.DateData/<>c__DisplayClass21_0","class","private","System.Object","","False","True","DolocTown.UI.DateData","3","1","0","0","0x0200115B"
"DolocTown.UI","DateSlot","DolocTown.UI.DateSlot","class","public","DolocTown.UI.DolocNavigationButton","","False","False","","3","5","0","0","0x0200074E"
"DolocTown.UI","ArchiveCatalogPanel","DolocTown.UI.ArchiveCatalogPanel","class","public","DolocTown.UI.DolocUIPanel","DolocTown.UI.IScrollContentRect","False","False","","5","3","2","0","0x0200074F"
"DolocTown.UI","ArchiveListViewer","DolocTown.UI.ArchiveListViewer","class","public","DolocTown.UI.DolocScrollGridUI`2<DolocTown.UI.DocumentSlot,DolocTown.UI.DocumentData>","","False","False","","6","1","1","0","0x02000750"
"DolocTown.UI","ArchiveViewer","DolocTown.UI.ArchiveViewer","class","public","DolocTown.UI.DolocUIPanel","","False","False","","4","6","0","0","0x02000751"
"DolocTown.UI","CollectionBookPanel","DolocTown.UI.CollectionBookPanel","class","public","DolocTown.UI.DolocUIPanel","","False","False","","1","8","0","0","0x02000752"
"DolocTown.UI","CollectionBookSubMenu","DolocTown.UI.CollectionBookSubMenu","class","public","DolocTown.UI.HorizontalTextMenu","","False","False","","7","0","2","0","0x02000753"
"DolocTown.UI","AnimalDetailData","DolocTown.UI.AnimalDetailData","struct","public","System.ValueType","DolocTown.UI.IUIData","False","True","","11","10","10","0","0x02000754"
"","<>c__DisplayClass30_0","DolocTown.UI.AnimalDetailData/<>c__DisplayClass30_0","class","private","System.Object","","False","True","DolocTown.UI.AnimalDetailData","2","2","0","0","0x0200115C"
"","<>c","DolocTown.UI.AnimalDetailData/<>c","class","private","System.Object","","False","True","DolocTown.UI.AnimalDetailData","4","3","0","0","0x0200115D"
"DolocTown.UI","AnimalDetailInfo","DolocTown.UI.AnimalDetailInfo","class","public","DolocTown.UI.DolocUiObject","","False","False","","3","5","0","0","0x02000755"
"DolocTown.UI","BookCreatureData","DolocTown.UI.BookCreatureData","struct","public","System.ValueType","DolocTown.UI.IUIData","False","True","","7","6","6","0","0x02000756"
"DolocTown.UI","BookCreatureSlot","DolocTown.UI.BookCreatureSlot","class","public","DolocTown.UI.DolocNavigationButton","","False","False","","3","2","0","0","0x02000757"
"DolocTown.UI","CreatureCatalogPanel","DolocTown.UI.CreatureCatalogPanel","class","public","DolocTown.UI.DolocUIPanel","DolocTown.UI.IScrollContentRect","False","False","","4","2","2","0","0x02000758"
"DolocTown.UI","CreatureListViewer","DolocTown.UI.CreatureListViewer","class","public","DolocTown.UI.DolocScrollGridUI`2<DolocTown.UI.BookCreatureSlot,DolocTown.UI.BookCreatureData>","","False","False","","4","0","1","0","0x02000759"
"DolocTown.UI","CreatureDetailData","DolocTown.UI.CreatureDetailData","struct","public","System.ValueType","DolocTown.UI.IUIData","False","True","","8","7","7","0","0x0200075A"
"DolocTown.UI","CreatureViewer","DolocTown.UI.CreatureViewer","class","public","DolocTown.UI.DolocUIPanel","","False","False","","3","7","0","0","0x0200075B"
"DolocTown.UI","FishDetailData","DolocTown.UI.FishDetailData","struct","public","System.ValueType","DolocTown.UI.IUIData","False","True","","11","10","10","0","0x0200075C"
"","<>c","DolocTown.UI.FishDetailData/<>c","class","private","System.Object","","False","True","DolocTown.UI.FishDetailData","5","4","0","0","0x0200115E"
"DolocTown.UI","FishDetailInfo","DolocTown.UI.FishDetailInfo","class","public","DolocTown.UI.DolocUiObject","","False","False","","3","6","0","0","0x0200075D"
"DolocTown.UI","IScrollContentRect","DolocTown.UI.IScrollContentRect","interface","public","","","True","False","","6","0","3","0","0x0200075E"
"DolocTown.UI","BookItemData","DolocTown.UI.BookItemData","struct","public","System.ValueType","DolocTown.UI.IUIData","False","True","","5","4","4","0","0x0200075F"
"DolocTown.UI","BookItemSlot","DolocTown.UI.BookItemSlot","class","public","DolocTown.UI.DolocNavigationButton","","False","False","","6","5","0","0","0x02000760"
"DolocTown.UI","CategoryOption","DolocTown.UI.CategoryOption","class","public","DolocTown.UI.DolocUiObject","","False","False","","18","10","6","0","0x02000761"
"DolocTown.UI","InputItemViewer","DolocTown.UI.InputItemViewer","class","public","DolocTown.UI.DolocHorizontalUI`1<DolocTown.UI.RecipeSubItemSlot>","","False","False","","11","2","2","0","0x02000762"
"DolocTown.UI","ItemCatalogPanel","DolocTown.UI.ItemCatalogPanel","class","public","DolocTown.UI.DolocUIPanel","DolocTown.UI.IScrollContentRect","False","False","","6","3","2","0","0x02000763"
"DolocTown.UI","ItemListViewer","DolocTown.UI.ItemListViewer","class","public","DolocTown.UI.DolocScrollGridUI`2<DolocTown.UI.BookItemSlot,DolocTown.UI.BookItemData>","","False","False","","7","0","1","0","0x02000764"
"DolocTown.UI","ItemRecipeListViewer","DolocTown.UI.ItemRecipeListViewer","class","public","DolocTown.UI.DolocScrollGridUI`2<DolocTown.UI.ItemRecipeSlot,DolocTown.UI.ItemRecipeData>","","False","False","","15","6","3","0","0x02000765"
"","<>c__DisplayClass17_0","DolocTown.UI.ItemRecipeListViewer/<>c__DisplayClass17_0","class","private","System.Object","","False","True","DolocTown.UI.ItemRecipeListViewer","2","2","0","0","0x0200115F"
"","<>c__DisplayClass17_1","DolocTown.UI.ItemRecipeListViewer/<>c__DisplayClass17_1","class","private","System.Object","","False","True","DolocTown.UI.ItemRecipeListViewer","3","2","0","0","0x02001160"
"DolocTown.UI","ItemRecipeScrollRect","DolocTown.UI.ItemRecipeScrollRect","class","public","UnityEngine.UI.ScrollRect","","False","False","","1","0","0","0","0x02000766"
"DolocTown.UI","ItemRecipeData","DolocTown.UI.ItemRecipeData","struct","public","System.ValueType","DolocTown.UI.IUIData","False","True","","13","12","12","0","0x02000767"
"","<>c","DolocTown.UI.ItemRecipeData/<>c","class","private","System.Object","","False","True","DolocTown.UI.ItemRecipeData","3","2","0","0","0x02001161"
"DolocTown.UI","ItemRecipeSlot","DolocTown.UI.ItemRecipeSlot","class","public","DolocTown.UI.DolocNavigationButton","DolocTown.UI.INavPanel","False","False","","17","11","3","0","0x02000768"
"DolocTown.UI","ItemDetailData","DolocTown.UI.ItemDetailData","struct","public","System.ValueType","DolocTown.UI.IUIData","False","True","","14","11","11","0","0x02000769"
"","<>c__DisplayClass33_0","DolocTown.UI.ItemDetailData/<>c__DisplayClass33_0","class","private","System.Object","","False","True","DolocTown.UI.ItemDetailData","2","1","0","0","0x02001162"
"","<>c","DolocTown.UI.ItemDetailData/<>c","class","private","System.Object","","False","True","DolocTown.UI.ItemDetailData","3","2","0","0","0x02001163"
"","<GetRelatedRecipesData>d__34","DolocTown.UI.ItemDetailData/<GetRelatedRecipesData>d__34","class","private","System.Object","System.Collections.Generic.IEnumerable`1<System.String> | System.Collections.IEnumerable | System.Collections.Generic.IEnumerator`1<System.String> | System.Collections.IEnumerator | System.IDisposable","False","True","DolocTown.UI.ItemDetailData","9","9","2","0","0x02001164"
"DolocTown.UI","ItemViewer","DolocTown.UI.ItemViewer","class","public","DolocTown.UI.DolocUIPanel","","False","False","","4","15","1","0","0x0200076A"
"DolocTown.UI","ItemSimpleData","DolocTown.UI.ItemSimpleData","struct","public","System.ValueType","DolocTown.UI.IUIData","False","True","","5","4","4","0","0x0200076B"
"DolocTown.UI","RecipeSubItemSlot","DolocTown.UI.RecipeSubItemSlot","class","public","DolocTown.UI.DolocNavigationButton","","False","False","","7","6","0","0","0x0200076C"
"DolocTown.UI","BookMonsterData","DolocTown.UI.BookMonsterData","struct","public","System.ValueType","DolocTown.UI.IUIData","False","True","","7","6","6","0","0x0200076D"
"DolocTown.UI","BookMonsterSlot","DolocTown.UI.BookMonsterSlot","class","public","DolocTown.UI.DolocNavigationButton","","False","False","","3","2","0","0","0x0200076E"
"DolocTown.UI","MonsterCatalogPanel","DolocTown.UI.MonsterCatalogPanel","class","public","DolocTown.UI.DolocUIPanel","DolocTown.UI.IScrollContentRect","False","False","","4","2","2","0","0x0200076F"
"DolocTown.UI","MonsterListViewer","DolocTown.UI.MonsterListViewer","class","public","DolocTown.UI.DolocScrollGridUI`2<DolocTown.UI.BookMonsterSlot,DolocTown.UI.BookMonsterData>","","False","False","","4","0","1","0","0x02000770"
"DolocTown.UI","MonsterDetailData","DolocTown.UI.MonsterDetailData","struct","public","System.ValueType","DolocTown.UI.IUIData","False","True","","12","11","11","0","0x02000771"
"","<>c","DolocTown.UI.MonsterDetailData/<>c","class","private","System.Object","","False","True","DolocTown.UI.MonsterDetailData","3","2","0","0","0x02001165"
"DolocTown.UI","MonsterViewer","DolocTown.UI.MonsterViewer","class","public","DolocTown.UI.DolocUIPanel","","False","False","","3","11","0","0","0x02000772"
"DolocTown.UI","BookNpcData","DolocTown.UI.BookNpcData","struct","public","System.ValueType","DolocTown.UI.IUIData","False","True","","6","5","5","0","0x02000773"
"DolocTown.UI","BookNpcSlot","DolocTown.UI.BookNpcSlot","class","public","DolocTown.UI.DolocNavigationButton","","False","False","","2","2","0","0","0x02000774"
"DolocTown.UI","FavorabilityHeartViewer","DolocTown.UI.FavorabilityHeartViewer","class","public","DolocTown.UI.DolocUiRecyclableObject","","False","False","","4","4","0","0","0x02000775"
"DolocTown.UI","NpcCatalogPanel","DolocTown.UI.NpcCatalogPanel","class","public","DolocTown.UI.DolocUIPanel","DolocTown.UI.IScrollContentRect","False","False","","4","2","2","0","0x02000776"
"DolocTown.UI","NpcListViewer","DolocTown.UI.NpcListViewer","class","public","DolocTown.UI.DolocScrollGridUI`2<DolocTown.UI.BookNpcSlot,DolocTown.UI.BookNpcData>","","False","False","","4","0","1","0","0x02000777"
"DolocTown.UI","NpcDetailData","DolocTown.UI.NpcDetailData","struct","public","System.ValueType","DolocTown.UI.IUIData","False","True","","15","14","14","0","0x02000778"
"","<>c__DisplayClass42_0","DolocTown.UI.NpcDetailData/<>c__DisplayClass42_0","class","private","System.Object","","False","True","DolocTown.UI.NpcDetailData","3","1","0","0","0x02001166"
"","<>c","DolocTown.UI.NpcDetailData/<>c","class","private","System.Object","","False","True","DolocTown.UI.NpcDetailData","3","2","0","0","0x02001167"
"DolocTown.UI","NpcViewer","DolocTown.UI.NpcViewer","class","public","DolocTown.UI.DolocUIPanel","","False","False","","3","16","0","0","0x02000779"
"DolocTown.UI","BookResourceData","DolocTown.UI.BookResourceData","struct","public","System.ValueType","DolocTown.UI.IUIData","False","True","","6","5","5","0","0x0200077A"
"DolocTown.UI","BookResourceSlot","DolocTown.UI.BookResourceSlot","class","public","DolocTown.UI.DolocNavigationButton","","False","False","","3","2","0","0","0x0200077B"
"DolocTown.UI","ResourceCatalogPanel","DolocTown.UI.ResourceCatalogPanel","class","public","DolocTown.UI.DolocUIPanel","DolocTown.UI.IScrollContentRect","False","False","","5","3","2","0","0x0200077C"
"DolocTown.UI","ResourceListViewer","DolocTown.UI.ResourceListViewer","class","public","DolocTown.UI.DolocScrollGridUI`2<DolocTown.UI.BookResourceSlot,DolocTown.UI.BookResourceData>","","False","False","","4","0","1","0","0x0200077D"
"DolocTown.UI","ResourceDetailData","DolocTown.UI.ResourceDetailData","struct","public","System.ValueType","DolocTown.UI.IUIData","False","True","","14","13","13","0","0x0200077E"
"","<>c","DolocTown.UI.ResourceDetailData/<>c","class","private","System.Object","","False","True","DolocTown.UI.ResourceDetailData","7","6","0","0","0x02001168"
"DolocTown.UI","ResourceViewer","DolocTown.UI.ResourceViewer","class","public","DolocTown.UI.DolocUIPanel","","False","False","","3","12","0","0","0x0200077F"
"DolocTown.UI","BuildingPanel","DolocTown.UI.BuildingPanel","class","public","DolocTown.UI.CraftPanel`3<DolocTown.UI.BuildingSlot,DolocTown.UI.BuildingViewer,DolocTown.UI.BuildingData>","","False","False","","1","0","0","0","0x02000780"
"DolocTown.UI","BuildingSlot","DolocTown.UI.BuildingSlot","class","public","DolocTown.UI.CraftSlot`1<DolocTown.UI.BuildingData>","","False","False","","2","2","0","0","0x02000781"
"DolocTown.UI","BuildingViewer","DolocTown.UI.BuildingViewer","class","public","DolocTown.UI.CraftViewer`1<DolocTown.UI.BuildingData>","","False","False","","3","2","0","0","0x02000782"
"DolocTown.UI","BuildingData","DolocTown.UI.BuildingData","struct","public","System.ValueType","DolocTown.UI.ICraftData | DolocTown.UI.IUIData","False","True","","17","16","16","0","0x02000783"
"DolocTown.UI","ConfirmCraftButton","DolocTown.UI.ConfirmCraftButton","class","public","DolocTown.UI.DolocNavigationButton","","False","False","","4","5","1","0","0x02000784"
"DolocTown.UI","ICraftData","DolocTown.UI.ICraftData","interface","public","","DolocTown.UI.IUIData","True","False","","9","0","9","0","0x02000785"
"DolocTown.UI","CraftGridPanel`3","DolocTown.UI.CraftGridPanel`3","class","public","DolocTown.UI.DolocPagedGridUI`2<TSlot,TData>","DolocTown.UI.ICraftPanel`1<TData> | DolocTown.UI.IPageUI`1<TData> | DolocTown.UI.IView","False","False","","9","3","1","0","0x02000786"
"","<>c__DisplayClass7_0","DolocTown.UI.CraftGridPanel`3/<>c__DisplayClass7_0","class","private","System.Object","","False","True","DolocTown.UI.CraftGridPanel`3","3","2","0","0","0x02001169"
"DolocTown.UI","CraftPanel`3","DolocTown.UI.CraftPanel`3","class","public","DolocTown.UI.DolocPagedLinearUI`2<TSlot,TData>","DolocTown.UI.ICraftPanel`1<TData> | DolocTown.UI.IPageUI`1<TData> | DolocTown.UI.IView","False","False","","11","3","3","0","0x02000787"
"","<>c__DisplayClass11_0","DolocTown.UI.CraftPanel`3/<>c__DisplayClass11_0","class","private","System.Object","","False","True","DolocTown.UI.CraftPanel`3","3","2","0","0","0x0200116A"
"DolocTown.UI","CraftSlot`1","DolocTown.UI.CraftSlot`1","class","public","DolocTown.UI.DolocNavigationButton","","False","False","","3","2","1","0","0x02000788"
"DolocTown.UI","CraftViewer`1","DolocTown.UI.CraftViewer`1","class","public","DolocTown.UI.DolocUiObject","","True","False","","9","8","1","0","0x02000789"
"DolocTown.UI","EquipmentData","DolocTown.UI.EquipmentData","struct","public","System.ValueType","DolocTown.UI.ICraftData | DolocTown.UI.IUIData","False","True","","25","21","21","0","0x0200078A"
"","<>c__DisplayClass66_0","DolocTown.UI.EquipmentData/<>c__DisplayClass66_0","class","private","System.Object","","False","True","DolocTown.UI.EquipmentData","2","2","0","0","0x0200116B"
"DolocTown.UI","EquipmentPanel","DolocTown.UI.EquipmentPanel","class","public","DolocTown.UI.CraftGridPanel`3<DolocTown.UI.EquipmentSlot,DolocTown.UI.EquipmentViewer,DolocTown.UI.EquipmentData>","","False","False","","5","2","2","0","0x0200078B"
"","<>c__DisplayClass6_0","DolocTown.UI.EquipmentPanel/<>c__DisplayClass6_0","class","private","System.Object","","False","True","DolocTown.UI.EquipmentPanel","4","2","0","0","0x0200116C"
"DolocTown.UI","EquipmentSlot","DolocTown.UI.EquipmentSlot","class","public","DolocTown.UI.CraftSlot`1<DolocTown.UI.EquipmentData>","","False","False","","5","9","2","0","0x0200078C"
"DolocTown.UI","EquipmentViewer","DolocTown.UI.EquipmentViewer","class","public","DolocTown.UI.CraftViewer`1<DolocTown.UI.EquipmentData>","","False","False","","5","5","1","0","0x0200078D"
"DolocTown.UI","ICraftPanel`1","DolocTown.UI.ICraftPanel`1","interface","public","","DolocTown.UI.IPageUI`1<TData> | DolocTown.UI.IView","True","False","","0","0","0","0","0x0200078E"
"DolocTown.UI","PlatformData","DolocTown.UI.PlatformData","struct","public","System.ValueType","DolocTown.UI.ICraftData | DolocTown.UI.IUIData","False","True","","12","11","11","0","0x0200078F"
"DolocTown.UI","PlatformPanel","DolocTown.UI.PlatformPanel","class","public","DolocTown.UI.CraftPanel`3<DolocTown.UI.PlatformSlot,DolocTown.UI.PlatformViewer,DolocTown.UI.PlatformData>","","False","False","","1","0","0","0","0x02000790"
"DolocTown.UI","PlatformSlot","DolocTown.UI.PlatformSlot","class","public","DolocTown.UI.CraftSlot`1<DolocTown.UI.PlatformData>","","False","False","","2","2","0","0","0x02000791"
"DolocTown.UI","PlatformViewer","DolocTown.UI.PlatformViewer","class","public","DolocTown.UI.CraftViewer`1<DolocTown.UI.PlatformData>","","False","False","","3","0","0","0","0x02000792"
"DolocTown.UI","CookPanelMode","DolocTown.UI.CookPanelMode","enum","public","System.Enum","","False","True","","0","5","0","0","0x02000793"
"DolocTown.UI","CookPanel","DolocTown.UI.CookPanel","class","public","DolocTown.UI.DolocUIPanel","","False","False","","11","5","2","0","0x02000794"
"DolocTown.UI","ConversionRecipeData","DolocTown.UI.ConversionRecipeData","struct","public","System.ValueType","DolocTown.UI.IUIData","False","True","","11","10","8","0","0x02000795"
"DolocTown.UI","RecipeData","DolocTown.UI.RecipeData","struct","public","System.ValueType","DolocTown.UI.ICraftData | DolocTown.UI.IUIData","False","True","","25","24","22","0","0x02000796"
"DolocTown.UI","DishPanel","DolocTown.UI.DishPanel","class","public","DolocTown.UI.DolocUIPanel","DolocTown.UI.INavPanel","False","False","","13","11","3","0","0x02000797"
"","<>c","DolocTown.UI.DishPanel/<>c","class","private","System.Object","","False","True","DolocTown.UI.DishPanel","3","2","0","0","0x0200116D"
"DolocTown.UI","DishSlot","DolocTown.UI.DishSlot","class","public","DolocTown.UI.DolocNavigationButton","","False","False","","7","5","1","0","0x02000798"
"DolocTown.UI","DishViewer","DolocTown.UI.DishViewer","class","public","DolocTown.UI.DolocUiObject","","False","False","","7","9","0","0","0x02000799"
"DolocTown.UI","ConversionRecipeViewer","DolocTown.UI.ConversionRecipeViewer","class","public","DolocTown.UI.DolocUiObject","","False","False","","7","5","0","0","0x0200079A"
"DolocTown.UI","RecipePanel","DolocTown.UI.RecipePanel","class","public","DolocTown.UI.CraftPanel`3<DolocTown.UI.RecipeSlot,DolocTown.UI.RecipeViewer,DolocTown.UI.RecipeData>","","False","False","","3","1","0","0","0x0200079B"
"DolocTown.UI","RecipeSlot","DolocTown.UI.RecipeSlot","class","public","DolocTown.UI.CraftSlot`1<DolocTown.UI.RecipeData>","","False","False","","2","4","0","0","0x0200079C"
"DolocTown.UI","RecipeViewer","DolocTown.UI.RecipeViewer","class","public","DolocTown.UI.CraftViewer`1<DolocTown.UI.RecipeData>","","False","False","","5","10","0","0","0x0200079D"
"DolocTown.UI","SwitchBar","DolocTown.UI.SwitchBar","class","public","DolocTown.UI.DolocUiObject","","False","False","","4","4","0","0","0x0200079E"
"DolocTown.UI","BubbleDialogPointer","DolocTown.UI.BubbleDialogPointer","class","public","DolocTown.UI.DolocUiObject","","False","False","","2","2","0","0","0x0200079F"
"DolocTown.UI","BubbleDialoguePanel","DolocTown.UI.BubbleDialoguePanel","class","public","DolocTown.UI.AutoSizeUIPanel","DolocTown.IDialogueLineView | DolocTown.UI.IView","False","False","","22","14","4","0","0x020007A0"
"DolocTown.UI","ConfirmBox","DolocTown.UI.ConfirmBox","class","public","DolocTown.UI.AutoSizeUIPanel","","False","False","","5","7","0","0","0x020007A1"
"DolocTown.UI","AnimalBaseInfoData","DolocTown.UI.AnimalBaseInfoData","class","public","System.Object","DolocTown.UI.IUIData","False","False","","3","6","1","0","0x020007A2"
"DolocTown.UI","CropInfoData","DolocTown.UI.CropInfoData","struct","public","System.ValueType","DolocTown.UI.IUIData","False","True","","2","11","1","0","0x020007A3"
"DolocTown.UI","IHasCropInfo","DolocTown.UI.IHasCropInfo","interface","public","","","True","False","","11","0","11","0","0x020007A4"
"DolocTown.UI","OptionData","DolocTown.UI.OptionData","struct","public","System.ValueType","","False","True","","1","6","1","0","0x020007A5"
"DolocTown.UI","OptionGroupData","DolocTown.UI.OptionGroupData","struct","public","System.ValueType","DolocTown.UI.IUIData","False","True","","8","2","3","0","0x020007A6"
"","<>c__DisplayClass10_0","DolocTown.UI.OptionGroupData/<>c__DisplayClass10_0","struct","private","System.ValueType","","False","True","DolocTown.UI.OptionGroupData","0","1","0","0","0x0200116E"
"","<>c","DolocTown.UI.OptionGroupData/<>c","class","private","System.Object","","False","True","DolocTown.UI.OptionGroupData","4","3","0","0","0x0200116F"
"DolocTown.UI","DemoEndBox","DolocTown.UI.DemoEndBox","class","public","DolocTown.UI.AutoSizeUIPanel","","False","False","","7","3","0","0","0x020007A7"
"DolocTown.UI","DialogueHistoryList","DolocTown.UI.DialogueHistoryList","class","public","DolocTown.UI.DolocUIPanel","DolocTown.UI.IScrollContentRect","False","False","","9","6","3","0","0x020007A8"
"","<>c","DolocTown.UI.DialogueHistoryList/<>c","class","private","System.Object","","False","True","DolocTown.UI.DialogueHistoryList","3","2","0","0","0x02001170"
"DolocTown.UI","DialogueHistoryPanel","DolocTown.UI.DialogueHistoryPanel","class","public","DolocTown.UI.DolocUIPanel","","False","False","","4","1","1","0","0x020007A9"
"DolocTown.UI","DialogueHistoryTextSlot","DolocTown.UI.DialogueHistoryTextSlot","class","public","DolocTown.UI.DolocUiRecyclableObject","RedSaw.IHasIndex","False","False","","5","3","2","0","0x020007AA"
"DolocTown.UI","DialogueHistoryTip","DolocTown.UI.DialogueHistoryTip","class","public","DolocTown.UI.DolocUIPanel","","False","False","","2","0","0","0","0x020007AB"
"DolocTown.UI","InputBirthdayBox","DolocTown.UI.InputBirthdayBox","class","public","DolocTown.UI.DolocUIPanel","","False","False","","16","7","3","0","0x020007AC"
"DolocTown.UI","InputNameBox","DolocTown.UI.InputNameBox","class","public","DolocTown.UI.DolocUIPanel","","False","False","","23","12","2","0","0x020007AD"
"","<>c__DisplayClass30_0","DolocTown.UI.InputNameBox/<>c__DisplayClass30_0","class","private","System.Object","","False","True","DolocTown.UI.InputNameBox","2","2","0","0","0x02001171"
"DolocTown.UI","InputNumberSlot","DolocTown.UI.InputNumberSlot","class","public","DolocTown.UI.DolocNavigationButton","","False","False","","11","9","1","0","0x020007AE"
"","<>c__DisplayClass13_0","DolocTown.UI.InputNumberSlot/<>c__DisplayClass13_0","class","private","System.Object","","False","True","DolocTown.UI.InputNumberSlot","3","2","0","0","0x02001172"
"DolocTown.UI","DialogueOptionPanel","DolocTown.UI.DialogueOptionPanel","class","public","DolocTown.UI.TextMenu","DolocTown.IDialogueOptionView | DolocTown.UI.IView","False","False","","11","3","3","0","0x020007AF"
"DolocTown.UI","QuestionBox","DolocTown.UI.QuestionBox","class","public","DolocTown.UI.DolocUIPanel","","False","False","","4","3","1","0","0x020007B0"
"DolocTown.UI","QuestionBoxLarge","DolocTown.UI.QuestionBoxLarge","class","public","DolocTown.UI.DolocUIPanel","","False","False","","4","4","2","0","0x020007B1"
"DolocTown.UI","AnimalInfoBox","DolocTown.UI.AnimalInfoBox","class","public","DolocTown.UI.SceneBoxBase","","False","False","","2","5","0","0","0x020007B2"
"DolocTown.UI","CropInfoBox","DolocTown.UI.CropInfoBox","class","public","DolocTown.UI.SceneBoxBase","","False","False","","4","10","0","0","0x020007B3"
"DolocTown.UI","SceneBoxBase","DolocTown.UI.SceneBoxBase","class","public","DolocTown.UI.DolocUiObject","UnityEngine.EventSystems.IPointerEnterHandler | UnityEngine.EventSystems.IEventSystemHandler | UnityEngine.EventSystems.IPointerExitHandler","False","False","","10","4","1","0","0x020007B4"
"DolocTown.UI","SceneBoxGroup","DolocTown.UI.SceneBoxGroup","class","public","DolocTown.UI.DolocUIPanel","","False","False","","17","12","2","0","0x020007B5"
"DolocTown.UI","SceneTextBox","DolocTown.UI.SceneTextBox","class","public","DolocTown.UI.SceneBoxBase","","False","False","","4","6","0","0","0x020007B6"
"DolocTown.UI","SceneDialogueBox","DolocTown.UI.SceneDialogueBox","class","public","DolocTown.UI.DolocUiRecyclableObject","","False","False","","14","4","3","0","0x020007B7"
"DolocTown.UI","TextPlayer","DolocTown.UI.TextPlayer","class","public","System.Object","","False","False","","12","4","4","0","0x020007B8"
"","<>c__DisplayClass16_0","DolocTown.UI.TextPlayer/<>c__DisplayClass16_0","class","private","System.Object","","False","True","DolocTown.UI.TextPlayer","2","2","0","0","0x02001173"
"DolocTown.UI","DroneComponentItemSlot","DolocTown.UI.DroneComponentItemSlot","class","public","DolocTown.UI.DroneItemSlot","","False","False","","2","0","0","0","0x020007B9"
"DolocTown.UI","DroneItemSlot","DolocTown.UI.DroneItemSlot","class","public","DolocTown.UI.DolocNavigationButton","","True","False","","12","10","2","0","0x020007BA"
"DolocTown.UI","DroneStructureItemSlot","DolocTown.UI.DroneStructureItemSlot","class","public","DolocTown.UI.DroneItemSlot","","False","False","","1","0","0","0","0x020007BB"
"DolocTown.UI","DronePanel","DolocTown.UI.DronePanel","class","public","DolocTown.UI.DolocUIPanel","","False","False","","5","2","0","0","0x020007BC"
"DolocTown.UI","DroneWidget","DolocTown.UI.DroneWidget","class","public","DolocTown.UI.AutoSizeUIPanel","DolocTown.UI.INavPanel","False","False","","13","6","2","0","0x020007BD"
"DolocTown.UI","DropItemPickTip","DolocTown.UI.DropItemPickTip","class","public","DolocTown.UI.DolocUiRecyclableObject","","False","False","","10","16","2","0","0x020007BE"
"DolocTown.UI","DropItemPickTipManager","DolocTown.UI.DropItemPickTipManager","class","public","DolocTown.UI.DolocUiEntity","","False","False","","5","3","0","0","0x020007BF"
"DolocTown.UI","EmailData","DolocTown.UI.EmailData","struct","public","System.ValueType","DolocTown.UI.IUIData","False","True","","2","16","1","0","0x020007C0"
"","<>c","DolocTown.UI.EmailData/<>c","class","private","System.Object","","False","True","DolocTown.UI.EmailData","3","2","0","0","0x02001174"
"DolocTown.UI","RewardAcceptState","DolocTown.UI.RewardAcceptState","struct","public","System.ValueType","","False","True","","1","4","0","0","0x020007C1"
"DolocTown.UI","EmailPanel","DolocTown.UI.EmailPanel","class","public","DolocTown.UI.DolocPagedLinearUI`2<DolocTown.UI.EmailSlot,DolocTown.UI.EmailData>","","False","False","","8","2","2","0","0x020007C2"
"DolocTown.UI","EmailSlot","DolocTown.UI.EmailSlot","class","public","DolocTown.UI.DolocNavigationButton","","False","False","","2","5","0","0","0x020007C3"
"DolocTown.UI","EmailViewer","DolocTown.UI.EmailViewer","class","public","DolocTown.UI.DolocUiObject","DolocTown.UI.IScrollContentRect","False","False","","6","13","2","0","0x020007C4"
"DolocTown.UI","EnvOptimizerData","DolocTown.UI.EnvOptimizerData","struct","public","System.ValueType","DolocTown.UI.IUIData","False","True","","12","11","11","0","0x020007C5"
"","<>c","DolocTown.UI.EnvOptimizerData/<>c","class","private","System.Object","","False","True","DolocTown.UI.EnvOptimizerData","8","7","0","0","0x02001175"
"DolocTown.UI","EnvOptimizerBranchData","DolocTown.UI.EnvOptimizerBranchData","struct","public","System.ValueType","DolocTown.UI.IUIData","False","True","","9","8","8","0","0x020007C6"
"DolocTown.UI","EnvOptimizerConsoleBlockData","DolocTown.UI.EnvOptimizerConsoleBlockData","struct","public","System.ValueType","DolocTown.UI.IUIData","False","True","","3","2","2","0","0x020007C7"
"DolocTown.UI","EnvOptimizerItemData","DolocTown.UI.EnvOptimizerItemData","struct","public","System.ValueType","DolocTown.UI.IUIData","False","True","","5","4","4","0","0x020007C8"
"DolocTown.UI","EnvOptimizerConfirmButton","DolocTown.UI.EnvOptimizerConfirmButton","class","public","DolocTown.UI.DolocNavigationButton","","False","False","","5","5","0","0","0x020007C9"
"DolocTown.UI","EnvOptimizerConsole","DolocTown.UI.EnvOptimizerConsole","class","public","DolocTown.UI.DolocUiObject","DolocTown.UI.IScrollContentRect","False","False","","10","7","2","0","0x020007CA"
"DolocTown.UI","EnvOptimizerItemSlot","DolocTown.UI.EnvOptimizerItemSlot","class","public","DolocTown.UI.DolocNavigationButton","","False","False","","6","3","1","0","0x020007CB"
"DolocTown.UI","EnvOptimizerPanel","DolocTown.UI.EnvOptimizerPanel","class","public","DolocTown.UI.DolocUIPanel","","False","False","","21","15","3","0","0x020007CC"
"","<>c__DisplayClass22_0","DolocTown.UI.EnvOptimizerPanel/<>c__DisplayClass22_0","class","private","System.Object","","False","True","DolocTown.UI.EnvOptimizerPanel","5","2","0","0","0x02001176"
"","<>c__DisplayClass22_1","DolocTown.UI.EnvOptimizerPanel/<>c__DisplayClass22_1","class","private","System.Object","","False","True","DolocTown.UI.EnvOptimizerPanel","2","2","0","0","0x02001177"
"","<>c","DolocTown.UI.EnvOptimizerPanel/<>c","class","private","System.Object","","False","True","DolocTown.UI.EnvOptimizerPanel","4","3","0","0","0x02001178"
"","<>c__DisplayClass34_0","DolocTown.UI.EnvOptimizerPanel/<>c__DisplayClass34_0","class","private","System.Object","","False","True","DolocTown.UI.EnvOptimizerPanel","3","1","0","0","0x02001179"
"","<PlayAnim>d__34","DolocTown.UI.EnvOptimizerPanel/<PlayAnim>d__34","class","private","System.Object","System.Collections.Generic.IEnumerator`1<System.Object> | System.Collections.IEnumerator | System.IDisposable","False","True","DolocTown.UI.EnvOptimizerPanel","6","11","2","0","0x0200117A"
"DolocTown.UI","AutomateBotPanel","DolocTown.UI.AutomateBotPanel","class","public","DolocTown.UI.DolocUIPanel","","False","False","","3","2","0","0","0x020007CD"
"DolocTown.UI","AutomateBotSlot","DolocTown.UI.AutomateBotSlot","class","public","DolocTown.UI.DolocNavigationButton","","False","False","","4","8","1","0","0x020007CE"
"DolocTown.UI","AutomateBotSubMenu","DolocTown.UI.AutomateBotSubMenu","class","public","DolocTown.UI.DolocVerticalUI`1<DolocTown.UI.AutomateBotSlot>","","False","False","","6","1","1","0","0x020007CF"
"DolocTown.UI","AutomateBotData","DolocTown.UI.AutomateBotData","struct","public","System.ValueType","DolocTown.UI.IUIData","False","True","","10","9","9","0","0x020007D0"
"DolocTown.UI","AutomateBotViewer","DolocTown.UI.AutomateBotViewer","class","public","DolocTown.UI.DolocUIPanel","","False","False","","4","9","0","0","0x020007D1"
"","<>c__DisplayClass11_0","DolocTown.UI.AutomateBotViewer/<>c__DisplayClass11_0","class","private","System.Object","","False","True","DolocTown.UI.AutomateBotViewer","3","4","0","0","0x0200117B"
"DolocTown.UI","AutomateBotWidget","DolocTown.UI.AutomateBotWidget","class","public","DolocTown.UI.DolocUIPanel","","False","False","","8","2","5","0","0x020007D2"
"DolocTown.UI","BotRecipeData","DolocTown.UI.BotRecipeData","struct","public","System.ValueType","DolocTown.UI.IUIData","False","True","","7","6","6","0","0x020007D3"
"","<>c","DolocTown.UI.BotRecipeData/<>c","class","private","System.Object","","False","True","DolocTown.UI.BotRecipeData","4","3","0","0","0x0200117C"
"DolocTown.UI","BotRecipeSlot","DolocTown.UI.BotRecipeSlot","class","public","DolocTown.UI.DolocNavigationButton","","False","False","","4","7","1","0","0x020007D4"
"DolocTown.UI","BotRecipeViewer","DolocTown.UI.BotRecipeViewer","class","public","DolocTown.UI.DolocPagedGridUI`2<DolocTown.UI.BotRecipeSlot,DolocTown.UI.BotRecipeData>","","False","False","","6","1","0","0","0x020007D5"
"","<>c__DisplayClass2_0","DolocTown.UI.BotRecipeViewer/<>c__DisplayClass2_0","class","private","System.Object","","False","True","DolocTown.UI.BotRecipeViewer","3","1","0","0","0x0200117D"
"DolocTown.UI","OptionItem","DolocTown.UI.OptionItem","class","public","DolocTown.UI.DolocUiObject","","False","False","","20","12","6","0","0x020007D6"
"DolocTown.UI","BoxInventoryWidget","DolocTown.UI.BoxInventoryWidget","class","public","DolocTown.UI.InventoryPanel","","False","False","","19","5","4","0","0x020007D7"
"DolocTown.UI","StorageShelfPanel","DolocTown.UI.StorageShelfPanel","class","public","DolocTown.UI.AutoSizeUIPanel","","False","False","","6","3","2","0","0x020007D8"
"DolocTown.UI","StorageShelfWidget","DolocTown.UI.StorageShelfWidget","class","public","DolocTown.UI.AutoSizeUIPanel","DolocTown.UI.INavPanel","False","False","","15","9","6","0","0x020007D9"
"","<>c","DolocTown.UI.StorageShelfWidget/<>c","class","private","System.Object","","False","True","DolocTown.UI.StorageShelfWidget","3","2","0","0","0x0200117E"
"DolocTown.UI","AccessoriesBar","DolocTown.UI.AccessoriesBar","class","public","DolocTown.UI.DolocUIPanel","DolocTown.UI.INavPanel","False","False","","31","13","3","0","0x020007DA"
"","<>c","DolocTown.UI.AccessoriesBar/<>c","class","private","System.Object","","False","True","DolocTown.UI.AccessoriesBar","6","5","0","0","0x0200117F"
"DolocTown.UI","AccessorySlot","DolocTown.UI.AccessorySlot","class","public","DolocTown.UI.DolocNavigationButton","","False","False","","4","3","0","0","0x020007DB"
"DolocTown.UI","DroneBarData","DolocTown.UI.DroneBarData","struct","public","System.ValueType","DolocTown.UI.IUIData","False","True","","6","5","5","0","0x020007DC"
"","<>c","DolocTown.UI.DroneBarData/<>c","class","private","System.Object","","False","True","DolocTown.UI.DroneBarData","4","3","0","0","0x02001180"
"DolocTown.UI","DroneBar","DolocTown.UI.DroneBar","class","public","DolocTown.UI.DolocHorizontalUI`1<DolocTown.UI.DroneItemSimpleSlot>","DolocTown.UI.INavPanel","False","False","","17","6","3","0","0x020007DD"
"","<>c","DolocTown.UI.DroneBar/<>c","class","private","System.Object","","False","True","DolocTown.UI.DroneBar","4","3","0","0","0x02001181"
"DolocTown.UI","DroneEquipmentBar","DolocTown.UI.DroneEquipmentBar","class","public","DolocTown.UI.DolocUiObject","","False","False","","3","2","0","0","0x020007DE"
"DolocTown.UI","DroneItemSimpleSlot","DolocTown.UI.DroneItemSimpleSlot","class","public","DolocTown.UI.DolocNavigationButton","","False","False","","3","3","0","0","0x020007DF"
"DolocTown.UI","MotorBar","DolocTown.UI.MotorBar","class","public","DolocTown.UI.DolocUiObject","","False","False","","2","5","0","0","0x020007E0"
"DolocTown.UI","EquipmentBarPanel","DolocTown.UI.EquipmentBarPanel","class","public","DolocTown.UI.DolocUIPanel","","False","False","","3","4","0","0","0x020007E1"
"DolocTown.UI","EquipmentBarWidget","DolocTown.UI.EquipmentBarWidget","class","public","DolocTown.UI.DolocUIPanel","DolocTown.UI.INavPanel","False","False","","12","10","2","0","0x020007E2"
"","<>c","DolocTown.UI.EquipmentBarWidget/<>c","class","private","System.Object","","False","True","DolocTown.UI.EquipmentBarWidget","6","5","0","0","0x02001182"
"DolocTown.UI","CandidateFactionData","DolocTown.UI.CandidateFactionData","struct","public","System.ValueType","DolocTown.UI.IUIData","False","True","","6","5","5","0","0x020007E3"
"DolocTown.UI","CandidateFactionSlot","DolocTown.UI.CandidateFactionSlot","class","public","DolocTown.UI.DolocNavigationButton","","False","False","","2","2","0","0","0x020007E4"
"DolocTown.UI","RecruitData","DolocTown.UI.RecruitData","struct","public","System.ValueType","DolocTown.UI.IUIData","False","True","","4","3","3","0","0x020007E5"
"","<>c","DolocTown.UI.RecruitData/<>c","class","private","System.Object","","False","True","DolocTown.UI.RecruitData","3","2","0","0","0x02001183"
"DolocTown.UI","CandidateFactionViewer","DolocTown.UI.CandidateFactionViewer","class","public","DolocTown.UI.DolocNavigationButton","","False","False","","7","7","0","0","0x020007E6"
"","<>c","DolocTown.UI.CandidateFactionViewer/<>c","class","private","System.Object","","False","True","DolocTown.UI.CandidateFactionViewer","3","2","0","0","0x02001184"
"DolocTown.UI","FactionListViewer","DolocTown.UI.FactionListViewer","class","public","DolocTown.UI.DolocGridUI`1<DolocTown.UI.CandidateFactionViewer>","","False","False","","10","4","3","0","0x020007E7"
"","<>c","DolocTown.UI.FactionListViewer/<>c","class","private","System.Object","","False","True","DolocTown.UI.FactionListViewer","3","2","0","0","0x02001185"
"DolocTown.UI","PrestigeTrophyViewer","DolocTown.UI.PrestigeTrophyViewer","class","public","DolocTown.UI.DolocUiObject","","False","False","","3","5","0","0","0x020007E8"
"DolocTown.UI","TreatyPortFactionData","DolocTown.UI.TreatyPortFactionData","struct","public","System.ValueType","DolocTown.UI.IUIData","False","True","","13","12","12","0","0x020007E9"
"DolocTown.UI","TreatyPortFactionViewer","DolocTown.UI.TreatyPortFactionViewer","class","public","DolocTown.UI.DolocUiRecyclableObject","","False","False","","3","8","0","0","0x020007EA"
"DolocTown.UI","TreatyPortPanel","DolocTown.UI.TreatyPortPanel","class","public","DolocTown.UI.DolocUIPanel","","False","False","","3","5","0","0","0x020007EB"
"DolocTown.UI","FishingBehaviorNote","DolocTown.UI.FishingBehaviorNote","class","public","DolocTown.UI.DolocUiRecyclableObject","","False","False","","7","2","2","0","0x020007EC"
"","<>c__DisplayClass7_0","DolocTown.UI.FishingBehaviorNote/<>c__DisplayClass7_0","class","private","System.Object","","False","True","DolocTown.UI.FishingBehaviorNote","2","2","0","0","0x02001186"
"DolocTown.UI","FishingNoteBar","DolocTown.UI.FishingNoteBar","class","public","DolocTown.UI.DolocUiObject","","False","False","","9","13","0","0","0x020007ED"
"","<SpawnNotes>d__13","DolocTown.UI.FishingNoteBar/<SpawnNotes>d__13","class","private","System.Object","System.Collections.Generic.IEnumerator`1<System.Object> | System.Collections.IEnumerator | System.IDisposable","False","True","DolocTown.UI.FishingNoteBar","6","6","2","0","0x02001187"
"DolocTown.UI","FishingPanel","DolocTown.UI.FishingPanel","class","public","DolocTown.UI.DolocUIPanel","","False","False","","13","3","0","0","0x020007EE"
"DolocTown.UI","FishingProgressBar","DolocTown.UI.FishingProgressBar","class","public","DolocTown.UI.DolocUiObject","","False","False","","2","2","0","0","0x020007EF"
"DolocTown.UI","FishingTurntable","DolocTown.UI.FishingTurntable","class","public","DolocTown.UI.DolocUiObject","","False","False","","10","9","0","0","0x020007F0"
"DolocTown.UI","GlobalBuilderPanel","DolocTown.UI.GlobalBuilderPanel","class","public","DolocTown.UI.DolocUIPanel","","False","False","","2","2","1","0","0x020007F1"
"DolocTown.UI","TempBuildingViewer","DolocTown.UI.TempBuildingViewer","class","public","DolocTown.UI.InventoryPanel","","False","False","","21","2","2","0","0x020007F2"
"DolocTown.UI","DeveloperListPanel","DolocTown.UI.DeveloperListPanel","class","public","DolocTown.UI.DolocUIPanel","DolocTown.UI.IScrollContentRect","False","False","","11","5","2","0","0x020007F3"
"","<>c","DolocTown.UI.DeveloperListPanel/<>c","class","private","System.Object","","False","True","DolocTown.UI.DeveloperListPanel","3","2","0","0","0x02001188"
"DolocTown.UI","GameDataPanel","DolocTown.UI.GameDataPanel","class","public","DolocTown.UI.DolocGridUI`1<DolocTown.UI.GameDataSlot>","","False","False","","16","9","3","0","0x020007F4"
"","<>c__DisplayClass16_0","DolocTown.UI.GameDataPanel/<>c__DisplayClass16_0","class","private","System.Object","","False","True","DolocTown.UI.GameDataPanel","2","2","0","0","0x02001189"
"DolocTown.UI","GameDataSlot","DolocTown.UI.GameDataSlot","class","public","DolocTown.UI.DolocNavigationButton","","False","False","","7","13","0","0","0x020007F5"
"DolocTown.UI","HomePage","DolocTown.UI.HomePage","class","public","DolocTown.UI.DolocUIPanel","","False","False","","16","11","1","0","0x020007F6"
"","<>c__DisplayClass21_0","DolocTown.UI.HomePage/<>c__DisplayClass21_0","class","private","System.Object","","False","True","DolocTown.UI.HomePage","2","1","0","0","0x0200118A"
"DolocTown.UI","HomePageTextMenu","DolocTown.UI.HomePageTextMenu","class","public","DolocTown.UI.TextMenu","","False","False","","2","0","1","0","0x020007F7"
"DolocTown.UI","LanguageButtonGroup","DolocTown.UI.LanguageButtonGroup","class","public","DolocTown.UI.VerticalButtonGroup`1<DolocTown.UI.LanguageButton>","","False","False","","2","0","0","0","0x020007F8"
"DolocTown.UI","LoadingPanel","DolocTown.UI.LoadingPanel","class","public","DolocTown.UI.DolocUIPanel","","False","False","","5","6","0","0","0x020007F9"
"DolocTown.UI","OuterLinkButtonGroup","DolocTown.UI.OuterLinkButtonGroup","class","public","DolocTown.UI.VerticalButtonGroup`1<DolocTown.UI.LinkButton>","","False","False","","2","0","0","0","0x020007FA"
"DolocTown.UI","PendingBox","DolocTown.UI.PendingBox","class","public","DolocTown.UI.DolocUIPanel","","False","False","","6","6","0","0","0x020007FB"
"DolocTown.UI","UpdateLogPanel","DolocTown.UI.UpdateLogPanel","class","public","DolocTown.UI.DolocUIPanel","","False","False","","3","1","0","0","0x020007FC"
"DolocTown.UI","LongTextInputBox","DolocTown.UI.LongTextInputBox","class","public","DolocTown.UI.InputNameBox","","False","False","","11","3","2","0","0x020007FD"
"DolocTown.UI","RenamingBox","DolocTown.UI.RenamingBox","class","public","DolocTown.UI.InputNameBox","","False","False","","8","5","0","0","0x020007FE"
"DolocTown.UI","TutorialPanel","DolocTown.UI.TutorialPanel","class","public","DolocTown.UI.AutoSizeUIPanel","","False","False","","6","6","0","0","0x020007FF"
"","TutorialPanelMode","DolocTown.UI.TutorialPanel/TutorialPanelMode","enum","public","System.Enum","","False","True","DolocTown.UI.TutorialPanel","0","3","0","0","0x0200118B"
"DolocTown.UI","BackpackBottomPanel","DolocTown.UI.BackpackBottomPanel","class","public","DolocTown.UI.InventoryPanel","","False","False","","11","7","0","0","0x02000800"
"DolocTown.UI","BackpackSideBarWidget","DolocTown.UI.BackpackSideBarWidget","class","public","DolocTown.UI.InventoryPanel","","False","False","","7","2","0","0","0x02000801"
"","<>c","DolocTown.UI.BackpackSideBarWidget/<>c","class","private","System.Object","","False","True","DolocTown.UI.BackpackSideBarWidget","3","2","0","0","0x0200118C"
"DolocTown.UI","BackpackSideBarMode","DolocTown.UI.BackpackSideBarMode","enum","public","System.Enum","","False","True","","0","3","0","0","0x02000802"
"DolocTown.UI","ContainerColorTagSlot","DolocTown.UI.ContainerColorTagSlot","class","public","DolocTown.UI.DolocNavigationButton","","False","False","","6","2","0","0","0x02000803"
"DolocTown.UI","ContainerColorTagUI","DolocTown.UI.ContainerColorTagUI","class","public","DolocTown.UI.DolocHorizontalUI`1<DolocTown.UI.ContainerColorTagSlot>","DolocTown.UI.INavPanel","False","False","","7","1","3","0","0x02000804"
"","<>c","DolocTown.UI.ContainerColorTagUI/<>c","class","private","System.Object","","False","True","DolocTown.UI.ContainerColorTagUI","3","2","0","0","0x0200118D"
"DolocTown.UI","ContainerLabelSlot","DolocTown.UI.ContainerLabelSlot","class","public","DolocTown.UI.DolocNavigationButton","","False","False","","2","1","0","0","0x02000805"
"DolocTown.UI","ContainerLabelUI","DolocTown.UI.ContainerLabelUI","class","public","DolocTown.UI.DolocHorizontalUI`1<DolocTown.UI.ContainerLabelSlot>","","False","False","","6","3","1","0","0x02000806"
"DolocTown.UI","ContainerSocketUI","DolocTown.UI.ContainerSocketUI","class","public","DolocTown.UI.InventoryPanel","","False","False","","2","0","0","0","0x02000807"
"DolocTown.UI","BorderType","DolocTown.UI.BorderType","enum","public","System.Enum","","False","True","","0","3","0","0","0x02000808"
"DolocTown.UI","ItemBorder","DolocTown.UI.ItemBorder","class","public","DolocTown.UI.DolocUiEntity","","False","False","","12","9","3","0","0x02000809"
"DolocTown.UI","ContainerPanel","DolocTown.UI.ContainerPanel","class","public","DolocTown.UI.AutoSizeUIPanel","","False","False","","8","3","0","0","0x0200080A"
"DolocTown.UI","ContainerWidget","DolocTown.UI.ContainerWidget","class","public","DolocTown.UI.InventoryPanel","","False","False","","25","14","1","0","0x0200080B"
"","<>c","DolocTown.UI.ContainerWidget/<>c","class","private","System.Object","","False","True","DolocTown.UI.ContainerWidget","3","2","0","0","0x0200118E"
"DolocTown.UI","DisposeItemPanel","DolocTown.UI.DisposeItemPanel","class","public","DolocTown.UI.DolocUiEntity","UnityEngine.EventSystems.IPointerClickHandler | UnityEngine.EventSystems.IEventSystemHandler","False","False","","5","1","0","0","0x0200080C"
"DolocTown.UI","DisposeItemWidget","DolocTown.UI.DisposeItemWidget","class","public","DolocTown.UI.DolocUiObject","UnityEngine.EventSystems.IPointerClickHandler | UnityEngine.EventSystems.IEventSystemHandler","False","False","","2","0","0","0","0x0200080D"
"DolocTown.UI","ExchangeInventory","DolocTown.UI.ExchangeInventory","class","public","DolocTown.UI.DolocUiEntity","","False","False","","8","6","1","0","0x0200080E"
"DolocTown.UI","InventoryPanel","DolocTown.UI.InventoryPanel","class","public","DolocTown.UI.DolocGridUI`1<DolocTown.UI.ItemNavSlot>","DolocTown.UI.INavPanel","True","False","","35","5","5","0","0x0200080F"
"","<>c","DolocTown.UI.InventoryPanel/<>c","class","private","System.Object","","False","True","DolocTown.UI.InventoryPanel","5","4","0","0","0x0200118F"
"DolocTown.UI","TextGroup","DolocTown.UI.TextGroup","struct","public","System.ValueType","DolocTown.UI.IUIData","False","True","","2","3","1","0","0x02000810"
"DolocTown.UI","HoverBoxBase","DolocTown.UI.HoverBoxBase","class","public","DolocTown.UI.DolocUiObject","","True","False","","2","0","0","0","0x02000811"
"DolocTown.UI","HoverBoxStyle","DolocTown.UI.HoverBoxStyle","enum","public","System.Enum","","False","True","","0","3","0","0","0x02000812"
"DolocTown.UI","HoverBoxGroup","DolocTown.UI.HoverBoxGroup","class","public","DolocTown.UI.DolocUIPanel","","False","False","","11","9","0","0","0x02000813"
"DolocTown.UI","ItemHoverBox","DolocTown.UI.ItemHoverBox","class","public","DolocTown.UI.HoverBoxBase","","False","False","","6","14","1","0","0x02000814"
"DolocTown.UI","SimpleHoverBox","DolocTown.UI.SimpleHoverBox","class","public","DolocTown.UI.HoverBoxBase","","False","False","","6","6","0","0","0x02000815"
"DolocTown.UI","TextHoverBox","DolocTown.UI.TextHoverBox","class","public","DolocTown.UI.HoverBoxBase","","False","False","","4","6","0","0","0x02000816"
"DolocTown.UI","ItemNavSlot","DolocTown.UI.ItemNavSlot","class","public","DolocTown.UI.DolocNavigationButton","","False","False","","13","9","0","0","0x02000817"
"","GrayMode","DolocTown.UI.ItemNavSlot/GrayMode","enum","public","System.Enum","","False","True","DolocTown.UI.ItemNavSlot","0","3","0","0","0x02001190"
"DolocTown.UI","QuickInventoryPanel","DolocTown.UI.QuickInventoryPanel","class","public","DolocTown.UI.InventoryPanel","","False","False","","53","12","3","0","0x02000818"
"","<>c","DolocTown.UI.QuickInventoryPanel/<>c","class","private","System.Object","","False","True","DolocTown.UI.QuickInventoryPanel","4","3","0","0","0x02001191"
"","<>c__DisplayClass18_0","DolocTown.UI.QuickInventoryPanel/<>c__DisplayClass18_0","class","private","System.Object","","False","True","DolocTown.UI.QuickInventoryPanel","2","2","0","0","0x02001192"
"DolocTown.UI","DoubleNumberRenderer","DolocTown.UI.DoubleNumberRenderer","class","public","DolocTown.UI.DolocUiObject","","False","False","","5","4","0","0","0x02000819"
"DolocTown.UI","LevelTipRenderer","DolocTown.UI.LevelTipRenderer","class","public","DolocTown.UI.DolocUiEntity","","False","False","","4","5","0","0","0x0200081A"
"","<>c__DisplayClass7_0","DolocTown.UI.LevelTipRenderer/<>c__DisplayClass7_0","class","private","System.Object","","False","True","DolocTown.UI.LevelTipRenderer","3","6","0","0","0x02001193"
"DolocTown.UI","NumberRenderer","DolocTown.UI.NumberRenderer","class","public","DolocTown.UI.DolocUiObject","","False","False","","5","4","1","0","0x0200081B"
"DolocTown.UI","CityMapPanel","DolocTown.UI.CityMapPanel","class","public","DolocTown.UI.DolocUIPanel","","False","False","","42","36","3","0","0x0200081C"
"","<>c","DolocTown.UI.CityMapPanel/<>c","class","private","System.Object","","False","True","DolocTown.UI.CityMapPanel","9","8","0","0","0x02001194"
"","<>c__DisplayClass46_0","DolocTown.UI.CityMapPanel/<>c__DisplayClass46_0","class","private","System.Object","","False","True","DolocTown.UI.CityMapPanel","3","2","0","0","0x02001195"
"","<>c__DisplayClass47_0","DolocTown.UI.CityMapPanel/<>c__DisplayClass47_0","class","private","System.Object","","False","True","DolocTown.UI.CityMapPanel","3","3","0","0","0x02001196"
"DolocTown.UI","MapTipData","DolocTown.UI.MapTipData","struct","public","System.ValueType","DolocTown.UI.IUIData","False","True","","2","12","1","0","0x0200081D"
"","<>c","DolocTown.UI.MapTipData/<>c","class","private","System.Object","","False","True","DolocTown.UI.MapTipData","3","2","0","0","0x02001197"
"DolocTown.UI","MapArea","DolocTown.UI.MapArea","class","public","DolocTown.UI.DolocUiObject","","False","False","","14","7","8","0","0x0200081E"
"DolocTown.UI","MapMissionTip","DolocTown.UI.MapMissionTip","class","public","DolocTown.UI.DolocNavigationButton","","False","False","","2","0","0","0","0x0200081F"
"DolocTown.UI","MapPoint","DolocTown.UI.MapPoint","class","public","DolocTown.UI.DolocNavigationButton","","False","False","","1","0","0","0","0x02000820"
"DolocTown.UI","MapText","DolocTown.UI.MapText","class","public","DolocTown.UI.DolocUiObject","","False","False","","5","6","1","0","0x02000821"
"","<>c","DolocTown.UI.MapText/<>c","class","private","System.Object","","False","True","DolocTown.UI.MapText","4","3","0","0","0x02001198"
"DolocTown.UI","MapViewer","DolocTown.UI.MapViewer","class","public","DolocTown.UI.DolocUiObject","","False","False","","2","1","0","0","0x02000822"
"DolocTown.UI","MapPanel","DolocTown.UI.MapPanel","class","public","DolocTown.UI.DolocUIPanel","","False","False","","26","10","1","0","0x02000823"
"","MapCache","DolocTown.UI.MapPanel/MapCache","class","private","System.Object","","False","False","DolocTown.UI.MapPanel","3","3","2","0","0x02001199"
"","<>c__DisplayClass12_0","DolocTown.UI.MapPanel/<>c__DisplayClass12_0","class","private","System.Object","","False","True","DolocTown.UI.MapPanel","2","1","0","0","0x0200119A"
"","<>c","DolocTown.UI.MapPanel/<>c","class","private","System.Object","","False","True","DolocTown.UI.MapPanel","3","2","0","0","0x0200119B"
"","<FollowPointerPosition>d__16","DolocTown.UI.MapPanel/<FollowPointerPosition>d__16","struct","private","System.ValueType","System.Runtime.CompilerServices.IAsyncStateMachine","False","True","DolocTown.UI.MapPanel","2","4","0","0","0x0200119C"
"","<>c__DisplayClass34_0","DolocTown.UI.MapPanel/<>c__DisplayClass34_0","class","private","System.Object","","False","True","DolocTown.UI.MapPanel","2","1","0","0","0x0200119D"
"","<>c__DisplayClass35_0","DolocTown.UI.MapPanel/<>c__DisplayClass35_0","class","private","System.Object","","False","True","DolocTown.UI.MapPanel","2","1","0","0","0x0200119E"
"DolocTown.UI","EquipmentSubMenuUI","DolocTown.UI.EquipmentSubMenuUI","class","public","DolocTown.UI.DolocHorizontalUI`1<DolocTown.UI.DolocNavigationButton>","","False","False","","7","5","1","0","0x02000824"
"DolocTown.UI","GunModeMenu","DolocTown.UI.GunModeMenu","class","public","DolocTown.UI.DolocUiEntity","","False","False","","2","0","0","0","0x02000825"
"DolocTown.UI","MainMenuPanel","DolocTown.UI.MainMenuPanel","class","public","DolocTown.UI.DolocUIPanel","","False","False","","3","2","0","0","0x02000826"
"","<>c","DolocTown.UI.MainMenuPanel/<>c","class","private","System.Object","","False","True","DolocTown.UI.MainMenuPanel","5","4","0","0","0x0200119F"
"DolocTown.UI","MenuButton","DolocTown.UI.MenuButton","class","public","DolocTown.UI.DolocNavigationButton","","False","False","","6","2","1","0","0x02000827"
"DolocTown.UI","MenuUI","DolocTown.UI.MenuUI","class","public","DolocTown.UI.DolocHorizontalUI`1<DolocTown.UI.MenuButton>","","False","False","","6","1","1","0","0x02000828"
"DolocTown.UI","SubMenuPanel","DolocTown.UI.SubMenuPanel","class","public","DolocTown.UI.MenuUI","","False","False","","5","5","0","0","0x02000829"
"DolocTown.UI","MessageBoxBase","DolocTown.UI.MessageBoxBase","class","public","DolocTown.UI.DolocUiObject","","True","False","","12","12","1","0","0x0200082A"
"","MessageRecord","DolocTown.UI.MessageBoxBase/MessageRecord","struct","public","System.ValueType","","False","True","DolocTown.UI.MessageBoxBase","2","3","0","0","0x020011A0"
"","<>c__DisplayClass17_0","DolocTown.UI.MessageBoxBase/<>c__DisplayClass17_0","class","private","System.Object","","False","True","DolocTown.UI.MessageBoxBase","2","1","0","0","0x020011A1"
"","<>c__DisplayClass18_0","DolocTown.UI.MessageBoxBase/<>c__DisplayClass18_0","class","private","System.Object","","False","True","DolocTown.UI.MessageBoxBase","2","2","0","0","0x020011A2"
"","<_Wait>d__19","DolocTown.UI.MessageBoxBase/<_Wait>d__19","class","private","System.Object","System.Collections.Generic.IEnumerator`1<System.Object> | System.Collections.IEnumerator | System.IDisposable","False","True","DolocTown.UI.MessageBoxBase","6","4","2","0","0x020011A3"
"DolocTown.UI","MessageBox","DolocTown.UI.MessageBox","class","public","DolocTown.UI.MessageBoxBase","","False","False","","10","1","1","0","0x0200082B"
"DolocTown.UI","MessageBoxCool","DolocTown.UI.MessageBoxCool","class","public","DolocTown.DolocObject","","False","False","","6","9","0","0","0x0200082C"
"DolocTown.UI","MessageBoxInScene","DolocTown.UI.MessageBoxInScene","class","public","DolocTown.UI.DolocUiRecyclableObject","","False","False","","13","5","2","0","0x0200082D"
"","<>c__DisplayClass12_0","DolocTown.UI.MessageBoxInScene/<>c__DisplayClass12_0","class","private","System.Object","","False","True","DolocTown.UI.MessageBoxInScene","4","2","0","0","0x020011A4"
"","<WaitForHide>d__13","DolocTown.UI.MessageBoxInScene/<WaitForHide>d__13","class","private","System.Object","System.Collections.Generic.IEnumerator`1<System.Object> | System.Collections.IEnumerator | System.IDisposable","False","True","DolocTown.UI.MessageBoxInScene","6","4","2","0","0x020011A5"
"DolocTown.UI","MessageBoxInSceneManager","DolocTown.UI.MessageBoxInSceneManager","class","public","System.Object","","False","False","","4","1","0","0","0x0200082E"
"DolocTown.UI","MessageBoxInSceneWithIcon","DolocTown.UI.MessageBoxInSceneWithIcon","class","public","DolocTown.UI.DolocUiRecyclableObject","","False","False","","14","6","3","0","0x0200082F"
"","<WaitForChange>d__17","DolocTown.UI.MessageBoxInSceneWithIcon/<WaitForChange>d__17","class","private","System.Object","System.Collections.Generic.IEnumerator`1<System.Object> | System.Collections.IEnumerator | System.IDisposable","False","True","DolocTown.UI.MessageBoxInSceneWithIcon","6","3","2","0","0x020011A6"
"","<WaitForHide>d__18","DolocTown.UI.MessageBoxInSceneWithIcon/<WaitForHide>d__18","class","private","System.Object","System.Collections.Generic.IEnumerator`1<System.Object> | System.Collections.IEnumerator | System.IDisposable","False","True","DolocTown.UI.MessageBoxInSceneWithIcon","6","4","2","0","0x020011A7"
"","<>c__DisplayClass19_0","DolocTown.UI.MessageBoxInSceneWithIcon/<>c__DisplayClass19_0","class","private","System.Object","","False","True","DolocTown.UI.MessageBoxInSceneWithIcon","5","7","0","0","0x020011A8"
"","<>c__DisplayClass20_0","DolocTown.UI.MessageBoxInSceneWithIcon/<>c__DisplayClass20_0","class","private","System.Object","","False","True","DolocTown.UI.MessageBoxInSceneWithIcon","5","5","0","0","0x020011A9"
"DolocTown.UI","MessageBoxInSceneWithIconManager","DolocTown.UI.MessageBoxInSceneWithIconManager","class","public","System.Object","","False","False","","4","1","0","0","0x02000830"
"DolocTown.UI","MessageBoxLarge","DolocTown.UI.MessageBoxLarge","class","public","DolocTown.UI.MessageBoxBase","","False","False","","6","2","0","0","0x02000831"
"DolocTown.UI","MessageBoxLittle","DolocTown.UI.MessageBoxLittle","class","public","DolocTown.UI.DolocUiRecyclableObject","","False","False","","12","12","3","0","0x02000832"
"","<>c__DisplayClass20_0","DolocTown.UI.MessageBoxLittle/<>c__DisplayClass20_0","class","private","System.Object","","False","True","DolocTown.UI.MessageBoxLittle","5","3","0","0","0x020011AA"
"","<Wait>d__21","DolocTown.UI.MessageBoxLittle/<Wait>d__21","class","private","System.Object","System.Collections.Generic.IEnumerator`1<System.Object> | System.Collections.IEnumerator | System.IDisposable","False","True","DolocTown.UI.MessageBoxLittle","6","4","2","0","0x020011AB"
"DolocTown.UI","MessageBoxManager","DolocTown.UI.MessageBoxManager","class","public","DolocTown.UI.DolocUiEntity","","False","False","","18","8","8","0","0x02000833"
"DolocTown.UI","MessageBoxNode","DolocTown.UI.MessageBoxNode","class","public","DolocTown.UI.DolocUiObject","","False","False","","7","9","1","0","0x02000834"
"DolocTown.UI","MessageBoxRollCall","DolocTown.UI.MessageBoxRollCall","class","public","DolocTown.UI.DolocUiObject","","False","False","","9","7","3","0","0x02000835"
"","MessageRecord","DolocTown.UI.MessageBoxRollCall/MessageRecord","struct","private","System.ValueType","","False","True","DolocTown.UI.MessageBoxRollCall","1","5","0","0","0x020011AC"
"","<>c__DisplayClass18_0","DolocTown.UI.MessageBoxRollCall/<>c__DisplayClass18_0","class","private","System.Object","","False","True","DolocTown.UI.MessageBoxRollCall","8","2","0","0","0x020011AD"
"DolocTown.UI","FactionItemData","DolocTown.UI.FactionItemData","struct","public","System.ValueType","DolocTown.UI.IUIData","False","True","","3","4","1","0","0x02000836"
"DolocTown.UI","FactionMissionData","DolocTown.UI.FactionMissionData","struct","public","System.ValueType","DolocTown.UI.IUIData","False","True","","2","13","1","0","0x02000837"
"","<>c","DolocTown.UI.FactionMissionData/<>c","class","private","System.Object","","False","True","DolocTown.UI.FactionMissionData","5","4","0","0","0x020011AE"
"DolocTown.UI","FactionItemSlot","DolocTown.UI.FactionItemSlot","class","public","DolocTown.UI.DolocNavigationButton","","False","False","","3","2","0","0","0x02000838"
"DolocTown.UI","FactionMissionPanel","DolocTown.UI.FactionMissionPanel","class","public","DolocTown.UI.DolocUIPanel","","False","False","","3","2","0","0","0x02000839"
"DolocTown.UI","FactionMissionViewer","DolocTown.UI.FactionMissionViewer","class","public","DolocTown.UI.DolocSinglePageUI`1<DolocTown.UI.FactionMissionData>","DolocTown.UI.INavPanel | DolocTown.UI.IScrollContentRect","False","False","","12","17","4","0","0x0200083A"
"DolocTown.UI","FactionMissionWidget","DolocTown.UI.FactionMissionWidget","class","public","DolocTown.UI.AutoSizeUIPanel","","False","False","","11","6","2","0","0x0200083B"
"DolocTown.UI","FactionSubSeriesSlot","DolocTown.UI.FactionSubSeriesSlot","class","public","DolocTown.UI.DolocNavigationButton","","False","False","","7","5","3","0","0x0200083C"
"DolocTown.UI","BoardMissionPanel","DolocTown.UI.BoardMissionPanel","class","public","DolocTown.UI.DolocHorizontalUI`1<DolocTown.UI.BoardMissionSlot>","","False","False","","7","4","1","0","0x0200083D"
"","<>c__DisplayClass7_0","DolocTown.UI.BoardMissionPanel/<>c__DisplayClass7_0","class","private","System.Object","","False","True","DolocTown.UI.BoardMissionPanel","2","2","0","0","0x020011AF"
"DolocTown.UI","BoardMissionSlot","DolocTown.UI.BoardMissionSlot","class","public","DolocTown.UI.DolocNavigationButton","","False","False","","3","11","0","0","0x0200083E"
"DolocTown.UI","BoardMissionData","DolocTown.UI.BoardMissionData","class","public","System.Object","DolocTown.UI.IUIData","False","False","","11","8","8","0","0x0200083F"
"DolocTown.UI","MissionData","DolocTown.UI.MissionData","struct","public","System.ValueType","DolocTown.UI.IUIData","False","True","","3","17","1","0","0x02000840"
"DolocTown.UI","RewardData","DolocTown.UI.RewardData","struct","public","System.ValueType","DolocTown.UI.IUIData","False","True","","2","5","1","0","0x02000841"
"","<>c","DolocTown.UI.RewardData/<>c","class","private","System.Object","","False","True","DolocTown.UI.RewardData","6","5","0","0","0x020011B0"
"DolocTown.UI","MissionPanel","DolocTown.UI.MissionPanel","class","public","DolocTown.UI.DolocPagedLinearUI`2<DolocTown.UI.MissionSlot,DolocTown.UI.MissionData>","","False","False","","9","1","2","0","0x02000842"
"DolocTown.UI","MissionSlot","DolocTown.UI.MissionSlot","class","public","DolocTown.UI.DolocNavigationButton","","False","False","","2","4","0","0","0x02000843"
"DolocTown.UI","MissionViewer","DolocTown.UI.MissionViewer","class","public","DolocTown.UI.DolocUiObject","DolocTown.UI.IScrollContentRect","False","False","","7","16","2","0","0x02000844"
"DolocTown.UI","PositionViewer","DolocTown.UI.PositionViewer","class","public","DolocTown.UI.DolocUiObject","","False","False","","7","3","0","0","0x02000845"
"","<>c","DolocTown.UI.PositionViewer/<>c","class","private","System.Object","","False","True","DolocTown.UI.PositionViewer","3","2","0","0","0x020011B1"
"DolocTown.UI","RewardViewer","DolocTown.UI.RewardViewer","class","public","DolocTown.UI.DolocUiObject","","False","False","","4","3","1","0","0x02000846"
"DolocTown.UI","ModChangeData","DolocTown.UI.ModChangeData","class","public","System.Object","DolocTown.UI.IUIData","False","False","","8","3","4","0","0x02000847"
"DolocTown.UI","ModData","DolocTown.UI.ModData","class","public","System.Object","DolocTown.UI.IUIData","False","False","","2","12","1","0","0x02000848"
"DolocTown.UI","ModChangeListPanel","DolocTown.UI.ModChangeListPanel","class","public","DolocTown.UI.DolocUIPanel","","False","False","","3","6","0","0","0x02000849"
"DolocTown.UI","ModFunctionButton","DolocTown.UI.ModFunctionButton","class","public","DolocTown.UI.DolocNavigationButton","","False","False","","6","3","1","0","0x0200084A"
"DolocTown.UI","ModFunctionButtonGroup","DolocTown.UI.ModFunctionButtonGroup","class","public","DolocTown.UI.DolocUiObject","","False","False","","3","1","1","0","0x0200084B"
"DolocTown.UI","ModPanel","DolocTown.UI.ModPanel","class","public","DolocTown.UI.DolocPagedLinearUI`2<DolocTown.UI.ModSlot,DolocTown.UI.ModData>","","False","False","","11","5","2","0","0x0200084C"
"DolocTown.UI","ModSlot","DolocTown.UI.ModSlot","class","public","DolocTown.UI.DolocNavigationButton","","False","False","","10","16","0","0","0x0200084D"
"DolocTown.UI","ModViewer","DolocTown.UI.ModViewer","class","public","DolocTown.UI.DolocUiObject","DolocTown.UI.IScrollContentRect | DolocTown.UI.INavPanel","False","False","","10","21","4","0","0x0200084E"
"","<>c","DolocTown.UI.ModViewer/<>c","class","private","System.Object","","False","True","DolocTown.UI.ModViewer","4","3","0","0","0x020011B2"
"DolocTown.UI","IconWithNuberTip","DolocTown.UI.IconWithNuberTip","class","public","DolocTown.UI.NumberTip","","False","False","","8","2","0","0","0x0200084F"
"DolocTown.UI","NumberTip","DolocTown.UI.NumberTip","class","public","DolocTown.UI.DolocUiRecyclableObject","","False","False","","11","4","3","0","0x02000850"
"DolocTown.UI","SeedUnLockData","DolocTown.UI.SeedUnLockData","struct","public","System.ValueType","DolocTown.UI.IUIData","False","True","","9","8","8","0","0x02000851"
"","<>c","DolocTown.UI.SeedUnLockData/<>c","class","private","System.Object","","False","True","DolocTown.UI.SeedUnLockData","4","3","0","0","0x020011B3"
"DolocTown.UI","SeedUINode","DolocTown.UI.SeedUINode","class","public","DolocTown.UI.DolocNavigationButton","","False","False","","4","10","2","0","0x02000852"
"DolocTown.UI","SeedUnLockPanel","DolocTown.UI.SeedUnLockPanel","class","public","DolocTown.UI.DolocPagedGridUI`2<DolocTown.UI.SeedUINode,DolocTown.UI.SeedUnLockData>","","False","False","","5","0","0","0","0x02000853"
"","<>c__DisplayClass1_0","DolocTown.UI.SeedUnLockPanel/<>c__DisplayClass1_0","class","private","System.Object","","False","True","DolocTown.UI.SeedUnLockPanel","3","1","0","0","0x020011B4"
"DolocTown.UI","BackpackUpPanel","DolocTown.UI.BackpackUpPanel","class","public","DolocTown.UI.DolocUIPanel","","False","False","","3","5","0","0","0x02000854"
"DolocTown.UI","StoreItemData","DolocTown.UI.StoreItemData","class","public","System.Object","DolocTown.UI.IUIData","False","False","","3","10","1","0","0x02000855"
"DolocTown.UI","StoreItemSlot","DolocTown.UI.StoreItemSlot","class","public","DolocTown.UI.DolocNavigationButton","","False","False","","2","7","0","0","0x02000856"
"DolocTown.UI","StorePanel","DolocTown.UI.StorePanel","class","public","DolocTown.UI.DolocUIPanel","DolocTown.UI.IPageUI`1<DolocTown.UI.StoreItemData> | DolocTown.UI.IView","False","False","","10","2","1","0","0x02000857"
"DolocTown.UI","StoreWidget","DolocTown.UI.StoreWidget","class","public","DolocTown.UI.DolocPagedLinearUI`2<DolocTown.UI.StoreItemSlot,DolocTown.UI.StoreItemData>","","False","False","","8","1","2","0","0x02000858"
"DolocTown.UI","ItemWithQuantity","DolocTown.UI.ItemWithQuantity","class","public","DolocTown.UI.DolocUiObject","","False","False","","3","3","1","0","0x02000859"
"DolocTown.UI","QuantitySubmitBar","DolocTown.UI.QuantitySubmitBar","class","public","DolocTown.UI.DolocUiObject","","False","False","","12","13","1","0","0x0200085A"
"","<>c__DisplayClass17_0","DolocTown.UI.QuantitySubmitBar/<>c__DisplayClass17_0","class","private","System.Object","","False","True","DolocTown.UI.QuantitySubmitBar","3","2","0","0","0x020011B5"
"DolocTown.UI","CraftQuantitySubmitPanel","DolocTown.UI.CraftQuantitySubmitPanel","class","public","DolocTown.UI.QuantitySubmitPanelBase`1<DolocTown.UI.CraftQuantityData>","","False","False","","4","3","0","0","0x0200085B"
"DolocTown.UI","CraftQuantityData","DolocTown.UI.CraftQuantityData","class","public","DolocTown.UI.QuantitySubmitData","","False","False","","1","1","0","0","0x0200085C"
"DolocTown.UI","ItemQuantityData","DolocTown.UI.ItemQuantityData","struct","public","System.ValueType","DolocTown.UI.IUIData","False","True","","4","4","1","0","0x0200085D"
"DolocTown.UI","QuantitySubmitData","DolocTown.UI.QuantitySubmitData","class","public","System.Object","DolocTown.UI.IUIData","False","False","","3","5","1","0","0x0200085E"
"DolocTown.UI","StoreQuantitySubmitData","DolocTown.UI.StoreQuantitySubmitData","class","public","DolocTown.UI.QuantitySubmitData","","False","False","","1","4","0","0","0x0200085F"
"DolocTown.UI","QuantitySubmitPanelBase`1","DolocTown.UI.QuantitySubmitPanelBase`1","class","public","DolocTown.UI.AutoSizeUIPanel","","True","False","","12","8","1","0","0x02000860"
"DolocTown.UI","StoreSubmitType","DolocTown.UI.StoreSubmitType","enum","public","System.Enum","","False","True","","0","3","0","0","0x02000861"
"DolocTown.UI","StoreQuantitySubmitPanel","DolocTown.UI.StoreQuantitySubmitPanel","class","public","DolocTown.UI.QuantitySubmitPanelBase`1<DolocTown.UI.StoreQuantitySubmitData>","","False","False","","4","7","0","0","0x02000862"
"DolocTown.UI","TechNodeData","DolocTown.UI.TechNodeData","struct","public","System.ValueType","DolocTown.UI.IUIData","False","True","","6","5","5","0","0x02000863"
"DolocTown.UI","TechNodeInfoData","DolocTown.UI.TechNodeInfoData","struct","public","System.ValueType","DolocTown.UI.IUIData","False","True","","9","6","6","0","0x02000864"
"","<>c","DolocTown.UI.TechNodeInfoData/<>c","class","private","System.Object","","False","True","DolocTown.UI.TechNodeInfoData","8","7","0","0","0x020011B6"
"DolocTown.UI","TechNodePreviewData","DolocTown.UI.TechNodePreviewData","struct","public","System.ValueType","DolocTown.UI.IUIData","False","True","","10","8","8","0","0x02000865"
"","<>c__DisplayClass24_0","DolocTown.UI.TechNodePreviewData/<>c__DisplayClass24_0","class","private","System.Object","","False","True","DolocTown.UI.TechNodePreviewData","2","1","0","0","0x020011B7"
"","<>c","DolocTown.UI.TechNodePreviewData/<>c","class","private","System.Object","","False","True","DolocTown.UI.TechNodePreviewData","3","2","0","0","0x020011B8"
"DolocTown.UI","TechPointSimpleData","DolocTown.UI.TechPointSimpleData","struct","public","System.ValueType","DolocTown.UI.IUIData","False","True","","5","4","4","0","0x02000866"
"DolocTown.UI","TechPointData","DolocTown.UI.TechPointData","struct","public","System.ValueType","DolocTown.UI.IUIData","False","True","","7","6","6","0","0x02000867"
"DolocTown.UI","TechPointCostData","DolocTown.UI.TechPointCostData","struct","public","System.ValueType","DolocTown.UI.IUIData","False","True","","5","4","4","0","0x02000868"
"DolocTown.UI","TechNodeInfo","DolocTown.UI.TechNodeInfo","class","public","DolocTown.UI.DolocNavigationButton","","False","False","","2","3","0","0","0x02000869"
"DolocTown.UI","TechNodeInfoListViewer","DolocTown.UI.TechNodeInfoListViewer","class","public","DolocTown.UI.DolocScrollGridUI`2<DolocTown.UI.TechNodeInfo,DolocTown.UI.TechNodeInfoData>","","False","False","","5","0","1","0","0x0200086A"
"DolocTown.UI","TechNodePreviewViewer","DolocTown.UI.TechNodePreviewViewer","class","public","DolocTown.UI.DolocUIPanel","","False","False","","4","7","0","0","0x0200086B"
"DolocTown.UI","TechNodeStatus","DolocTown.UI.TechNodeStatus","enum","public","System.Enum","","False","True","","0","6","0","0","0x0200086C"
"DolocTown.UI","TechNodeSlot","DolocTown.UI.TechNodeSlot","class","public","DolocTown.UI.DolocNavigationButton","","False","False","","4","6","1","0","0x0200086D"
"DolocTown.UI","TechPointListViewer","DolocTown.UI.TechPointListViewer","class","public","DolocTown.UI.DolocHorizontalUI`1<DolocTown.UI.TechPointRenderer>","","False","False","","7","1","1","0","0x0200086E"
"DolocTown.UI","TechPointPreviewBox","DolocTown.UI.TechPointPreviewBox","class","public","DolocTown.UI.DolocUiEntity","","False","False","","3","3","0","0","0x0200086F"
"DolocTown.UI","TechPointRenderer","DolocTown.UI.TechPointRenderer","class","public","DolocTown.UI.DolocNavigationButton","","False","False","","2","2","0","0","0x02000870"
"DolocTown.UI","TechTreePanel","DolocTown.UI.TechTreePanel","class","public","DolocTown.UI.DolocUIPanel","","False","False","","4","7","1","0","0x02000871"
"DolocTown.UI","TechTreeTitleMenu","DolocTown.UI.TechTreeTitleMenu","class","public","DolocTown.UI.HorizontalTextMenu","","False","False","","5","2","1","0","0x02000872"
"DolocTown.UI","LineType","DolocTown.UI.LineType","enum","public","System.Enum","","False","True","","0","4","0","0","0x02000873"
"DolocTown.UI","TechTreeWidget","DolocTown.UI.TechTreeWidget","class","public","DolocTown.UI.DolocUIPanel","UnityEngine.EventSystems.IBeginDragHandler | UnityEngine.EventSystems.IEventSystemHandler","False","False","","23","19","2","0","0x02000874"
"","<>c__DisplayClass29_0","DolocTown.UI.TechTreeWidget/<>c__DisplayClass29_0","class","private","System.Object","","False","True","DolocTown.UI.TechTreeWidget","1","2","0","0","0x020011B9"
"","<>c__DisplayClass29_1","DolocTown.UI.TechTreeWidget/<>c__DisplayClass29_1","class","private","System.Object","","False","True","DolocTown.UI.TechTreeWidget","2","2","0","0","0x020011BA"
"DolocTown.UI","TeleportPointGroupData","DolocTown.UI.TeleportPointGroupData","struct","public","System.ValueType","DolocTown.UI.IUIData","False","True","","4","3","3","0","0x02000875"
"","<>c__DisplayClass9_0","DolocTown.UI.TeleportPointGroupData/<>c__DisplayClass9_0","class","private","System.Object","","False","True","DolocTown.UI.TeleportPointGroupData","2","1","0","0","0x020011BB"
"DolocTown.UI","TeleportPointData","DolocTown.UI.TeleportPointData","struct","public","System.ValueType","DolocTown.UI.IUIData","False","True","","5","4","4","0","0x02000876"
"DolocTown.UI","TeleportPanel","DolocTown.UI.TeleportPanel","class","public","DolocTown.UI.DolocUIPanel","DolocTown.UI.INavPanel","False","False","","11","9","2","0","0x02000877"
"","<>c","DolocTown.UI.TeleportPanel/<>c","class","private","System.Object","","False","True","DolocTown.UI.TeleportPanel","3","2","0","0","0x020011BC"
"","<>c__DisplayClass14_0","DolocTown.UI.TeleportPanel/<>c__DisplayClass14_0","struct","private","System.ValueType","","False","True","DolocTown.UI.TeleportPanel","0","2","0","0","0x020011BD"
"DolocTown.UI","TeleportPoint","DolocTown.UI.TeleportPoint","class","public","DolocTown.UI.DolocNavigationButton","","False","False","","2","0","0","0","0x02000878"
"DolocTown.UI","TeleportViewer","DolocTown.UI.TeleportViewer","class","public","DolocTown.UI.DolocUiObject","","False","False","","4","3","0","0","0x02000879"
"DolocTown.UI","TicketTip","DolocTown.UI.TicketTip","class","public","DolocTown.UI.DolocUiObject","","False","False","","3","1","0","0","0x0200087A"
"DolocTown.UI","AutoSizeText","DolocTown.UI.AutoSizeText","class","public","DolocTown.UI.DolocUiObject","","False","False","","6","4","3","0","0x0200087B"
"DolocTown.UI","BatteryTip","DolocTown.UI.BatteryTip","class","public","DolocTown.UI.DolocUiRecyclableObject","","False","False","","4","4","0","0","0x0200087C"
"DolocTown.UI","BuilderItemCostTip","DolocTown.UI.BuilderItemCostTip","class","public","DolocTown.UI.DolocUiEntity","","False","False","","5","1","0","0","0x0200087D"
"DolocTown.UI","CommonTip","DolocTown.UI.CommonTip","class","public","DolocTown.UI.DolocUiRecyclableObject","","False","False","","5","1","2","0","0x0200087E"
"DolocTown.UI","CostItemSlot","DolocTown.UI.CostItemSlot","class","public","DolocTown.UI.DolocIconWithText","UnityEngine.EventSystems.IPointerEnterHandler | UnityEngine.EventSystems.IEventSystemHandler | UnityEngine.EventSystems.IPointerExitHandler","False","False","","9","5","2","0","0x0200087F"
"DolocTown.UI","CostItemViewer","DolocTown.UI.CostItemViewer","class","public","DolocTown.UI.DolocUiEntity","","False","False","","8","7","0","0","0x02000880"
"DolocTown.UI","CostViewerData","DolocTown.UI.CostViewerData","struct","public","System.ValueType","DolocTown.UI.IUIData","False","True","","7","11","2","0","0x02000881"
"","<>c__DisplayClass16_0","DolocTown.UI.CostViewerData/<>c__DisplayClass16_0","class","private","System.Object","","False","True","DolocTown.UI.CostViewerData","2","1","0","0","0x020011BE"
"","<>c","DolocTown.UI.CostViewerData/<>c","class","private","System.Object","","False","True","DolocTown.UI.CostViewerData","6","5","0","0","0x020011BF"
"","<>c__DisplayClass19_0","DolocTown.UI.CostViewerData/<>c__DisplayClass19_0","class","private","System.Object","","False","True","DolocTown.UI.CostViewerData","2","1","0","0","0x020011C0"
"DolocTown.UI","DolocBorderRenderer","DolocTown.UI.DolocBorderRenderer","class","public","DolocTown.UI.DolocUiRecyclableObject","","False","False","","11","1","4","0","0x02000882"
"DolocTown.UI","EffectGroupData","DolocTown.UI.EffectGroupData","struct","public","System.ValueType","DolocTown.UI.IUIData","False","True","","3","3","1","0","0x02000883"
"","<>c","DolocTown.UI.EffectGroupData/<>c","class","private","System.Object","","False","True","DolocTown.UI.EffectGroupData","3","2","0","0","0x020011C1"
"DolocTown.UI","EffectGroupViewer","DolocTown.UI.EffectGroupViewer","class","public","DolocTown.UI.DolocUiObject","","False","False","","5","2","0","0","0x02000884"
"DolocTown.UI","EffectSlot","DolocTown.UI.EffectSlot","class","public","DolocTown.DolocRecyclableObject","","False","False","","7","3","3","0","0x02000885"
"DolocTown.UI","GameInitTip","DolocTown.UI.GameInitTip","class","public","DolocTown.UI.DolocUiObject","","False","False","","4","1","0","0","0x02000886"
"DolocTown.UI","GameLoadingTip","DolocTown.UI.GameLoadingTip","class","public","DolocTown.UI.DolocUiObject","","False","False","","1","0","0","0","0x02000887"
"DolocTown.UI","GameTimeTip","DolocTown.UI.GameTimeTip","class","public","DolocTown.UI.DolocUiEntity","","False","False","","8","4","0","0","0x02000888"
"DolocTown.UI","GameVersionTip","DolocTown.UI.GameVersionTip","class","public","DolocTown.UI.DolocBasicTip","","False","False","","3","0","0","0","0x02000889"
"DolocTown.UI","GunReloadTip","DolocTown.UI.GunReloadTip","class","public","DolocTown.UI.DolocUiRecyclableObject","","False","False","","3","3","1","0","0x0200088A"
"DolocTown.UI","LongPressTipRenderer","DolocTown.UI.LongPressTipRenderer","class","public","DolocTown.UI.DolocUiObject","","False","False","","6","4","2","0","0x0200088B"
"DolocTown.UI","MoneyTipSmall","DolocTown.UI.MoneyTipSmall","class","public","DolocTown.UI.MoneyTip","","False","False","","2","2","0","0","0x0200088C"
"DolocTown.UI","OperationGuidanceIconGroup","DolocTown.UI.OperationGuidanceIconGroup","class","public","DolocTown.UI.DolocUiObject","","False","False","","4","1","1","0","0x0200088D"
"","<>c","DolocTown.UI.OperationGuidanceIconGroup/<>c","class","private","System.Object","","False","True","DolocTown.UI.OperationGuidanceIconGroup","3","2","0","0","0x020011C2"
"DolocTown.UI","OperationGuidanceManager","DolocTown.UI.OperationGuidanceManager","class","public","DolocTown.UI.DolocUIPanel","","False","False","","16","6","3","0","0x0200088E"
"","GuidanceInfo","DolocTown.UI.OperationGuidanceManager/GuidanceInfo","struct","private","System.ValueType","","False","True","DolocTown.UI.OperationGuidanceManager","1","3","0","0","0x020011C3"
"","<>c__DisplayClass20_0","DolocTown.UI.OperationGuidanceManager/<>c__DisplayClass20_0","class","private","System.Object","","False","True","DolocTown.UI.OperationGuidanceManager","2","2","0","0","0x020011C4"
"DolocTown.UI","OperationGuidanceSlot","DolocTown.UI.OperationGuidanceSlot","class","public","DolocTown.UI.DolocUiRecyclableObject","DolocTown.UI.IInputDeviceDetect | UnityEngine.EventSystems.IPointerEnterHandler | UnityEngine.EventSystems.IEventSystemHandler | UnityEngine.EventSystems.IPointerExitHandler","False","False","","12","7","1","0","0x0200088F"
"","<>c","DolocTown.UI.OperationGuidanceSlot/<>c","class","private","System.Object","","False","True","DolocTown.UI.OperationGuidanceSlot","5","4","0","0","0x020011C5"
"","<>c__DisplayClass14_0","DolocTown.UI.OperationGuidanceSlot/<>c__DisplayClass14_0","class","private","System.Object","","False","True","DolocTown.UI.OperationGuidanceSlot","2","2","0","0","0x020011C6"
"DolocTown.UI","OperationTip","DolocTown.UI.OperationTip","class","public","DolocTown.UI.DolocUiRecyclableObject","","False","False","","15","13","2","0","0x02000890"
"","<>c__DisplayClass26_0","DolocTown.UI.OperationTip/<>c__DisplayClass26_0","class","private","System.Object","","False","True","DolocTown.UI.OperationTip","2","2","0","0","0x020011C7"
"","<>c__DisplayClass27_0","DolocTown.UI.OperationTip/<>c__DisplayClass27_0","class","private","System.Object","","False","True","DolocTown.UI.OperationTip","3","4","0","0","0x020011C8"
"DolocTown.UI","OperationTipBase","DolocTown.UI.OperationTipBase","class","public","DolocTown.UI.DolocUiRecyclableObject","","False","False","","6","3","2","0","0x02000891"
"DolocTown.UI","OperationTipInScene","DolocTown.UI.OperationTipInScene","class","public","DolocTown.UI.OperationTipBase","","False","False","","17","13","1","0","0x02000892"
"","<>c__DisplayClass19_0","DolocTown.UI.OperationTipInScene/<>c__DisplayClass19_0","class","private","System.Object","","False","True","DolocTown.UI.OperationTipInScene","2","2","0","0","0x020011C9"
"","<>c__DisplayClass20_0","DolocTown.UI.OperationTipInScene/<>c__DisplayClass20_0","class","private","System.Object","","False","True","DolocTown.UI.OperationTipInScene","2","2","0","0","0x020011CA"
"","<>c__DisplayClass22_0","DolocTown.UI.OperationTipInScene/<>c__DisplayClass22_0","class","private","System.Object","","False","True","DolocTown.UI.OperationTipInScene","2","2","0","0","0x020011CB"
"","<>c__DisplayClass23_0","DolocTown.UI.OperationTipInScene/<>c__DisplayClass23_0","class","private","System.Object","","False","True","DolocTown.UI.OperationTipInScene","4","2","0","0","0x020011CC"
"DolocTown.UI","OperationTipInSceneManager","DolocTown.UI.OperationTipInSceneManager","class","public","DolocTown.UI.DolocUiEntity","","False","False","","15","3","0","0","0x02000893"
"","<>c__DisplayClass15_0","DolocTown.UI.OperationTipInSceneManager/<>c__DisplayClass15_0","class","private","System.Object","","False","True","DolocTown.UI.OperationTipInSceneManager","2","1","0","0","0x020011CD"
"","<>c__DisplayClass16_0","DolocTown.UI.OperationTipInSceneManager/<>c__DisplayClass16_0","class","private","System.Object","","False","True","DolocTown.UI.OperationTipInSceneManager","2","3","0","0","0x020011CE"
"DolocTown.UI","OperationTipInScenePatch","DolocTown.UI.OperationTipInScenePatch","static class","public","System.Object","","True","True","","14","1","0","0","0x02000894"
"DolocTown.UI","ClickableOperationTipInUI","DolocTown.UI.ClickableOperationTipInUI","class","public","DolocTown.UI.OperationTipInUI","UnityEngine.EventSystems.IPointerClickHandler | UnityEngine.EventSystems.IEventSystemHandler","False","False","","4","2","0","0","0x02000895"
"DolocTown.UI","OperationTipInUI","DolocTown.UI.OperationTipInUI","class","public","DolocTown.UI.DolocUiObject","DolocTown.UI.IInputDeviceDetect","False","False","","4","5","0","0","0x02000896"
"","<>c","DolocTown.UI.OperationTipInUI/<>c","class","private","System.Object","","False","True","DolocTown.UI.OperationTipInUI","3","2","0","0","0x020011CF"
"DolocTown.UI","OperationTipMulti","DolocTown.UI.OperationTipMulti","class","public","DolocTown.UI.DolocUiRecyclableObject","","False","False","","27","26","3","0","0x02000897"
"DolocTown.UI","OperationTipMultiManager","DolocTown.UI.OperationTipMultiManager","class","public","DolocTown.UI.DolocUiEntity","","False","False","","14","3","0","0","0x02000898"
"","OperationList","DolocTown.UI.OperationTipMultiManager/OperationList","class","private","System.Object","","False","False","DolocTown.UI.OperationTipMultiManager","22","3","6","0","0x020011D0"
"","<>c__DisplayClass17_0","DolocTown.UI.OperationTipMultiManager/OperationList/<>c__DisplayClass17_0","class","private","System.Object","","False","True","DolocTown.UI.OperationTipMultiManager/OperationList","2","1","0","0","0x020012B3"
"","<>c__DisplayClass19_0","DolocTown.UI.OperationTipMultiManager/OperationList/<>c__DisplayClass19_0","class","private","System.Object","","False","True","DolocTown.UI.OperationTipMultiManager/OperationList","2","1","0","0","0x020012B4"
"","<>c__DisplayClass20_0","DolocTown.UI.OperationTipMultiManager/OperationList/<>c__DisplayClass20_0","class","private","System.Object","","False","True","DolocTown.UI.OperationTipMultiManager/OperationList","2","2","0","0","0x020012B5"
"","<>c__DisplayClass21_0","DolocTown.UI.OperationTipMultiManager/OperationList/<>c__DisplayClass21_0","class","private","System.Object","","False","True","DolocTown.UI.OperationTipMultiManager/OperationList","2","2","0","0","0x020012B6"
"","<>c__DisplayClass22_0","DolocTown.UI.OperationTipMultiManager/OperationList/<>c__DisplayClass22_0","class","private","System.Object","","False","True","DolocTown.UI.OperationTipMultiManager/OperationList","2","2","0","0","0x020012B7"
"","<>c__DisplayClass23_0","DolocTown.UI.OperationTipMultiManager/OperationList/<>c__DisplayClass23_0","class","private","System.Object","","False","True","DolocTown.UI.OperationTipMultiManager/OperationList","2","2","0","0","0x020012B8"
"","PositionHandle","DolocTown.UI.OperationTipMultiManager/PositionHandle","class","private","System.Object","","True","False","DolocTown.UI.OperationTipMultiManager","2","0","1","0","0x020011D1"
"","StaticPosition","DolocTown.UI.OperationTipMultiManager/StaticPosition","class","private","DolocTown.UI.OperationTipMultiManager/PositionHandle","","False","False","DolocTown.UI.OperationTipMultiManager","2","1","1","0","0x020011D2"
"","DynamicPosition","DolocTown.UI.OperationTipMultiManager/DynamicPosition","class","private","DolocTown.UI.OperationTipMultiManager/PositionHandle","","False","False","DolocTown.UI.OperationTipMultiManager","2","1","1","0","0x020011D3"
"","OperationTip","DolocTown.UI.OperationTipMultiManager/OperationTip","class","private","System.Object","","False","False","DolocTown.UI.OperationTipMultiManager","4","5","2","0","0x020011D4"
"DolocTown.UI","OperationTipPanel","DolocTown.UI.OperationTipPanel","class","public","DolocTown.UI.DolocUiRecyclableObject","","False","False","","12","4","3","0","0x02000899"
"","<Show>d__13","DolocTown.UI.OperationTipPanel/<Show>d__13","struct","private","System.ValueType","System.Runtime.CompilerServices.IAsyncStateMachine","False","True","DolocTown.UI.OperationTipPanel","2","5","0","0","0x020011D5"
"","<Hide>d__16","DolocTown.UI.OperationTipPanel/<Hide>d__16","struct","private","System.ValueType","System.Runtime.CompilerServices.IAsyncStateMachine","False","True","DolocTown.UI.OperationTipPanel","2","6","0","0","0x020011D6"
"DolocTown.UI","ResidentOperationTip","DolocTown.UI.ResidentOperationTip","class","public","DolocTown.UI.DolocUiRecyclableObject","","False","False","","8","6","1","0","0x0200089A"
"DolocTown.UI","PlainTextTip","DolocTown.UI.PlainTextTip","class","public","DolocTown.UI.SimpleTextTip","","False","False","","1","0","0","0","0x0200089B"
"DolocTown.UI","SimpleTextTip","DolocTown.UI.SimpleTextTip","class","public","DolocTown.UI.DolocUiRecyclableObject","","False","False","","5","1","1","0","0x0200089C"
"DolocTown.UI","AgentCellTip","DolocTown.UI.AgentCellTip","class","public","DolocTown.UI.DolocBasicTip","","False","False","","16","10","10","0","0x0200089D"
"","<get_CellPositions>d__23","DolocTown.UI.AgentCellTip/<get_CellPositions>d__23","class","private","System.Object","System.Collections.Generic.IEnumerable`1<UnityEngine.Vector2Int> | System.Collections.IEnumerable | System.Collections.Generic.IEnumerator`1<UnityEngine.Vector2Int> | System.Collections.IEnumerator | System.IDisposable","False","True","DolocTown.UI.AgentCellTip","8","6","2","0","0x020011D7"
"DolocTown.UI","TimerTip","DolocTown.UI.TimerTip","class","public","DolocTown.UI.DolocUiEntity","","False","False","","10","4","2","0","0x0200089E"
"DolocTown.UI","AgentCorrosionBar","DolocTown.UI.AgentCorrosionBar","class","public","DolocTown.UI.DolocUiObject","","False","False","","5","10","1","0","0x0200089F"
"DolocTown.UI","AgentStatusBar","DolocTown.UI.AgentStatusBar","class","public","DolocTown.UI.DolocUiObject","","False","False","","8","10","2","0","0x020008A0"
"DolocTown.UI","AgentStatusTip","DolocTown.UI.AgentStatusTip","class","public","DolocTown.UI.DolocBasicTip","","False","False","","17","4","7","0","0x020008A1"
"","<>c__DisplayClass6_0","DolocTown.UI.AgentStatusTip/<>c__DisplayClass6_0","class","private","System.Object","","False","True","DolocTown.UI.AgentStatusTip","5","5","0","0","0x020011D8"
"DolocTown.UI","ProgressCircle","DolocTown.UI.ProgressCircle","class","public","DolocTown.UI.DolocUiObject","","False","False","","8","3","2","0","0x020008A2"
"DolocTown.UI","BasicTipGroup","DolocTown.UI.BasicTipGroup","class","public","DolocTown.UI.DolocUiEntity","","False","False","","29","17","11","0","0x020008A3"
"","<>c__DisplayClass41_0","DolocTown.UI.BasicTipGroup/<>c__DisplayClass41_0","class","private","System.Object","","False","True","DolocTown.UI.BasicTipGroup","2","1","0","0","0x020011D9"
"DolocTown.UI","ElectricityInfoViewer","DolocTown.UI.ElectricityInfoViewer","class","public","DolocTown.UI.DolocBasicTip","","False","False","","8","8","1","0","0x020008A4"
"DolocTown.UI","ElectricityProgressBar","DolocTown.UI.ElectricityProgressBar","class","public","DolocTown.UI.DolocUiObject","","False","False","","11","3","5","0","0x020008A5"
"DolocTown.UI","MenuTip","DolocTown.UI.MenuTip","class","public","DolocTown.UI.DolocBasicTip","","False","False","","3","0","0","0","0x020008A6"
"DolocTown.UI","MissionTipManager","DolocTown.UI.MissionTipManager","class","public","DolocTown.UI.DolocBasicTip","","False","False","","18","8","2","0","0x020008A7"
"","<>c__DisplayClass24_0","DolocTown.UI.MissionTipManager/<>c__DisplayClass24_0","class","private","System.Object","","False","True","DolocTown.UI.MissionTipManager","3","3","0","0","0x020011DA"
"","<>c__DisplayClass24_1","DolocTown.UI.MissionTipManager/<>c__DisplayClass24_1","class","private","System.Object","","False","True","DolocTown.UI.MissionTipManager","2","2","0","0","0x020011DB"
"","<>c__DisplayClass25_0","DolocTown.UI.MissionTipManager/<>c__DisplayClass25_0","class","private","System.Object","","False","True","DolocTown.UI.MissionTipManager","2","2","0","0","0x020011DC"
"DolocTown.UI","MoneyTip","DolocTown.UI.MoneyTip","class","public","DolocTown.UI.DolocBasicTip","","False","False","","8","9","0","0","0x020008A8"
"DolocTown.UI","PositionTip","DolocTown.UI.PositionTip","class","public","DolocTown.UI.DolocBasicTip","","False","False","","5","1","1","0","0x020008A9"
"DolocTown.UI","TimeTip","DolocTown.UI.TimeTip","class","public","DolocTown.UI.DolocBasicTip","","False","False","","9","3","2","0","0x020008AA"
"DolocTown.UI","WeatherTip","DolocTown.UI.WeatherTip","class","public","DolocTown.UI.DolocBasicTip","","False","False","","17","11","7","0","0x020008AB"
"","<DoProgress>d__32","DolocTown.UI.WeatherTip/<DoProgress>d__32","struct","private","System.ValueType","System.Runtime.CompilerServices.IAsyncStateMachine","False","True","DolocTown.UI.WeatherTip","2","10","0","0","0x020011DD"
"DolocTown.UI","ISettingUiItem","DolocTown.UI.ISettingUiItem","interface","public","","","True","False","","9","0","7","0","0x020008AC"
"DolocTown.UI","ISettingUiItemWithValue`1","DolocTown.UI.ISettingUiItemWithValue`1","interface","public","","DolocTown.UI.ISettingUiItem","True","False","","2","0","2","0","0x020008AD"
"DolocTown.UI","OptionItemUI","DolocTown.UI.OptionItemUI","class","public","DolocTown.UI.SettingValueItemUI`1<System.String>","","False","False","","14","9","4","0","0x020008AE"
"DolocTown.UI","InputActionKeyIcon","DolocTown.UI.InputActionKeyIcon","class","public","DolocTown.UI.DolocUiObject","","False","False","","13","13","3","0","0x020008AF"
"DolocTown.UI","RebindActionMask","DolocTown.UI.RebindActionMask","class","public","DolocTown.UI.DolocUiObject","","False","False","","13","10","0","0","0x020008B0"
"","<DotLoop>d__15","DolocTown.UI.RebindActionMask/<DotLoop>d__15","class","private","System.Object","System.Collections.Generic.IEnumerator`1<System.Object> | System.Collections.IEnumerator | System.IDisposable","False","True","DolocTown.UI.RebindActionMask","6","5","2","0","0x020011DE"
"DolocTown.UI","RebindActionSlot","DolocTown.UI.RebindActionSlot","class","public","DolocTown.UI.DolocNavigationButton","","False","False","","50","15","17","0","0x020008B1"
"","<WaitToInterrupt>d__61","DolocTown.UI.RebindActionSlot/<WaitToInterrupt>d__61","class","private","System.Object","System.Collections.Generic.IEnumerator`1<System.Object> | System.Collections.IEnumerator | System.IDisposable","False","True","DolocTown.UI.RebindActionSlot","6","5","2","0","0x020011DF"
"DolocTown.UI","RebindActionUI","DolocTown.UI.RebindActionUI","class","public","DolocTown.UI.SettingItemUI","","False","False","","31","11","14","0","0x020008B2"
"","<>c__DisplayClass46_0","DolocTown.UI.RebindActionUI/<>c__DisplayClass46_0","class","private","System.Object","","False","True","DolocTown.UI.RebindActionUI","6","2","0","0","0x020011E0"
"","<>c","DolocTown.UI.RebindActionUI/<>c","class","private","System.Object","","False","True","DolocTown.UI.RebindActionUI","3","2","0","0","0x020011E1"
"DolocTown.UI","SettingItemUI","DolocTown.UI.SettingItemUI","class","public","DolocTown.UI.DolocUiObject","DolocTown.UI.ISettingUiItem","True","False","","10","2","6","0","0x020008B3"
"DolocTown.UI","SettingValueItemUI`1","DolocTown.UI.SettingValueItemUI`1","class","public","DolocTown.UI.DolocUiObject","DolocTown.UI.ISettingUiItemWithValue`1<T> | DolocTown.UI.ISettingUiItem","True","False","","14","4","8","0","0x020008B4"
"DolocTown.UI","SliderItemUI","DolocTown.UI.SliderItemUI","class","public","DolocTown.UI.SettingValueItemUI`1<System.Int32>","","False","False","","8","6","2","0","0x020008B5"
"DolocTown.UI","TitleItemUI","DolocTown.UI.TitleItemUI","class","public","DolocTown.UI.SettingItemUI","","False","False","","1","0","0","0","0x020008B6"
"DolocTown.UI","ToggleItemUI","DolocTown.UI.ToggleItemUI","class","public","DolocTown.UI.SettingValueItemUI`1<System.Boolean>","","False","False","","11","4","3","0","0x020008B7"
"DolocTown.UI","SettingPanel","DolocTown.UI.SettingPanel","class","public","DolocTown.UI.DolocUIPanel","DolocTown.UI.INavPanel | DolocTown.UI.IScrollContentRect","False","False","","41","24","13","0","0x020008B8"
"","<>c","DolocTown.UI.SettingPanel/<>c","class","private","System.Object","","False","True","DolocTown.UI.SettingPanel","8","7","0","0","0x020011E2"
"","<>c__DisplayClass46_0","DolocTown.UI.SettingPanel/<>c__DisplayClass46_0","class","private","System.Object","","False","True","DolocTown.UI.SettingPanel","2","3","0","0","0x020011E3"
"","<>c__DisplayClass49_0","DolocTown.UI.SettingPanel/<>c__DisplayClass49_0","class","private","System.Object","","False","True","DolocTown.UI.SettingPanel","2","3","0","0","0x020011E4"
"DolocTown.UI","SettingUIItemManager","DolocTown.UI.SettingUIItemManager","class","public","System.Object","","False","False","","24","7","9","0","0x020008B9"
"","<>c__DisplayClass33_0","DolocTown.UI.SettingUIItemManager/<>c__DisplayClass33_0","class","private","System.Object","","False","True","DolocTown.UI.SettingUIItemManager","3","2","0","0","0x020011E5"
"DolocTown.UI","WeatherGroup","DolocTown.UI.WeatherGroup","class","public","DolocTown.UI.DolocUiObject","","False","False","","7","2","1","0","0x020008BA"
"","<>c","DolocTown.UI.WeatherGroup/<>c","class","private","System.Object","","False","True","DolocTown.UI.WeatherGroup","4","3","0","0","0x020011E6"
"","<>c__DisplayClass7_0","DolocTown.UI.WeatherGroup/<>c__DisplayClass7_0","class","private","System.Object","","False","True","DolocTown.UI.WeatherGroup","3","3","0","0","0x020011E7"
"DolocTown.UI","WeatherReportPanel","DolocTown.UI.WeatherReportPanel","class","public","DolocTown.UI.DolocUIPanel","DolocTown.UI.INavPanel","False","False","","9","1","3","0","0x020008BB"
"","<>c","DolocTown.UI.WeatherReportPanel/<>c","class","private","System.Object","","False","True","DolocTown.UI.WeatherReportPanel","3","2","0","0","0x020011E8"
"DolocTown.UI","WeatherSlot","DolocTown.UI.WeatherSlot","class","public","DolocTown.UI.DolocNavigationButton","","False","False","","4","1","0","0","0x020008BC"
"DolocTown.UI","CanvasUiRendererPoolManager","DolocTown.UI.CanvasUiRendererPoolManager","class","public","DolocTown.UI.UiRendererPoolManagerBase","","False","False","","1","0","0","0","0x020008BD"
"DolocTown.UI","SceneUiRendererPoolManager","DolocTown.UI.SceneUiRendererPoolManager","class","public","DolocTown.UI.UiRendererPoolManagerBase","","False","False","","1","0","0","0","0x020008BE"
"DolocTown.UI","UiRendererPoolManagerBase","DolocTown.UI.UiRendererPoolManagerBase","class","public","DolocTown.UI.DolocUiEntity","","True","False","","8","2","0","0","0x020008BF"
"DolocTown.UI","DolocIconWithText","DolocTown.UI.DolocIconWithText","class","public","DolocIcon","","False","False","","2","1","1","0","0x020008C0"
"DolocTown.UI","DolocIconWithTextEx","DolocTown.UI.DolocIconWithTextEx","class","public","DolocIcon","","False","False","","5","2","4","0","0x020008C1"
"DolocTown.UI","DolocImage","DolocTown.UI.DolocImage","class","public","DolocTown.UI.DolocUiRecyclableObject","","False","False","","23","4","8","0","0x020008C2"
"DolocTown.UI","DolocSimpleText","DolocTown.UI.DolocSimpleText","class","public","DolocTown.UI.DolocUiRecyclableObject","","False","False","","5","1","2","0","0x020008C3"
"DolocTown.UI","DolocTextTMP","DolocTown.UI.DolocTextTMP","class","public","DolocTown.UI.DolocUiRecyclableObject","","False","False","","9","1","3","0","0x020008C4"
"DolocTown.UI","SmallTextMenu","DolocTown.UI.SmallTextMenu","class","public","DolocTown.UI.TextMenu","","False","False","","3","0","1","0","0x020008C5"
"","<>c","DolocTown.UI.SmallTextMenu/<>c","class","private","System.Object","","False","True","DolocTown.UI.SmallTextMenu","3","2","0","0","0x020011E9"
"DolocTown.UI","TextButton","DolocTown.UI.TextButton","class","public","DolocTown.UI.DolocNavigationButton","","False","False","","11","2","6","0","0x020008C6"
"DolocTown.UI","TextMenu","DolocTown.UI.TextMenu","class","public","DolocTown.UI.DolocVerticalUI`1<DolocTown.UI.TextButton>","DolocTown.UI.INavPanel","False","False","","11","4","3","0","0x020008C7"
"","<>c","DolocTown.UI.TextMenu/<>c","class","private","System.Object","","False","True","DolocTown.UI.TextMenu","3","2","0","0","0x020011EA"
"DolocTown.UI","IconWithTitleMenu","DolocTown.UI.IconWithTitleMenu","class","public","DolocTown.UI.TitleMenu","","False","False","","3","0","1","0","0x020008C8"
"DolocTown.UI","TitleMenu","DolocTown.UI.TitleMenu","class","public","DolocTown.UI.DolocHorizontalUI`1<DolocTown.UI.TextButton>","","False","False","","15","8","1","0","0x020008C9"
"DolocTown.UI","TopLabelTitleMenu","DolocTown.UI.TopLabelTitleMenu","class","public","DolocTown.UI.TitleMenu","","False","False","","2","0","1","0","0x020008CA"
"DolocTown.UI","WebBrowserOpener","DolocTown.UI.WebBrowserOpener","class","public","UnityEngine.MonoBehaviour","","False","False","","3","1","0","0","0x020008CB"
"DolocTown.Params","AgentEquipmentAbility","DolocTown.Params.AgentEquipmentAbility","struct","public","System.ValueType","","False","True","","1","8","0","0","0x020008CC"
"DolocTown.Params","AgentEquipmentParams","DolocTown.Params.AgentEquipmentParams","struct","public","System.ValueType","","False","True","","3","9","0","0","0x020008CD"
"DolocTown.Weathers","WeatherController","DolocTown.Weathers.WeatherController","class","public","System.Object","","True","False","","4","0","0","0","0x020008CE"
"DolocTown.Weathers","WeatherControllerAttribute","DolocTown.Weathers.WeatherControllerAttribute","class","public","System.Attribute","","False","False","","1","1","0","0","0x020008CF"
"DolocTown.Weathers","WeatherControllerScorchSun","DolocTown.Weathers.WeatherControllerScorchSun","class","public","DolocTown.Weathers.WeatherController","","False","False","","4","0","0","0","0x020008D0"
"DolocTown.Weathers","WeatherControllerThunderStorm","DolocTown.Weathers.WeatherControllerThunderStorm","class","public","DolocTown.Weathers.WeatherController","","False","False","","9","2","0","0","0x020008D1"
"","<>c__DisplayClass5_0","DolocTown.Weathers.WeatherControllerThunderStorm/<>c__DisplayClass5_0","class","private","System.Object","","False","True","DolocTown.Weathers.WeatherControllerThunderStorm","2","3","0","0","0x020011EB"
"","<>c","DolocTown.Weathers.WeatherControllerThunderStorm/<>c","class","private","System.Object","","False","True","DolocTown.Weathers.WeatherControllerThunderStorm","3","2","0","0","0x020011EC"
"DolocTown.ScorchSun","WD_ScorchSun_Custom","DolocTown.ScorchSun.WD_ScorchSun_Custom","class","public","DolocTown.WeatherDecorator","","False","False","","5","1","1","0","0x020008D2"
"DolocTown.ScorchSun","WD_ScorchSun_IWaterContainer","DolocTown.ScorchSun.WD_ScorchSun_IWaterContainer","class","public","DolocTown.WD_ScorchSun","","False","False","","6","3","1","0","0x020008D3"
"DolocTown.Utils","AnimalRoomState","DolocTown.Utils.AnimalRoomState","enum","public","System.Enum","","False","True","","0","4","0","0","0x020008D4"
"DolocTown.Editor","DungeonPlatformGenerator","DolocTown.Editor.DungeonPlatformGenerator","class","public","UnityEngine.MonoBehaviour","","False","False","","5","3","0","0","0x020008D5"
"","PlatformConfig","DolocTown.Editor.DungeonPlatformGenerator/PlatformConfig","struct","private","System.ValueType","","False","True","DolocTown.Editor.DungeonPlatformGenerator","1","2","1","0","0x020011ED"
"","<>c","DolocTown.Editor.DungeonPlatformGenerator/<>c","class","private","System.Object","","False","True","DolocTown.Editor.DungeonPlatformGenerator","3","2","0","0","0x020011EE"
"DolocTown.Editor","PathDrawer","DolocTown.Editor.PathDrawer","class","public","UnityEngine.MonoBehaviour","","False","False","","6","7","2","0","0x020008D6"
"DolocTown.Editor","PositionMarker","DolocTown.Editor.PositionMarker","class","public","UnityEngine.MonoBehaviour","","False","False","","4","2","1","0","0x020008D7"
"DolocTown.NodeCanvas","GetPositionTask","DolocTown.NodeCanvas.GetPositionTask","class","public","NodeCanvas.Framework.ActionTask","","False","False","","2","2","0","0","0x020008D8"
"DolocTown.NodeCanvas","ActionTask_MoveTo","DolocTown.NodeCanvas.ActionTask_MoveTo","class","public","NodeCanvas.Framework.ActionTask","","False","False","","5","2","2","0","0x020008D9"
"DolocTown.NodeCanvas","ActionTask_RaycastLine","DolocTown.NodeCanvas.ActionTask_RaycastLine","class","public","NodeCanvas.Framework.ActionTask","","False","False","","4","6","2","0","0x020008DA"
"","RaycastType","DolocTown.NodeCanvas.ActionTask_RaycastLine/RaycastType","enum","public","System.Enum","","False","True","DolocTown.NodeCanvas.ActionTask_RaycastLine","0","3","0","0","0x020011EF"
"DolocTown.NodeCanvas","CheckHealth","DolocTown.NodeCanvas.CheckHealth","class","public","NodeCanvas.Framework.ConditionTask`1<DolocTown.MonsterController>","","False","False","","3","3","1","0","0x020008DB"
"DolocTown.NodeCanvas","ConditionTask_IsWeaponAvailable","DolocTown.NodeCanvas.ConditionTask_IsWeaponAvailable","class","public","NodeCanvas.Framework.ConditionTask","","False","False","","4","2","2","0","0x020008DC"
"DolocTown.NodeCanvas","ConditionTask_IsWeaponAvailableViewDst","DolocTown.NodeCanvas.ConditionTask_IsWeaponAvailableViewDst","class","public","NodeCanvas.Framework.ConditionTask","","False","False","","4","4","2","0","0x020008DD"
"DolocTown.NodeCanvas","IsAttackBehaviourAvailable","DolocTown.NodeCanvas.IsAttackBehaviourAvailable","class","public","NodeCanvas.Framework.ConditionTask`1<DolocTown.MonsterController>","","False","False","","3","1","1","0","0x020008DE"
"DolocTown.NodeCanvas","IsAttackBehaviourWork","DolocTown.NodeCanvas.IsAttackBehaviourWork","class","public","NodeCanvas.Framework.ConditionTask`1<DolocTown.MonsterController>","","False","False","","3","2","1","0","0x020008DF"
"DolocTown.NodeCanvas","IsMonsterJumping","DolocTown.NodeCanvas.IsMonsterJumping","class","public","NodeCanvas.Framework.ConditionTask`1<DolocTown.MonsterController>","","False","False","","3","0","1","0","0x020008E0"
"DolocTown.NodeCanvas","NearCheckTask","DolocTown.NodeCanvas.NearCheckTask","class","public","NodeCanvas.Framework.ConditionTask","","False","False","","3","3","1","0","0x020008E1"
"DolocTown.NodeCanvas","RaycastTask","DolocTown.NodeCanvas.RaycastTask","class","public","NodeCanvas.Framework.ConditionTask","","False","False","","2","4","0","0","0x020008E2"
"DolocTown.NodeCanvas","GameProcessRunner","DolocTown.NodeCanvas.GameProcessRunner","class","public","DolocTown.GameEntity","","False","False","","5","4","0","0","0x020008E3"
"DolocTown.NodeCanvas","DebugLogTask","DolocTown.NodeCanvas.DebugLogTask","class","public","NodeCanvas.Framework.ActionTask","","False","False","","3","1","1","0","0x020008E4"
"DolocTown.NodeCanvas","GlobalTask_Output","DolocTown.NodeCanvas.GlobalTask_Output","class","public","NodeCanvas.Framework.ActionTask","","False","False","","3","1","1","0","0x020008E5"
"DolocTown.NodeCanvas","CheckDistanceToGameObject2D","DolocTown.NodeCanvas.CheckDistanceToGameObject2D","class","public","NodeCanvas.Framework.ConditionTask`1<UnityEngine.Transform>","","False","False","","4","5","1","0","0x020008E6"
"DolocTown.NodeCanvas","Wait","DolocTown.NodeCanvas.Wait","class","public","NodeCanvas.Framework.ActionTask","","False","False","","4","5","1","0","0x020008E7"
"DolocTown.NodeCanvas","TimeoutOptional","DolocTown.NodeCanvas.TimeoutOptional","class","public","NodeCanvas.BehaviourTrees.Timeout","","False","False","","2","1","0","0","0x020008E8"
"DolocTown.NodeCanvas","DialogueTask_CashMissionReward","DolocTown.NodeCanvas.DialogueTask_CashMissionReward","class","public","DolocTown.NodeCanvas.DialogueTask","","False","False","","4","3","2","0","0x020008E9"
"DolocTown.NodeCanvas","DialogueTask_UnlockDocument","DolocTown.NodeCanvas.DialogueTask_UnlockDocument","class","public","DolocTown.NodeCanvas.DialogueTask","","False","False","","3","1","1","0","0x020008EA"
"DolocTown.NodeCanvas","DialogueTask_UnlockInteractableObject","DolocTown.NodeCanvas.DialogueTask_UnlockInteractableObject","class","public","DolocTown.NodeCanvas.DialogueTask","","False","False","","4","2","2","0","0x020008EB"
"DolocTown.NodeCanvas","DialogueTask_UnlockSpecialDocument","DolocTown.NodeCanvas.DialogueTask_UnlockSpecialDocument","class","public","DolocTown.NodeCanvas.DialogueTask","","False","False","","3","2","1","0","0x020008EC"
"DolocTown.NodeCanvas","DialogueTask_UnlockStoreItem","DolocTown.NodeCanvas.DialogueTask_UnlockStoreItem","class","public","DolocTown.NodeCanvas.DialogueTask","","False","False","","3","2","1","0","0x020008ED"
"DolocTown.NodeCanvas","DialogueTask_SendItemAsEmail","DolocTown.NodeCanvas.DialogueTask_SendItemAsEmail","class","public","DolocTown.NodeCanvas.DialogueTask","","False","False","","3","6","1","0","0x020008EE"
"DolocTown.NodeCanvas","DialogueTask_SetDisposeItemState","DolocTown.NodeCanvas.DialogueTask_SetDisposeItemState","class","public","DolocTown.NodeCanvas.DialogueTask","","False","False","","3","1","1","0","0x020008EF"
"DolocTown.NodeCanvas","DialogueTask_GameProcess","DolocTown.NodeCanvas.DialogueTask_GameProcess","class","public","DolocTown.NodeCanvas.DialogueTask","","False","False","","2","2","1","0","0x020008F0"
"DolocTown.NodeCanvas","DialogueTask_GateOperation","DolocTown.NodeCanvas.DialogueTask_GateOperation","class","public","DolocTown.NodeCanvas.DialogueTask","","False","False","","4","2","2","0","0x020008F1"
"DolocTown.NodeCanvas","DialogueTask_IsFishUnlocked","DolocTown.NodeCanvas.DialogueTask_IsFishUnlocked","class","public","DolocTown.NodeCanvas.DialogueConditionTask","","False","False","","3","1","1","0","0x020008F2"
"DolocTown.NodeCanvas","DialogueTask_LockGate","DolocTown.NodeCanvas.DialogueTask_LockGate","class","public","DolocTown.NodeCanvas.DialogueTask","","False","False","","4","2","2","0","0x020008F3"
"DolocTown.NodeCanvas","DialogueTask_MoveNpcToScene","DolocTown.NodeCanvas.DialogueTask_MoveNpcToScene","class","public","DolocTown.NodeCanvas.DialogueTask","","False","False","","3","2","1","0","0x020008F4"
"DolocTown.NodeCanvas","DialogueTask_SetNpcScheduleStatus","DolocTown.NodeCanvas.DialogueTask_SetNpcScheduleStatus","class","public","DolocTown.NodeCanvas.DialogueTask","","False","False","","3","3","1","0","0x020008F5"
"DolocTown.NodeCanvas","DialogueTask_Output","DolocTown.NodeCanvas.DialogueTask_Output","class","public","DolocTown.NodeCanvas.DialogueTask","","False","False","","3","2","1","0","0x020008F6"
"DolocTown.NodeCanvas","DialogueTask_RunCommand","DolocTown.NodeCanvas.DialogueTask_RunCommand","class","public","DolocTown.NodeCanvas.DialogueTask","","False","False","","3","1","1","0","0x020008F7"
"","<>c","DolocTown.NodeCanvas.DialogueTask_RunCommand/<>c","class","private","System.Object","","False","True","DolocTown.NodeCanvas.DialogueTask_RunCommand","3","2","0","0","0x020011F0"
"DolocTown.NodeCanvas","DialogueTask_ClearMonster","DolocTown.NodeCanvas.DialogueTask_ClearMonster","class","public","DolocTown.NodeCanvas.DialogueTask","","False","False","","4","2","1","0","0x020008F8"
"DolocTown.NodeCanvas","DialogueTask_EnterDungeon","DolocTown.NodeCanvas.DialogueTask_EnterDungeon","class","public","DolocTown.NodeCanvas.DialogueTask","","False","False","","4","1","1","0","0x020008F9"
"","<>c","DolocTown.NodeCanvas.DialogueTask_EnterDungeon/<>c","class","private","System.Object","","False","True","DolocTown.NodeCanvas.DialogueTask_EnterDungeon","3","2","0","0","0x020011F1"
"DolocTown.NodeCanvas","DialogueTask_SetRoomEnvObjectStatus","DolocTown.NodeCanvas.DialogueTask_SetRoomEnvObjectStatus","class","public","DolocTown.NodeCanvas.DialogueTask","","False","False","","3","5","1","0","0x020008FA"
"DolocTown.NodeCanvas","DialogueTask_SpawnMonsterByName","DolocTown.NodeCanvas.DialogueTask_SpawnMonsterByName","class","public","DolocTown.NodeCanvas.DialogueTask","","False","False","","4","3","1","0","0x020008FB"
"","MonsterInfo","DolocTown.NodeCanvas.DialogueTask_SpawnMonsterByName/MonsterInfo","struct","public","System.ValueType","","False","True","DolocTown.NodeCanvas.DialogueTask_SpawnMonsterByName","1","4","0","0","0x020011F2"
"DolocTown.NodeCanvas","DialogueTask_SpwanMonsterByLut","DolocTown.NodeCanvas.DialogueTask_SpwanMonsterByLut","class","public","DolocTown.NodeCanvas.DialogueTask","","False","False","","3","4","1","0","0x020008FC"
"DolocTown.NodeCanvas","DialogueTask_AddEventDecorator","DolocTown.NodeCanvas.DialogueTask_AddEventDecorator","class","public","DolocTown.NodeCanvas.DialogueTask","","False","False","","4","2","2","0","0x020008FD"
"DolocTown.NodeCanvas","DialogueTask_AddMission","DolocTown.NodeCanvas.DialogueTask_AddMission","class","public","DolocTown.NodeCanvas.DialogueTask","","False","False","","3","2","1","0","0x020008FE"
"DolocTown.NodeCanvas","DialogueTask_AddMissionItem","DolocTown.NodeCanvas.DialogueTask_AddMissionItem","class","public","DolocTown.NodeCanvas.DialogueTask","","False","False","","3","5","1","0","0x020008FF"
"","MissionItemHostType","DolocTown.NodeCanvas.DialogueTask_AddMissionItem/MissionItemHostType","enum","public","System.Enum","","False","True","DolocTown.NodeCanvas.DialogueTask_AddMissionItem","0","3","0","0","0x020011F3"
"DolocTown.NodeCanvas","DialogueTask_FactionMission","DolocTown.NodeCanvas.DialogueTask_FactionMission","class","public","DolocTown.NodeCanvas.DialogueTask","","False","False","","3","1","1","0","0x02000900"
"DolocTown.NodeCanvas","DialogueTask_RemoveDecoratorMission","DolocTown.NodeCanvas.DialogueTask_RemoveDecoratorMission","class","public","DolocTown.NodeCanvas.DialogueTask","","False","False","","3","1","1","0","0x02000901"
"DolocTown.NodeCanvas","DialogueTask_SendEmail","DolocTown.NodeCanvas.DialogueTask_SendEmail","class","public","DolocTown.NodeCanvas.DialogueTask","","False","False","","3","2","1","0","0x02000902"
"DolocTown.NodeCanvas","DialogueTask_RaiseEmotion","DolocTown.NodeCanvas.DialogueTask_RaiseEmotion","class","public","DolocTown.NodeCanvas.DialogueTask","","False","False","","4","2","2","0","0x02000903"
"","EntityLabel","DolocTown.NodeCanvas.DialogueTask_RaiseEmotion/EntityLabel","enum","public","System.Enum","","False","True","DolocTown.NodeCanvas.DialogueTask_RaiseEmotion","0","3","0","0","0x020011F4"
"DolocTown.NodeCanvas","DialogueTask_SetSpiritEnabled","DolocTown.NodeCanvas.DialogueTask_SetSpiritEnabled","class","public","DolocTown.NodeCanvas.DialogueTask","","False","False","","3","1","1","0","0x02000904"
"DolocTown.NodeCanvas","DialogueTask_OpenOperationTip","DolocTown.NodeCanvas.DialogueTask_OpenOperationTip","class","public","DolocTown.NodeCanvas.DialogueTask","","False","False","","4","4","1","0","0x02000905"
"DolocTown.NodeCanvas","DialogueTask_OpenSubmitPanel","DolocTown.NodeCanvas.DialogueTask_OpenSubmitPanel","class","public","DolocTown.NodeCanvas.DialogueTask","","False","False","","3","1","1","0","0x02000906"
"DolocTown.NodeCanvas","ArchiveItemType","DolocTown.NodeCanvas.ArchiveItemType","enum","public","System.Enum","","False","True","","0","3","0","0","0x02000907"
"DolocTown.NodeCanvas","DialogueTask_OpenTutorialPanel","DolocTown.NodeCanvas.DialogueTask_OpenTutorialPanel","class","public","DolocTown.NodeCanvas.DialogueTask","","False","False","","5","2","1","0","0x02000908"
"","<>c","DolocTown.NodeCanvas.DialogueTask_OpenTutorialPanel/<>c","class","private","System.Object","","False","True","DolocTown.NodeCanvas.DialogueTask_OpenTutorialPanel","3","2","0","0","0x020011F5"
"","<DoExtension>d__5","DolocTown.NodeCanvas.DialogueTask_OpenTutorialPanel/<DoExtension>d__5","struct","private","System.ValueType","System.Runtime.CompilerServices.IAsyncStateMachine","False","True","DolocTown.NodeCanvas.DialogueTask_OpenTutorialPanel","2","4","0","0","0x020011F6"
"DolocTown.NodeCanvas","DialogueTask_SetTechTreeLocked","DolocTown.NodeCanvas.DialogueTask_SetTechTreeLocked","class","public","DolocTown.NodeCanvas.DialogueTask","","False","False","","3","2","1","0","0x02000909"
"DolocTown.NodeCanvas","DialogueTask_ShowMessageBox","DolocTown.NodeCanvas.DialogueTask_ShowMessageBox","class","public","DolocTown.NodeCanvas.DialogueTask","","False","False","","3","7","1","0","0x0200090A"
"","MessageBoxType","DolocTown.NodeCanvas.DialogueTask_ShowMessageBox/MessageBoxType","enum","public","System.Enum","","False","True","DolocTown.NodeCanvas.DialogueTask_ShowMessageBox","0","6","0","0","0x020011F7"
"","CommonMessageIconType","DolocTown.NodeCanvas.DialogueTask_ShowMessageBox/CommonMessageIconType","enum","public","System.Enum","","False","True","DolocTown.NodeCanvas.DialogueTask_ShowMessageBox","0","3","0","0","0x020011F8"
"","MissionMessageIconType","DolocTown.NodeCanvas.DialogueTask_ShowMessageBox/MissionMessageIconType","enum","public","System.Enum","","False","True","DolocTown.NodeCanvas.DialogueTask_ShowMessageBox","0","3","0","0","0x020011F9"
"DolocTown.NodeCanvas","DialogueTask_ShowMessageBoxAttention","DolocTown.NodeCanvas.DialogueTask_ShowMessageBoxAttention","class","public","DolocTown.NodeCanvas.DialogueTask","","False","False","","3","1","1","0","0x0200090B"
"DolocTown.NodeCanvas","DialogueTask_ShowOperationGuidance","DolocTown.NodeCanvas.DialogueTask_ShowOperationGuidance","class","public","DolocTown.NodeCanvas.DialogueTask","","False","False","","3","3","1","0","0x0200090C"
"DolocTown.NodeCanvas","DialogueTask_SubmitMissionItem","DolocTown.NodeCanvas.DialogueTask_SubmitMissionItem","class","public","DolocTown.NodeCanvas.DialogueTask","","False","False","","4","3","1","0","0x0200090D"
"DolocTown.NodeCanvas","DialogueConditionTask_CheckNpcLikingLv","DolocTown.NodeCanvas.DialogueConditionTask_CheckNpcLikingLv","class","public","DolocTown.NodeCanvas.DialogueConditionTask","","False","False","","3","3","1","0","0x0200090E"
"DolocTown.NodeCanvas","DialogueConditionTask_WeekCheck","DolocTown.NodeCanvas.DialogueConditionTask_WeekCheck","class","public","DolocTown.NodeCanvas.DialogueConditionTask","","False","False","","5","4","2","0","0x0200090F"
"DolocTown.NodeCanvas","DialogueTask_BackpackItemCheck","DolocTown.NodeCanvas.DialogueTask_BackpackItemCheck","class","public","DolocTown.NodeCanvas.DialogueConditionTask","","False","False","","3","4","1","0","0x02000910"
"DolocTown.NodeCanvas","DialogueTask_BirthdayCheck","DolocTown.NodeCanvas.DialogueTask_BirthdayCheck","class","public","DolocTown.NodeCanvas.DialogueConditionTask","","False","False","","4","2","2","0","0x02000911"
"DolocTown.NodeCanvas","DialogueTask_CheckRoomResourceClass","DolocTown.NodeCanvas.DialogueTask_CheckRoomResourceClass","class","public","DolocTown.NodeCanvas.DialogueConditionTask","","False","False","","3","5","1","0","0x02000912"
"DolocTown.NodeCanvas","DialogueConditionTask_CheckStatus","DolocTown.NodeCanvas.DialogueConditionTask_CheckStatus","class","public","DolocTown.NodeCanvas.DialogueConditionTask","","False","False","","5","3","2","0","0x02000913"
"","PlayerStatus","DolocTown.NodeCanvas.DialogueConditionTask_CheckStatus/PlayerStatus","enum","public","System.Enum","","False","True","DolocTown.NodeCanvas.DialogueConditionTask_CheckStatus","0","4","0","0","0x020011FA"
"DolocTown.NodeCanvas","DialogueTask_DayCheck","DolocTown.NodeCanvas.DialogueTask_DayCheck","class","public","DolocTown.NodeCanvas.DialogueConditionTask","","False","False","","3","1","1","0","0x02000914"
"DolocTown.NodeCanvas","DialogueTask_DayCheckEx","DolocTown.NodeCanvas.DialogueTask_DayCheckEx","class","public","DolocTown.NodeCanvas.DialogueConditionTask","","False","False","","3","2","1","0","0x02000915"
"DolocTown.NodeCanvas","DialogueConditionTask_Dice","DolocTown.NodeCanvas.DialogueConditionTask_Dice","class","public","DolocTown.NodeCanvas.DialogueConditionTask","","False","False","","4","1","2","0","0x02000916"
"","PlayerStatus","DolocTown.NodeCanvas.DialogueConditionTask_Dice/PlayerStatus","enum","public","System.Enum","","False","True","DolocTown.NodeCanvas.DialogueConditionTask_Dice","0","3","0","0","0x020011FB"
"DolocTown.NodeCanvas","DialogueTask_DistanceToMarkPoint","DolocTown.NodeCanvas.DialogueTask_DistanceToMarkPoint","class","public","DolocTown.NodeCanvas.DialogueConditionTask","","False","False","","4","6","2","0","0x02000917"
"","DistanceType","DolocTown.NodeCanvas.DialogueTask_DistanceToMarkPoint/DistanceType","enum","private","System.Enum","","False","True","DolocTown.NodeCanvas.DialogueTask_DistanceToMarkPoint","0","6","0","0","0x020011FC"
"DolocTown.NodeCanvas","DialogueTask_EnvOptimizerEnergy","DolocTown.NodeCanvas.DialogueTask_EnvOptimizerEnergy","class","public","DolocTown.NodeCanvas.DialogueConditionTask","","False","False","","3","2","1","0","0x02000918"
"DolocTown.NodeCanvas","DialogueTask_HourCheck","DolocTown.NodeCanvas.DialogueTask_HourCheck","class","public","DolocTown.NodeCanvas.DialogueConditionTask","","False","False","","5","5","3","0","0x02000919"
"DolocTown.NodeCanvas","CheckPositionType","DolocTown.NodeCanvas.CheckPositionType","enum","public","System.Enum","","False","True","","0","3","0","0","0x0200091A"
"DolocTown.NodeCanvas","DialogueTask_IsNpcAtScene","DolocTown.NodeCanvas.DialogueTask_IsNpcAtScene","class","public","DolocTown.NodeCanvas.DialogueConditionTask","","False","False","","3","4","1","0","0x0200091B"
"DolocTown.NodeCanvas","DialogueTask_ItemCountCheck","DolocTown.NodeCanvas.DialogueTask_ItemCountCheck","class","public","DolocTown.NodeCanvas.DialogueConditionTask","","False","False","","3","2","1","0","0x0200091C"
"DolocTown.NodeCanvas","DialogueConditionTask_Money","DolocTown.NodeCanvas.DialogueConditionTask_Money","class","public","DolocTown.NodeCanvas.DialogueConditionTask","","False","False","","3","2","1","0","0x0200091D"
"DolocTown.NodeCanvas","DialogueTask_PositionStatus","DolocTown.NodeCanvas.DialogueTask_PositionStatus","class","public","DolocTown.NodeCanvas.DialogueConditionTask","","False","False","","3","0","1","0","0x0200091E"
"DolocTown.NodeCanvas","DialogueTask_TimeCheck","DolocTown.NodeCanvas.DialogueTask_TimeCheck","class","public","DolocTown.NodeCanvas.DialogueConditionTask","","False","False","","6","6","4","0","0x0200091F"
"","TimeCheckType","DolocTown.NodeCanvas.DialogueTask_TimeCheck/TimeCheckType","enum","public","System.Enum","","False","True","DolocTown.NodeCanvas.DialogueTask_TimeCheck","0","6","0","0","0x020011FD"
"DolocTown.NodeCanvas","DialogueTask_TouchCustomEventObject","DolocTown.NodeCanvas.DialogueTask_TouchCustomEventObject","class","public","DolocTown.NodeCanvas.DialogueConditionTask","","False","False","","3","1","1","0","0x02000920"
"DolocTown.NodeCanvas","DialogueTask_WeatherCheck","DolocTown.NodeCanvas.DialogueTask_WeatherCheck","class","public","DolocTown.NodeCanvas.DialogueConditionTask","","False","False","","3","4","1","0","0x02000921"
"","CheckType","DolocTown.NodeCanvas.DialogueTask_WeatherCheck/CheckType","enum","private","System.Enum","","False","True","DolocTown.NodeCanvas.DialogueTask_WeatherCheck","0","4","0","0","0x020011FE"
"DolocTown.NodeCanvas","DialogueConditionTask_CheckReputationValue","DolocTown.NodeCanvas.DialogueConditionTask_CheckReputationValue","class","public","DolocTown.NodeCanvas.DialogueConditionTask","","False","False","","3","2","1","0","0x02000922"
"DolocTown.NodeCanvas","DialogueTask_CheckChainCompleteTimes","DolocTown.NodeCanvas.DialogueTask_CheckChainCompleteTimes","class","public","DolocTown.NodeCanvas.DialogueConditionTask","","False","False","","3","3","1","0","0x02000923"
"DolocTown.NodeCanvas","DialogueTask_CheckGameEventTypeAccumulation","DolocTown.NodeCanvas.DialogueTask_CheckGameEventTypeAccumulation","class","public","DolocTown.NodeCanvas.DialogueConditionTask","","False","False","","4","3","2","0","0x02000924"
"DolocTown.NodeCanvas","DialogueTask_IsEventDecoratorComplete","DolocTown.NodeCanvas.DialogueTask_IsEventDecoratorComplete","class","public","DolocTown.NodeCanvas.DialogueConditionTask","","False","False","","3","1","1","0","0x02000925"
"DolocTown.NodeCanvas","DialogueTask_IsMissionComplete","DolocTown.NodeCanvas.DialogueTask_IsMissionComplete","class","public","DolocTown.NodeCanvas.DialogueConditionTask","","False","False","","3","2","1","0","0x02000926"
"DolocTown.NodeCanvas","DialogueTask_IsTechNodeUnlocked","DolocTown.NodeCanvas.DialogueTask_IsTechNodeUnlocked","class","public","DolocTown.NodeCanvas.DialogueConditionTask","","False","False","","3","2","1","0","0x02000927"
"DolocTown.NodeCanvas","DialogueTask_CheckBackpackStatusSpecial","DolocTown.NodeCanvas.DialogueTask_CheckBackpackStatusSpecial","class","public","DolocTown.NodeCanvas.DialogueConditionTask","","False","False","","7","1","3","0","0x02000928"
"","BackpackItemType","DolocTown.NodeCanvas.DialogueTask_CheckBackpackStatusSpecial/BackpackItemType","enum","public","System.Enum","","False","True","DolocTown.NodeCanvas.DialogueTask_CheckBackpackStatusSpecial","0","3","0","0","0x020011FF"
"DolocTown.NodeCanvas","DialogueTask_CheckDocumentsStatus","DolocTown.NodeCanvas.DialogueTask_CheckDocumentsStatus","class","public","DolocTown.NodeCanvas.DialogueConditionTask","","False","False","","3","1","1","0","0x02000929"
"","DocumentType","DolocTown.NodeCanvas.DialogueTask_CheckDocumentsStatus/DocumentType","enum","public","System.Enum","","False","True","DolocTown.NodeCanvas.DialogueTask_CheckDocumentsStatus","0","4","0","0","0x02001200"
"DolocTown.NodeCanvas","DialogueTask_CheckChipType","DolocTown.NodeCanvas.DialogueTask_CheckChipType","class","public","DolocTown.NodeCanvas.DialogueConditionTask","","False","False","","3","1","1","0","0x0200092A"
"","ChipType","DolocTown.NodeCanvas.DialogueTask_CheckChipType/ChipType","enum","public","System.Enum","","False","True","DolocTown.NodeCanvas.DialogueTask_CheckChipType","0","3","0","0","0x02001201"
"DolocTown.NodeCanvas","DialogueTask_CheckSubmitStatus","DolocTown.NodeCanvas.DialogueTask_CheckSubmitStatus","class","public","DolocTown.NodeCanvas.DialogueConditionTask","","False","False","","5","2","3","0","0x0200092B"
"","SubmitItemType","DolocTown.NodeCanvas.DialogueTask_CheckSubmitStatus/SubmitItemType","enum","public","System.Enum","","False","True","DolocTown.NodeCanvas.DialogueTask_CheckSubmitStatus","0","3","0","0","0x02001202"
"","SubmitCountType","DolocTown.NodeCanvas.DialogueTask_CheckSubmitStatus/SubmitCountType","enum","public","System.Enum","","False","True","DolocTown.NodeCanvas.DialogueTask_CheckSubmitStatus","0","5","0","0","0x02001203"
"DolocTown.NodeCanvas","DialogueConditionTask","DolocTown.NodeCanvas.DialogueConditionTask","class","public","NodeCanvas.Framework.ConditionTask","","True","False","","5","0","3","0","0x0200092C"
"DolocTown.NodeCanvas","DialogueConditionTaskList","DolocTown.NodeCanvas.DialogueConditionTaskList","class","public","DolocTown.NodeCanvas.DialogueConditionTask","","False","False","","6","2","3","0","0x0200092D"
"","ConditionCheckMode","DolocTown.NodeCanvas.DialogueConditionTaskList/ConditionCheckMode","enum","public","System.Enum","","False","True","DolocTown.NodeCanvas.DialogueConditionTaskList","0","3","0","0","0x02001204"
"","<>c","DolocTown.NodeCanvas.DialogueConditionTaskList/<>c","class","private","System.Object","","False","True","DolocTown.NodeCanvas.DialogueConditionTaskList","4","3","0","0","0x02001205"
"DolocTown.NodeCanvas","DialogueTask","DolocTown.NodeCanvas.DialogueTask","class","public","NodeCanvas.Framework.ActionTask","","True","False","","4","0","2","0","0x0200092E"
"DolocTown.NodeCanvas","DialogueTaskList","DolocTown.NodeCanvas.DialogueTaskList","class","public","DolocTown.NodeCanvas.DialogueTask","","False","False","","6","1","1","0","0x0200092F"
"DolocTown.NodeCanvas","DialogueTextTask","DolocTown.NodeCanvas.DialogueTextTask","class","public","NodeCanvas.Framework.Task","","True","False","","5","0","3","0","0x02000930"
"DolocTown.NodeCanvas","DialogueTextTaskList","DolocTown.NodeCanvas.DialogueTextTaskList","class","public","DolocTown.NodeCanvas.DialogueTextTask","","False","False","","5","1","2","0","0x02000931"
"DolocTown.NodeCanvas","CustomMissionProgressFunc","DolocTown.NodeCanvas.CustomMissionProgressFunc","class","public","System.Object","","True","False","","3","0","0","0","0x02000932"
"DolocTown.NodeCanvas","CustomMissionProgressFunc_EnvOptimizerEnergy","DolocTown.NodeCanvas.CustomMissionProgressFunc_EnvOptimizerEnergy","class","public","DolocTown.NodeCanvas.CustomMissionProgressFunc","","False","False","","2","1","0","0","0x02000933"
"DolocTown.NodeCanvas","NodeCanvasUtils","DolocTown.NodeCanvas.NodeCanvasUtils","static class","public","System.Object","","True","True","","1","0","0","0","0x02000934"
"DolocTown.NodeCanvas","GameProcessGraph","DolocTown.NodeCanvas.GameProcessGraph","class","public","NodeCanvas.Framework.Graph","","False","False","","19","6","9","0","0x02000935"
"DolocTown.NodeCanvas","GameProcessBroken","DolocTown.NodeCanvas.GameProcessBroken","class","public","DolocTown.NodeCanvas.GameProcessNode","","False","False","","6","2","2","0","0x02000936"
"DolocTown.NodeCanvas","GameProcessConnection","DolocTown.NodeCanvas.GameProcessConnection","class","public","DolocTown.NodeCanvas.HorizontalLinkedConnection","","False","False","","3","2","2","0","0x02000937"
"DolocTown.NodeCanvas","GameProcessNode","DolocTown.NodeCanvas.GameProcessNode","class","public","NodeCanvas.Framework.Node","","True","False","","8","0","7","0","0x02000938"
"DolocTown.NodeCanvas","GameProcessQuit","DolocTown.NodeCanvas.GameProcessQuit","class","public","DolocTown.NodeCanvas.GameProcessNode","","False","False","","3","1","1","0","0x02000939"
"DolocTown.NodeCanvas","GameProcessState","DolocTown.NodeCanvas.GameProcessState","class","public","DolocTown.NodeCanvas.GameProcessNode","","False","False","","11","9","2","0","0x0200093A"
"DolocTown.NodeCanvas","GameProcessTaskMission","DolocTown.NodeCanvas.GameProcessTaskMission","class","public","DolocTown.NodeCanvas.GameProcessTask","DolocTown.NodeCanvas.IGameProcessMission","False","False","","7","4","2","0","0x0200093B"
"DolocTown.NodeCanvas","GameProcessTaskScorePanel","DolocTown.NodeCanvas.GameProcessTaskScorePanel","class","public","DolocTown.NodeCanvas.GameProcessTask","DolocTown.NodeCanvas.IGameProcessMission","False","False","","5","5","0","0","0x0200093C"
"","ScoreCounter","DolocTown.NodeCanvas.GameProcessTaskScorePanel/ScoreCounter","struct","private","System.ValueType","","False","True","DolocTown.NodeCanvas.GameProcessTaskScorePanel","1","4","0","0","0x02001206"
"","<>c__DisplayClass7_0","DolocTown.NodeCanvas.GameProcessTaskScorePanel/<>c__DisplayClass7_0","class","private","System.Object","","False","True","DolocTown.NodeCanvas.GameProcessTaskScorePanel","2","3","0","0","0x02001207"
"","<>c__DisplayClass10_0","DolocTown.NodeCanvas.GameProcessTaskScorePanel/<>c__DisplayClass10_0","class","private","System.Object","","False","True","DolocTown.NodeCanvas.GameProcessTaskScorePanel","2","2","0","0","0x02001208"
"DolocTown.NodeCanvas","GameProcessTaskWait","DolocTown.NodeCanvas.GameProcessTaskWait","class","public","DolocTown.NodeCanvas.GameProcessTask","","False","False","","6","4","2","0","0x0200093D"
"DolocTown.NodeCanvas","GameProcessTask","DolocTown.NodeCanvas.GameProcessTask","class","public","System.Object","","True","False","","9","3","4","0","0x0200093E"
"DolocTown.NodeCanvas","IGameProcessMission","DolocTown.NodeCanvas.IGameProcessMission","interface","public","","","True","False","","1","0","0","0","0x0200093F"
"DolocTown.NodeCanvas","SwitchScheduleNode","DolocTown.NodeCanvas.SwitchScheduleNode","class","public","DolocTown.NodeCanvas.HorizontalLinkedNode","","True","False","","8","0","7","0","0x02000940"
"DolocTown.NodeCanvas","LightScheduleConnection","DolocTown.NodeCanvas.LightScheduleConnection","class","public","DolocTown.NodeCanvas.HorizontalLinkedConnection","","False","False","","1","0","0","0","0x02000941"
"DolocTown.NodeCanvas","SwitchScheduleNodeEntrance","DolocTown.NodeCanvas.SwitchScheduleNodeEntrance","class","public","DolocTown.NodeCanvas.SwitchScheduleNode","","False","False","","4","0","2","0","0x02000942"
"DolocTown.NodeCanvas","SwitchScheduleNodeFilter","DolocTown.NodeCanvas.SwitchScheduleNodeFilter","class","public","DolocTown.NodeCanvas.SwitchScheduleNode","DolocTown.GameData.ISwitchScheduleNodeFilter | DolocTown.GameData.ISwitchScheduleNode","True","False","","3","0","1","0","0x02000943"
"","<>c","DolocTown.NodeCanvas.SwitchScheduleNodeFilter/<>c","class","private","System.Object","","False","True","DolocTown.NodeCanvas.SwitchScheduleNodeFilter","3","2","0","0","0x02001209"
"DolocTown.NodeCanvas","SwitchScheduleNodeFilterDate","DolocTown.NodeCanvas.SwitchScheduleNodeFilterDate","class","public","DolocTown.NodeCanvas.SwitchScheduleNodeFilter","","False","False","","5","6","0","0","0x02000944"
"","Date","DolocTown.NodeCanvas.SwitchScheduleNodeFilterDate/Date","struct","private","System.ValueType","","False","True","DolocTown.NodeCanvas.SwitchScheduleNodeFilterDate","0","2","0","0","0x0200120A"
"DolocTown.NodeCanvas","SwitchScheduleNodeFilterGlobalDay","DolocTown.NodeCanvas.SwitchScheduleNodeFilterGlobalDay","class","public","DolocTown.NodeCanvas.SwitchScheduleNodeFilter","","False","False","","2","4","0","0","0x02000945"
"DolocTown.NodeCanvas","SwitchScheduleNodeFilterHour","DolocTown.NodeCanvas.SwitchScheduleNodeFilterHour","class","public","DolocTown.NodeCanvas.SwitchScheduleNodeFilter","","False","False","","2","4","0","0","0x02000946"
"DolocTown.NodeCanvas","SwitchScheduleNodeFilterWeather","DolocTown.NodeCanvas.SwitchScheduleNodeFilterWeather","class","public","DolocTown.NodeCanvas.SwitchScheduleNodeFilter","","False","False","","3","5","1","0","0x02000947"
"","WeatherCheckType","DolocTown.NodeCanvas.SwitchScheduleNodeFilterWeather/WeatherCheckType","enum","private","System.Enum","","False","True","DolocTown.NodeCanvas.SwitchScheduleNodeFilterWeather","0","4","0","0","0x0200120B"
"DolocTown.NodeCanvas","SwitchScheduleNodeFilterWeek","DolocTown.NodeCanvas.SwitchScheduleNodeFilterWeek","class","public","DolocTown.NodeCanvas.SwitchScheduleNodeFilter","","False","False","","3","5","0","0","0x02000948"
"DolocTown.NodeCanvas","SwitchScheduleNodeFilterYear","DolocTown.NodeCanvas.SwitchScheduleNodeFilterYear","class","public","DolocTown.NodeCanvas.SwitchScheduleNodeFilter","","False","False","","2","4","0","0","0x02000949"
"DolocTown.NodeCanvas","SwitchScheduleNodeTarget","DolocTown.NodeCanvas.SwitchScheduleNodeTarget","class","public","DolocTown.NodeCanvas.SwitchScheduleNode","DolocTown.GameData.ISwitchScheduleNodeTarget | DolocTown.GameData.ISwitchScheduleNode","False","False","","2","1","1","0","0x0200094A"
"DolocTown.NodeCanvas","SwitchScheduleGraph","DolocTown.NodeCanvas.SwitchScheduleGraph","class","public","NodeCanvas.Framework.Graph","DolocTown.GameData.ISwitchSchedule","False","False","","9","0","6","0","0x0200094B"
"DolocTown.NodeCanvas","MissionGraph","DolocTown.NodeCanvas.MissionGraph","class","public","NodeCanvas.Framework.Graph","","False","False","","24","2","12","0","0x0200094C"
"","<get_AllExplicitMissionIds>d__19","DolocTown.NodeCanvas.MissionGraph/<get_AllExplicitMissionIds>d__19","class","private","System.Object","System.Collections.Generic.IEnumerable`1<System.String> | System.Collections.IEnumerable | System.Collections.Generic.IEnumerator`1<System.String> | System.Collections.IEnumerator | System.IDisposable","False","True","DolocTown.NodeCanvas.MissionGraph","9","5","2","0","0x0200120C"
"","<get_AllMissionIds>d__21","DolocTown.NodeCanvas.MissionGraph/<get_AllMissionIds>d__21","class","private","System.Object","System.Collections.Generic.IEnumerable`1<System.String> | System.Collections.IEnumerable | System.Collections.Generic.IEnumerator`1<System.String> | System.Collections.IEnumerator | System.IDisposable","False","True","DolocTown.NodeCanvas.MissionGraph","9","5","2","0","0x0200120D"
"","<>c","DolocTown.NodeCanvas.MissionGraph/<>c","class","private","System.Object","","False","True","DolocTown.NodeCanvas.MissionGraph","7","6","0","0","0x0200120E"
"","<get_AllRootMissionNodes>d__29","DolocTown.NodeCanvas.MissionGraph/<get_AllRootMissionNodes>d__29","class","private","System.Object","System.Collections.Generic.IEnumerable`1<DolocTown.NodeCanvas.MissionNodeListener> | System.Collections.IEnumerable | System.Collections.Generic.IEnumerator`1<DolocTown.NodeCanvas.MissionNodeListener> | System.Collections.IEnumerator | System.IDisposable","False","True","DolocTown.NodeCanvas.MissionGraph","9","5","2","0","0x0200120F"
"","<get_AllMissionNodes>d__31","DolocTown.NodeCanvas.MissionGraph/<get_AllMissionNodes>d__31","class","private","System.Object","System.Collections.Generic.IEnumerable`1<DolocTown.NodeCanvas.MissionNode> | System.Collections.IEnumerable | System.Collections.Generic.IEnumerator`1<DolocTown.NodeCanvas.MissionNode> | System.Collections.IEnumerator | System.IDisposable","False","True","DolocTown.NodeCanvas.MissionGraph","10","7","2","0","0x02001210"
"","<GetMissionNodesInAchievementMode>d__36","DolocTown.NodeCanvas.MissionGraph/<GetMissionNodesInAchievementMode>d__36","class","private","System.Object","System.Collections.Generic.IEnumerable`1<DolocTown.NodeCanvas.MissionNodeListener> | System.Collections.IEnumerable | System.Collections.Generic.IEnumerator`1<DolocTown.NodeCanvas.MissionNodeListener> | System.Collections.IEnumerator | System.IDisposable","False","True","DolocTown.NodeCanvas.MissionGraph","10","9","2","0","0x02001211"
"DolocTown.NodeCanvas","MissionNodeType","DolocTown.NodeCanvas.MissionNodeType","enum","public","System.Enum","","False","True","","0","9","0","0","0x0200094D"
"DolocTown.NodeCanvas","MissionEvent","DolocTown.NodeCanvas.MissionEvent","class","public","System.Object","","False","False","","6","9","2","0","0x0200094E"
"DolocTown.NodeCanvas","MissionRequireTemplateAccumulation","DolocTown.NodeCanvas.MissionRequireTemplateAccumulation","class","public","DolocTown.NodeCanvas.MissionRequireTemplate","","False","False","","6","2","2","0","0x0200094F"
"","Handle","DolocTown.NodeCanvas.MissionRequireTemplateAccumulation/Handle","class","public","DolocTown.NodeCanvas.MissionRequireTemplateHandle","","False","False","DolocTown.NodeCanvas.MissionRequireTemplateAccumulation","9","2","2","0","0x02001212"
"DolocTown.NodeCanvas","MissionRequireTemplateConditionTarget","DolocTown.NodeCanvas.MissionRequireTemplateConditionTarget","class","public","DolocTown.NodeCanvas.MissionRequireTemplate","","False","False","","6","3","3","0","0x02000950"
"","Handle","DolocTown.NodeCanvas.MissionRequireTemplateConditionTarget/Handle","class","public","DolocTown.NodeCanvas.MissionRequireTemplateHandle","","False","False","DolocTown.NodeCanvas.MissionRequireTemplateConditionTarget","8","1","2","0","0x02001213"
"DolocTown.NodeCanvas","MissionRequireTemplateMultiArgs","DolocTown.NodeCanvas.MissionRequireTemplateMultiArgs","class","public","DolocTown.NodeCanvas.MissionRequireTemplate","","False","False","","5","2","1","0","0x02000951"
"","Handle","DolocTown.NodeCanvas.MissionRequireTemplateMultiArgs/Handle","class","public","DolocTown.NodeCanvas.MissionRequireTemplateHandle","","False","False","DolocTown.NodeCanvas.MissionRequireTemplateMultiArgs","9","2","2","0","0x02001214"
"DolocTown.NodeCanvas","MissionRequireTemplateOrder","DolocTown.NodeCanvas.MissionRequireTemplateOrder","class","public","DolocTown.NodeCanvas.MissionRequireTemplate","","False","False","","5","2","1","0","0x02000952"
"","Handle","DolocTown.NodeCanvas.MissionRequireTemplateOrder/Handle","class","public","DolocTown.NodeCanvas.MissionRequireTemplateHandle","","False","False","DolocTown.NodeCanvas.MissionRequireTemplateOrder","9","2","2","0","0x02001215"
"","EventSimple","DolocTown.NodeCanvas.MissionRequireTemplateOrder/EventSimple","class","public","System.Object","","False","False","DolocTown.NodeCanvas.MissionRequireTemplateOrder","3","3","1","0","0x02001216"
"DolocTown.NodeCanvas","MissionRequireTemplateUniversal","DolocTown.NodeCanvas.MissionRequireTemplateUniversal","class","public","DolocTown.NodeCanvas.MissionRequireTemplate","","False","False","","14","13","4","0","0x02000953"
"","HandleLocal","DolocTown.NodeCanvas.MissionRequireTemplateUniversal/HandleLocal","class","public","DolocTown.NodeCanvas.MissionRequireTemplateHandle","","False","False","DolocTown.NodeCanvas.MissionRequireTemplateUniversal","9","2","2","0","0x02001217"
"","HandleGlobal","DolocTown.NodeCanvas.MissionRequireTemplateUniversal/HandleGlobal","class","public","DolocTown.NodeCanvas.MissionRequireTemplateHandle","","False","False","DolocTown.NodeCanvas.MissionRequireTemplateUniversal","9","1","2","0","0x02001218"
"DolocTown.NodeCanvas","MissionRequireTemplate","DolocTown.NodeCanvas.MissionRequireTemplate","class","public","System.Object","","True","False","","8","1","4","0","0x02000954"
"DolocTown.NodeCanvas","MissionRequireTemplateHandle","DolocTown.NodeCanvas.MissionRequireTemplateHandle","class","public","System.Object","","True","False","","11","3","3","0","0x02000955"
"DolocTown.NodeCanvas","MissionRequireGraphConfig","DolocTown.NodeCanvas.MissionRequireGraphConfig","class","public","System.Object","","False","False","","2","4","0","0","0x02000956"
"DolocTown.NodeCanvas","MissionNode","DolocTown.NodeCanvas.MissionNode","class","public","DolocTown.NodeCanvas.HorizontalLinkedNode","","True","False","","15","0","12","0","0x02000957"
"","<>c","DolocTown.NodeCanvas.MissionNode/<>c","class","private","System.Object","","False","True","DolocTown.NodeCanvas.MissionNode","4","3","0","0","0x02001219"
"","<get_ChildMissionNodes>d__20","DolocTown.NodeCanvas.MissionNode/<get_ChildMissionNodes>d__20","class","private","System.Object","System.Collections.Generic.IEnumerable`1<DolocTown.NodeCanvas.MissionNode> | System.Collections.IEnumerable | System.Collections.Generic.IEnumerator`1<DolocTown.NodeCanvas.MissionNode> | System.Collections.IEnumerator | System.IDisposable","False","True","DolocTown.NodeCanvas.MissionNode","9","5","2","0","0x0200121A"
"","<get_ChildMissionNodesInDepthOrder>d__22","DolocTown.NodeCanvas.MissionNode/<get_ChildMissionNodesInDepthOrder>d__22","class","private","System.Object","System.Collections.Generic.IEnumerable`1<DolocTown.NodeCanvas.MissionNode> | System.Collections.IEnumerable | System.Collections.Generic.IEnumerator`1<DolocTown.NodeCanvas.MissionNode> | System.Collections.IEnumerator | System.IDisposable","False","True","DolocTown.NodeCanvas.MissionNode","10","7","2","0","0x0200121B"
"","<GetChildrenNodes>d__23","DolocTown.NodeCanvas.MissionNode/<GetChildrenNodes>d__23","class","private","System.Object","System.Collections.Generic.IEnumerable`1<DolocTown.NodeCanvas.MissionNode> | System.Collections.IEnumerable | System.Collections.Generic.IEnumerator`1<DolocTown.NodeCanvas.MissionNode> | System.Collections.IEnumerator | System.IDisposable","False","True","DolocTown.NodeCanvas.MissionNode","9","7","2","0","0x0200121C"
"DolocTown.NodeCanvas","StartMode","DolocTown.NodeCanvas.StartMode","enum","public","System.Enum","","False","True","","0","3","0","0","0x02000958"
"DolocTown.NodeCanvas","MissionConnection","DolocTown.NodeCanvas.MissionConnection","class","public","DolocTown.NodeCanvas.HorizontalLinkedConnection","","False","False","","5","3","4","0","0x02000959"
"DolocTown.NodeCanvas","MissionNodeListenerBase","DolocTown.NodeCanvas.MissionNodeListenerBase","class","public","DolocTown.NodeCanvas.MissionNode","","True","False","","15","3","10","0","0x0200095A"
"DolocTown.NodeCanvas","IDialogueNode","DolocTown.NodeCanvas.IDialogueNode","interface","public","","","True","False","","1","0","0","0","0x0200095B"
"DolocTown.NodeCanvas","MissionNodeAction","DolocTown.NodeCanvas.MissionNodeAction","class","public","DolocTown.NodeCanvas.MissionNode","NodeCanvas.Framework.ITaskAssignable`1<DolocTown.NodeCanvas.DialogueTask> | NodeCanvas.Framework.ITaskAssignable | NodeCanvas.Framework.IGraphElement","False","False","","13","1","9","0","0x0200095C"
"DolocTown.NodeCanvas","MissionNodeCondition","DolocTown.NodeCanvas.MissionNodeCondition","class","public","DolocTown.NodeCanvas.MissionNode","NodeCanvas.Framework.ITaskAssignable`1<DolocTown.NodeCanvas.DialogueConditionTask> | NodeCanvas.Framework.ITaskAssignable | NodeCanvas.Framework.IGraphElement","False","False","","10","1","5","0","0x0200095D"
"DolocTown.NodeCanvas","MissionNodeEntrance","DolocTown.NodeCanvas.MissionNodeEntrance","class","public","DolocTown.NodeCanvas.MissionNode","","False","False","","11","0","9","0","0x0200095E"
"DolocTown.NodeCanvas","MissionNodeListener","DolocTown.NodeCanvas.MissionNodeListener","class","public","DolocTown.NodeCanvas.MissionNodeListenerBase","","False","False","","24","9","16","0","0x0200095F"
"","<>c","DolocTown.NodeCanvas.MissionNodeListener/<>c","class","private","System.Object","","False","True","DolocTown.NodeCanvas.MissionNodeListener","5","4","0","0","0x0200121D"
"","<get_Decorators>d__7","DolocTown.NodeCanvas.MissionNodeListener/<get_Decorators>d__7","class","private","System.Object","System.Collections.Generic.IEnumerable`1<DolocTown.NodeCanvas.MissionNodeListener> | System.Collections.IEnumerable | System.Collections.Generic.IEnumerator`1<DolocTown.NodeCanvas.MissionNodeListener> | System.Collections.IEnumerator | System.IDisposable","False","True","DolocTown.NodeCanvas.MissionNodeListener","9","5","2","0","0x0200121E"
"","<>c__DisplayClass20_0`1","DolocTown.NodeCanvas.MissionNodeListener/<>c__DisplayClass20_0`1","class","private","System.Object","","False","True","DolocTown.NodeCanvas.MissionNodeListener","2","2","0","0","0x0200121F"
"","<>c__DisplayClass37_0","DolocTown.NodeCanvas.MissionNodeListener/<>c__DisplayClass37_0","class","private","System.Object","","False","True","DolocTown.NodeCanvas.MissionNodeListener","2","2","0","0","0x02001220"
"","<>c__DisplayClass39_0","DolocTown.NodeCanvas.MissionNodeListener/<>c__DisplayClass39_0","class","private","System.Object","","False","True","DolocTown.NodeCanvas.MissionNodeListener","2","2","0","0","0x02001221"
"DolocTown.NodeCanvas","DialogueOperationType","DolocTown.NodeCanvas.DialogueOperationType","enum","public","System.Enum","","False","True","","0","5","0","0","0x02000960"
"DolocTown.NodeCanvas","MissionNodeMultiDialogue","DolocTown.NodeCanvas.MissionNodeMultiDialogue","class","public","DolocTown.NodeCanvas.MissionNode","DolocTown.NodeCanvas.IDialogueNode","False","False","","6","1","4","0","0x02000961"
"DolocTown.NodeCanvas","MissionNodeReward","DolocTown.NodeCanvas.MissionNodeReward","class","public","DolocTown.NodeCanvas.MissionNode","","False","False","","6","2","5","0","0x02000962"
"","<get_MissionRewards>d__11","DolocTown.NodeCanvas.MissionNodeReward/<get_MissionRewards>d__11","class","private","System.Object","System.Collections.Generic.IEnumerable`1<DolocTown.Reward> | System.Collections.IEnumerable | System.Collections.Generic.IEnumerator`1<DolocTown.Reward> | System.Collections.IEnumerator | System.IDisposable","False","True","DolocTown.NodeCanvas.MissionNodeReward","9","5","2","0","0x02001222"
"DolocTown.NodeCanvas","MissionRewardCfg","DolocTown.NodeCanvas.MissionRewardCfg","class","public","System.Object","","False","False","","4","4","2","0","0x02000963"
"DolocTown.NodeCanvas","MissionNodeSubGraph","DolocTown.NodeCanvas.MissionNodeSubGraph","class","public","DolocTown.NodeCanvas.MissionNode","NodeCanvas.Framework.IGraphAssignable`1<DolocTown.NodeCanvas.MissionGraph> | NodeCanvas.Framework.IGraphAssignable | NodeCanvas.Framework.IGraphElement","False","False","","18","4","10","0","0x02000964"
"DolocTown.NodeCanvas","NpcScheduleNodeFilterDate","DolocTown.NodeCanvas.NpcScheduleNodeFilterDate","class","public","DolocTown.NodeCanvas.NpcScheduleNodeFilter","","False","False","","5","6","0","0","0x02000965"
"","Date","DolocTown.NodeCanvas.NpcScheduleNodeFilterDate/Date","struct","private","System.ValueType","","False","True","DolocTown.NodeCanvas.NpcScheduleNodeFilterDate","0","2","0","0","0x02001223"
"DolocTown.NodeCanvas","NpcScheduleNodeFilterGlobalDay","DolocTown.NodeCanvas.NpcScheduleNodeFilterGlobalDay","class","public","DolocTown.NodeCanvas.NpcScheduleNodeFilter","","False","False","","2","4","0","0","0x02000966"
"DolocTown.NodeCanvas","NpcScheduleNodeFilterHour","DolocTown.NodeCanvas.NpcScheduleNodeFilterHour","class","public","DolocTown.NodeCanvas.NpcScheduleNodeFilter","","False","False","","7","7","0","0","0x02000967"
"DolocTown.NodeCanvas","NpcScheduleNodeFilterWeather","DolocTown.NodeCanvas.NpcScheduleNodeFilterWeather","class","public","DolocTown.NodeCanvas.NpcScheduleNodeFilter","","False","False","","3","5","1","0","0x02000968"
"","WeatherCheckType","DolocTown.NodeCanvas.NpcScheduleNodeFilterWeather/WeatherCheckType","enum","private","System.Enum","","False","True","DolocTown.NodeCanvas.NpcScheduleNodeFilterWeather","0","4","0","0","0x02001224"
"DolocTown.NodeCanvas","NpcScheduleNodeFilterWeek","DolocTown.NodeCanvas.NpcScheduleNodeFilterWeek","class","public","DolocTown.NodeCanvas.NpcScheduleNodeFilter","","False","False","","3","5","0","0","0x02000969"
"DolocTown.NodeCanvas","NpcScheduleNodeFilterYear","DolocTown.NodeCanvas.NpcScheduleNodeFilterYear","class","public","DolocTown.NodeCanvas.NpcScheduleNodeFilter","DolocTown.GameData.INpcScheduleNodeFilter | DolocTown.GameData.INpcScheduleNode","False","False","","2","4","0","0","0x0200096A"
"DolocTown.NodeCanvas","NpcScheduleNode","DolocTown.NodeCanvas.NpcScheduleNode","class","public","DolocTown.NodeCanvas.HorizontalLinkedNode","DolocTown.GameData.INpcScheduleNode","True","False","","8","0","7","0","0x0200096B"
"DolocTown.NodeCanvas","NpcScheduleConnection","DolocTown.NodeCanvas.NpcScheduleConnection","class","public","DolocTown.NodeCanvas.HorizontalLinkedConnection","","False","False","","1","0","0","0","0x0200096C"
"DolocTown.NodeCanvas","NpcScheduleNodeCondition","DolocTown.NodeCanvas.NpcScheduleNodeCondition","class","public","DolocTown.NodeCanvas.NpcScheduleNodeFilter","","False","False","","2","1","0","0","0x0200096D"
"DolocTown.NodeCanvas","NpcScheduleNodeEntrance","DolocTown.NodeCanvas.NpcScheduleNodeEntrance","class","public","DolocTown.NodeCanvas.NpcScheduleNode","","False","False","","5","1","3","0","0x0200096E"
"DolocTown.NodeCanvas","NpcScheduleNodeFilter","DolocTown.NodeCanvas.NpcScheduleNodeFilter","class","public","DolocTown.NodeCanvas.NpcScheduleNode","DolocTown.GameData.INpcScheduleNodeFilter | DolocTown.GameData.INpcScheduleNode","True","False","","3","0","1","0","0x0200096F"
"","<get_Children>d__2","DolocTown.NodeCanvas.NpcScheduleNodeFilter/<get_Children>d__2","class","private","System.Object","System.Collections.Generic.IEnumerable`1<DolocTown.GameData.INpcScheduleNode> | System.Collections.IEnumerable | System.Collections.Generic.IEnumerator`1<DolocTown.GameData.INpcScheduleNode> | System.Collections.IEnumerator | System.IDisposable","False","True","DolocTown.NodeCanvas.NpcScheduleNodeFilter","9","5","2","0","0x02001225"
"DolocTown.NodeCanvas","NpcScheduleNodePass","DolocTown.NodeCanvas.NpcScheduleNodePass","class","public","DolocTown.NodeCanvas.NpcScheduleNodeFilter","","False","False","","2","0","0","0","0x02000970"
"DolocTown.NodeCanvas","NpcScheduleNodeResult","DolocTown.NodeCanvas.NpcScheduleNodeResult","class","public","DolocTown.NodeCanvas.NpcScheduleNode","DolocTown.GameData.INpcScheduleNodeTargetScene | DolocTown.GameData.INpcScheduleNode","True","False","","3","0","2","0","0x02000971"
"DolocTown.NodeCanvas","NpcScheduleNodeTargetScene","DolocTown.NodeCanvas.NpcScheduleNodeTargetScene","class","public","DolocTown.NodeCanvas.NpcScheduleNodeResult","","False","False","","3","4","2","0","0x02000972"
"","PortalRange","DolocTown.NodeCanvas.NpcScheduleNodeTargetScene/PortalRange","enum","private","System.Enum","","False","True","DolocTown.NodeCanvas.NpcScheduleNodeTargetScene","0","4","0","0","0x02001226"
"DolocTown.NodeCanvas","NpcScheduleNodeTargetWork","DolocTown.NodeCanvas.NpcScheduleNodeTargetWork","class","public","DolocTown.NodeCanvas.NpcScheduleNode","","False","False","","3","3","2","0","0x02000973"
"DolocTown.NodeCanvas","NpcScheduleGraph","DolocTown.NodeCanvas.NpcScheduleGraph","class","public","NodeCanvas.Framework.Graph","DolocTown.GameData.INpcScheduleGraph","False","False","","10","0","6","0","0x02000974"
"DolocTown.NodeCanvas","RoutineNode_Dialogue","DolocTown.NodeCanvas.RoutineNode_Dialogue","class","public","DolocTown.GameData.RoutineNode","DolocTown.NodeCanvas.IDialogueNode","False","False","","5","1","3","0","0x02000975"
"DolocTown.NodeCanvas","DialogueNodeOperationData","DolocTown.NodeCanvas.DialogueNodeOperationData","class","public","System.Object","","False","False","","4","5","1","0","0x02000976"
"DolocTown.NodeCanvas","HorizontalLinkedConnection","DolocTown.NodeCanvas.HorizontalLinkedConnection","class","public","NodeCanvas.Framework.Connection","","False","False","","1","0","0","0","0x02000977"
"DolocTown.NodeCanvas","HorizontalLinkedNode","DolocTown.NodeCanvas.HorizontalLinkedNode","class","public","NodeCanvas.Framework.Node","","True","False","","1","0","0","0","0x02000978"
"DolocTown.MonsterAttackBehaviours","IAngryThrow","DolocTown.MonsterAttackBehaviours.IAngryThrow","interface","public","","DolocTown.MonsterAttackBehaviours.IMonsterAttackBehaviourBullet | DolocTown.MonsterAttackBehaviours.IMonsterAttackBehaviour | DolocTown.MonsterAttackBehaviours.IHasDamage | DolocTown.MonsterAttackBehaviours.IHasBullet | DolocTown.MonsterAttackBehaviours.IHasReadyAction","True","False","","3","0","3","0","0x02000979"
"DolocTown.MonsterAttackBehaviours","IBombingDive","DolocTown.MonsterAttackBehaviours.IBombingDive","interface","public","","DolocTown.MonsterAttackBehaviours.IMonsterAttackBehaviourBullet | DolocTown.MonsterAttackBehaviours.IMonsterAttackBehaviour | DolocTown.MonsterAttackBehaviours.IHasDamage | DolocTown.MonsterAttackBehaviours.IHasBullet | DolocTown.MonsterAttackBehaviours.IHasReadyAction | DolocTown.MonsterAttackBehaviours.IHasDash","True","False","","2","0","2","0","0x0200097A"
"DolocTown.MonsterAttackBehaviours","IBulletTrain","DolocTown.MonsterAttackBehaviours.IBulletTrain","interface","public","","DolocTown.MonsterAttackBehaviours.IMonsterAttackBehaviourBullet | DolocTown.MonsterAttackBehaviours.IMonsterAttackBehaviour | DolocTown.MonsterAttackBehaviours.IHasDamage | DolocTown.MonsterAttackBehaviours.IHasBullet | DolocTown.MonsterAttackBehaviours.IHasReadyAction","True","False","","6","0","6","0","0x0200097B"
"DolocTown.MonsterAttackBehaviours","IDragonShoot","DolocTown.MonsterAttackBehaviours.IDragonShoot","interface","public","","DolocTown.MonsterAttackBehaviours.IMonsterAttackBehaviourBullet | DolocTown.MonsterAttackBehaviours.IMonsterAttackBehaviour | DolocTown.MonsterAttackBehaviours.IHasDamage | DolocTown.MonsterAttackBehaviours.IHasBullet | DolocTown.MonsterAttackBehaviours.IHasReadyAction","True","False","","4","0","4","0","0x0200097C"
"DolocTown.MonsterAttackBehaviours","IMultiShoot","DolocTown.MonsterAttackBehaviours.IMultiShoot","interface","public","","DolocTown.MonsterAttackBehaviours.IMonsterAttackBehaviourBullet | DolocTown.MonsterAttackBehaviours.IMonsterAttackBehaviour | DolocTown.MonsterAttackBehaviours.IHasDamage | DolocTown.MonsterAttackBehaviours.IHasBullet | DolocTown.MonsterAttackBehaviours.IHasReadyAction","True","False","","2","0","2","0","0x0200097D"
"DolocTown.MonsterAttackBehaviours","IRandomShoot","DolocTown.MonsterAttackBehaviours.IRandomShoot","interface","public","","DolocTown.MonsterAttackBehaviours.IMonsterAttackBehaviourBullet | DolocTown.MonsterAttackBehaviours.IMonsterAttackBehaviour | DolocTown.MonsterAttackBehaviours.IHasDamage | DolocTown.MonsterAttackBehaviours.IHasBullet | DolocTown.MonsterAttackBehaviours.IHasReadyAction","True","False","","2","0","2","0","0x0200097E"
"DolocTown.MonsterAttackBehaviours","ISalvoShoot","DolocTown.MonsterAttackBehaviours.ISalvoShoot","interface","public","","DolocTown.MonsterAttackBehaviours.IMonsterAttackBehaviourBullet | DolocTown.MonsterAttackBehaviours.IMonsterAttackBehaviour | DolocTown.MonsterAttackBehaviours.IHasDamage | DolocTown.MonsterAttackBehaviours.IHasBullet | DolocTown.MonsterAttackBehaviours.IHasReadyAction","True","False","","3","0","3","0","0x0200097F"
"DolocTown.MonsterAttackBehaviours","IScatteringShoot","DolocTown.MonsterAttackBehaviours.IScatteringShoot","interface","public","","DolocTown.MonsterAttackBehaviours.IMonsterAttackBehaviourBullet | DolocTown.MonsterAttackBehaviours.IMonsterAttackBehaviour | DolocTown.MonsterAttackBehaviours.IHasDamage | DolocTown.MonsterAttackBehaviours.IHasBullet | DolocTown.MonsterAttackBehaviours.IHasReadyAction","True","False","","5","0","5","0","0x02000980"
"DolocTown.MonsterAttackBehaviours","IScatteringThrow","DolocTown.MonsterAttackBehaviours.IScatteringThrow","interface","public","","DolocTown.MonsterAttackBehaviours.IMonsterAttackBehaviourBullet | DolocTown.MonsterAttackBehaviours.IMonsterAttackBehaviour | DolocTown.MonsterAttackBehaviours.IHasDamage | DolocTown.MonsterAttackBehaviours.IHasBullet | DolocTown.MonsterAttackBehaviours.IHasReadyAction","True","False","","3","0","3","0","0x02000981"
"DolocTown.MonsterAttackBehaviours","IShoot","DolocTown.MonsterAttackBehaviours.IShoot","interface","public","","DolocTown.MonsterAttackBehaviours.IMonsterAttackBehaviourBullet | DolocTown.MonsterAttackBehaviours.IMonsterAttackBehaviour | DolocTown.MonsterAttackBehaviours.IHasDamage | DolocTown.MonsterAttackBehaviours.IHasBullet | DolocTown.MonsterAttackBehaviours.IHasReadyAction","True","False","","1","0","1","0","0x02000982"
"DolocTown.MonsterAttackBehaviours","IMonsterAttackBehaviour","DolocTown.MonsterAttackBehaviours.IMonsterAttackBehaviour","interface","public","","","True","False","","3","0","3","0","0x02000983"
"DolocTown.MonsterAttackBehaviours","IHasDamage","DolocTown.MonsterAttackBehaviours.IHasDamage","interface","public","","","True","False","","2","0","2","0","0x02000984"
"DolocTown.MonsterAttackBehaviours","IHasBullet","DolocTown.MonsterAttackBehaviours.IHasBullet","interface","public","","","True","False","","8","0","8","0","0x02000985"
"DolocTown.MonsterAttackBehaviours","IHasReadyAction","DolocTown.MonsterAttackBehaviours.IHasReadyAction","interface","public","","","True","False","","2","0","2","0","0x02000986"
"DolocTown.MonsterAttackBehaviours","IHasAnim","DolocTown.MonsterAttackBehaviours.IHasAnim","interface","public","","","True","False","","1","0","1","0","0x02000987"
"DolocTown.MonsterAttackBehaviours","IHasDash","DolocTown.MonsterAttackBehaviours.IHasDash","interface","public","","","True","False","","6","0","6","0","0x02000988"
"DolocTown.MonsterAttackBehaviours","IMonsterAttackBehaviourBullet","DolocTown.MonsterAttackBehaviours.IMonsterAttackBehaviourBullet","interface","public","","DolocTown.MonsterAttackBehaviours.IMonsterAttackBehaviour | DolocTown.MonsterAttackBehaviours.IHasDamage | DolocTown.MonsterAttackBehaviours.IHasBullet | DolocTown.MonsterAttackBehaviours.IHasReadyAction","True","False","","0","0","0","0","0x02000989"
"DolocTown.MonsterAttackBehaviours","IMonsterAttackBehaviourCall","DolocTown.MonsterAttackBehaviours.IMonsterAttackBehaviourCall","interface","public","","DolocTown.MonsterAttackBehaviours.IMonsterAttackBehaviour | DolocTown.MonsterAttackBehaviours.IHasReadyAction","True","False","","3","0","3","0","0x0200098A"
"DolocTown.MonsterAttackBehaviours","IMonsterAttackBehaviourPhysical","DolocTown.MonsterAttackBehaviours.IMonsterAttackBehaviourPhysical","interface","public","","DolocTown.MonsterAttackBehaviours.IMonsterAttackBehaviour | DolocTown.MonsterAttackBehaviours.IHasDamage | DolocTown.MonsterAttackBehaviours.IHasReadyAction","True","False","","0","0","0","0","0x0200098B"
"DolocTown.MonsterAttackBehaviours","IMonsterAttackBehaviourSkill","DolocTown.MonsterAttackBehaviours.IMonsterAttackBehaviourSkill","interface","public","","DolocTown.MonsterAttackBehaviours.IMonsterAttackBehaviour | DolocTown.MonsterAttackBehaviours.IHasDamage | DolocTown.MonsterAttackBehaviours.IHasReadyAction","True","False","","1","0","1","0","0x0200098C"
"DolocTown.MonsterAttackBehaviours","IImpact","DolocTown.MonsterAttackBehaviours.IImpact","interface","public","","DolocTown.MonsterAttackBehaviours.IMonsterAttackBehaviourPhysical | DolocTown.MonsterAttackBehaviours.IMonsterAttackBehaviour | DolocTown.MonsterAttackBehaviours.IHasDamage | DolocTown.MonsterAttackBehaviours.IHasReadyAction | DolocTown.MonsterAttackBehaviours.IHasDash","True","False","","0","0","0","0","0x0200098D"
"DolocTown.MonsterAttackBehaviours","IMultiImpact","DolocTown.MonsterAttackBehaviours.IMultiImpact","interface","public","","DolocTown.MonsterAttackBehaviours.IImpact | DolocTown.MonsterAttackBehaviours.IMonsterAttackBehaviourPhysical | DolocTown.MonsterAttackBehaviours.IMonsterAttackBehaviour | DolocTown.MonsterAttackBehaviours.IHasDamage | DolocTown.MonsterAttackBehaviours.IHasReadyAction | DolocTown.MonsterAttackBehaviours.IHasDash","True","False","","1","0","1","0","0x0200098E"
"DolocTown.MonsterAttackBehaviours","ISting","DolocTown.MonsterAttackBehaviours.ISting","interface","public","","DolocTown.MonsterAttackBehaviours.IMonsterAttackBehaviourPhysical | DolocTown.MonsterAttackBehaviours.IMonsterAttackBehaviour | DolocTown.MonsterAttackBehaviours.IHasDamage | DolocTown.MonsterAttackBehaviours.IHasReadyAction | DolocTown.MonsterAttackBehaviours.IHasDash","True","False","","0","0","0","0","0x0200098F"
"DolocTown.MonsterAttackBehaviours","IBomb","DolocTown.MonsterAttackBehaviours.IBomb","interface","public","","DolocTown.MonsterAttackBehaviours.IMonsterAttackBehaviourSkill | DolocTown.MonsterAttackBehaviours.IMonsterAttackBehaviour | DolocTown.MonsterAttackBehaviours.IHasDamage | DolocTown.MonsterAttackBehaviours.IHasReadyAction","True","False","","2","0","2","0","0x02000990"
"DolocTown.MonsterAttackBehaviours","ILandmine","DolocTown.MonsterAttackBehaviours.ILandmine","interface","public","","DolocTown.MonsterAttackBehaviours.IMonsterAttackBehaviourSkill | DolocTown.MonsterAttackBehaviours.IMonsterAttackBehaviour | DolocTown.MonsterAttackBehaviours.IHasDamage | DolocTown.MonsterAttackBehaviours.IHasReadyAction","True","False","","4","0","4","0","0x02000991"
"DolocTown.MonsterAttackBehaviours","ITimeBomb","DolocTown.MonsterAttackBehaviours.ITimeBomb","interface","public","","DolocTown.MonsterAttackBehaviours.IMonsterAttackBehaviourSkill | DolocTown.MonsterAttackBehaviours.IMonsterAttackBehaviour | DolocTown.MonsterAttackBehaviours.IHasDamage | DolocTown.MonsterAttackBehaviours.IHasReadyAction","True","False","","4","0","4","0","0x02000992"
"DolocTown.MonsterAttackBehaviours","IAmoebaJumpAttack","DolocTown.MonsterAttackBehaviours.IAmoebaJumpAttack","interface","public","","DolocTown.MonsterAttackBehaviours.IMonsterAttackBehaviourPhysical | DolocTown.MonsterAttackBehaviours.IMonsterAttackBehaviour | DolocTown.MonsterAttackBehaviours.IHasDamage | DolocTown.MonsterAttackBehaviours.IHasReadyAction","True","False","","3","0","3","0","0x02000993"
"DolocTown.MonsterAttackBehaviours","IChomperBite","DolocTown.MonsterAttackBehaviours.IChomperBite","interface","public","","DolocTown.MonsterAttackBehaviours.IMonsterAttackBehaviourPhysical | DolocTown.MonsterAttackBehaviours.IMonsterAttackBehaviour | DolocTown.MonsterAttackBehaviours.IHasDamage | DolocTown.MonsterAttackBehaviours.IHasReadyAction","True","False","","2","0","2","0","0x02000994"
"DolocTown.MonsterAttackBehaviours","IChomperMimicry","DolocTown.MonsterAttackBehaviours.IChomperMimicry","interface","public","","DolocTown.MonsterAttackBehaviours.IMonsterAttackBehaviourSkill | DolocTown.MonsterAttackBehaviours.IMonsterAttackBehaviour | DolocTown.MonsterAttackBehaviours.IHasDamage | DolocTown.MonsterAttackBehaviours.IHasReadyAction","True","False","","1","0","1","0","0x02000995"
"DolocTown.MonsterAttackBehaviours","IFungusShoot","DolocTown.MonsterAttackBehaviours.IFungusShoot","interface","public","","DolocTown.MonsterAttackBehaviours.IMonsterAttackBehaviourBullet | DolocTown.MonsterAttackBehaviours.IMonsterAttackBehaviour | DolocTown.MonsterAttackBehaviours.IHasDamage | DolocTown.MonsterAttackBehaviours.IHasBullet | DolocTown.MonsterAttackBehaviours.IHasReadyAction","True","False","","0","0","0","0","0x02000996"
"DolocTown.MonsterAttackBehaviours","MonsterAttackBehaviourUtils","DolocTown.MonsterAttackBehaviours.MonsterAttackBehaviourUtils","static class","public","System.Object","","True","True","","1","0","0","0","0x02000997"
"","<>c__DisplayClass0_0","DolocTown.MonsterAttackBehaviours.MonsterAttackBehaviourUtils/<>c__DisplayClass0_0","class","private","System.Object","","False","True","DolocTown.MonsterAttackBehaviours.MonsterAttackBehaviourUtils","2","1","0","0","0x02001227"
"DolocTown.MonsterAttackBehaviours","MonsterAttackBehaviourFungusShoot","DolocTown.MonsterAttackBehaviours.MonsterAttackBehaviourFungusShoot","class","public","DolocTown.MonsterAttackBehaviourBullet","","False","False","","4","2","0","0","0x02000998"
"DolocTown.MonsterAttackBehaviours","MonsterAttackHelperAnim","DolocTown.MonsterAttackBehaviours.MonsterAttackHelperAnim","class","public","System.Object","","False","False","","4","5","0","0","0x02000999"
"DolocTown.MonsterAttackBehaviours","MonsterAttackHelperTween","DolocTown.MonsterAttackBehaviours.MonsterAttackHelperTween","class","public","System.Object","","False","False","","6","2","0","0","0x0200099A"
"","<>c__DisplayClass6_0","DolocTown.MonsterAttackBehaviours.MonsterAttackHelperTween/<>c__DisplayClass6_0","class","private","System.Object","","False","True","DolocTown.MonsterAttackBehaviours.MonsterAttackHelperTween","2","2","0","0","0x02001228"
"DolocTown.GameData","MissionContentHandle","DolocTown.GameData.MissionContentHandle","class","public","System.Object","","True","False","","11","0","6","0","0x0200099B"
"DolocTown.GameData","MissionContentHandleMulti","DolocTown.GameData.MissionContentHandleMulti","class","public","DolocTown.GameData.MissionContentHandle","","False","False","","16","3","8","0","0x0200099C"
"","<>c","DolocTown.GameData.MissionContentHandleMulti/<>c","class","private","System.Object","","False","True","DolocTown.GameData.MissionContentHandleMulti","8","7","0","0","0x02001229"
"DolocTown.GameData","MissionContentHandleSingle","DolocTown.GameData.MissionContentHandleSingle","class","public","DolocTown.GameData.MissionContentHandle","","False","False","","12","1","6","0","0x0200099D"
"DolocTown.GameData","ElectronicComponentGeneratorFuel","DolocTown.GameData.ElectronicComponentGeneratorFuel","class","public","DolocTown.ElectronicComponentGenerator","","False","False","","10","2","5","0","0x0200099E"
"DolocTown.GameData","EquipmentWorkbench","DolocTown.GameData.EquipmentWorkbench","class","public","DolocTown.Equipment","","False","False","","6","0","0","0","0x0200099F"
"DolocTown.GameData","Workbench","DolocTown.GameData.Workbench","class","public","DolocTown.Equipment","","False","False","","8","2","1","0","0x020009A0"
"DolocTown.GameData","TechLevelData","DolocTown.GameData.TechLevelData","class","public","System.Object","","False","False","","21","6","12","0","0x020009A1"
"DolocTown.GameData","DepthFogConfigSO","DolocTown.GameData.DepthFogConfigSO","class","public","Sirenix.OdinInspector.SerializedScriptableObject","","False","False","","7","4","4","0","0x020009A2"
"DolocTown.GameData","ExpressDronePerformance","DolocTown.GameData.ExpressDronePerformance","struct","public","System.ValueType","","False","True","","1","3","0","0","0x020009A3"
"DolocTown.GameData","ExpressDroneConfig","DolocTown.GameData.ExpressDroneConfig","class","public","UnityEngine.ScriptableObject","","False","False","","1","3","0","0","0x020009A4"
"DolocTown.GameData","WaveParam","DolocTown.GameData.WaveParam","struct","public","System.ValueType","","False","True","","0","2","0","0","0x020009A5"
"DolocTown.GameData","WaterParamSO","DolocTown.GameData.WaterParamSO","class","public","UnityEngine.ScriptableObject","","False","False","","2","25","1","0","0x020009A6"
"DolocTown.GameData","EmotionName","DolocTown.GameData.EmotionName","enum","public","System.Enum","","False","True","","0","14","0","0","0x020009A7"
"DolocTown.GameData","ISwitchSchedule","DolocTown.GameData.ISwitchSchedule","interface","public","","","True","False","","1","0","0","0","0x020009A8"
"DolocTown.GameData","ISwitchScheduleNode","DolocTown.GameData.ISwitchScheduleNode","interface","public","","","True","False","","0","0","0","0","0x020009A9"
"DolocTown.GameData","ISwitchScheduleNodeFilter","DolocTown.GameData.ISwitchScheduleNodeFilter","interface","public","","DolocTown.GameData.ISwitchScheduleNode","True","False","","2","0","1","0","0x020009AA"
"DolocTown.GameData","ISwitchScheduleNodeTarget","DolocTown.GameData.ISwitchScheduleNodeTarget","interface","public","","DolocTown.GameData.ISwitchScheduleNode","True","False","","1","0","1","0","0x020009AB"
"DolocTown.GameData","SwitchScheduleParams","DolocTown.GameData.SwitchScheduleParams","struct","public","System.ValueType","","False","True","","1","2","0","0","0x020009AC"
"DolocTown.GameData","CityRoomDatabase","DolocTown.GameData.CityRoomDatabase","class","public","System.Object","","False","False","","8","3","2","0","0x020009AD"
"DolocTown.GameData","MissionContent","DolocTown.GameData.MissionContent","class","public","System.Object","","True","False","","2","0","0","0","0x020009AE"
"DolocTown.GameData","MissionContentMulti","DolocTown.GameData.MissionContentMulti","class","public","DolocTown.GameData.MissionContent","","False","False","","2","2","0","0","0x020009AF"
"","RequireMode","DolocTown.GameData.MissionContentMulti/RequireMode","enum","public","System.Enum","","False","True","DolocTown.GameData.MissionContentMulti","0","3","0","0","0x0200122A"
"DolocTown.GameData","MissionContentSingle","DolocTown.GameData.MissionContentSingle","class","public","DolocTown.GameData.MissionContent","","False","False","","2","1","0","0","0x020009B0"
"DolocTown.GameData","MissionLog","DolocTown.GameData.MissionLog","struct","public","System.ValueType","","False","True","","3","3","0","0","0x020009B1"
"DolocTown.GameData","MissionAttachModule","DolocTown.GameData.MissionAttachModule","class","public","System.Object","","True","False","","5","0","0","0","0x020009B2"
"DolocTown.GameData","MissionAttachModule_TimeAction","DolocTown.GameData.MissionAttachModule_TimeAction","class","public","DolocTown.GameData.MissionAttachModule","","False","False","","6","2","0","0","0x020009B3"
"","TimingType","DolocTown.GameData.MissionAttachModule_TimeAction/TimingType","enum","public","System.Enum","","False","True","DolocTown.GameData.MissionAttachModule_TimeAction","0","5","0","0","0x0200122B"
"","ActionType","DolocTown.GameData.MissionAttachModule_TimeAction/ActionType","enum","public","System.Enum","","False","True","DolocTown.GameData.MissionAttachModule_TimeAction","0","2","0","0","0x0200122C"
"DolocTown.GameData","MissionRequire","DolocTown.GameData.MissionRequire","class","public","System.Object","","True","False","","2","0","0","0","0x020009B4"
"DolocTown.GameData","MissionRequire_Graph","DolocTown.GameData.MissionRequire_Graph","class","public","DolocTown.GameData.MissionRequire","","False","False","","5","7","1","0","0x020009B5"
"DolocTown.GameData","MissionRequire_Simple","DolocTown.GameData.MissionRequire_Simple","class","public","DolocTown.GameData.MissionRequire","","False","False","","3","3","1","0","0x020009B6"
"","Handle","DolocTown.GameData.MissionRequire_Simple/Handle","class","public","DolocTown.GameData.MissionRequireHandle","","False","False","DolocTown.GameData.MissionRequire_Simple","10","2","4","0","0x0200122D"
"DolocTown.GameData","MissionRequireHandle","DolocTown.GameData.MissionRequireHandle","class","public","System.Object","","True","False","","10","1","5","0","0x020009B7"
"DolocTown.GameData","MissionRequireHandle_Graph","DolocTown.GameData.MissionRequireHandle_Graph","class","public","DolocTown.GameData.MissionRequireHandle","","False","False","","11","2","5","0","0x020009B8"
"DolocTown.GameData","StringCompareMethod","DolocTown.GameData.StringCompareMethod","enum","public","System.Enum","","False","True","","0","4","0","0","0x020009B9"
"DolocTown.GameData","MissionUtils","DolocTown.GameData.MissionUtils","static class","public","System.Object","","True","True","","2","0","0","0","0x020009BA"
"DolocTown.GameData","MissionArgsType","DolocTown.GameData.MissionArgsType","enum","public","System.Enum","","False","True","","0","5","0","0","0x020009BB"
"DolocTown.GameData","INpcScheduleNode","DolocTown.GameData.INpcScheduleNode","interface","public","","","True","False","","0","0","0","0","0x020009BC"
"DolocTown.GameData","INpcScheduleNodeFilter","DolocTown.GameData.INpcScheduleNodeFilter","interface","public","","DolocTown.GameData.INpcScheduleNode","True","False","","2","0","1","0","0x020009BD"
"DolocTown.GameData","INpcScheduleNodeTargetScene","DolocTown.GameData.INpcScheduleNodeTargetScene","interface","public","","DolocTown.GameData.INpcScheduleNode","True","False","","2","0","2","0","0x020009BE"
"DolocTown.GameData","INpcScheduleGraph","DolocTown.GameData.INpcScheduleGraph","interface","public","","","True","False","","2","0","0","0","0x020009BF"
"DolocTown.GameData","NpcScheduleParams","DolocTown.GameData.NpcScheduleParams","struct","public","System.ValueType","","False","True","","1","2","0","0","0x020009C0"
"DolocTown.GameData","NpcScheduleResult","DolocTown.GameData.NpcScheduleResult","struct","public","System.ValueType","","False","True","","1","4","0","0","0x020009C1"
"DolocTown.GameData","NpcScheduleWorkType","DolocTown.GameData.NpcScheduleWorkType","enum","public","System.Enum","","False","True","","0","7","0","0","0x020009C2"
"DolocTown.GameData","NpcScheduleWork","DolocTown.GameData.NpcScheduleWork","class","public","System.Object","","True","False","","7","1","2","0","0x020009C3"
"DolocTown.GameData","NpcScheduleWorkStreet","DolocTown.GameData.NpcScheduleWorkStreet","class","public","DolocTown.GameData.NpcScheduleWork","","False","False","","3","0","1","0","0x020009C4"
"DolocTown.GameData","NpcScheduleWorkWork","DolocTown.GameData.NpcScheduleWorkWork","class","public","DolocTown.GameData.NpcScheduleWork","","False","False","","3","0","1","0","0x020009C5"
"DolocTown.GameData","NpcScheduleWorkRest","DolocTown.GameData.NpcScheduleWorkRest","class","public","DolocTown.GameData.NpcScheduleWork","","False","False","","3","0","1","0","0x020009C6"
"DolocTown.GameData","DungeonResourceFlag","DolocTown.GameData.DungeonResourceFlag","enum","public","System.Enum","","False","True","","0","5","0","0","0x020009C7"
"DolocTown.GameData","NpcScheduleWorkFellResource","DolocTown.GameData.NpcScheduleWorkFellResource","class","public","DolocTown.GameData.NpcScheduleWork","","False","False","","5","9","1","0","0x020009C8"
"","<>c","DolocTown.GameData.NpcScheduleWorkFellResource/<>c","class","private","System.Object","","False","True","DolocTown.GameData.NpcScheduleWorkFellResource","3","2","0","0","0x0200122E"
"","<>c__DisplayClass13_0","DolocTown.GameData.NpcScheduleWorkFellResource/<>c__DisplayClass13_0","class","private","System.Object","","False","True","DolocTown.GameData.NpcScheduleWorkFellResource","3","2","0","0","0x0200122F"
"DolocTown.GameData","NpcScheduleWorkPlant","DolocTown.GameData.NpcScheduleWorkPlant","class","public","DolocTown.GameData.NpcScheduleWork","","False","False","","7","6","1","0","0x020009C9"
"","SeedFlag","DolocTown.GameData.NpcScheduleWorkPlant/SeedFlag","enum","private","System.Enum","","False","True","DolocTown.GameData.NpcScheduleWorkPlant","0","4","0","0","0x02001230"
"","<>c","DolocTown.GameData.NpcScheduleWorkPlant/<>c","class","private","System.Object","","False","True","DolocTown.GameData.NpcScheduleWorkPlant","3","2","0","0","0x02001231"
"","<>c__DisplayClass11_0","DolocTown.GameData.NpcScheduleWorkPlant/<>c__DisplayClass11_0","class","private","System.Object","","False","True","DolocTown.GameData.NpcScheduleWorkPlant","2","2","0","0","0x02001232"
"","<>c__DisplayClass13_0","DolocTown.GameData.NpcScheduleWorkPlant/<>c__DisplayClass13_0","class","private","System.Object","","False","True","DolocTown.GameData.NpcScheduleWorkPlant","2","4","0","0","0x02001233"
"","<>c__DisplayClass13_1","DolocTown.GameData.NpcScheduleWorkPlant/<>c__DisplayClass13_1","class","private","System.Object","","False","True","DolocTown.GameData.NpcScheduleWorkPlant","2","2","0","0","0x02001234"
"DolocTown.GameData","NpcScheduleWorkRelax","DolocTown.GameData.NpcScheduleWorkRelax","class","public","DolocTown.GameData.NpcScheduleWork","","False","False","","3","0","1","0","0x020009CA"
"DolocTown.GameData","RewardProto","DolocTown.GameData.RewardProto","struct","public","System.ValueType","","False","True","","1","3","0","0","0x020009CB"
"DolocTown.GameData","RoutineNode_Action","DolocTown.GameData.RoutineNode_Action","class","public","DolocTown.GameData.RoutineNode","NodeCanvas.Framework.ITaskAssignable`1<DolocTown.NodeCanvas.DialogueTask> | NodeCanvas.Framework.ITaskAssignable | NodeCanvas.Framework.IGraphElement","False","False","","11","1","7","0","0x020009CC"
"DolocTown.GameData","RoutineNode","DolocTown.GameData.RoutineNode","class","public","DolocTown.NodeCanvas.HorizontalLinkedNode","","True","False","","8","0","7","0","0x020009CD"
"DolocTown.GameData","TransactionScheduleConnection","DolocTown.GameData.TransactionScheduleConnection","class","public","DolocTown.NodeCanvas.HorizontalLinkedConnection","","False","False","","3","2","2","0","0x020009CE"
"DolocTown.GameData","RoutineNodeEntrance","DolocTown.GameData.RoutineNodeEntrance","class","public","DolocTown.GameData.RoutineNode","","False","False","","4","0","2","0","0x020009CF"
"DolocTown.GameData","RoutineNode_Trigger","DolocTown.GameData.RoutineNode_Trigger","class","public","DolocTown.GameData.RoutineNode","","False","False","","6","3","3","0","0x020009D0"
"DolocTown.GameData","RoutineGraph","DolocTown.GameData.RoutineGraph","class","public","NodeCanvas.Framework.Graph","DolocTown.IMessageReceiver","False","False","","8","1","6","0","0x020009D1"
"DolocTown.GameData","SimpleDatabase`1","DolocTown.GameData.SimpleDatabase`1","class","public","System.Object","","False","False","","12","3","4","0","0x020009D2"
"","<get_totalValues>d__9","DolocTown.GameData.SimpleDatabase`1/<get_totalValues>d__9","class","private","System.Object","System.Collections.Generic.IEnumerable`1<T> | System.Collections.IEnumerable | System.Collections.Generic.IEnumerator`1<T> | System.Collections.IEnumerator | System.IDisposable","False","True","DolocTown.GameData.SimpleDatabase`1","10","5","2","0","0x02001235"
"DolocTown.GameData","EnumDatabase`2","DolocTown.GameData.EnumDatabase`2","class","public","System.Object","","False","False","","8","5","2","0","0x020009D3"
"DolocTown.GameData","DungeonDatabase","DolocTown.GameData.DungeonDatabase","class","public","System.Object","","False","False","","5","1","1","0","0x020009D4"
"DolocTown.GameData","DungeonProto","DolocTown.GameData.DungeonProto","class","public","System.Object","","False","False","","2","8","0","0","0x020009D5"
"DolocTown.GameData","MonsterGenInfoProto","DolocTown.GameData.MonsterGenInfoProto","struct","public","System.ValueType","","False","True","","10","3","3","0","0x020009D6"
"DolocTown.GameData","ResourceGenInfoProto","DolocTown.GameData.ResourceGenInfoProto","struct","public","System.ValueType","","False","True","","2","3","0","0","0x020009D7"
"DolocTown.GameData","ResourceGenInfoSO","DolocTown.GameData.ResourceGenInfoSO","class","public","System.Object","","False","False","","3","2","0","0","0x020009D8"
"DolocTown.GameData","DungeonSO","DolocTown.GameData.DungeonSO","class","public","UnityEngine.ScriptableObject","","False","False","","5","4","2","0","0x020009D9"
"","<get_AllRoomNames>d__5","DolocTown.GameData.DungeonSO/<get_AllRoomNames>d__5","class","private","System.Object","System.Collections.Generic.IEnumerable`1<System.String> | System.Collections.IEnumerable | System.Collections.Generic.IEnumerator`1<System.String> | System.Collections.IEnumerator | System.IDisposable","False","True","DolocTown.GameData.DungeonSO","9","5","2","0","0x02001236"
"DolocTown.GameData","Vector2PositionList","DolocTown.GameData.Vector2PositionList","struct","public","System.ValueType","","False","True","","1","1","0","0","0x020009DA"
"DolocTown.GameData","MonsterGenInfoSO","DolocTown.GameData.MonsterGenInfoSO","class","public","System.Object","","False","False","","3","3","2","0","0x020009DB"
"DolocTown.GameData","IMonsterMoverProto","DolocTown.GameData.IMonsterMoverProto","interface","public","","","True","False","","3","0","3","0","0x020009DC"
"DolocTown.GameData","IMonsterMoverProtoCtxSteering","DolocTown.GameData.IMonsterMoverProtoCtxSteering","interface","public","","DolocTown.GameData.IMonsterMoverProto","True","False","","9","0","9","0","0x020009DD"
"DolocTown.GameData","IMonsterMoverProtoDoTween","DolocTown.GameData.IMonsterMoverProtoDoTween","interface","public","","DolocTown.GameData.IMonsterMoverProto","True","False","","2","0","2","0","0x020009DE"
"DolocTown.GameData","IMonsterMoverProtoGround","DolocTown.GameData.IMonsterMoverProtoGround","interface","public","","DolocTown.GameData.IMonsterMoverProto","True","False","","3","0","3","0","0x020009DF"
"DolocTown.GameData","IMonsterMoverProtoNone","DolocTown.GameData.IMonsterMoverProtoNone","interface","public","","DolocTown.GameData.IMonsterMoverProto","True","False","","0","0","0","0","0x020009E0"
"DolocTown.GameData","IMonsterMoverProtoShuttle","DolocTown.GameData.IMonsterMoverProtoShuttle","interface","public","","DolocTown.GameData.IMonsterMoverProto","True","False","","2","0","2","0","0x020009E1"
"DolocTown.GameData","IPathFinderProto","DolocTown.GameData.IPathFinderProto","interface","public","","","True","False","","1","0","0","0","0x020009E2"
"DolocTown.GameData","MonsterDatabase","DolocTown.GameData.MonsterDatabase","class","public","System.Object","","False","False","","5","1","2","0","0x020009E3"
"DolocTown.GameData","MonsterLut","DolocTown.GameData.MonsterLut","struct","public","System.ValueType","","False","True","","3","4","2","0","0x020009E4"
"DolocTown.GameData","MonsterProto","DolocTown.GameData.MonsterProto","struct","public","System.ValueType","DolocTown.GameData.ISpawnedItem","False","True","","14","3","13","0","0x020009E5"
"DolocTown.GameData","MonsterMoverProto","DolocTown.GameData.MonsterMoverProto","class","public","System.Object","","True","False","","1","3","0","0","0x020009E6"
"DolocTown.GameData","MonsterMoverProtoCtxSteering","DolocTown.GameData.MonsterMoverProtoCtxSteering","class","public","DolocTown.GameData.MonsterMoverProto","","False","False","","1","10","0","0","0x020009E7"
"DolocTown.GameData","MonsterMoverProtoDoTween","DolocTown.GameData.MonsterMoverProtoDoTween","class","public","DolocTown.GameData.MonsterMoverProto","","False","False","","1","2","0","0","0x020009E8"
"DolocTown.GameData","MonsterMoverProtoGround","DolocTown.GameData.MonsterMoverProtoGround","class","public","DolocTown.GameData.MonsterMoverProto","","False","False","","1","3","0","0","0x020009E9"
"DolocTown.GameData","MonsterMoverProtoNone","DolocTown.GameData.MonsterMoverProtoNone","class","public","DolocTown.GameData.MonsterMoverProto","","False","False","","1","0","0","0","0x020009EA"
"DolocTown.GameData","MonsterMoverProtoShuttle","DolocTown.GameData.MonsterMoverProtoShuttle","class","public","DolocTown.GameData.MonsterMoverProto","","False","False","","1","2","0","0","0x020009EB"
"DolocTown.GameData","PathFinderProto","DolocTown.GameData.PathFinderProto","class","public","System.Object","","True","False","","2","0","0","0","0x020009EC"
"DolocTown.GameData","PathFinderProtoAir","DolocTown.GameData.PathFinderProtoAir","class","public","DolocTown.GameData.PathFinderProto","","False","False","","2","1","0","0","0x020009ED"
"DolocTown.GameData","PathFinderProtoEmpty","DolocTown.GameData.PathFinderProtoEmpty","class","public","DolocTown.GameData.PathFinderProto","","False","False","","2","0","0","0","0x020009EE"
"DolocTown.GameData","PathFinderProtoGround","DolocTown.GameData.PathFinderProtoGround","class","public","DolocTown.GameData.PathFinderProto","","False","False","","2","4","0","0","0x020009EF"
"DolocTown.GameData","PathFinderProtoShuttle","DolocTown.GameData.PathFinderProtoShuttle","class","public","DolocTown.GameData.PathFinderProto","","False","False","","2","1","0","0","0x020009F0"
"DolocTown.GameData","MabSoAngryThrow","DolocTown.GameData.MabSoAngryThrow","class","public","DolocTown.GameData.MonsterAttackBehaviourSOBullet","DolocTown.MonsterAttackBehaviours.IAngryThrow | DolocTown.MonsterAttackBehaviours.IMonsterAttackBehaviourBullet | DolocTown.MonsterAttackBehaviours.IMonsterAttackBehaviour | DolocTown.MonsterAttackBehaviours.IHasDamage | DolocTown.MonsterAttackBehaviours.IHasBullet | DolocTown.MonsterAttackBehaviours.IHasReadyAction","False","False","","4","3","3","0","0x020009F1"
"DolocTown.GameData","MabSoBombingDive","DolocTown.GameData.MabSoBombingDive","class","public","DolocTown.GameData.MonsterAttackBehaviourSOBullet","DolocTown.MonsterAttackBehaviours.IBombingDive | DolocTown.MonsterAttackBehaviours.IMonsterAttackBehaviourBullet | DolocTown.MonsterAttackBehaviours.IMonsterAttackBehaviour | DolocTown.MonsterAttackBehaviours.IHasDamage | DolocTown.MonsterAttackBehaviours.IHasBullet | DolocTown.MonsterAttackBehaviours.IHasReadyAction | DolocTown.MonsterAttackBehaviours.IHasDash","False","False","","8","7","7","0","0x020009F2"
"DolocTown.GameData","MabSoDragonShoot","DolocTown.GameData.MabSoDragonShoot","class","public","DolocTown.GameData.MonsterAttackBehaviourSOBullet","DolocTown.MonsterAttackBehaviours.IDragonShoot | DolocTown.MonsterAttackBehaviours.IMonsterAttackBehaviourBullet | DolocTown.MonsterAttackBehaviours.IMonsterAttackBehaviour | DolocTown.MonsterAttackBehaviours.IHasDamage | DolocTown.MonsterAttackBehaviours.IHasBullet | DolocTown.MonsterAttackBehaviours.IHasReadyAction","False","False","","5","4","4","0","0x020009F3"
"DolocTown.GameData","MabSoBulletTrain","DolocTown.GameData.MabSoBulletTrain","class","public","DolocTown.GameData.MonsterAttackBehaviourSOBullet","DolocTown.MonsterAttackBehaviours.IBulletTrain | DolocTown.MonsterAttackBehaviours.IMonsterAttackBehaviourBullet | DolocTown.MonsterAttackBehaviours.IMonsterAttackBehaviour | DolocTown.MonsterAttackBehaviours.IHasDamage | DolocTown.MonsterAttackBehaviours.IHasBullet | DolocTown.MonsterAttackBehaviours.IHasReadyAction","False","False","","7","6","6","0","0x020009F4"
"DolocTown.GameData","MabSoMultiShoot","DolocTown.GameData.MabSoMultiShoot","class","public","DolocTown.GameData.MonsterAttackBehaviourSOBullet","DolocTown.MonsterAttackBehaviours.IMultiShoot | DolocTown.MonsterAttackBehaviours.IMonsterAttackBehaviourBullet | DolocTown.MonsterAttackBehaviours.IMonsterAttackBehaviour | DolocTown.MonsterAttackBehaviours.IHasDamage | DolocTown.MonsterAttackBehaviours.IHasBullet | DolocTown.MonsterAttackBehaviours.IHasReadyAction","False","False","","3","2","2","0","0x020009F5"
"DolocTown.GameData","RandomShoot","DolocTown.GameData.RandomShoot","class","public","DolocTown.GameData.MonsterAttackBehaviourSOBullet","DolocTown.MonsterAttackBehaviours.IRandomShoot | DolocTown.MonsterAttackBehaviours.IMonsterAttackBehaviourBullet | DolocTown.MonsterAttackBehaviours.IMonsterAttackBehaviour | DolocTown.MonsterAttackBehaviours.IHasDamage | DolocTown.MonsterAttackBehaviours.IHasBullet | DolocTown.MonsterAttackBehaviours.IHasReadyAction","False","False","","3","2","2","0","0x020009F6"
"DolocTown.GameData","MabSoSalvoShoot","DolocTown.GameData.MabSoSalvoShoot","class","public","DolocTown.GameData.MonsterAttackBehaviourSOBullet","DolocTown.MonsterAttackBehaviours.ISalvoShoot | DolocTown.MonsterAttackBehaviours.IMonsterAttackBehaviourBullet | DolocTown.MonsterAttackBehaviours.IMonsterAttackBehaviour | DolocTown.MonsterAttackBehaviours.IHasDamage | DolocTown.MonsterAttackBehaviours.IHasBullet | DolocTown.MonsterAttackBehaviours.IHasReadyAction","False","False","","4","3","3","0","0x020009F7"
"DolocTown.GameData","MabSoScatteringShoot","DolocTown.GameData.MabSoScatteringShoot","class","public","DolocTown.GameData.MonsterAttackBehaviourSOBullet","DolocTown.MonsterAttackBehaviours.IScatteringShoot | DolocTown.MonsterAttackBehaviours.IMonsterAttackBehaviourBullet | DolocTown.MonsterAttackBehaviours.IMonsterAttackBehaviour | DolocTown.MonsterAttackBehaviours.IHasDamage | DolocTown.MonsterAttackBehaviours.IHasBullet | DolocTown.MonsterAttackBehaviours.IHasReadyAction","False","False","","8","5","6","0","0x020009F8"
"DolocTown.GameData","MabSoScatteringThrow","DolocTown.GameData.MabSoScatteringThrow","class","public","DolocTown.GameData.MonsterAttackBehaviourSOBullet","DolocTown.MonsterAttackBehaviours.IScatteringThrow | DolocTown.MonsterAttackBehaviours.IMonsterAttackBehaviourBullet | DolocTown.MonsterAttackBehaviours.IMonsterAttackBehaviour | DolocTown.MonsterAttackBehaviours.IHasDamage | DolocTown.MonsterAttackBehaviours.IHasBullet | DolocTown.MonsterAttackBehaviours.IHasReadyAction","False","False","","5","4","4","0","0x020009F9"
"DolocTown.GameData","MabSoShoot","DolocTown.GameData.MabSoShoot","class","public","DolocTown.GameData.MonsterAttackBehaviourSOBullet","DolocTown.MonsterAttackBehaviours.IShoot | DolocTown.MonsterAttackBehaviours.IMonsterAttackBehaviourBullet | DolocTown.MonsterAttackBehaviours.IMonsterAttackBehaviour | DolocTown.MonsterAttackBehaviours.IHasDamage | DolocTown.MonsterAttackBehaviours.IHasBullet | DolocTown.MonsterAttackBehaviours.IHasReadyAction","False","False","","2","1","1","0","0x020009FA"
"DolocTown.GameData","MonsterAttackBehaviourSO","DolocTown.GameData.MonsterAttackBehaviourSO","class","public","System.Object","DolocTown.MonsterAttackBehaviours.IMonsterAttackBehaviour","True","False","","6","3","3","0","0x020009FB"
"DolocTown.GameData","MonsterAttackBehaviourSOBullet","DolocTown.GameData.MonsterAttackBehaviourSOBullet","class","public","DolocTown.GameData.MonsterAttackBehaviourSO","DolocTown.MonsterAttackBehaviours.IMonsterAttackBehaviourBullet | DolocTown.MonsterAttackBehaviours.IMonsterAttackBehaviour | DolocTown.MonsterAttackBehaviours.IHasDamage | DolocTown.MonsterAttackBehaviours.IHasBullet | DolocTown.MonsterAttackBehaviours.IHasReadyAction","True","False","","14","10","11","0","0x020009FC"
"DolocTown.GameData","MonsterAttackBehaviourSOPhysical","DolocTown.GameData.MonsterAttackBehaviourSOPhysical","class","public","DolocTown.GameData.MonsterAttackBehaviourSO","DolocTown.MonsterAttackBehaviours.IMonsterAttackBehaviourPhysical | DolocTown.MonsterAttackBehaviours.IMonsterAttackBehaviour | DolocTown.MonsterAttackBehaviours.IHasDamage | DolocTown.MonsterAttackBehaviours.IHasReadyAction","True","False","","6","4","4","0","0x020009FD"
"DolocTown.GameData","MonsterAttackBehaviourSOSkill","DolocTown.GameData.MonsterAttackBehaviourSOSkill","class","public","DolocTown.GameData.MonsterAttackBehaviourSO","DolocTown.MonsterAttackBehaviours.IMonsterAttackBehaviourSkill | DolocTown.MonsterAttackBehaviours.IMonsterAttackBehaviour | DolocTown.MonsterAttackBehaviours.IHasDamage | DolocTown.MonsterAttackBehaviours.IHasReadyAction","True","False","","7","5","5","0","0x020009FE"
"DolocTown.GameData","MabSoAmoebaJumpAttack","DolocTown.GameData.MabSoAmoebaJumpAttack","class","public","DolocTown.GameData.MonsterAttackBehaviourSOPhysical","DolocTown.MonsterAttackBehaviours.IAmoebaJumpAttack | DolocTown.MonsterAttackBehaviours.IMonsterAttackBehaviourPhysical | DolocTown.MonsterAttackBehaviours.IMonsterAttackBehaviour | DolocTown.MonsterAttackBehaviours.IHasDamage | DolocTown.MonsterAttackBehaviours.IHasReadyAction","False","False","","5","3","3","0","0x020009FF"
"DolocTown.GameData","MabSoChomperBite","DolocTown.GameData.MabSoChomperBite","class","public","DolocTown.GameData.MonsterAttackBehaviourSOPhysical","DolocTown.MonsterAttackBehaviours.IChomperBite | DolocTown.MonsterAttackBehaviours.IMonsterAttackBehaviourPhysical | DolocTown.MonsterAttackBehaviours.IMonsterAttackBehaviour | DolocTown.MonsterAttackBehaviours.IHasDamage | DolocTown.MonsterAttackBehaviours.IHasReadyAction","False","False","","4","3","3","0","0x02000A00"
"","<get_AvailableAnims>d__2","DolocTown.GameData.MabSoChomperBite/<get_AvailableAnims>d__2","class","private","System.Object","System.Collections.Generic.IEnumerable`1<System.String> | System.Collections.IEnumerable | System.Collections.Generic.IEnumerator`1<System.String> | System.Collections.IEnumerator | System.IDisposable","False","True","DolocTown.GameData.MabSoChomperBite","8","6","2","0","0x02001237"
"DolocTown.GameData","MabSoImpact","DolocTown.GameData.MabSoImpact","class","public","DolocTown.GameData.MonsterAttackBehaviourSOPhysical","DolocTown.MonsterAttackBehaviours.IImpact | DolocTown.MonsterAttackBehaviours.IMonsterAttackBehaviourPhysical | DolocTown.MonsterAttackBehaviours.IMonsterAttackBehaviour | DolocTown.MonsterAttackBehaviours.IHasDamage | DolocTown.MonsterAttackBehaviours.IHasReadyAction | DolocTown.MonsterAttackBehaviours.IHasDash","False","False","","6","5","5","0","0x02000A01"
"DolocTown.GameData","MabSoMultiImpact","DolocTown.GameData.MabSoMultiImpact","class","public","DolocTown.GameData.MabSoImpact","DolocTown.MonsterAttackBehaviours.IMultiImpact | DolocTown.MonsterAttackBehaviours.IImpact | DolocTown.MonsterAttackBehaviours.IMonsterAttackBehaviourPhysical | DolocTown.MonsterAttackBehaviours.IMonsterAttackBehaviour | DolocTown.MonsterAttackBehaviours.IHasDamage | DolocTown.MonsterAttackBehaviours.IHasReadyAction | DolocTown.MonsterAttackBehaviours.IHasDash","False","False","","2","1","1","0","0x02000A02"
"DolocTown.GameData","MabSoSting","DolocTown.GameData.MabSoSting","class","public","DolocTown.GameData.MonsterAttackBehaviourSOPhysical","DolocTown.MonsterAttackBehaviours.ISting | DolocTown.MonsterAttackBehaviours.IMonsterAttackBehaviourPhysical | DolocTown.MonsterAttackBehaviours.IMonsterAttackBehaviour | DolocTown.MonsterAttackBehaviours.IHasDamage | DolocTown.MonsterAttackBehaviours.IHasReadyAction | DolocTown.MonsterAttackBehaviours.IHasDash","False","False","","6","5","5","0","0x02000A03"
"DolocTown.GameData","MabSoBomb","DolocTown.GameData.MabSoBomb","class","public","DolocTown.GameData.MonsterAttackBehaviourSOSkill","DolocTown.MonsterAttackBehaviours.IBomb | DolocTown.MonsterAttackBehaviours.IMonsterAttackBehaviourSkill | DolocTown.MonsterAttackBehaviours.IMonsterAttackBehaviour | DolocTown.MonsterAttackBehaviours.IHasDamage | DolocTown.MonsterAttackBehaviours.IHasReadyAction","False","False","","4","2","2","0","0x02000A04"
"DolocTown.GameData","MabSoChomperMimicry","DolocTown.GameData.MabSoChomperMimicry","class","public","DolocTown.GameData.MonsterAttackBehaviourSOSkill","DolocTown.MonsterAttackBehaviours.IChomperMimicry | DolocTown.MonsterAttackBehaviours.IMonsterAttackBehaviourSkill | DolocTown.MonsterAttackBehaviours.IMonsterAttackBehaviour | DolocTown.MonsterAttackBehaviours.IHasDamage | DolocTown.MonsterAttackBehaviours.IHasReadyAction","False","False","","2","1","1","0","0x02000A05"
"DolocTown.GameData","MabSoLandmine","DolocTown.GameData.MabSoLandmine","class","public","DolocTown.GameData.MonsterAttackBehaviourSOSkill","DolocTown.MonsterAttackBehaviours.ILandmine | DolocTown.MonsterAttackBehaviours.IMonsterAttackBehaviourSkill | DolocTown.MonsterAttackBehaviours.IMonsterAttackBehaviour | DolocTown.MonsterAttackBehaviours.IHasDamage | DolocTown.MonsterAttackBehaviours.IHasReadyAction","False","False","","6","4","4","0","0x02000A06"
"DolocTown.GameData","MabSoTimeBomb","DolocTown.GameData.MabSoTimeBomb","class","public","DolocTown.GameData.MonsterAttackBehaviourSOSkill","DolocTown.MonsterAttackBehaviours.ITimeBomb | DolocTown.MonsterAttackBehaviours.IMonsterAttackBehaviourSkill | DolocTown.MonsterAttackBehaviours.IMonsterAttackBehaviour | DolocTown.MonsterAttackBehaviours.IHasDamage | DolocTown.MonsterAttackBehaviours.IHasReadyAction","False","False","","7","4","5","0","0x02000A07"
"DolocTown.GameData","MabSoCall","DolocTown.GameData.MabSoCall","class","public","DolocTown.GameData.MonsterAttackBehaviourSO","DolocTown.MonsterAttackBehaviours.IMonsterAttackBehaviourCall | DolocTown.MonsterAttackBehaviours.IMonsterAttackBehaviour | DolocTown.MonsterAttackBehaviours.IHasReadyAction","False","False","","6","5","5","0","0x02000A08"
"DolocTown.GameData","MabSoFungusShoot","DolocTown.GameData.MabSoFungusShoot","class","public","DolocTown.GameData.MonsterAttackBehaviourSOBullet","DolocTown.MonsterAttackBehaviours.IFungusShoot | DolocTown.MonsterAttackBehaviours.IMonsterAttackBehaviourBullet | DolocTown.MonsterAttackBehaviours.IMonsterAttackBehaviour | DolocTown.MonsterAttackBehaviours.IHasDamage | DolocTown.MonsterAttackBehaviours.IHasBullet | DolocTown.MonsterAttackBehaviours.IHasReadyAction","False","False","","1","0","0","0","0x02000A09"
"DolocTown.GameData","MonsterSO","DolocTown.GameData.MonsterSO","class","public","Sirenix.OdinInspector.SerializedScriptableObject","","False","False","","4","2","1","0","0x02000A0A"
"DolocTown.GameData","MonsterMoverSO","DolocTown.GameData.MonsterMoverSO","class","public","System.Object","","True","False","","6","3","4","0","0x02000A0B"
"DolocTown.GameData","MonsterMoverSOCtxSteering","DolocTown.GameData.MonsterMoverSOCtxSteering","class","public","DolocTown.GameData.MonsterMoverSO","DolocTown.GameData.IMonsterMoverProtoCtxSteering | DolocTown.GameData.IMonsterMoverProto","False","False","","11","9","9","0","0x02000A0C"
"DolocTown.GameData","MonsterMoverSODoTween","DolocTown.GameData.MonsterMoverSODoTween","class","public","DolocTown.GameData.MonsterMoverSO","DolocTown.GameData.IMonsterMoverProtoDoTween | DolocTown.GameData.IMonsterMoverProto","False","False","","4","2","2","0","0x02000A0D"
"DolocTown.GameData","MonsterMoverSOGround","DolocTown.GameData.MonsterMoverSOGround","class","public","DolocTown.GameData.MonsterMoverSO","DolocTown.GameData.IMonsterMoverProtoGround | DolocTown.GameData.IMonsterMoverProto","False","False","","5","3","3","0","0x02000A0E"
"DolocTown.GameData","MonsterMoverSONone","DolocTown.GameData.MonsterMoverSONone","class","public","DolocTown.GameData.MonsterMoverSO","DolocTown.GameData.IMonsterMoverProtoNone | DolocTown.GameData.IMonsterMoverProto","False","False","","2","0","0","0","0x02000A0F"
"DolocTown.GameData","MonsterMoverSOShuttle","DolocTown.GameData.MonsterMoverSOShuttle","class","public","DolocTown.GameData.MonsterMoverSO","DolocTown.GameData.IMonsterMoverProtoShuttle | DolocTown.GameData.IMonsterMoverProto","False","False","","4","2","2","0","0x02000A10"
"DolocTown.GameData","PathFinderSO","DolocTown.GameData.PathFinderSO","class","public","System.Object","DolocTown.GameData.IPathFinderProto","True","False","","3","0","0","0","0x02000A11"
"DolocTown.GameData","PathFinderSOAir","DolocTown.GameData.PathFinderSOAir","class","public","DolocTown.GameData.PathFinderSO","","False","False","","3","1","0","0","0x02000A12"
"DolocTown.GameData","PathFinderSOEmpty","DolocTown.GameData.PathFinderSOEmpty","class","public","DolocTown.GameData.PathFinderSO","","False","False","","3","0","0","0","0x02000A13"
"DolocTown.GameData","PathFinderSOGround","DolocTown.GameData.PathFinderSOGround","class","public","DolocTown.GameData.PathFinderSO","","False","False","","3","4","0","0","0x02000A14"
"DolocTown.GameData","PathFinderSOShuttle","DolocTown.GameData.PathFinderSOShuttle","class","public","DolocTown.GameData.PathFinderSO","","False","False","","3","1","0","0","0x02000A15"
"DolocTown.GameData","NianConfig","DolocTown.GameData.NianConfig","class","public","UnityEngine.ScriptableObject","","False","False","","2","8","1","0","0x02000A16"
"","<>c","DolocTown.GameData.NianConfig/<>c","class","private","System.Object","","False","True","DolocTown.GameData.NianConfig","3","2","0","0","0x02001238"
"DolocTown.GameData","SkillProto","DolocTown.GameData.SkillProto","class","public","System.Object","","False","False","","1","2","0","0","0x02000A17"
"DolocTown.GameData","SkillSO","DolocTown.GameData.SkillSO","class","public","Sirenix.OdinInspector.SerializedScriptableObject","","False","False","","4","1","1","0","0x02000A18"
"DolocTown.GameData","ISpawnedItem","DolocTown.GameData.ISpawnedItem","interface","public","","","True","False","","2","0","2","0","0x02000A19"
"DolocTown.GameData","SpawnedItemHoldPlace","DolocTown.GameData.SpawnedItemHoldPlace","struct","public","System.ValueType","DolocTown.GameData.ISpawnedItem","False","True","","3","2","2","0","0x02000A1A"
"DolocTown.GameData","SpawnPoint","DolocTown.GameData.SpawnPoint","struct","public","System.ValueType","","False","True","","10","5","2","0","0x02000A1B"
"DolocTown.GameData","SpawnPointGroup","DolocTown.GameData.SpawnPointGroup","struct","public","System.ValueType","","False","True","","8","4","2","0","0x02000A1C"
"","<>c","DolocTown.GameData.SpawnPointGroup/<>c","class","private","System.Object","","False","True","DolocTown.GameData.SpawnPointGroup","5","4","0","0","0x02001239"
"","<>c__DisplayClass13_0","DolocTown.GameData.SpawnPointGroup/<>c__DisplayClass13_0","class","private","System.Object","","False","True","DolocTown.GameData.SpawnPointGroup","2","1","0","0","0x0200123A"
"DolocTown.GameData","BulletDirectionType","DolocTown.GameData.BulletDirectionType","enum","public","System.Enum","","False","True","","0","3","0","0","0x02000A1D"
"DolocTown.GameData","BulletProto","DolocTown.GameData.BulletProto","class","public","System.Object","","False","False","","2","9","1","0","0x02000A1E"
"DolocTown.GameData","BulletMoverProto","DolocTown.GameData.BulletMoverProto","class","public","System.Object","","True","False","","2","1","0","0","0x02000A1F"
"DolocTown.GameData","BulletMoverProtoDrop","DolocTown.GameData.BulletMoverProtoDrop","class","public","DolocTown.GameData.BulletMoverProto","","False","False","","2","1","0","0","0x02000A20"
"DolocTown.GameData","BulletMoverProtoLinear","DolocTown.GameData.BulletMoverProtoLinear","class","public","DolocTown.GameData.BulletMoverProto","","False","False","","2","0","0","0","0x02000A21"
"DolocTown.GameData","BulletMoverProtoParabolic","DolocTown.GameData.BulletMoverProtoParabolic","class","public","DolocTown.GameData.BulletMoverProto","","False","False","","2","2","0","0","0x02000A22"
"DolocTown.GameData","BulletMoverProtoRing","DolocTown.GameData.BulletMoverProtoRing","class","public","DolocTown.GameData.BulletMoverProto","","False","False","","2","1","0","0","0x02000A23"
"DolocTown.GameData","BulletMoverProtoTracking","DolocTown.GameData.BulletMoverProtoTracking","class","public","DolocTown.GameData.BulletMoverProto","","False","False","","2","1","0","0","0x02000A24"
"DolocTown.GameData","BulletMoverConfig","DolocTown.GameData.BulletMoverConfig","class","public","Sirenix.OdinInspector.SerializedScriptableObject","","False","False","","2","1","0","0","0x02000A25"
"DolocTown.GameData","BulletMoverSO","DolocTown.GameData.BulletMoverSO","class","public","System.Object","","True","False","","2","0","0","0","0x02000A26"
"DolocTown.GameData","BulletMoverSODrop","DolocTown.GameData.BulletMoverSODrop","class","public","DolocTown.GameData.BulletMoverSO","","False","False","","2","1","0","0","0x02000A27"
"DolocTown.GameData","BulletMoverSOLinear","DolocTown.GameData.BulletMoverSOLinear","class","public","DolocTown.GameData.BulletMoverSO","","False","False","","2","0","0","0","0x02000A28"
"DolocTown.GameData","BulletMoverSOParabolic","DolocTown.GameData.BulletMoverSOParabolic","class","public","DolocTown.GameData.BulletMoverSO","","False","False","","2","2","0","0","0x02000A29"
"DolocTown.GameData","BulletMoverSORing","DolocTown.GameData.BulletMoverSORing","class","public","DolocTown.GameData.BulletMoverSO","","False","False","","2","1","0","0","0x02000A2A"
"DolocTown.GameData","BulletMoverSOTracking","DolocTown.GameData.BulletMoverSOTracking","class","public","DolocTown.GameData.BulletMoverSO","","False","False","","2","1","0","0","0x02000A2B"
"DolocTown.GameData","BulletSO","DolocTown.GameData.BulletSO","class","public","Sirenix.OdinInspector.SerializedScriptableObject","","False","False","","2","8","0","0","0x02000A2C"
"DolocTown.GameData","DroneStructureRenderTest","DolocTown.GameData.DroneStructureRenderTest","class","public","UnityEngine.MonoBehaviour","","False","False","","18","11","0","0","0x02000A2D"
"DolocTown.GameData","DroneStructDebugSlot","DolocTown.GameData.DroneStructDebugSlot","struct","public","System.ValueType","","False","True","","3","2","1","0","0x02000A2E"
"DolocTown.GameData","DroneStructureVisibleSuitableType","DolocTown.GameData.DroneStructureVisibleSuitableType","enum","public","System.Enum","","False","True","","0","5","0","0","0x02000A2F"
"DolocTown.GameData","DroneStructDebugSO","DolocTown.GameData.DroneStructDebugSO","class","public","Sirenix.OdinInspector.SerializedScriptableObject","","False","False","","3","2","2","0","0x02000A30"
"DolocTown.GameData","DecalSlotType","DolocTown.GameData.DecalSlotType","enum","public","System.Enum","","False","True","","0","5","0","0","0x02000A31"
"DolocTown.GameData","DecalSlot","DolocTown.GameData.DecalSlot","class","public","System.Object","","False","False","","1","3","0","0","0x02000A32"
"DolocTown.GameData","AffectorArea","DolocTown.GameData.AffectorArea","class","public","System.Object","","False","False","","1","3","0","0","0x02000A33"
"DolocTown.GameData","LampProto","DolocTown.GameData.LampProto","class","public","System.Object","","False","False","","17","8","8","0","0x02000A34"
"DolocTown.GameData","LampSo","DolocTown.GameData.LampSo","class","public","Sirenix.OdinInspector.SerializedScriptableObject","","False","False","","3","8","0","0","0x02000A35"
"DolocTown.GameData","RoomPresetObjectProto","DolocTown.GameData.RoomPresetObjectProto","class","public","System.Object","","False","False","","1","8","0","0","0x02000A36"
"DolocTown.GameData","RoomGeometry","DolocTown.GameData.RoomGeometry","struct","public","System.ValueType","","False","True","","35","16","3","0","0x02000A37"
"","<>c__DisplayClass31_0","DolocTown.GameData.RoomGeometry/<>c__DisplayClass31_0","class","private","System.Object","","False","True","DolocTown.GameData.RoomGeometry","2","1","0","0","0x0200123B"
"","<>c__DisplayClass39_0","DolocTown.GameData.RoomGeometry/<>c__DisplayClass39_0","class","private","System.Object","","False","True","DolocTown.GameData.RoomGeometry","2","1","0","0","0x0200123C"
"","<>c__DisplayClass45_0","DolocTown.GameData.RoomGeometry/<>c__DisplayClass45_0","class","private","System.Object","","False","True","DolocTown.GameData.RoomGeometry","2","1","0","0","0x0200123D"
"","<>c","DolocTown.GameData.RoomGeometry/<>c","class","private","System.Object","","False","True","DolocTown.GameData.RoomGeometry","4","3","0","0","0x0200123E"
"DolocTown.GameData","RoomGeometryExtension","DolocTown.GameData.RoomGeometryExtension","static class","public","System.Object","","True","True","","1","0","0","0","0x02000A38"
"DolocTown.GameData","RoomGeometrySO","DolocTown.GameData.RoomGeometrySO","struct","public","System.ValueType","","False","True","","10","12","5","0","0x02000A39"
"DolocTown.GameData","RoomProtoPatch","DolocTown.GameData.RoomProtoPatch","static class","public","System.Object","","True","True","","1","0","0","0","0x02000A3A"
"DolocTown.GameData","RoomProto","DolocTown.GameData.RoomProto","class","public","System.Object","","False","False","","3","16","2","0","0x02000A3B"
"DolocTown.GameData","CountItemListConfig","DolocTown.GameData.CountItemListConfig","struct","public","System.ValueType","","False","True","","6","1","4","0","0x02000A3C"
"","<>c","DolocTown.GameData.CountItemListConfig/<>c","class","private","System.Object","","False","True","DolocTown.GameData.CountItemListConfig","3","2","0","0","0x0200123F"
"DolocTown.GameData","RangedItemListConfig","DolocTown.GameData.RangedItemListConfig","struct","public","System.ValueType","","False","True","","5","1","3","0","0x02000A3D"
"","<>c","DolocTown.GameData.RangedItemListConfig/<>c","class","private","System.Object","","False","True","DolocTown.GameData.RangedItemListConfig","4","3","0","0","0x02001240"
"DolocTown.GameData","PlatformPositionInfo","DolocTown.GameData.PlatformPositionInfo","struct","public","System.ValueType","","False","True","","0","3","0","0","0x02000A3E"
"DolocTown.GameData","RoomPresetObjectType","DolocTown.GameData.RoomPresetObjectType","enum","public","System.Enum","","False","True","","0","5","0","0","0x02000A3F"
"DolocTown.GameData","RoomPresetObjectSO","DolocTown.GameData.RoomPresetObjectSO","class","public","System.Object","","False","False","","6","8","5","0","0x02000A40"
"DolocTown.GameData","RoomSO","DolocTown.GameData.RoomSO","class","public","Sirenix.OdinInspector.SerializedScriptableObject","","False","False","","7","16","3","0","0x02000A41"
"","<>c","DolocTown.GameData.RoomSO/<>c","class","private","System.Object","","False","True","DolocTown.GameData.RoomSO","3","2","0","0","0x02001241"
"DolocTown.GameData","TechPointAdder","DolocTown.GameData.TechPointAdder","struct","public","System.ValueType","","False","True","","1","2","0","0","0x02000A42"
"DolocTown.GameData","TechTreeGraph","DolocTown.GameData.TechTreeGraph","class","public","DolocTown.GameData.TreeGraphSO`3<DolocTown.GameData.TechTreeNodeGroup,DolocTown.GameData.TechTreeNode,DolocTown.GameData.TechNodeProto>","","False","False","","4","1","1","0","0x02000A43"
"","<>c","DolocTown.GameData.TechTreeGraph/<>c","class","private","System.Object","","False","True","DolocTown.GameData.TechTreeGraph","3","2","0","0","0x02001242"
"DolocTown.GameData","TechTreeNode","DolocTown.GameData.TechTreeNode","class","public","DolocTown.GameData.TechTreeNodeGroup","","False","False","","4","10","1","0","0x02000A44"
"","UnlockType","DolocTown.GameData.TechTreeNode/UnlockType","enum","public","System.Enum","","False","True","DolocTown.GameData.TechTreeNode","0","4","0","0","0x02001243"
"","UnlockInfo","DolocTown.GameData.TechTreeNode/UnlockInfo","struct","public","System.ValueType","","False","True","DolocTown.GameData.TechTreeNode","1","2","0","0","0x02001244"
"","TechPointCost","DolocTown.GameData.TechTreeNode/TechPointCost","struct","public","System.ValueType","","False","True","DolocTown.GameData.TechTreeNode","2","2","0","0","0x02001245"
"DolocTown.GameData","TechTreeNodeGroup","DolocTown.GameData.TechTreeNodeGroup","class","public","DolocTown.GameData.TreeGraphNodeSO`1<DolocTown.GameData.TechNodeProto>","","True","False","","1","0","0","0","0x02000A45"
"DolocTown.GameData","TechTreeStructureNode","DolocTown.GameData.TechTreeStructureNode","class","public","DolocTown.GameData.TechTreeNodeGroup","","False","False","","2","0","0","0","0x02000A46"
"DolocTown.GameData","TechNodeCost","DolocTown.GameData.TechNodeCost","struct","public","System.ValueType","","False","True","","1","2","0","0","0x02000A47"
"DolocTown.GameData","TechNodeProto","DolocTown.GameData.TechNodeProto","class","public","System.Object","","False","False","","4","7","3","0","0x02000A48"
"DolocTown.GameData","TechTreeDatabase","DolocTown.GameData.TechTreeDatabase","class","public","System.Object","","False","False","","8","1","2","0","0x02000A49"
"DolocTown.GameData","WeatherRenderInfoSO","DolocTown.GameData.WeatherRenderInfoSO","class","public","Sirenix.OdinInspector.SerializedScriptableObject","","False","False","","1","9","0","0","0x02000A4A"
"DolocTown.GameData","WeatherTypePatch","DolocTown.GameData.WeatherTypePatch","static class","public","System.Object","","True","True","","3","0","0","0","0x02000A4B"
"DolocTown.GameData","IEffects","DolocTown.GameData.IEffects","interface","public","","","True","False","","3","0","1","0","0x02000A4C"
"DolocTown.GameData","EmptyEffects","DolocTown.GameData.EmptyEffects","class","public","System.Object","DolocTown.GameData.IEffects","False","False","","3","0","0","0","0x02000A4D"
"DolocTown.GameData","EffectsConfigSO","DolocTown.GameData.EffectsConfigSO","class","public","Sirenix.OdinInspector.SerializedScriptableObject","DolocTown.GameData.IEffects","False","False","","4","1","0","0","0x02000A4E"
"DolocTown.GameData","EffectsSO","DolocTown.GameData.EffectsSO","class","public","System.Object","DolocTown.GameData.IEffects","True","False","","3","0","0","0","0x02000A4F"
"DolocTown.GameData","EffectsSOInstAnim","DolocTown.GameData.EffectsSOInstAnim","class","public","DolocTown.GameData.EffectsSO","","False","False","","6","4","2","0","0x02000A50"
"","<>c","DolocTown.GameData.EffectsSOInstAnim/<>c","class","private","System.Object","","False","True","DolocTown.GameData.EffectsSOInstAnim","3","2","0","0","0x02001246"
"DolocTown.GameData","EffectsSOInstAnimGroup","DolocTown.GameData.EffectsSOInstAnimGroup","class","public","DolocTown.GameData.EffectsSO","","False","False","","3","1","0","0","0x02000A51"
"DolocTown.GameData","EffectsSOInstGo","DolocTown.GameData.EffectsSOInstGo","class","public","DolocTown.GameData.EffectsSO","","False","False","","3","1","0","0","0x02000A52"
"DolocTown.GameData","EffectsSOInstPS","DolocTown.GameData.EffectsSOInstPS","class","public","DolocTown.GameData.EffectsSO","","False","False","","4","1","1","0","0x02000A53"
"DolocTown.GameData","EffectsSOInstPSGroup","DolocTown.GameData.EffectsSOInstPSGroup","class","public","DolocTown.GameData.EffectsSO","","False","False","","3","1","0","0","0x02000A54"
"DolocTown.GameData","EffectsSOShakeScreen","DolocTown.GameData.EffectsSOShakeScreen","class","public","DolocTown.GameData.EffectsSO","","False","False","","3","2","0","0","0x02000A55"
"DolocTown.GameData","EffectsSOTwist","DolocTown.GameData.EffectsSOTwist","class","public","DolocTown.GameData.EffectsSO","","False","False","","3","1","0","0","0x02000A56"
"DolocTown.GameData","BackgroundLayer","DolocTown.GameData.BackgroundLayer","struct","public","System.ValueType","","False","True","","1","12","1","0","0x02000A57"
"","<>c","DolocTown.GameData.BackgroundLayer/<>c","class","private","System.Object","","False","True","DolocTown.GameData.BackgroundLayer","3","2","0","0","0x02001247"
"DolocTown.GameData","EnvBackgroundSO","DolocTown.GameData.EnvBackgroundSO","class","public","Sirenix.OdinInspector.SerializedScriptableObject","","False","False","","3","2","2","0","0x02000A58"
"","<>c","DolocTown.GameData.EnvBackgroundSO/<>c","class","private","System.Object","","False","True","DolocTown.GameData.EnvBackgroundSO","3","2","0","0","0x02001248"
"DolocTown.GameData","TerrainConstraintList","DolocTown.GameData.TerrainConstraintList","struct","public","System.ValueType","","False","True","","1","1","0","0","0x02000A59"
"DolocTown.GameData","TerrainConstraintSO","DolocTown.GameData.TerrainConstraintSO","struct","public","System.ValueType","","False","True","","2","1","1","0","0x02000A5A"
"DolocTown.GameData","TerrainConstraintProto","DolocTown.GameData.TerrainConstraintProto","struct","public","System.ValueType","","False","True","","5","2","2","0","0x02000A5B"
"DolocTown.GameData","TerrainConstraintProtoPatch","DolocTown.GameData.TerrainConstraintProtoPatch","static class","public","System.Object","","True","True","","3","0","0","0","0x02000A5C"
"DolocTown.GameData","DataPersistenceManager","DolocTown.GameData.DataPersistenceManager","class","public","System.Object","","False","False","","28","5","4","0","0x02000A5D"
"DolocTown.GameData","AesEncryptor","DolocTown.GameData.AesEncryptor","class","public","System.Object","DolocTown.GameData.IEncryptor","False","False","","3","2","0","0","0x02000A5E"
"DolocTown.GameData","IEncryptor","DolocTown.GameData.IEncryptor","interface","public","","","True","False","","2","0","0","0","0x02000A5F"
"DolocTown.GameData","FileUtils","DolocTown.GameData.FileUtils","class","public","System.Object","","False","False","","7","0","0","0","0x02000A60"
"DolocTown.GameData","IFileDataHandler","DolocTown.GameData.IFileDataHandler","interface","public","","","True","False","","15","0","0","0","0x02000A61"
"DolocTown.GameData","LocalSave","DolocTown.GameData.LocalSave","class","public","System.Object","DolocTown.GameData.IFileDataHandler","False","False","","41","3","15","0","0x02000A62"
"","<>c","DolocTown.GameData.LocalSave/<>c","class","private","System.Object","","False","True","DolocTown.GameData.LocalSave","3","2","0","0","0x02001249"
"","<>c__DisplayClass58_0","DolocTown.GameData.LocalSave/<>c__DisplayClass58_0","class","private","System.Object","","False","True","DolocTown.GameData.LocalSave","2","1","0","0","0x0200124A"
"DolocTown.GameData","IDataPersistence","DolocTown.GameData.IDataPersistence","interface","public","","","True","False","","6","0","0","0","0x02000A63"
"DolocTown.GameData","AgentArchiveData","DolocTown.GameData.AgentArchiveData","class","public","System.Object","","False","False","","40","31","12","0","0x02000A64"
"DolocTown.GameData","CityArchiveData","DolocTown.GameData.CityArchiveData","class","public","System.Object","DolocTown.GameData.IDataPersistence","False","False","","6","12","0","0","0x02000A65"
"DolocTown.GameData","DungeonArchiveData","DolocTown.GameData.DungeonArchiveData","class","public","System.Object","DolocTown.GameData.IDataPersistence","False","False","","5","5","0","0","0x02000A66"
"DolocTown.GameData","ExtraArchiveData","DolocTown.GameData.ExtraArchiveData","class","public","System.Object","DolocTown.GameData.IDataPersistence","False","False","","3","2","0","0","0x02000A67"
"","<>c","DolocTown.GameData.ExtraArchiveData/<>c","class","private","System.Object","","False","True","DolocTown.GameData.ExtraArchiveData","3","2","0","0","0x0200124B"
"DolocTown.GameData","FarmArchiveData","DolocTown.GameData.FarmArchiveData","class","public","System.Object","DolocTown.GameData.IDataPersistence","False","False","","17","26","7","0","0x02000A68"
"DolocTown.GameData","TimeArchiveData","DolocTown.GameData.TimeArchiveData","class","public","System.Object","DolocTown.GameData.IDataPersistence","False","False","","33","12","10","0","0x02000A69"
"DolocTown.GameData","ArchiveDataHandle","DolocTown.GameData.ArchiveDataHandle","class","public","System.Object","","False","False","","103","9","43","0","0x02000A6A"
"","<>c","DolocTown.GameData.ArchiveDataHandle/<>c","class","private","System.Object","","False","True","DolocTown.GameData.ArchiveDataHandle","4","3","0","0","0x0200124C"
"","<>c__DisplayClass118_0","DolocTown.GameData.ArchiveDataHandle/<>c__DisplayClass118_0","class","private","System.Object","","False","True","DolocTown.GameData.ArchiveDataHandle","2","3","0","0","0x0200124D"
"","<>c__DisplayClass119_0","DolocTown.GameData.ArchiveDataHandle/<>c__DisplayClass119_0","class","private","System.Object","","False","True","DolocTown.GameData.ArchiveDataHandle","2","3","0","0","0x0200124E"
"","<>c__DisplayClass121_0","DolocTown.GameData.ArchiveDataHandle/<>c__DisplayClass121_0","class","private","System.Object","","False","True","DolocTown.GameData.ArchiveDataHandle","2","3","0","0","0x0200124F"
"","<>c__DisplayClass140_0","DolocTown.GameData.ArchiveDataHandle/<>c__DisplayClass140_0","class","private","System.Object","","False","True","DolocTown.GameData.ArchiveDataHandle","2","1","0","0","0x02001250"
"DolocTown.GameData","ArchiveOperationCity","DolocTown.GameData.ArchiveOperationCity","static class","public","System.Object","","True","True","","18","0","0","0","0x02000A6B"
"DolocTown.GameData","ArchiveOperationDungeon","DolocTown.GameData.ArchiveOperationDungeon","static class","public","System.Object","","True","True","","2","0","0","0","0x02000A6C"
"DolocTown.GameData","ArchiveOperationEmail","DolocTown.GameData.ArchiveOperationEmail","static class","public","System.Object","","True","True","","3","0","0","0","0x02000A6D"
"DolocTown.GameData","ArchiveOperationExtra","DolocTown.GameData.ArchiveOperationExtra","static class","public","System.Object","","True","True","","1","0","0","0","0x02000A6E"
"DolocTown.GameData","ArchiveOperationFarm","DolocTown.GameData.ArchiveOperationFarm","static class","public","System.Object","","True","True","","36","0","0","0","0x02000A6F"
"","<>c","DolocTown.GameData.ArchiveOperationFarm/<>c","class","private","System.Object","","False","True","DolocTown.GameData.ArchiveOperationFarm","3","2","0","0","0x02001251"
"","<>c__DisplayClass30_0","DolocTown.GameData.ArchiveOperationFarm/<>c__DisplayClass30_0","class","private","System.Object","","False","True","DolocTown.GameData.ArchiveOperationFarm","2","1","0","0","0x02001252"
"DolocTown.GameData","ArchiveOperationMission","DolocTown.GameData.ArchiveOperationMission","static class","public","System.Object","","True","True","","25","0","0","0","0x02000A70"
"","<>c__DisplayClass3_0","DolocTown.GameData.ArchiveOperationMission/<>c__DisplayClass3_0","class","private","System.Object","","False","True","DolocTown.GameData.ArchiveOperationMission","2","2","0","0","0x02001253"
"DolocTown.GameData","ArchiveOperationGlobal","DolocTown.GameData.ArchiveOperationGlobal","static class","public","System.Object","","True","True","","41","0","0","0","0x02000A71"
"DolocTown.GameData","ArchiveOperationUniversalUnlock","DolocTown.GameData.ArchiveOperationUniversalUnlock","static class","public","System.Object","","True","True","","11","0","0","0","0x02000A72"
"DolocTown.GameData","AgentEquipmentManager","DolocTown.GameData.AgentEquipmentManager","class","public","System.Object","","False","False","","50","7","12","0","0x02000A73"
"","<>c__DisplayClass29_0","DolocTown.GameData.AgentEquipmentManager/<>c__DisplayClass29_0","class","private","System.Object","","False","True","DolocTown.GameData.AgentEquipmentManager","2","1","0","0","0x02001254"
"","<>c__DisplayClass30_0","DolocTown.GameData.AgentEquipmentManager/<>c__DisplayClass30_0","class","private","System.Object","","False","True","DolocTown.GameData.AgentEquipmentManager","2","1","0","0","0x02001255"
"","<>c","DolocTown.GameData.AgentEquipmentManager/<>c","class","private","System.Object","","False","True","DolocTown.GameData.AgentEquipmentManager","3","2","0","0","0x02001256"
"DolocTown.GameData","MissionLogManager","DolocTown.GameData.MissionLogManager","class","public","System.Object","DolocTown.GameData.IDataPersistence","False","False","","6","3","1","0","0x02000A74"
"DolocTown.GameData","MotorDataManager","DolocTown.GameData.MotorDataManager","class","public","System.Object","","False","False","","17","5","5","0","0x02000A75"
"DolocTown.GameData","UnlockDataCollection","DolocTown.GameData.UnlockDataCollection","class","public","System.Object","","False","False","","1","7","0","0","0x02000A76"
"DolocTown.GameData","MotionParamSO","DolocTown.GameData.MotionParamSO","class","public","UnityEngine.ScriptableObject","DolocTown.IMotionParam","False","False","","11","10","10","0","0x02000A77"
"DolocTown.GameData","DRockEffectsConfig","DolocTown.GameData.DRockEffectsConfig","class","public","UnityEngine.ScriptableObject","DolocTown.GameServiceLocator.IEffectsConfigProvider","False","False","","47","46","46","0","0x02000A78"
"DolocTown.GameData","GameConfigSO","DolocTown.GameData.GameConfigSO","class","public","UnityEngine.ScriptableObject","DolocTown.GameServiceLocator.IGameConfigProvider","False","False","","13","11","12","0","0x02000A79"
"DolocTown.GameData","GameInitConfig","DolocTown.GameData.GameInitConfig","class","public","Sirenix.OdinInspector.SerializedScriptableObject","","False","False","","8","42","1","0","0x02000A7A"
"","Item","DolocTown.GameData.GameInitConfig/Item","struct","public","System.ValueType","","False","True","DolocTown.GameData.GameInitConfig","0","2","0","0","0x02001257"
"","PortalInfo","DolocTown.GameData.GameInitConfig/PortalInfo","struct","private","System.ValueType","","False","True","DolocTown.GameData.GameInitConfig","0","1","0","0","0x02001258"
"","LuaScript","DolocTown.GameData.GameInitConfig/LuaScript","struct","public","System.ValueType","","False","True","DolocTown.GameData.GameInitConfig","1","2","0","0","0x02001259"
"","VersionCommandScriptGroup","DolocTown.GameData.GameInitConfig/VersionCommandScriptGroup","struct","public","System.ValueType","","False","True","DolocTown.GameData.GameInitConfig","1","2","0","0","0x0200125A"
"","CommandScript","DolocTown.GameData.GameInitConfig/CommandScript","struct","public","System.ValueType","","False","True","DolocTown.GameData.GameInitConfig","2","2","0","0","0x0200125B"
"","DLCScript","DolocTown.GameData.GameInitConfig/DLCScript","struct","public","System.ValueType","","False","True","DolocTown.GameData.GameInitConfig","2","3","0","0","0x0200125C"
"","<>c","DolocTown.GameData.GameInitConfig/<>c","class","private","System.Object","","False","True","DolocTown.GameData.GameInitConfig","4","3","0","0","0x0200125D"
"DolocTown.GameData","GameOuterConfig","DolocTown.GameData.GameOuterConfig","class","public","System.Object","","False","False","","2","4","0","0","0x02000A7B"
"DolocTown.GameData","GameOuterConfigSO","DolocTown.GameData.GameOuterConfigSO","class","public","UnityEngine.ScriptableObject","","False","False","","2","4","0","0","0x02000A7C"
"DolocTown.GameData","Vector2ListSO","DolocTown.GameData.Vector2ListSO","class","public","Sirenix.OdinInspector.SerializedScriptableObject","","False","False","","5","1","4","0","0x02000A7D"
"DolocTown.GameData","DateConfig","DolocTown.GameData.DateConfig","struct","public","System.ValueType","","False","True","","1","6","0","0","0x02000A7E"
"DolocTown.GameData","DateInfo","DolocTown.GameData.DateInfo","struct","public","System.ValueType","","False","True","","21","11","8","0","0x02000A7F"
"DolocTown.GameData","TimeUtils","DolocTown.GameData.TimeUtils","static class","public","System.Object","","True","True","","2","0","0","0","0x02000A80"
"DolocTown.GameData","TreeGraphNodeSO`1","DolocTown.GameData.TreeGraphNodeSO`1","class","public","DolocTown.NodeCanvas.HorizontalLinkedNode","","True","False","","12","2","7","0","0x02000A81"
"DolocTown.GameData","TreeGraphSO`3","DolocTown.GameData.TreeGraphSO`3","class","public","NodeCanvas.Framework.Graph","","True","False","","10","1","8","0","0x02000A82"
"DolocTown.GameData","ContinuesGoEffectsManager","DolocTown.GameData.ContinuesGoEffectsManager","class","public","System.Object","","False","False","","4","1","0","0","0x02000A83"
"","<>c__DisplayClass3_0","DolocTown.GameData.ContinuesGoEffectsManager/<>c__DisplayClass3_0","class","private","System.Object","","False","True","DolocTown.GameData.ContinuesGoEffectsManager","2","1","0","0","0x0200125E"
"DolocTown.GameData","SceneUtils","DolocTown.GameData.SceneUtils","static class","public","System.Object","","True","True","","11","2","0","0","0x02000A84"
"","<>c","DolocTown.GameData.SceneUtils/<>c","class","private","System.Object","","False","True","DolocTown.GameData.SceneUtils","3","2","0","0","0x0200125F"
"DolocTown.GameServiceLocator","IEffectsProvider","DolocTown.GameServiceLocator.IEffectsProvider","interface","public","","","True","False","","32","0","0","0","0x02000A85"
"DolocTown.GameServiceLocator","IUIEffectsProvider","DolocTown.GameServiceLocator.IUIEffectsProvider","interface","public","","","True","False","","5","0","0","0","0x02000A86"
"DolocTown.GameServiceLocator","IGameConfigProvider","DolocTown.GameServiceLocator.IGameConfigProvider","interface","public","","","True","False","","13","0","13","0","0x02000A87"
"DolocTown.GameServiceLocator","ISystemConfigProvider","DolocTown.GameServiceLocator.ISystemConfigProvider","interface","public","","","True","False","","7","0","7","0","0x02000A88"
"DolocTown.GameServiceLocator","IEffectsConfigProvider","DolocTown.GameServiceLocator.IEffectsConfigProvider","interface","public","","","True","False","","46","0","46","0","0x02000A89"
"DolocTown.Config","ArrayInt","DolocTown.Config.ArrayInt","class","public","Bright.Config.BeanBase","","False","True","","9","2","1","0","0x02000A8A"
"DolocTown.Config","CfgColor","DolocTown.Config.CfgColor","class","public","Bright.Config.BeanBase","","False","True","","15","5","4","0","0x02000A8B"
"DolocTown.Config","CfgHDRColor","DolocTown.Config.CfgHDRColor","class","public","Bright.Config.BeanBase","","False","True","","15","5","4","0","0x02000A8C"
"DolocTown.Config","CfgHexColor","DolocTown.Config.CfgHexColor","class","public","Bright.Config.BeanBase","","False","True","","9","2","1","0","0x02000A8D"
"DolocTown.Config","CfgVector2","DolocTown.Config.CfgVector2","class","public","Bright.Config.BeanBase","","False","True","","11","3","2","0","0x02000A8E"
"DolocTown.Config","CfgVector2Int","DolocTown.Config.CfgVector2Int","class","public","Bright.Config.BeanBase","","False","True","","11","3","2","0","0x02000A8F"
"DolocTown.Config","CfgVector3Int","DolocTown.Config.CfgVector3Int","class","public","Bright.Config.BeanBase","","False","True","","13","4","3","0","0x02000A90"
"DolocTown.Config","Tables","DolocTown.Config.Tables","class","public","System.Object","","False","True","","204","192","187","0","0x02000A91"
"","<>c__DisplayClass566_0","DolocTown.Config.Tables/<>c__DisplayClass566_0","class","private","System.Object","","False","True","DolocTown.Config.Tables","3","1","0","0","0x02001260"
"","<>c__DisplayClass567_0","DolocTown.Config.Tables/<>c__DisplayClass567_0","class","private","System.Object","","False","True","DolocTown.Config.Tables","2","1","0","0","0x02001261"
"","<>c__DisplayClass568_0","DolocTown.Config.Tables/<>c__DisplayClass568_0","class","private","System.Object","","False","True","DolocTown.Config.Tables","2","1","0","0","0x02001262"
"","<>c__DisplayClass569_0","DolocTown.Config.Tables/<>c__DisplayClass569_0","class","private","System.Object","","False","True","DolocTown.Config.Tables","3","1","0","0","0x02001263"
"","<>c__DisplayClass570_0","DolocTown.Config.Tables/<>c__DisplayClass570_0","class","private","System.Object","","False","True","DolocTown.Config.Tables","3","1","0","0","0x02001264"
"","<>c__DisplayClass571_0","DolocTown.Config.Tables/<>c__DisplayClass571_0","class","private","System.Object","","False","True","DolocTown.Config.Tables","3","1","0","0","0x02001265"
"","<>c__DisplayClass572_0","DolocTown.Config.Tables/<>c__DisplayClass572_0","class","private","System.Object","","False","True","DolocTown.Config.Tables","3","1","0","0","0x02001266"
"","<>c__DisplayClass573_0","DolocTown.Config.Tables/<>c__DisplayClass573_0","class","private","System.Object","","False","True","DolocTown.Config.Tables","3","1","0","0","0x02001267"
"","<>c__DisplayClass574_0","DolocTown.Config.Tables/<>c__DisplayClass574_0","class","private","System.Object","","False","True","DolocTown.Config.Tables","3","1","0","0","0x02001268"
"DolocTown.Config","Converter","DolocTown.Config.Converter","static class","public","System.Object","","True","True","","1","0","0","0","0x02000A92"
"DolocTown.Config","ExternalTypeUtil","DolocTown.Config.ExternalTypeUtil","class","public","System.Object","","False","False","","23","0","0","0","0x02000A93"
"DolocTown.Config","ITextProvider","DolocTown.Config.ITextProvider","interface","public","","","True","False","","3","0","0","0","0x02000A94"
"DolocTown.Config","ISpawnLut","DolocTown.Config.ISpawnLut","interface","public","","","True","False","","7","0","3","0","0x02000A95"
"","<>c__DisplayClass7_0`1","DolocTown.Config.ISpawnLut/<>c__DisplayClass7_0`1","class","private","System.Object","","False","True","DolocTown.Config.ISpawnLut","3","2","0","0","0x02001269"
"","<>c__DisplayClass8_0`1","DolocTown.Config.ISpawnLut/<>c__DisplayClass8_0`1","class","private","System.Object","","False","True","DolocTown.Config.ISpawnLut","2","1","0","0","0x0200126A"
"","<>c__DisplayClass9_0`1","DolocTown.Config.ISpawnLut/<>c__DisplayClass9_0`1","class","private","System.Object","","False","True","DolocTown.Config.ISpawnLut","3","2","0","0","0x0200126B"
"DolocTown.Config","DolocConfig","DolocTown.Config.DolocConfig","class","public","System.Object","","False","False","","9","2","2","0","0x02000A96"
"","BoolValue","DolocTown.Config.DolocConfig/BoolValue","enum","private","System.Enum","","False","True","DolocTown.Config.DolocConfig","0","3","0","0","0x0200126C"
"DolocTown.Config","ModManifest","DolocTown.Config.ModManifest","class","public","System.Object","","False","False","","7","7","2","0","0x02000A97"
"DolocTown.Config","ModSpriteMeta","DolocTown.Config.ModSpriteMeta","class","public","System.Object","","False","False","","2","2","0","0","0x02000A98"
"DolocTown.Config","ModWorkshopInfo","DolocTown.Config.ModWorkshopInfo","class","public","System.Object","","False","False","","1","1","0","0","0x02000A99"
"DolocTown.Config","ModInfo","DolocTown.Config.ModInfo","class","public","System.Object","","False","False","","35","21","13","0","0x02000A9A"
"DolocTown.Config","ModManager","DolocTown.Config.ModManager","class","public","System.Object","","False","False","","57","20","10","0","0x02000A9B"
"","LocalModUploadPlanCache","DolocTown.Config.ModManager/LocalModUploadPlanCache","class","private","System.Object","","False","False","DolocTown.Config.ModManager","1","2","0","0","0x0200126D"
"","<>c","DolocTown.Config.ModManager/<>c","class","private","System.Object","","False","True","DolocTown.Config.ModManager","5","4","0","0","0x0200126E"
"","<>c__DisplayClass82_0","DolocTown.Config.ModManager/<>c__DisplayClass82_0","class","private","System.Object","","False","True","DolocTown.Config.ModManager","2","3","0","0","0x0200126F"
"","<>c__DisplayClass85_0","DolocTown.Config.ModManager/<>c__DisplayClass85_0","class","private","System.Object","","False","True","DolocTown.Config.ModManager","2","3","0","0","0x02001270"
"DolocTown.Config","WorkshopUploadMode","DolocTown.Config.WorkshopUploadMode","enum","public","System.Enum","","False","True","","0","3","0","0","0x02000A9C"
"DolocTown.Config","WorkshopUploadPlan","DolocTown.Config.WorkshopUploadPlan","class","public","System.Object","","False","False","","3","2","2","0","0x02000A9D"
"DolocTown.Config","WorkshopUploadResult","DolocTown.Config.WorkshopUploadResult","class","public","System.Object","","False","False","","4","3","3","0","0x02000A9E"
"DolocTown.Config","SteamWorkshopUploader","DolocTown.Config.SteamWorkshopUploader","class","public","System.Object","","False","False","","15","10","3","0","0x02000A9F"
"","WorkshopL10nText","DolocTown.Config.SteamWorkshopUploader/WorkshopL10nText","struct","private","System.ValueType","","False","True","DolocTown.Config.SteamWorkshopUploader","1","3","0","0","0x02001271"
"","<>c__DisplayClass27_0","DolocTown.Config.SteamWorkshopUploader/<>c__DisplayClass27_0","class","private","System.Object","","False","True","DolocTown.Config.SteamWorkshopUploader","2","2","0","0","0x02001272"
"DolocTown.Config.Weight","SpriteWeight","DolocTown.Config.Weight.SpriteWeight","class","public","Bright.Config.BeanBase","","False","True","","11","3","2","0","0x02000AA0"
"DolocTown.Config.Weather","TbWeather","DolocTown.Config.Weather.TbWeather","class","public","System.Object","","False","True","","12","2","4","0","0x02000AA1"
"DolocTown.Config.Weather","WeatherInfo","DolocTown.Config.Weather.WeatherInfo","class","public","Bright.Config.BeanBase","","False","True","","30","14","13","0","0x02000AA2"
"DolocTown.Config.Weather","WeatherType","DolocTown.Config.Weather.WeatherType","enum","public","System.Enum","","False","True","","0","9","0","0","0x02000AA3"
"DolocTown.Config.UI","AlignmentText","DolocTown.Config.UI.AlignmentText","class","public","Bright.Config.BeanBase","","False","True","","12","4","3","0","0x02000AA4"
"DolocTown.Config.UI","CfgTextAnchor","DolocTown.Config.UI.CfgTextAnchor","enum","public","System.Enum","","False","True","","0","10","0","0","0x02000AA5"
"DolocTown.Config.UI","CompendiumLabel","DolocTown.Config.UI.CompendiumLabel","enum","public","System.Enum","","False","True","","0","8","0","0","0x02000AA6"
"DolocTown.Config.UI","CompendiumMenuInfo","DolocTown.Config.UI.CompendiumMenuInfo","class","public","Bright.Config.BeanBase","","False","True","","16","6","5","0","0x02000AA7"
"DolocTown.Config.UI","EmailMenuInfo","DolocTown.Config.UI.EmailMenuInfo","class","public","Bright.Config.BeanBase","","False","True","","17","7","6","0","0x02000AA8"
"DolocTown.Config.UI","EmailMenuType","DolocTown.Config.UI.EmailMenuType","enum","public","System.Enum","","False","True","","0","4","0","0","0x02000AA9"
"DolocTown.Config.UI","EquipmentMenuInfo","DolocTown.Config.UI.EquipmentMenuInfo","class","public","Bright.Config.BeanBase","","False","True","","14","5","4","0","0x02000AAA"
"DolocTown.Config.UI","EquipmentMenuSubType","DolocTown.Config.UI.EquipmentMenuSubType","enum","public","System.Enum","","False","True","","0","8","0","0","0x02000AAB"
"DolocTown.Config.UI","GameCombinedKeyIconInfo","DolocTown.Config.UI.GameCombinedKeyIconInfo","class","public","Bright.Config.BeanBase","","False","True","","13","4","3","0","0x02000AAC"
"DolocTown.Config.UI","GameKeyActionInfo","DolocTown.Config.UI.GameKeyActionInfo","class","public","Bright.Config.BeanBase","","False","True","","21","7","6","0","0x02000AAD"
"DolocTown.Config.UI","GameKeyIconInfo","DolocTown.Config.UI.GameKeyIconInfo","class","public","Bright.Config.BeanBase","","False","True","","19","7","6","0","0x02000AAE"
"DolocTown.Config.UI","MainMenuInfo","DolocTown.Config.UI.MainMenuInfo","class","public","Bright.Config.BeanBase","","False","True","","14","5","4","0","0x02000AAF"
"DolocTown.Config.UI","MenuType","DolocTown.Config.UI.MenuType","enum","public","System.Enum","","False","True","","0","9","0","0","0x02000AB0"
"DolocTown.Config.UI","ModMenuInfo","DolocTown.Config.UI.ModMenuInfo","class","public","Bright.Config.BeanBase","","False","True","","17","7","6","0","0x02000AB1"
"DolocTown.Config.UI","ModMenuType","DolocTown.Config.UI.ModMenuType","enum","public","System.Enum","","False","True","","0","4","0","0","0x02000AB2"
"DolocTown.Config.UI","TbCompendiumMenu","DolocTown.Config.UI.TbCompendiumMenu","class","public","System.Object","","False","True","","6","3","1","0","0x02000AB3"
"DolocTown.Config.UI","TbEmailMenu","DolocTown.Config.UI.TbEmailMenu","class","public","System.Object","","False","True","","8","2","3","0","0x02000AB4"
"DolocTown.Config.UI","TbEquipmentMenu","DolocTown.Config.UI.TbEquipmentMenu","class","public","System.Object","","False","True","","8","2","3","0","0x02000AB5"
"DolocTown.Config.UI","TbGameCombinedKeyIcon","DolocTown.Config.UI.TbGameCombinedKeyIcon","class","public","System.Object","","False","True","","10","3","3","0","0x02000AB6"
"","<>c","DolocTown.Config.UI.TbGameCombinedKeyIcon/<>c","class","private","System.Object","","False","True","DolocTown.Config.UI.TbGameCombinedKeyIcon","4","3","0","0","0x02001273"
"DolocTown.Config.UI","TbGameKeyAction","DolocTown.Config.UI.TbGameKeyAction","class","public","System.Object","","False","True","","8","2","3","0","0x02000AB7"
"DolocTown.Config.UI","TbGameKeyIcon","DolocTown.Config.UI.TbGameKeyIcon","class","public","System.Object","","False","True","","7","3","1","0","0x02000AB8"
"DolocTown.Config.UI","TbMainMenu","DolocTown.Config.UI.TbMainMenu","class","public","System.Object","","False","True","","8","2","3","0","0x02000AB9"
"DolocTown.Config.UI","TbModMenu","DolocTown.Config.UI.TbModMenu","class","public","System.Object","","False","True","","8","2","3","0","0x02000ABA"
"DolocTown.Config.UI","TbUIEntity","DolocTown.Config.UI.TbUIEntity","class","public","System.Object","","False","True","","8","2","3","0","0x02000ABB"
"DolocTown.Config.UI","TbUIEntityGroup","DolocTown.Config.UI.TbUIEntityGroup","class","public","System.Object","","False","True","","8","2","3","0","0x02000ABC"
"DolocTown.Config.UI","TbUIPooledObject","DolocTown.Config.UI.TbUIPooledObject","class","public","System.Object","","False","True","","8","2","3","0","0x02000ABD"
"DolocTown.Config.UI","UIEntityGroupInfo","DolocTown.Config.UI.UIEntityGroupInfo","class","public","Bright.Config.BeanBase","","False","True","","15","5","4","0","0x02000ABE"
"DolocTown.Config.UI","UIEntityInfo","DolocTown.Config.UI.UIEntityInfo","class","public","Bright.Config.BeanBase","","False","True","","21","8","7","0","0x02000ABF"
"DolocTown.Config.UI","UIPooledObjectInfo","DolocTown.Config.UI.UIPooledObjectInfo","class","public","Bright.Config.BeanBase","","False","True","","15","5","4","0","0x02000AC0"
"DolocTown.Config.Time","DayPeriodInfo","DolocTown.Config.Time.DayPeriodInfo","class","public","Bright.Config.BeanBase","","False","True","","11","3","2","0","0x02000AC1"
"DolocTown.Config.Time","DayPeriodType","DolocTown.Config.Time.DayPeriodType","enum","public","System.Enum","","False","True","","0","4","0","0","0x02000AC2"
"DolocTown.Config.Time","DungeonSeasonInfo","DolocTown.Config.Time.DungeonSeasonInfo","class","public","Bright.Config.BeanBase","","False","True","","11","3","2","0","0x02000AC3"
"DolocTown.Config.Time","SeasonInfo","DolocTown.Config.Time.SeasonInfo","class","public","Bright.Config.BeanBase","","False","True","","43","19","19","0","0x02000AC4"
"","<>c__DisplayClass78_0","DolocTown.Config.Time.SeasonInfo/<>c__DisplayClass78_0","class","private","System.Object","","False","True","DolocTown.Config.Time.SeasonInfo","2","1","0","0","0x02001274"
"","<>c__DisplayClass81_0","DolocTown.Config.Time.SeasonInfo/<>c__DisplayClass81_0","class","private","System.Object","","False","True","DolocTown.Config.Time.SeasonInfo","2","1","0","0","0x02001275"
"DolocTown.Config.Time","SeasonWeatherInfo","DolocTown.Config.Time.SeasonWeatherInfo","class","public","Bright.Config.BeanBase","","False","True","","17","6","5","0","0x02000AC5"
"DolocTown.Config.Time","TbDayPeriod","DolocTown.Config.Time.TbDayPeriod","class","public","System.Object","","False","True","","8","2","3","0","0x02000AC6"
"DolocTown.Config.Time","TbDungeonSeason","DolocTown.Config.Time.TbDungeonSeason","class","public","System.Object","","False","True","","8","2","3","0","0x02000AC7"
"DolocTown.Config.Time","TbSeason","DolocTown.Config.Time.TbSeason","class","public","System.Object","","False","True","","6","3","1","0","0x02000AC8"
"DolocTown.Config.Time","TbSeasonWeather","DolocTown.Config.Time.TbSeasonWeather","class","public","System.Object","","False","True","","12","4","3","0","0x02000AC9"
"DolocTown.Config.Time","TimeRange","DolocTown.Config.Time.TimeRange","class","public","Bright.Config.BeanBase","","False","True","","12","3","2","0","0x02000ACA"
"DolocTown.Config.Time","WeekDay","DolocTown.Config.Time.WeekDay","enum","public","System.Enum","","False","True","","0","8","0","0","0x02000ACB"
"DolocTown.Config.Tile","TileMaterial","DolocTown.Config.Tile.TileMaterial","enum","public","System.Enum","","False","True","","0","8","0","0","0x02000ACC"
"DolocTown.Config.TechTree","TbTechNode","DolocTown.Config.TechTree.TbTechNode","class","public","System.Object","","False","True","","8","2","3","0","0x02000ACD"
"DolocTown.Config.TechTree","TbTechPoint","DolocTown.Config.TechTree.TbTechPoint","class","public","System.Object","","False","True","","8","2","3","0","0x02000ACE"
"DolocTown.Config.TechTree","TbTechTree","DolocTown.Config.TechTree.TbTechTree","class","public","System.Object","","False","True","","6","3","1","0","0x02000ACF"
"DolocTown.Config.TechTree","TechLevelInfo","DolocTown.Config.TechTree.TechLevelInfo","class","public","Bright.Config.BeanBase","","False","True","","13","4","3","0","0x02000AD0"
"DolocTown.Config.TechTree","TechNodeInfo","DolocTown.Config.TechTree.TechNodeInfo","class","public","Bright.Config.BeanBase","","False","True","","18","8","7","0","0x02000AD1"
"DolocTown.Config.TechTree","TechPointAdder","DolocTown.Config.TechTree.TechPointAdder","class","public","Bright.Config.BeanBase","","False","True","","11","3","2","0","0x02000AD2"
"DolocTown.Config.TechTree","TechPointInfo","DolocTown.Config.TechTree.TechPointInfo","class","public","Bright.Config.BeanBase","","False","True","","28","13","11","0","0x02000AD3"
"DolocTown.Config.TechTree","TechPointType","DolocTown.Config.TechTree.TechPointType","enum","public","System.Enum","","False","True","","0","7","0","0","0x02000AD4"
"DolocTown.Config.TechTree","TechTreeInfo","DolocTown.Config.TechTree.TechTreeInfo","class","public","Bright.Config.BeanBase","","False","True","","19","8","7","0","0x02000AD5"
"DolocTown.Config.Store","ExchangeStoreInfo","DolocTown.Config.Store.ExchangeStoreInfo","class","public","Bright.Config.BeanBase","","False","True","","22","9","8","0","0x02000AD6"
"DolocTown.Config.Store","ExchangeStoreItemData","DolocTown.Config.Store.ExchangeStoreItemData","class","public","Bright.Config.BeanBase","","False","True","","30","10","14","0","0x02000AD7"
"DolocTown.Config.Store","StoreInfo","DolocTown.Config.Store.StoreInfo","class","public","Bright.Config.BeanBase","","False","True","","30","11","11","0","0x02000AD8"
"DolocTown.Config.Store","StoreItemListInfo","DolocTown.Config.Store.StoreItemListInfo","class","public","Bright.Config.BeanBase","","False","True","","11","4","2","0","0x02000AD9"
"DolocTown.Config.Store","StoreItemSeasonData","DolocTown.Config.Store.StoreItemSeasonData","class","public","Bright.Config.BeanBase","","False","True","","21","6","6","0","0x02000ADA"
"DolocTown.Config.Store","StoreItemSpawnData","DolocTown.Config.Store.StoreItemSpawnData","class","public","Bright.Config.BeanBase","","False","True","","11","3","2","0","0x02000ADB"
"DolocTown.Config.Store","StoreItemUnlockInfo","DolocTown.Config.Store.StoreItemUnlockInfo","class","public","Bright.Config.BeanBase","","False","True","","17","6","5","0","0x02000ADC"
"DolocTown.Config.Store","StoreItemUnlockType","DolocTown.Config.Store.StoreItemUnlockType","enum","public","System.Enum","","False","True","","0","4","0","0","0x02000ADD"
"DolocTown.Config.Store","StorePriceScaleData","DolocTown.Config.Store.StorePriceScaleData","class","public","Bright.Config.BeanBase","","False","True","","11","4","2","0","0x02000ADE"
"DolocTown.Config.Store","StorePriceScaleInfo","DolocTown.Config.Store.StorePriceScaleInfo","class","public","Bright.Config.BeanBase","","False","True","","11","3","2","0","0x02000ADF"
"DolocTown.Config.Store","StoreScaleOfType","DolocTown.Config.Store.StoreScaleOfType","class","public","Bright.Config.BeanBase","","False","True","","13","4","3","0","0x02000AE0"
"DolocTown.Config.Store","StoreSeasonData","DolocTown.Config.Store.StoreSeasonData","class","public","Bright.Config.BeanBase","","False","True","","9","2","1","0","0x02000AE1"
"DolocTown.Config.Store","TbExchangeStore","DolocTown.Config.Store.TbExchangeStore","class","public","System.Object","","False","True","","8","2","3","0","0x02000AE2"
"DolocTown.Config.Store","TbStore","DolocTown.Config.Store.TbStore","class","public","System.Object","","False","True","","8","2","3","0","0x02000AE3"
"DolocTown.Config.Store","TbStoreItemList","DolocTown.Config.Store.TbStoreItemList","class","public","System.Object","","False","True","","8","2","3","0","0x02000AE4"
"DolocTown.Config.Store","TbStoreItemUnlock","DolocTown.Config.Store.TbStoreItemUnlock","class","public","System.Object","","False","True","","8","2","3","0","0x02000AE5"
"DolocTown.Config.Store","TbStorePriceScale","DolocTown.Config.Store.TbStorePriceScale","class","public","System.Object","","False","True","","8","2","3","0","0x02000AE6"
"DolocTown.Config.Sound","AmbienceInfo","DolocTown.Config.Sound.AmbienceInfo","class","public","Bright.Config.BeanBase","","False","True","","13","4","3","0","0x02000AE7"
"DolocTown.Config.Sound","BgmInfo","DolocTown.Config.Sound.BgmInfo","class","public","Bright.Config.BeanBase","","False","True","","15","5","4","0","0x02000AE8"
"DolocTown.Config.Sound","EnvironmentType","DolocTown.Config.Sound.EnvironmentType","enum","public","System.Enum","","False","True","","0","6","0","0","0x02000AE9"
"DolocTown.Config.Sound","ExclusiveSFXInfo","DolocTown.Config.Sound.ExclusiveSFXInfo","class","public","Bright.Config.BeanBase","","False","True","","11","3","2","0","0x02000AEA"
"DolocTown.Config.Sound","FootStepInfo","DolocTown.Config.Sound.FootStepInfo","class","public","Bright.Config.BeanBase","","False","True","","11","3","2","0","0x02000AEB"
"DolocTown.Config.Sound","MaterialSoundInfo","DolocTown.Config.Sound.MaterialSoundInfo","class","public","Bright.Config.BeanBase","","False","True","","13","4","3","0","0x02000AEC"
"DolocTown.Config.Sound","TbAmbience","DolocTown.Config.Sound.TbAmbience","class","public","System.Object","","False","True","","5","2","1","0","0x02000AED"
"DolocTown.Config.Sound","TbBgm","DolocTown.Config.Sound.TbBgm","class","public","System.Object","","False","True","","5","2","1","0","0x02000AEE"
"DolocTown.Config.Sound","TbExclusiveSFX","DolocTown.Config.Sound.TbExclusiveSFX","class","public","System.Object","","False","True","","8","2","3","0","0x02000AEF"
"DolocTown.Config.Sound","TbFootStep","DolocTown.Config.Sound.TbFootStep","class","public","System.Object","","False","True","","8","2","3","0","0x02000AF0"
"DolocTown.Config.Sound","TbMaterialSound","DolocTown.Config.Sound.TbMaterialSound","class","public","System.Object","","False","True","","8","2","3","0","0x02000AF1"
"DolocTown.Config.Settings","EmptySettingComponent","DolocTown.Config.Settings.EmptySettingComponent","class","public","DolocTown.Config.Settings.SettingComponentBase","","False","True","","7","1","0","0","0x02000AF2"
"DolocTown.Config.Settings","GlobalParameterInfo","DolocTown.Config.Settings.GlobalParameterInfo","class","public","Bright.Config.BeanBase","","False","True","","557","269","273","0","0x02000AF3"
"DolocTown.Config.Settings","InputActionBinds","DolocTown.Config.Settings.InputActionBinds","class","public","Bright.Config.BeanBase","","False","True","","15","4","5","0","0x02000AF4"
"DolocTown.Config.Settings","OptionSettingComponent","DolocTown.Config.Settings.OptionSettingComponent","class","public","DolocTown.Config.Settings.SettingComponentBase","","False","True","","15","5","4","0","0x02000AF5"
"DolocTown.Config.Settings","RebindActionInfo","DolocTown.Config.Settings.RebindActionInfo","class","public","Bright.Config.BeanBase","","False","True","","31","11","12","0","0x02000AF6"
"DolocTown.Config.Settings","RebindActionSettingComponent","DolocTown.Config.Settings.RebindActionSettingComponent","class","public","DolocTown.Config.Settings.SettingComponentBase","","False","True","","11","3","2","0","0x02000AF7"
"DolocTown.Config.Settings","SettingComponentBase","DolocTown.Config.Settings.SettingComponentBase","class","public","Bright.Config.BeanBase","","True","False","","6","0","0","0","0x02000AF8"
"DolocTown.Config.Settings","SliderSettingComponent","DolocTown.Config.Settings.SliderSettingComponent","class","public","DolocTown.Config.Settings.SettingComponentBase","","False","True","","15","5","4","0","0x02000AF9"
"DolocTown.Config.Settings","TbGlobalParameter","DolocTown.Config.Settings.TbGlobalParameter","class","public","System.Object","","False","True","","233","1","230","0","0x02000AFA"
"DolocTown.Config.Settings","TbRebindAction","DolocTown.Config.Settings.TbRebindAction","class","public","System.Object","","False","True","","8","2","3","0","0x02000AFB"
"DolocTown.Config.Settings","TbTimer","DolocTown.Config.Settings.TbTimer","class","public","System.Object","","False","True","","8","2","3","0","0x02000AFC"
"DolocTown.Config.Settings","TbUserSetting","DolocTown.Config.Settings.TbUserSetting","class","public","System.Object","","False","True","","8","2","3","0","0x02000AFD"
"DolocTown.Config.Settings","TbUserSettingGroup","DolocTown.Config.Settings.TbUserSettingGroup","class","public","System.Object","","False","True","","8","2","3","0","0x02000AFE"
"DolocTown.Config.Settings","TimerInfo","DolocTown.Config.Settings.TimerInfo","class","public","Bright.Config.BeanBase","","False","True","","11","3","2","0","0x02000AFF"
"DolocTown.Config.Settings","TimerTickInfo","DolocTown.Config.Settings.TimerTickInfo","class","public","Bright.Config.BeanBase","","False","True","","11","3","2","0","0x02000B00"
"DolocTown.Config.Settings","ToggleSettingComponent","DolocTown.Config.Settings.ToggleSettingComponent","class","public","DolocTown.Config.Settings.SettingComponentBase","","False","True","","11","3","2","0","0x02000B01"
"DolocTown.Config.Settings","UserSettingGroupInfo","DolocTown.Config.Settings.UserSettingGroupInfo","class","public","Bright.Config.BeanBase","","False","True","","14","5","4","0","0x02000B02"
"DolocTown.Config.Settings","UserSettingInfo","DolocTown.Config.Settings.UserSettingInfo","class","public","Bright.Config.BeanBase","","False","True","","18","7","6","0","0x02000B03"
"DolocTown.Config.Settings","UserSettingType","DolocTown.Config.Settings.UserSettingType","enum","public","System.Enum","","False","True","","0","138","0","0","0x02000B04"
"DolocTown.Config.Room","BackgroundHighLevel","DolocTown.Config.Room.BackgroundHighLevel","enum","public","System.Enum","","False","True","","0","8","0","0","0x02000B05"
"DolocTown.Config.Room","BackgroundHighLevelInfo","DolocTown.Config.Room.BackgroundHighLevelInfo","class","public","Bright.Config.BeanBase","","False","True","","11","3","2","0","0x02000B06"
"DolocTown.Config.Room","CfgMapAreaType","DolocTown.Config.Room.CfgMapAreaType","enum","public","System.Enum","","False","True","","0","5","0","0","0x02000B07"
"DolocTown.Config.Room","CfgRoomType","DolocTown.Config.Room.CfgRoomType","enum","public","System.Enum","","False","True","","0","6","0","0","0x02000B08"
"DolocTown.Config.Room","DialogueObjectInfo","DolocTown.Config.Room.DialogueObjectInfo","class","public","Bright.Config.BeanBase","","False","True","","15","5","4","0","0x02000B09"
"DolocTown.Config.Room","EnvObjectSpawnData","DolocTown.Config.Room.EnvObjectSpawnData","class","public","DolocTown.Config.Global.SpawnData","","False","True","","12","3","3","0","0x02000B0A"
"DolocTown.Config.Room","InwalkableAreaInfo","DolocTown.Config.Room.InwalkableAreaInfo","class","public","Bright.Config.BeanBase","","False","True","","15","5","4","0","0x02000B0B"
"DolocTown.Config.Room","LockableObjectInfo","DolocTown.Config.Room.LockableObjectInfo","class","public","Bright.Config.BeanBase","","False","True","","17","7","6","0","0x02000B0C"
"DolocTown.Config.Room","MapAreaInfo","DolocTown.Config.Room.MapAreaInfo","class","public","Bright.Config.BeanBase","","False","True","","39","17","16","0","0x02000B0D"
"DolocTown.Config.Room","MapRoomInfo","DolocTown.Config.Room.MapRoomInfo","class","public","Bright.Config.BeanBase","","False","True","","19","7","6","0","0x02000B0E"
"DolocTown.Config.Room","MapRoomTypeInfo","DolocTown.Config.Room.MapRoomTypeInfo","class","public","Bright.Config.BeanBase","","False","True","","15","5","4","0","0x02000B0F"
"DolocTown.Config.Room","MapTypeInfo","DolocTown.Config.Room.MapTypeInfo","class","public","Bright.Config.BeanBase","","False","True","","28","12","11","0","0x02000B10"
"DolocTown.Config.Room","MarkPointInfo","DolocTown.Config.Room.MarkPointInfo","class","public","Bright.Config.BeanBase","","False","True","","15","4","5","0","0x02000B11"
"DolocTown.Config.Room","ObjectRefreshFrequency","DolocTown.Config.Room.ObjectRefreshFrequency","enum","public","System.Enum","","False","True","","0","6","0","0","0x02000B12"
"DolocTown.Config.Room","PortalInfo","DolocTown.Config.Room.PortalInfo","class","public","Bright.Config.BeanBase","","False","True","","42","17","20","0","0x02000B13"
"DolocTown.Config.Room","PortalInteractKey","DolocTown.Config.Room.PortalInteractKey","enum","public","System.Enum","","False","True","","0","5","0","0","0x02000B14"
"DolocTown.Config.Room","RoomConstructInfo","DolocTown.Config.Room.RoomConstructInfo","class","public","Bright.Config.BeanBase","","False","True","","19","7","6","0","0x02000B15"
"DolocTown.Config.Room","RoomEffectInfo","DolocTown.Config.Room.RoomEffectInfo","class","public","Bright.Config.BeanBase","","False","True","","21","8","7","0","0x02000B16"
"DolocTown.Config.Room","RoomInfo","DolocTown.Config.Room.RoomInfo","class","public","Bright.Config.BeanBase","","False","True","","19","7","6","0","0x02000B17"
"DolocTown.Config.Room","RoomSpawnInfo","DolocTown.Config.Room.RoomSpawnInfo","class","public","Bright.Config.BeanBase","","False","True","","15","5","4","0","0x02000B18"
"DolocTown.Config.Room","RoomTimeRange","DolocTown.Config.Room.RoomTimeRange","class","public","Bright.Config.BeanBase","","False","True","","15","5","4","0","0x02000B19"
"DolocTown.Config.Room","SceneInfo","DolocTown.Config.Room.SceneInfo","class","public","Bright.Config.BeanBase","","False","True","","27","12","11","0","0x02000B1A"
"DolocTown.Config.Room","StationInfo","DolocTown.Config.Room.StationInfo","class","public","Bright.Config.BeanBase","","False","True","","20","8","7","0","0x02000B1B"
"DolocTown.Config.Room","TbBackgroundHighLevel","DolocTown.Config.Room.TbBackgroundHighLevel","class","public","System.Object","","False","True","","8","2","3","0","0x02000B1C"
"DolocTown.Config.Room","TbDialogueObject","DolocTown.Config.Room.TbDialogueObject","class","public","System.Object","","False","True","","8","2","3","0","0x02000B1D"
"DolocTown.Config.Room","TbInwalkableArea","DolocTown.Config.Room.TbInwalkableArea","class","public","System.Object","","False","True","","8","2","3","0","0x02000B1E"
"DolocTown.Config.Room","TbLockableObject","DolocTown.Config.Room.TbLockableObject","class","public","System.Object","","False","True","","8","2","3","0","0x02000B1F"
"DolocTown.Config.Room","TbMapArea","DolocTown.Config.Room.TbMapArea","class","public","System.Object","","False","True","","10","6","1","0","0x02000B20"
"DolocTown.Config.Room","TbMapRoom","DolocTown.Config.Room.TbMapRoom","class","public","System.Object","","False","True","","8","2","3","0","0x02000B21"
"DolocTown.Config.Room","TbMapRoomType","DolocTown.Config.Room.TbMapRoomType","class","public","System.Object","","False","True","","8","2","3","0","0x02000B22"
"DolocTown.Config.Room","TbMapType","DolocTown.Config.Room.TbMapType","class","public","System.Object","","False","True","","8","2","3","0","0x02000B23"
"DolocTown.Config.Room","TbMarkPoint","DolocTown.Config.Room.TbMarkPoint","class","public","System.Object","","False","True","","8","2","3","0","0x02000B24"
"DolocTown.Config.Room","TbPortal","DolocTown.Config.Room.TbPortal","class","public","System.Object","","False","True","","8","2","3","0","0x02000B25"
"DolocTown.Config.Room","TbRoom","DolocTown.Config.Room.TbRoom","class","public","System.Object","","False","True","","8","2","3","0","0x02000B26"
"DolocTown.Config.Room","TbRoomEffect","DolocTown.Config.Room.TbRoomEffect","class","public","System.Object","","False","True","","8","2","3","0","0x02000B27"
"DolocTown.Config.Room","TbScene","DolocTown.Config.Room.TbScene","class","public","System.Object","","False","True","","8","2","3","0","0x02000B28"
"DolocTown.Config.Room","TbStation","DolocTown.Config.Room.TbStation","class","public","System.Object","","False","True","","8","2","3","0","0x02000B29"
"DolocTown.Config.Room","TbTrashTalk","DolocTown.Config.Room.TbTrashTalk","class","public","System.Object","","False","True","","10","3","3","0","0x02000B2A"
"DolocTown.Config.Room","TrashTalkInfo","DolocTown.Config.Room.TrashTalkInfo","class","public","Bright.Config.BeanBase","","False","True","","14","5","4","0","0x02000B2B"
"DolocTown.Config.Resource","DungeonResourceClass","DolocTown.Config.Resource.DungeonResourceClass","enum","public","System.Enum","","False","True","","0","7","0","0","0x02000B2C"
"DolocTown.Config.Resource","DungeonResourceType","DolocTown.Config.Resource.DungeonResourceType","enum","public","System.Enum","","False","True","","0","12","0","0","0x02000B2D"
"DolocTown.Config.Resource","EnvObjectInfo","DolocTown.Config.Resource.EnvObjectInfo","class","public","Bright.Config.BeanBase","","False","True","","19","7","6","0","0x02000B2E"
"DolocTown.Config.Resource","EnvObjectSpawnEntry","DolocTown.Config.Resource.EnvObjectSpawnEntry","class","public","Bright.Config.BeanBase","","False","True","","14","4","4","0","0x02000B2F"
"DolocTown.Config.Resource","EnvObjectSpawnInfo","DolocTown.Config.Resource.EnvObjectSpawnInfo","class","public","Bright.Config.BeanBase","DolocTown.Config.ISpawnLut","False","True","","16","6","4","0","0x02000B30"
"","<>c","DolocTown.Config.Resource.EnvObjectSpawnInfo/<>c","class","private","System.Object","","False","True","DolocTown.Config.Resource.EnvObjectSpawnInfo","3","2","0","0","0x02001276"
"DolocTown.Config.Resource","EnvObjectType","DolocTown.Config.Resource.EnvObjectType","enum","public","System.Enum","","False","True","","0","2","0","0","0x02000B31"
"DolocTown.Config.Resource","GlobalGuaranteedInfo","DolocTown.Config.Resource.GlobalGuaranteedInfo","class","public","Bright.Config.BeanBase","","False","True","","25","10","9","0","0x02000B32"
"DolocTown.Config.Resource","GuaranteedType","DolocTown.Config.Resource.GuaranteedType","enum","public","System.Enum","","False","True","","0","4","0","0","0x02000B33"
"DolocTown.Config.Resource","ResinCollectorOutputInfo","DolocTown.Config.Resource.ResinCollectorOutputInfo","class","public","Bright.Config.BeanBase","","False","True","","21","8","7","0","0x02000B34"
"DolocTown.Config.Resource","ResourceDocumentInfo","DolocTown.Config.Resource.ResourceDocumentInfo","class","public","Bright.Config.BeanBase","","False","True","","29","14","12","0","0x02000B35"
"DolocTown.Config.Resource","ResourceDocumentType","DolocTown.Config.Resource.ResourceDocumentType","enum","public","System.Enum","","False","True","","0","3","0","0","0x02000B36"
"DolocTown.Config.Resource","ResourceInfo","DolocTown.Config.Resource.ResourceInfo","class","public","Bright.Config.BeanBase","DolocTown.GameData.ISpawnedItem","False","True","","44","15","19","0","0x02000B37"
"DolocTown.Config.Resource","ResourceLevelData","DolocTown.Config.Resource.ResourceLevelData","class","public","Bright.Config.BeanBase","","False","True","","26","9","9","0","0x02000B38"
"DolocTown.Config.Resource","ResourceSpawnData","DolocTown.Config.Resource.ResourceSpawnData","class","public","DolocTown.Config.Global.SpawnData","","False","True","","12","3","3","0","0x02000B39"
"DolocTown.Config.Resource","ResourceSpawnEntry","DolocTown.Config.Resource.ResourceSpawnEntry","class","public","Bright.Config.BeanBase","","False","True","","14","4","4","0","0x02000B3A"
"DolocTown.Config.Resource","ResourceSpawnInfo","DolocTown.Config.Resource.ResourceSpawnInfo","class","public","Bright.Config.BeanBase","DolocTown.Config.ISpawnLut","False","True","","20","6","4","0","0x02000B3B"
"","<>c","DolocTown.Config.Resource.ResourceSpawnInfo/<>c","class","private","System.Object","","False","True","DolocTown.Config.Resource.ResourceSpawnInfo","3","2","0","0","0x02001277"
"","<>c__DisplayClass28_0","DolocTown.Config.Resource.ResourceSpawnInfo/<>c__DisplayClass28_0","class","private","System.Object","","False","True","DolocTown.Config.Resource.ResourceSpawnInfo","2","2","0","0","0x02001278"
"","<>c__DisplayClass29_0","DolocTown.Config.Resource.ResourceSpawnInfo/<>c__DisplayClass29_0","class","private","System.Object","","False","True","DolocTown.Config.Resource.ResourceSpawnInfo","2","2","0","0","0x02001279"
"","<>c__DisplayClass30_0","DolocTown.Config.Resource.ResourceSpawnInfo/<>c__DisplayClass30_0","class","private","System.Object","","False","True","DolocTown.Config.Resource.ResourceSpawnInfo","2","3","0","0","0x0200127A"
"DolocTown.Config.Resource","ResourceTypeInfo","DolocTown.Config.Resource.ResourceTypeInfo","class","public","Bright.Config.BeanBase","","False","True","","17","6","5","0","0x02000B3C"
"DolocTown.Config.Resource","TbEnvObject","DolocTown.Config.Resource.TbEnvObject","class","public","System.Object","","False","True","","8","2","3","0","0x02000B3D"
"DolocTown.Config.Resource","TbEnvObjectSpawn","DolocTown.Config.Resource.TbEnvObjectSpawn","class","public","System.Object","","False","True","","8","2","3","0","0x02000B3E"
"DolocTown.Config.Resource","TbGlobalGuaranteed","DolocTown.Config.Resource.TbGlobalGuaranteed","class","public","System.Object","","False","True","","5","2","1","0","0x02000B3F"
"DolocTown.Config.Resource","TbResinCollectorOutput","DolocTown.Config.Resource.TbResinCollectorOutput","class","public","System.Object","","False","True","","8","2","3","0","0x02000B40"
"DolocTown.Config.Resource","TbResource","DolocTown.Config.Resource.TbResource","class","public","System.Object","","False","True","","8","2","3","0","0x02000B41"
"DolocTown.Config.Resource","TbResourceDocument","DolocTown.Config.Resource.TbResourceDocument","class","public","System.Object","","False","True","","8","2","3","0","0x02000B42"
"DolocTown.Config.Resource","TbResourceSpawn","DolocTown.Config.Resource.TbResourceSpawn","class","public","System.Object","","False","True","","8","2","3","0","0x02000B43"
"DolocTown.Config.Resource","TbResourceType","DolocTown.Config.Resource.TbResourceType","class","public","System.Object","","False","True","","8","2","3","0","0x02000B44"
"DolocTown.Config.Resource","TbVegetation","DolocTown.Config.Resource.TbVegetation","class","public","System.Object","","False","True","","8","2","3","0","0x02000B45"
"DolocTown.Config.Resource","TbVegetationSpawn","DolocTown.Config.Resource.TbVegetationSpawn","class","public","System.Object","","False","True","","8","2","3","0","0x02000B46"
"DolocTown.Config.Resource","VegetationFuncBase","DolocTown.Config.Resource.VegetationFuncBase","class","public","Bright.Config.BeanBase","","True","False","","6","0","0","0","0x02000B47"
"DolocTown.Config.Resource","VegetationFuncBerryThicket","DolocTown.Config.Resource.VegetationFuncBerryThicket","class","public","DolocTown.Config.Resource.VegetationFuncGrowBase","","False","True","","7","1","0","0","0x02000B48"
"DolocTown.Config.Resource","VegetationFuncCrop","DolocTown.Config.Resource.VegetationFuncCrop","class","public","DolocTown.Config.Resource.VegetationFuncGrowBase","","False","True","","7","1","0","0","0x02000B49"
"DolocTown.Config.Resource","VegetationFuncDandelion","DolocTown.Config.Resource.VegetationFuncDandelion","class","public","DolocTown.Config.Resource.VegetationFuncGrowBase","","False","True","","11","3","2","0","0x02000B4A"
"DolocTown.Config.Resource","VegetationFuncDecorator","DolocTown.Config.Resource.VegetationFuncDecorator","class","public","DolocTown.Config.Resource.VegetationFuncBase","","False","True","","9","2","1","0","0x02000B4B"
"DolocTown.Config.Resource","VegetationFuncGrow","DolocTown.Config.Resource.VegetationFuncGrow","class","public","DolocTown.Config.Resource.VegetationFuncGrowBase","","False","True","","7","1","0","0","0x02000B4C"
"DolocTown.Config.Resource","VegetationFuncGrowBase","DolocTown.Config.Resource.VegetationFuncGrowBase","class","public","DolocTown.Config.Resource.VegetationFuncBase","","True","False","","10","2","2","0","0x02000B4D"
"DolocTown.Config.Resource","VegetationFuncGrowLuminous","DolocTown.Config.Resource.VegetationFuncGrowLuminous","class","public","DolocTown.Config.Resource.VegetationFuncGrowBase","","False","True","","13","4","3","0","0x02000B4E"
"DolocTown.Config.Resource","VegetationFuncLuminous","DolocTown.Config.Resource.VegetationFuncLuminous","class","public","DolocTown.Config.Resource.VegetationFuncBase","","False","True","","21","8","7","0","0x02000B4F"
"DolocTown.Config.Resource","VegetationInfo","DolocTown.Config.Resource.VegetationInfo","class","public","Bright.Config.BeanBase","","False","True","","28","10","10","0","0x02000B50"
"DolocTown.Config.Resource","VegetationSpawnData","DolocTown.Config.Resource.VegetationSpawnData","class","public","DolocTown.Config.Global.SpawnData","","False","True","","12","3","3","0","0x02000B51"
"DolocTown.Config.Resource","VegetationSpawnEntry","DolocTown.Config.Resource.VegetationSpawnEntry","class","public","Bright.Config.BeanBase","","False","True","","14","4","4","0","0x02000B52"
"DolocTown.Config.Resource","VegetationSpawnInfo","DolocTown.Config.Resource.VegetationSpawnInfo","class","public","Bright.Config.BeanBase","DolocTown.Config.ISpawnLut","False","True","","19","6","4","0","0x02000B53"
"","<>c","DolocTown.Config.Resource.VegetationSpawnInfo/<>c","class","private","System.Object","","False","True","DolocTown.Config.Resource.VegetationSpawnInfo","3","2","0","0","0x0200127B"
"DolocTown.Config.Resource","VegetationType","DolocTown.Config.Resource.VegetationType","enum","public","System.Enum","","False","True","","0","6","0","0","0x02000B54"
"DolocTown.Config.Recipe","DishGroupInfo","DolocTown.Config.Recipe.DishGroupInfo","class","public","Bright.Config.BeanBase","","False","True","","38","19","18","0","0x02000B55"
"DolocTown.Config.Recipe","DishInfo","DolocTown.Config.Recipe.DishInfo","class","public","Bright.Config.BeanBase","","False","True","","26","10","8","0","0x02000B56"
"","<>c","DolocTown.Config.Recipe.DishInfo/<>c","class","private","System.Object","","False","True","DolocTown.Config.Recipe.DishInfo","3","2","0","0","0x0200127C"
"DolocTown.Config.Recipe","DismantleRecipeGroupInfo","DolocTown.Config.Recipe.DismantleRecipeGroupInfo","class","public","Bright.Config.BeanBase","","False","True","","20","8","7","0","0x02000B57"
"DolocTown.Config.Recipe","DismantleRecipeInfo","DolocTown.Config.Recipe.DismantleRecipeInfo","class","public","Bright.Config.BeanBase","","False","True","","21","8","8","0","0x02000B58"
"DolocTown.Config.Recipe","IngredientGroupArray","DolocTown.Config.Recipe.IngredientGroupArray","class","public","Bright.Config.BeanBase","","False","True","","11","3","2","0","0x02000B59"
"DolocTown.Config.Recipe","IngredientGroupInfo","DolocTown.Config.Recipe.IngredientGroupInfo","class","public","Bright.Config.BeanBase","","False","True","","18","7","6","0","0x02000B5A"
"DolocTown.Config.Recipe","RecipeGroupInfo","DolocTown.Config.Recipe.RecipeGroupInfo","class","public","Bright.Config.BeanBase","","False","True","","28","13","12","0","0x02000B5B"
"DolocTown.Config.Recipe","RecipeInfo","DolocTown.Config.Recipe.RecipeInfo","class","public","Bright.Config.BeanBase","","False","True","","30","12","12","0","0x02000B5C"
"","<>c","DolocTown.Config.Recipe.RecipeInfo/<>c","class","private","System.Object","","False","True","DolocTown.Config.Recipe.RecipeInfo","3","2","0","0","0x0200127D"
"DolocTown.Config.Recipe","RecipeMainTypeInfo","DolocTown.Config.Recipe.RecipeMainTypeInfo","class","public","Bright.Config.BeanBase","","False","True","","12","4","3","0","0x02000B5D"
"DolocTown.Config.Recipe","RecipeSubTypeInfo","DolocTown.Config.Recipe.RecipeSubTypeInfo","class","public","Bright.Config.BeanBase","","False","True","","22","10","9","0","0x02000B5E"
"DolocTown.Config.Recipe","TbDish","DolocTown.Config.Recipe.TbDish","class","public","System.Object","","False","True","","8","2","3","0","0x02000B5F"
"DolocTown.Config.Recipe","TbDishGroup","DolocTown.Config.Recipe.TbDishGroup","class","public","System.Object","","False","True","","8","2","3","0","0x02000B60"
"DolocTown.Config.Recipe","TbDismantleRecipe","DolocTown.Config.Recipe.TbDismantleRecipe","class","public","System.Object","","False","True","","8","2","3","0","0x02000B61"
"DolocTown.Config.Recipe","TbDismantleRecipeGroup","DolocTown.Config.Recipe.TbDismantleRecipeGroup","class","public","System.Object","","False","True","","8","2","3","0","0x02000B62"
"DolocTown.Config.Recipe","TbIngredientGroup","DolocTown.Config.Recipe.TbIngredientGroup","class","public","System.Object","","False","True","","8","2","3","0","0x02000B63"
"DolocTown.Config.Recipe","TbRecipe","DolocTown.Config.Recipe.TbRecipe","class","public","System.Object","","False","True","","8","2","3","0","0x02000B64"
"DolocTown.Config.Recipe","TbRecipeGroup","DolocTown.Config.Recipe.TbRecipeGroup","class","public","System.Object","","False","True","","10","3","3","0","0x02000B65"
"DolocTown.Config.Recipe","TbRecipeMainType","DolocTown.Config.Recipe.TbRecipeMainType","class","public","System.Object","","False","True","","8","2","3","0","0x02000B66"
"DolocTown.Config.Recipe","TbRecipeSubType","DolocTown.Config.Recipe.TbRecipeSubType","class","public","System.Object","","False","True","","8","2","3","0","0x02000B67"
"DolocTown.Config.Player","AgentEquipmentFuncProto","DolocTown.Config.Player.AgentEquipmentFuncProto","class","public","Bright.Config.BeanBase","","True","False","","6","0","0","0","0x02000B68"
"DolocTown.Config.Player","AgentEquipmentFuncProtoAmoeba","DolocTown.Config.Player.AgentEquipmentFuncProtoAmoeba","class","public","DolocTown.Config.Player.AgentEquipmentFuncProto","","False","True","","7","1","0","0","0x02000B69"
"DolocTown.Config.Player","AgentEquipmentFuncProtoAreaSpeedUp","DolocTown.Config.Player.AgentEquipmentFuncProtoAreaSpeedUp","class","public","DolocTown.Config.Player.AgentEquipmentFuncProto","","False","True","","11","3","2","0","0x02000B6A"
"DolocTown.Config.Player","AgentEquipmentFuncProtoCook","DolocTown.Config.Player.AgentEquipmentFuncProtoCook","class","public","DolocTown.Config.Player.AgentEquipmentFuncProto","","False","True","","9","2","1","0","0x02000B6B"
"DolocTown.Config.Player","AgentEquipmentFuncProtoCounterBack","DolocTown.Config.Player.AgentEquipmentFuncProtoCounterBack","class","public","DolocTown.Config.Player.AgentEquipmentFuncProto","","False","True","","11","3","2","0","0x02000B6C"
"DolocTown.Config.Player","AgentEquipmentFuncProtoDashCdCooler","DolocTown.Config.Player.AgentEquipmentFuncProtoDashCdCooler","class","public","DolocTown.Config.Player.AgentEquipmentFuncProto","","False","True","","9","2","1","0","0x02000B6D"
"DolocTown.Config.Player","AgentEquipmentFuncProtoDisguise","DolocTown.Config.Player.AgentEquipmentFuncProtoDisguise","class","public","DolocTown.Config.Player.AgentEquipmentFuncProto","","False","True","","11","3","2","0","0x02000B6E"
"DolocTown.Config.Player","AgentEquipmentFuncProtoExtraResource","DolocTown.Config.Player.AgentEquipmentFuncProtoExtraResource","class","public","DolocTown.Config.Player.AgentEquipmentFuncProto","","False","True","","15","5","4","0","0x02000B6F"
"DolocTown.Config.Player","AgentEquipmentFuncProtoFellCountAdditionOre","DolocTown.Config.Player.AgentEquipmentFuncProtoFellCountAdditionOre","class","public","DolocTown.Config.Player.AgentEquipmentFuncProto","","False","True","","9","2","1","0","0x02000B70"
"DolocTown.Config.Player","AgentEquipmentFuncProtoFishTank","DolocTown.Config.Player.AgentEquipmentFuncProtoFishTank","class","public","DolocTown.Config.Player.AgentEquipmentFuncProto","","False","True","","11","3","2","0","0x02000B71"
"DolocTown.Config.Player","AgentEquipmentFuncProtoFoodEffectsAddition","DolocTown.Config.Player.AgentEquipmentFuncProtoFoodEffectsAddition","class","public","DolocTown.Config.Player.AgentEquipmentFuncProto","","False","True","","13","4","3","0","0x02000B72"
"DolocTown.Config.Player","AgentEquipmentFuncProtoGrandmasButton","DolocTown.Config.Player.AgentEquipmentFuncProtoGrandmasButton","class","public","DolocTown.Config.Player.AgentEquipmentFuncProto","","False","True","","9","2","1","0","0x02000B73"
"DolocTown.Config.Player","AgentEquipmentFuncProtoHerbPackage","DolocTown.Config.Player.AgentEquipmentFuncProtoHerbPackage","class","public","DolocTown.Config.Player.AgentEquipmentFuncProto","","False","True","","9","2","1","0","0x02000B74"
"DolocTown.Config.Player","AgentEquipmentFuncProtoImmuneAcidRain","DolocTown.Config.Player.AgentEquipmentFuncProtoImmuneAcidRain","class","public","DolocTown.Config.Player.AgentEquipmentFuncProto","","False","True","","7","1","0","0","0x02000B75"
"DolocTown.Config.Player","AgentEquipmentFuncProtoIncreaseCriticalRate","DolocTown.Config.Player.AgentEquipmentFuncProtoIncreaseCriticalRate","class","public","DolocTown.Config.Player.AgentEquipmentFuncProto","","False","True","","9","2","1","0","0x02000B76"
"DolocTown.Config.Player","AgentEquipmentFuncProtoLightningConductor","DolocTown.Config.Player.AgentEquipmentFuncProtoLightningConductor","class","public","DolocTown.Config.Player.AgentEquipmentFuncProto","","False","True","","13","4","3","0","0x02000B77"
"DolocTown.Config.Player","AgentEquipmentFuncProtoMimeticAffinity","DolocTown.Config.Player.AgentEquipmentFuncProtoMimeticAffinity","class","public","DolocTown.Config.Player.AgentEquipmentFuncProto","","False","True","","7","1","0","0","0x02000B78"
"DolocTown.Config.Player","AgentEquipmentFuncProtoShepherd","DolocTown.Config.Player.AgentEquipmentFuncProtoShepherd","class","public","DolocTown.Config.Player.AgentEquipmentFuncProto","","False","True","","13","4","3","0","0x02000B79"
"DolocTown.Config.Player","AgentEquipmentFuncProtoShield","DolocTown.Config.Player.AgentEquipmentFuncProtoShield","class","public","DolocTown.Config.Player.AgentEquipmentFuncProto","","False","True","","9","2","1","0","0x02000B7A"
"DolocTown.Config.Player","AgentEquipmentSkillInfo","DolocTown.Config.Player.AgentEquipmentSkillInfo","class","public","Bright.Config.BeanBase","","False","True","","14","5","4","0","0x02000B7B"
"DolocTown.Config.Player","BackpackLevelInfo","DolocTown.Config.Player.BackpackLevelInfo","class","public","Bright.Config.BeanBase","","False","True","","13","4","3","0","0x02000B7C"
"DolocTown.Config.Player","FarmLevelInfo","DolocTown.Config.Player.FarmLevelInfo","class","public","Bright.Config.BeanBase","","False","True","","17","6","5","0","0x02000B7D"
"DolocTown.Config.Player","HatInfo","DolocTown.Config.Player.HatInfo","class","public","Bright.Config.BeanBase","","False","True","","32","14","12","0","0x02000B7E"
"DolocTown.Config.Player","PlayerAnimationFrameInfo","DolocTown.Config.Player.PlayerAnimationFrameInfo","class","public","Bright.Config.BeanBase","","False","True","","15","5","4","0","0x02000B7F"
"DolocTown.Config.Player","TbAgentEquipmentSkill","DolocTown.Config.Player.TbAgentEquipmentSkill","class","public","System.Object","","False","True","","8","2","3","0","0x02000B80"
"DolocTown.Config.Player","TbBackpackLevel","DolocTown.Config.Player.TbBackpackLevel","class","public","System.Object","","False","True","","6","3","1","0","0x02000B81"
"DolocTown.Config.Player","TbFarmLevel","DolocTown.Config.Player.TbFarmLevel","class","public","System.Object","","False","True","","6","3","1","0","0x02000B82"
"DolocTown.Config.Player","TbHat","DolocTown.Config.Player.TbHat","class","public","System.Object","","False","True","","8","2","3","0","0x02000B83"
"DolocTown.Config.Player","TbPlayerAnimationFrame","DolocTown.Config.Player.TbPlayerAnimationFrame","class","public","System.Object","","False","True","","8","2","3","0","0x02000B84"
"DolocTown.Config.Platform","BuildingSupportInfo","DolocTown.Config.Platform.BuildingSupportInfo","class","public","Bright.Config.BeanBase","","False","True","","31","13","12","0","0x02000B85"
"DolocTown.Config.Platform","PlatformColumnData","DolocTown.Config.Platform.PlatformColumnData","class","public","Bright.Config.BeanBase","","False","True","","13","4","3","0","0x02000B86"
"DolocTown.Config.Platform","PlatformInfo","DolocTown.Config.Platform.PlatformInfo","class","public","Bright.Config.BeanBase","","False","True","","23","6","11","0","0x02000B87"
"DolocTown.Config.Platform","PlatformSurfaceData","DolocTown.Config.Platform.PlatformSurfaceData","class","public","Bright.Config.BeanBase","","False","True","","17","6","5","0","0x02000B88"
"DolocTown.Config.Platform","TbBuildingSupport","DolocTown.Config.Platform.TbBuildingSupport","class","public","System.Object","","False","True","","8","2","3","0","0x02000B89"
"DolocTown.Config.Platform","TbPlatform","DolocTown.Config.Platform.TbPlatform","class","public","System.Object","","False","True","","8","2","3","0","0x02000B8A"
"DolocTown.Config.Plant","CropGeneFuncProto","DolocTown.Config.Plant.CropGeneFuncProto","class","public","Bright.Config.BeanBase","","True","False","","6","0","0","0","0x02000B8B"
"DolocTown.Config.Plant","CropGeneFuncProtoAerialRoot","DolocTown.Config.Plant.CropGeneFuncProtoAerialRoot","class","public","DolocTown.Config.Plant.CropGeneFuncProto","","False","True","","7","1","0","0","0x02000B8C"
"DolocTown.Config.Plant","CropGeneFuncProtoAntiAcidRain","DolocTown.Config.Plant.CropGeneFuncProtoAntiAcidRain","class","public","DolocTown.Config.Plant.CropGeneFuncProto","","False","True","","7","1","0","0","0x02000B8D"
"DolocTown.Config.Plant","CropGeneFuncProtoBonsai","DolocTown.Config.Plant.CropGeneFuncProtoBonsai","class","public","DolocTown.Config.Plant.CropGeneFuncProto","","False","True","","11","3","2","0","0x02000B8E"
"DolocTown.Config.Plant","CropGeneFuncProtoCharge","DolocTown.Config.Plant.CropGeneFuncProtoCharge","class","public","DolocTown.Config.Plant.CropGeneFuncProto","","False","True","","7","1","0","0","0x02000B8F"
"DolocTown.Config.Plant","CropGeneFuncProtoConiferLeaf","DolocTown.Config.Plant.CropGeneFuncProtoConiferLeaf","class","public","DolocTown.Config.Plant.CropGeneFuncProto","","False","True","","9","2","1","0","0x02000B90"
"DolocTown.Config.Plant","CropGeneFuncProtoFertilityEnhance","DolocTown.Config.Plant.CropGeneFuncProtoFertilityEnhance","class","public","DolocTown.Config.Plant.CropGeneFuncProto","","False","True","","11","3","2","0","0x02000B91"
"DolocTown.Config.Plant","CropGeneFuncProtoFirefly","DolocTown.Config.Plant.CropGeneFuncProtoFirefly","class","public","DolocTown.Config.Plant.CropGeneFuncProto","","False","True","","7","1","0","0","0x02000B92"
"DolocTown.Config.Plant","CropGeneFuncProtoFlorescenceExtend","DolocTown.Config.Plant.CropGeneFuncProtoFlorescenceExtend","class","public","DolocTown.Config.Plant.CropGeneFuncProto","","False","True","","11","3","2","0","0x02000B93"
"DolocTown.Config.Plant","CropGeneFuncProtoFractalCrop","DolocTown.Config.Plant.CropGeneFuncProtoFractalCrop","class","public","DolocTown.Config.Plant.CropGeneFuncProto","","False","True","","9","2","1","0","0x02000B94"
"DolocTown.Config.Plant","CropGeneFuncProtoGrowUnchecked","DolocTown.Config.Plant.CropGeneFuncProtoGrowUnchecked","class","public","DolocTown.Config.Plant.CropGeneFuncProto","","False","True","","9","2","1","0","0x02000B95"
"DolocTown.Config.Plant","CropGeneFuncProtoHanabi","DolocTown.Config.Plant.CropGeneFuncProtoHanabi","class","public","DolocTown.Config.Plant.CropGeneFuncProto","","False","True","","15","5","4","0","0x02000B96"
"DolocTown.Config.Plant","CropGeneFuncProtoHope","DolocTown.Config.Plant.CropGeneFuncProtoHope","class","public","DolocTown.Config.Plant.CropGeneFuncProto","","False","True","","9","2","1","0","0x02000B97"
"DolocTown.Config.Plant","CropGeneFuncProtoImmortalJellyfish","DolocTown.Config.Plant.CropGeneFuncProtoImmortalJellyfish","class","public","DolocTown.Config.Plant.CropGeneFuncProto","","False","True","","9","2","1","0","0x02000B98"
"DolocTown.Config.Plant","CropGeneFuncProtoInfertility","DolocTown.Config.Plant.CropGeneFuncProtoInfertility","class","public","DolocTown.Config.Plant.CropGeneFuncProto","","False","True","","7","1","0","0","0x02000B99"
"DolocTown.Config.Plant","CropGeneFuncProtoNutritionEnrich","DolocTown.Config.Plant.CropGeneFuncProtoNutritionEnrich","class","public","DolocTown.Config.Plant.CropGeneFuncProto","","False","True","","9","2","1","0","0x02000B9A"
"DolocTown.Config.Plant","CropGeneFuncProtoOxygen","DolocTown.Config.Plant.CropGeneFuncProtoOxygen","class","public","DolocTown.Config.Plant.CropGeneFuncProtoRange","","False","True","","11","3","2","0","0x02000B9B"
"DolocTown.Config.Plant","CropGeneFuncProtoParasite","DolocTown.Config.Plant.CropGeneFuncProtoParasite","class","public","DolocTown.Config.Plant.CropGeneFuncProtoRange","","False","True","","11","3","2","0","0x02000B9C"
"DolocTown.Config.Plant","CropGeneFuncProtoRange","DolocTown.Config.Plant.CropGeneFuncProtoRange","class","public","DolocTown.Config.Plant.CropGeneFuncProto","","True","False","","12","3","3","0","0x02000B9D"
"DolocTown.Config.Plant","CropGeneFuncProtoRobustHealth","DolocTown.Config.Plant.CropGeneFuncProtoRobustHealth","class","public","DolocTown.Config.Plant.CropGeneFuncProto","","False","True","","9","2","1","0","0x02000B9E"
"DolocTown.Config.Plant","CropGeneFuncProtoSporeSpray","DolocTown.Config.Plant.CropGeneFuncProtoSporeSpray","class","public","DolocTown.Config.Plant.CropGeneFuncProto","","False","True","","7","1","0","0","0x02000B9F"
"DolocTown.Config.Plant","CropGeneFuncProtoSprinkler","DolocTown.Config.Plant.CropGeneFuncProtoSprinkler","class","public","DolocTown.Config.Plant.CropGeneFuncProtoRange","","False","True","","13","4","3","0","0x02000BA0"
"DolocTown.Config.Plant","CropGeneFuncProtoSymbioticSupply","DolocTown.Config.Plant.CropGeneFuncProtoSymbioticSupply","class","public","DolocTown.Config.Plant.CropGeneFuncProtoRange","","False","True","","9","2","1","0","0x02000BA1"
"DolocTown.Config.Plant","CropGeneFuncProtoTimeGift","DolocTown.Config.Plant.CropGeneFuncProtoTimeGift","class","public","DolocTown.Config.Plant.CropGeneFuncProto","","False","True","","11","3","2","0","0x02000BA2"
"DolocTown.Config.Plant","CropGeneFuncProtoWindSow","DolocTown.Config.Plant.CropGeneFuncProtoWindSow","class","public","DolocTown.Config.Plant.CropGeneFuncProtoRange","","False","True","","9","2","1","0","0x02000BA3"
"DolocTown.Config.Plant","CropGeneInfo","DolocTown.Config.Plant.CropGeneInfo","class","public","Bright.Config.BeanBase","","False","True","","27","12","11","0","0x02000BA4"
"DolocTown.Config.Plant","CropGeneMatrixInfo","DolocTown.Config.Plant.CropGeneMatrixInfo","class","public","Bright.Config.BeanBase","","False","True","","15","4","3","0","0x02000BA5"
"","<>c__DisplayClass23_0","DolocTown.Config.Plant.CropGeneMatrixInfo/<>c__DisplayClass23_0","class","private","System.Object","","False","True","DolocTown.Config.Plant.CropGeneMatrixInfo","2","1","0","0","0x0200127E"
"","<>c","DolocTown.Config.Plant.CropGeneMatrixInfo/<>c","class","private","System.Object","","False","True","DolocTown.Config.Plant.CropGeneMatrixInfo","4","3","0","0","0x0200127F"
"DolocTown.Config.Plant","CropLevelData","DolocTown.Config.Plant.CropLevelData","class","public","Bright.Config.BeanBase","","False","True","","11","3","2","0","0x02000BA6"
"DolocTown.Config.Plant","SeedInfo","DolocTown.Config.Plant.SeedInfo","class","public","Bright.Config.BeanBase","","False","True","","39","15","16","0","0x02000BA7"
"DolocTown.Config.Plant","SeedTypeInfo","DolocTown.Config.Plant.SeedTypeInfo","class","public","Bright.Config.BeanBase","","False","True","","21","8","7","0","0x02000BA8"
"DolocTown.Config.Plant","SeedUnlockInfo","DolocTown.Config.Plant.SeedUnlockInfo","class","public","Bright.Config.BeanBase","","False","True","","17","6","5","0","0x02000BA9"
"DolocTown.Config.Plant","TbCropGene","DolocTown.Config.Plant.TbCropGene","class","public","System.Object","","False","True","","11","3","4","0","0x02000BAA"
"","<>c","DolocTown.Config.Plant.TbCropGene/<>c","class","private","System.Object","","False","True","DolocTown.Config.Plant.TbCropGene","4","3","0","0","0x02001280"
"DolocTown.Config.Plant","TbCropGeneMatrix","DolocTown.Config.Plant.TbCropGeneMatrix","class","public","System.Object","","False","True","","10","2","3","0","0x02000BAB"
"DolocTown.Config.Plant","TbSeed","DolocTown.Config.Plant.TbSeed","class","public","System.Object","","False","True","","8","2","3","0","0x02000BAC"
"DolocTown.Config.Plant","TbSeedType","DolocTown.Config.Plant.TbSeedType","class","public","System.Object","","False","True","","8","2","3","0","0x02000BAD"
"DolocTown.Config.Plant","TbSeedUnlock","DolocTown.Config.Plant.TbSeedUnlock","class","public","System.Object","","False","True","","8","2","3","0","0x02000BAE"
"DolocTown.Config.Plant","TbTreeSeed","DolocTown.Config.Plant.TbTreeSeed","class","public","System.Object","","False","True","","8","2","3","0","0x02000BAF"
"DolocTown.Config.Plant","TreeSeedInfo","DolocTown.Config.Plant.TreeSeedInfo","class","public","Bright.Config.BeanBase","","False","True","","29","10","10","0","0x02000BB0"
"DolocTown.Config.NPC","IdleTalkNodeInfo","DolocTown.Config.NPC.IdleTalkNodeInfo","class","public","Bright.Config.BeanBase","","False","True","","29","12","11","0","0x02000BB1"
"DolocTown.Config.NPC","LikingLevelMapInfo","DolocTown.Config.NPC.LikingLevelMapInfo","class","public","Bright.Config.BeanBase","","False","True","","11","3","2","0","0x02000BB2"
"DolocTown.Config.NPC","NpcDocumentInfo","DolocTown.Config.NPC.NpcDocumentInfo","class","public","Bright.Config.BeanBase","","False","True","","24","12","9","0","0x02000BB3"
"DolocTown.Config.NPC","NpcInfo","DolocTown.Config.NPC.NpcInfo","class","public","Bright.Config.BeanBase","","False","True","","60","26","28","0","0x02000BB4"
"","<>c","DolocTown.Config.NPC.NpcInfo/<>c","class","private","System.Object","","False","True","DolocTown.Config.NPC.NpcInfo","4","3","0","0","0x02001281"
"DolocTown.Config.NPC","NpcLikingInfo","DolocTown.Config.NPC.NpcLikingInfo","class","public","Bright.Config.BeanBase","","False","True","","13","4","3","0","0x02000BB5"
"DolocTown.Config.NPC","TbIdleTalkNode","DolocTown.Config.NPC.TbIdleTalkNode","class","public","System.Object","","False","True","","10","3","3","0","0x02000BB6"
"","<>c","DolocTown.Config.NPC.TbIdleTalkNode/<>c","class","private","System.Object","","False","True","DolocTown.Config.NPC.TbIdleTalkNode","3","2","0","0","0x02001282"
"DolocTown.Config.NPC","TbLikingLevelMap","DolocTown.Config.NPC.TbLikingLevelMap","class","public","System.Object","","False","True","","8","2","3","0","0x02000BB7"
"DolocTown.Config.NPC","TbNpc","DolocTown.Config.NPC.TbNpc","class","public","System.Object","","False","True","","8","2","3","0","0x02000BB8"
"DolocTown.Config.NPC","TbNpcDocument","DolocTown.Config.NPC.TbNpcDocument","class","public","System.Object","","False","True","","8","2","3","0","0x02000BB9"
"DolocTown.Config.NPC","TbNpcLiking","DolocTown.Config.NPC.TbNpcLiking","class","public","System.Object","","False","True","","8","2","3","0","0x02000BBA"
"DolocTown.Config.Monster","MonsterDocumentInfo","DolocTown.Config.Monster.MonsterDocumentInfo","class","public","Bright.Config.BeanBase","","False","True","","33","16","14","0","0x02000BBB"
"DolocTown.Config.Monster","MonsterInfo","DolocTown.Config.Monster.MonsterInfo","class","public","Bright.Config.BeanBase","","False","True","","33","14","13","0","0x02000BBC"
"DolocTown.Config.Monster","MonsterSpawnData","DolocTown.Config.Monster.MonsterSpawnData","class","public","DolocTown.Config.Global.SpawnData","","False","True","","12","3","3","0","0x02000BBD"
"DolocTown.Config.Monster","MonsterSpawnEntry","DolocTown.Config.Monster.MonsterSpawnEntry","class","public","Bright.Config.BeanBase","","False","True","","14","4","4","0","0x02000BBE"
"DolocTown.Config.Monster","MonsterSpawnInfo","DolocTown.Config.Monster.MonsterSpawnInfo","class","public","Bright.Config.BeanBase","DolocTown.Config.ISpawnLut","False","True","","17","6","4","0","0x02000BBF"
"","<>c","DolocTown.Config.Monster.MonsterSpawnInfo/<>c","class","private","System.Object","","False","True","DolocTown.Config.Monster.MonsterSpawnInfo","3","2","0","0","0x02001283"
"DolocTown.Config.Monster","MonsterType","DolocTown.Config.Monster.MonsterType","enum","public","System.Enum","","False","True","","0","5","0","0","0x02000BC0"
"DolocTown.Config.Monster","TbMonster","DolocTown.Config.Monster.TbMonster","class","public","System.Object","","False","True","","8","2","3","0","0x02000BC1"
"DolocTown.Config.Monster","TbMonsterDocument","DolocTown.Config.Monster.TbMonsterDocument","class","public","System.Object","","False","True","","8","2","3","0","0x02000BC2"
"DolocTown.Config.Monster","TbMonsterSpawn","DolocTown.Config.Monster.TbMonsterSpawn","class","public","System.Object","","False","True","","8","2","3","0","0x02000BC3"
"DolocTown.Config.Mod","ModDishGroupExtensionInfo","DolocTown.Config.Mod.ModDishGroupExtensionInfo","class","public","Bright.Config.BeanBase","","False","True","","15","5","4","0","0x02000BC4"
"DolocTown.Config.Mod","ModExchangeStoreExtensionInfo","DolocTown.Config.Mod.ModExchangeStoreExtensionInfo","class","public","Bright.Config.BeanBase","","False","True","","13","4","3","0","0x02000BC5"
"DolocTown.Config.Mod","ModFishingPoolExtensionInfo","DolocTown.Config.Mod.ModFishingPoolExtensionInfo","class","public","Bright.Config.BeanBase","","False","True","","15","5","4","0","0x02000BC6"
"DolocTown.Config.Mod","ModImageSettingInfo","DolocTown.Config.Mod.ModImageSettingInfo","class","public","Bright.Config.BeanBase","","False","True","","13","4","3","0","0x02000BC7"
"DolocTown.Config.Mod","ModIngredientGroupExtensionInfo","DolocTown.Config.Mod.ModIngredientGroupExtensionInfo","class","public","Bright.Config.BeanBase","","False","True","","15","5","4","0","0x02000BC8"
"DolocTown.Config.Mod","ModItemSpawnExtensionInfo","DolocTown.Config.Mod.ModItemSpawnExtensionInfo","class","public","Bright.Config.BeanBase","","False","True","","13","5","3","0","0x02000BC9"
"DolocTown.Config.Mod","ModRecipeGroupExtensionInfo","DolocTown.Config.Mod.ModRecipeGroupExtensionInfo","class","public","Bright.Config.BeanBase","","False","True","","15","5","4","0","0x02000BCA"
"DolocTown.Config.Mod","ModResourceSpawnExtensionInfo","DolocTown.Config.Mod.ModResourceSpawnExtensionInfo","class","public","Bright.Config.BeanBase","","False","True","","13","4","3","0","0x02000BCB"
"DolocTown.Config.Mod","ModStoreExtensionInfo","DolocTown.Config.Mod.ModStoreExtensionInfo","class","public","Bright.Config.BeanBase","","False","True","","13","5","3","0","0x02000BCC"
"DolocTown.Config.Mod","ModVegetationSpawnExtensionInfo","DolocTown.Config.Mod.ModVegetationSpawnExtensionInfo","class","public","Bright.Config.BeanBase","","False","True","","13","4","3","0","0x02000BCD"
"DolocTown.Config.Mod","TbModDishGroupExtension","DolocTown.Config.Mod.TbModDishGroupExtension","class","public","System.Object","","False","True","","4","1","1","0","0x02000BCE"
"DolocTown.Config.Mod","TbModExchangeStoreExtension","DolocTown.Config.Mod.TbModExchangeStoreExtension","class","public","System.Object","","False","True","","4","1","1","0","0x02000BCF"
"DolocTown.Config.Mod","TbModFishingPoolExtension","DolocTown.Config.Mod.TbModFishingPoolExtension","class","public","System.Object","","False","True","","4","1","1","0","0x02000BD0"
"DolocTown.Config.Mod","TbModImageSetting","DolocTown.Config.Mod.TbModImageSetting","class","public","System.Object","","False","True","","4","1","1","0","0x02000BD1"
"DolocTown.Config.Mod","TbModIngredientGroupExtension","DolocTown.Config.Mod.TbModIngredientGroupExtension","class","public","System.Object","","False","True","","4","1","1","0","0x02000BD2"
"DolocTown.Config.Mod","TbModItemSpawnExtension","DolocTown.Config.Mod.TbModItemSpawnExtension","class","public","System.Object","","False","True","","4","1","1","0","0x02000BD3"
"DolocTown.Config.Mod","TbModRecipeGroupExtension","DolocTown.Config.Mod.TbModRecipeGroupExtension","class","public","System.Object","","False","True","","4","1","1","0","0x02000BD4"
"DolocTown.Config.Mod","TbModResourceSpawnExtension","DolocTown.Config.Mod.TbModResourceSpawnExtension","class","public","System.Object","","False","True","","4","1","1","0","0x02000BD5"
"DolocTown.Config.Mod","TbModStoreExtension","DolocTown.Config.Mod.TbModStoreExtension","class","public","System.Object","","False","True","","4","1","1","0","0x02000BD6"
"DolocTown.Config.Mod","TbModVegetationSpawnExtension","DolocTown.Config.Mod.TbModVegetationSpawnExtension","class","public","System.Object","","False","True","","4","1","1","0","0x02000BD7"
"DolocTown.Config.Mission","BoardMissionInfo","DolocTown.Config.Mission.BoardMissionInfo","class","public","Bright.Config.BeanBase","","False","True","","31","13","12","0","0x02000BD8"
"DolocTown.Config.Mission","BoardMissionLevelInfo","DolocTown.Config.Mission.BoardMissionLevelInfo","class","public","Bright.Config.BeanBase","","False","True","","13","4","3","0","0x02000BD9"
"DolocTown.Config.Mission","BoardMissionType","DolocTown.Config.Mission.BoardMissionType","enum","public","System.Enum","","False","True","","0","5","0","0","0x02000BDA"
"DolocTown.Config.Mission","BoardMissionTypeInfo","DolocTown.Config.Mission.BoardMissionTypeInfo","class","public","Bright.Config.BeanBase","","False","True","","17","7","6","0","0x02000BDB"
"DolocTown.Config.Mission","CustomEventInfo","DolocTown.Config.Mission.CustomEventInfo","class","public","Bright.Config.BeanBase","","False","True","","9","2","1","0","0x02000BDC"
"DolocTown.Config.Mission","FactionMissionInfo","DolocTown.Config.Mission.FactionMissionInfo","class","public","Bright.Config.BeanBase","","False","True","","36","17","16","0","0x02000BDD"
"DolocTown.Config.Mission","FactionMissionType","DolocTown.Config.Mission.FactionMissionType","enum","public","System.Enum","","False","True","","0","13","0","0","0x02000BDE"
"DolocTown.Config.Mission","FactionMissionTypeInfo","DolocTown.Config.Mission.FactionMissionTypeInfo","class","public","Bright.Config.BeanBase","","False","True","","12","4","3","0","0x02000BDF"
"DolocTown.Config.Mission","FactionType","DolocTown.Config.Mission.FactionType","enum","public","System.Enum","","False","True","","0","7","0","0","0x02000BE0"
"DolocTown.Config.Mission","FactionTypeInfo","DolocTown.Config.Mission.FactionTypeInfo","class","public","Bright.Config.BeanBase","","False","True","","12","4","3","0","0x02000BE1"
"DolocTown.Config.Mission","ItemGeneConditionInfo","DolocTown.Config.Mission.ItemGeneConditionInfo","class","public","Bright.Config.BeanBase","","False","True","","17","6","5","0","0x02000BE2"
"DolocTown.Config.Mission","ItemSubmitConditionInfo","DolocTown.Config.Mission.ItemSubmitConditionInfo","class","public","Bright.Config.BeanBase","","False","True","","30","12","11","0","0x02000BE3"
"DolocTown.Config.Mission","MapMissionTip","DolocTown.Config.Mission.MapMissionTip","class","public","Bright.Config.BeanBase","","False","True","","13","4","3","0","0x02000BE4"
"DolocTown.Config.Mission","MapMissionTipType","DolocTown.Config.Mission.MapMissionTipType","enum","public","System.Enum","","False","True","","0","5","0","0","0x02000BE5"
"DolocTown.Config.Mission","MissionContent","DolocTown.Config.Mission.MissionContent","class","public","Bright.Config.BeanBase","","False","True","","13","4","3","0","0x02000BE6"
"DolocTown.Config.Mission","MissionDecoratorInfo","DolocTown.Config.Mission.MissionDecoratorInfo","class","public","Bright.Config.BeanBase","","False","True","","9","2","1","0","0x02000BE7"
"DolocTown.Config.Mission","MissionInfo","DolocTown.Config.Mission.MissionInfo","class","public","Bright.Config.BeanBase","","False","True","","28","13","12","0","0x02000BE8"
"DolocTown.Config.Mission","MissionNodeInfo","DolocTown.Config.Mission.MissionNodeInfo","class","public","Bright.Config.BeanBase","","False","True","","19","8","7","0","0x02000BE9"
"DolocTown.Config.Mission","MissionTypeInfo","DolocTown.Config.Mission.MissionTypeInfo","class","public","Bright.Config.BeanBase","","False","True","","20","8","7","0","0x02000BEA"
"DolocTown.Config.Mission","PositionTypeInfo","DolocTown.Config.Mission.PositionTypeInfo","class","public","Bright.Config.BeanBase","","False","True","","11","3","2","0","0x02000BEB"
"DolocTown.Config.Mission","RewardPoolInfo","DolocTown.Config.Mission.RewardPoolInfo","class","public","Bright.Config.BeanBase","","False","True","","13","4","3","0","0x02000BEC"
"DolocTown.Config.Mission","RewardType","DolocTown.Config.Mission.RewardType","enum","public","System.Enum","","False","True","","0","9","0","0","0x02000BED"
"DolocTown.Config.Mission","TbBoardMission","DolocTown.Config.Mission.TbBoardMission","class","public","System.Object","","False","True","","8","2","3","0","0x02000BEE"
"DolocTown.Config.Mission","TbBoardMissionLevel","DolocTown.Config.Mission.TbBoardMissionLevel","class","public","System.Object","","False","True","","8","2","3","0","0x02000BEF"
"DolocTown.Config.Mission","TbBoardMissionType","DolocTown.Config.Mission.TbBoardMissionType","class","public","System.Object","","False","True","","8","2","3","0","0x02000BF0"
"DolocTown.Config.Mission","TbCustomEvent","DolocTown.Config.Mission.TbCustomEvent","class","public","System.Object","","False","True","","8","2","3","0","0x02000BF1"
"DolocTown.Config.Mission","TbFactionMission","DolocTown.Config.Mission.TbFactionMission","class","public","System.Object","","False","True","","8","2","3","0","0x02000BF2"
"DolocTown.Config.Mission","TbFactionMissionType","DolocTown.Config.Mission.TbFactionMissionType","class","public","System.Object","","False","True","","8","2","3","0","0x02000BF3"
"DolocTown.Config.Mission","TbFactionType","DolocTown.Config.Mission.TbFactionType","class","public","System.Object","","False","True","","8","2","3","0","0x02000BF4"
"DolocTown.Config.Mission","TbItemGeneCondition","DolocTown.Config.Mission.TbItemGeneCondition","class","public","System.Object","","False","True","","8","2","3","0","0x02000BF5"
"DolocTown.Config.Mission","TbItemSubmitCondition","DolocTown.Config.Mission.TbItemSubmitCondition","class","public","System.Object","","False","True","","8","2","3","0","0x02000BF6"
"DolocTown.Config.Mission","TbMission","DolocTown.Config.Mission.TbMission","class","public","System.Object","","False","True","","8","2","3","0","0x02000BF7"
"DolocTown.Config.Mission","TbMissionDecorator","DolocTown.Config.Mission.TbMissionDecorator","class","public","System.Object","","False","True","","8","2","3","0","0x02000BF8"
"DolocTown.Config.Mission","TbMissionType","DolocTown.Config.Mission.TbMissionType","class","public","System.Object","","False","True","","8","2","3","0","0x02000BF9"
"DolocTown.Config.Mission","TbPositionType","DolocTown.Config.Mission.TbPositionType","class","public","System.Object","","False","True","","8","2","3","0","0x02000BFA"
"DolocTown.Config.Mission","TbRewardPool","DolocTown.Config.Mission.TbRewardPool","class","public","System.Object","","False","True","","8","2","3","0","0x02000BFB"
"DolocTown.Config.Mission","TbTreatyPortFaction","DolocTown.Config.Mission.TbTreatyPortFaction","class","public","System.Object","","False","True","","6","3","1","0","0x02000BFC"
"DolocTown.Config.Mission","TreatyPortFactionInfo","DolocTown.Config.Mission.TreatyPortFactionInfo","class","public","Bright.Config.BeanBase","","False","True","","36","16","15","0","0x02000BFD"
"DolocTown.Config.Localization","L10nImageInfo","DolocTown.Config.Localization.L10nImageInfo","class","public","Bright.Config.BeanBase","","False","True","","15","5","4","0","0x02000BFE"
"DolocTown.Config.Localization","L10nLinkInfo","DolocTown.Config.Localization.L10nLinkInfo","class","public","Bright.Config.BeanBase","","False","True","","15","5","4","0","0x02000BFF"
"DolocTown.Config.Localization","L10nTextInfo","DolocTown.Config.Localization.L10nTextInfo","class","public","Bright.Config.BeanBase","","False","True","","12","4","3","0","0x02000C00"
"DolocTown.Config.Localization","LocalizationInfo","DolocTown.Config.Localization.LocalizationInfo","class","public","Bright.Config.BeanBase","","False","True","","27","11","10","0","0x02000C01"
"DolocTown.Config.Localization","SceneTextBoxArgs","DolocTown.Config.Localization.SceneTextBoxArgs","class","public","DolocTown.Config.Localization.TipTextArgsBase","","False","True","","11","3","2","0","0x02000C02"
"DolocTown.Config.Localization","SceneTipArgs","DolocTown.Config.Localization.SceneTipArgs","class","public","DolocTown.Config.Localization.TipTextArgsBase","","False","True","","11","3","2","0","0x02000C03"
"DolocTown.Config.Localization","StaticTextInfo","DolocTown.Config.Localization.StaticTextInfo","class","public","Bright.Config.BeanBase","","False","True","","2224","1479","1478","0","0x02000C04"
"DolocTown.Config.Localization","TbL10nImage","DolocTown.Config.Localization.TbL10nImage","class","public","System.Object","","False","True","","5","2","1","0","0x02000C05"
"DolocTown.Config.Localization","TbL10nLink","DolocTown.Config.Localization.TbL10nLink","class","public","System.Object","","False","True","","5","2","1","0","0x02000C06"
"DolocTown.Config.Localization","TbL10nText","DolocTown.Config.Localization.TbL10nText","class","public","System.Object","","False","True","","8","2","3","0","0x02000C07"
"DolocTown.Config.Localization","TbLocalization","DolocTown.Config.Localization.TbLocalization","class","public","System.Object","","False","True","","8","2","3","0","0x02000C08"
"DolocTown.Config.Localization","TbStaticText","DolocTown.Config.Localization.TbStaticText","class","public","System.Object","","False","True","","742","1","739","0","0x02000C09"
"DolocTown.Config.Localization","TbTextMapperDE","DolocTown.Config.Localization.TbTextMapperDE","class","public","System.Object","DolocTown.Config.ITextProvider","False","True","","11","2","3","0","0x02000C0A"
"DolocTown.Config.Localization","TbTextMapperEN","DolocTown.Config.Localization.TbTextMapperEN","class","public","System.Object","DolocTown.Config.ITextProvider","False","True","","11","2","3","0","0x02000C0B"
"DolocTown.Config.Localization","TbTextMapperFR","DolocTown.Config.Localization.TbTextMapperFR","class","public","System.Object","DolocTown.Config.ITextProvider","False","True","","11","2","3","0","0x02000C0C"
"DolocTown.Config.Localization","TbTextMapperJA","DolocTown.Config.Localization.TbTextMapperJA","class","public","System.Object","DolocTown.Config.ITextProvider","False","True","","11","2","3","0","0x02000C0D"
"DolocTown.Config.Localization","TbTextMapperKO","DolocTown.Config.Localization.TbTextMapperKO","class","public","System.Object","DolocTown.Config.ITextProvider","False","True","","11","2","3","0","0x02000C0E"
"DolocTown.Config.Localization","TbTextMapperPT_BR","DolocTown.Config.Localization.TbTextMapperPT_BR","class","public","System.Object","DolocTown.Config.ITextProvider","False","True","","11","2","3","0","0x02000C0F"
"DolocTown.Config.Localization","TbTextMapperRU","DolocTown.Config.Localization.TbTextMapperRU","class","public","System.Object","DolocTown.Config.ITextProvider","False","True","","11","2","3","0","0x02000C10"
"DolocTown.Config.Localization","TbTextMapperZH_CN","DolocTown.Config.Localization.TbTextMapperZH_CN","class","public","System.Object","DolocTown.Config.ITextProvider","False","True","","11","2","3","0","0x02000C11"
"DolocTown.Config.Localization","TbTextMapperZH_TW","DolocTown.Config.Localization.TbTextMapperZH_TW","class","public","System.Object","DolocTown.Config.ITextProvider","False","True","","11","2","3","0","0x02000C12"
"DolocTown.Config.Localization","TbTextTip","DolocTown.Config.Localization.TbTextTip","class","public","System.Object","","False","True","","8","2","3","0","0x02000C13"
"DolocTown.Config.Localization","TextMapperDE","DolocTown.Config.Localization.TextMapperDE","class","public","Bright.Config.BeanBase","","False","True","","11","3","2","0","0x02000C14"
"DolocTown.Config.Localization","TextMapperEN","DolocTown.Config.Localization.TextMapperEN","class","public","Bright.Config.BeanBase","","False","True","","11","3","2","0","0x02000C15"
"DolocTown.Config.Localization","TextMapperFR","DolocTown.Config.Localization.TextMapperFR","class","public","Bright.Config.BeanBase","","False","True","","11","3","2","0","0x02000C16"
"DolocTown.Config.Localization","TextMapperJA","DolocTown.Config.Localization.TextMapperJA","class","public","Bright.Config.BeanBase","","False","True","","11","3","2","0","0x02000C17"
"DolocTown.Config.Localization","TextMapperKO","DolocTown.Config.Localization.TextMapperKO","class","public","Bright.Config.BeanBase","","False","True","","11","3","2","0","0x02000C18"
"DolocTown.Config.Localization","TextMapperPT_BR","DolocTown.Config.Localization.TextMapperPT_BR","class","public","Bright.Config.BeanBase","","False","True","","11","3","2","0","0x02000C19"
"DolocTown.Config.Localization","TextMapperRU","DolocTown.Config.Localization.TextMapperRU","class","public","Bright.Config.BeanBase","","False","True","","11","3","2","0","0x02000C1A"
"DolocTown.Config.Localization","TextMapperZH_CN","DolocTown.Config.Localization.TextMapperZH_CN","class","public","Bright.Config.BeanBase","","False","True","","11","3","2","0","0x02000C1B"
"DolocTown.Config.Localization","TextMapperZH_TW","DolocTown.Config.Localization.TextMapperZH_TW","class","public","Bright.Config.BeanBase","","False","True","","11","3","2","0","0x02000C1C"
"DolocTown.Config.Localization","TextTipInfo","DolocTown.Config.Localization.TextTipInfo","class","public","Bright.Config.BeanBase","","False","True","","11","3","2","0","0x02000C1D"
"DolocTown.Config.Localization","TipTextArgsBase","DolocTown.Config.Localization.TipTextArgsBase","class","public","Bright.Config.BeanBase","","True","False","","8","1","1","0","0x02000C1E"
"DolocTown.Config.Localization","UIBigMessageBoxArgs","DolocTown.Config.Localization.UIBigMessageBoxArgs","class","public","DolocTown.Config.Localization.TipTextArgsBase","","False","True","","9","2","1","0","0x02000C1F"
"DolocTown.Config.Localization","UINodeMessageBoxArgs","DolocTown.Config.Localization.UINodeMessageBoxArgs","class","public","DolocTown.Config.Localization.TipTextArgsBase","","False","True","","9","2","1","0","0x02000C20"
"DolocTown.Config.Localization","UISmallMessageBoxArgs","DolocTown.Config.Localization.UISmallMessageBoxArgs","class","public","DolocTown.Config.Localization.TipTextArgsBase","","False","True","","9","2","1","0","0x02000C21"
"DolocTown.Config.Localization","UITextConfirmBoxArgs","DolocTown.Config.Localization.UITextConfirmBoxArgs","class","public","DolocTown.Config.Localization.TipTextArgsBase","","False","True","","11","3","2","0","0x02000C22"
"DolocTown.Config.Light","CfgLightType","DolocTown.Config.Light.CfgLightType","enum","public","System.Enum","","False","True","","0","6","0","0","0x02000C23"
"DolocTown.Config.Item","CfgCountItem","DolocTown.Config.Item.CfgCountItem","class","public","Bright.Config.BeanBase","","False","True","","13","4","3","0","0x02000C24"
"DolocTown.Config.Item","CfgRangedItem","DolocTown.Config.Item.CfgRangedItem","class","public","Bright.Config.BeanBase","","False","True","","15","5","4","0","0x02000C25"
"DolocTown.Config.Item","CfgRewardProto","DolocTown.Config.Item.CfgRewardProto","class","public","Bright.Config.BeanBase","","False","True","","13","4","3","0","0x02000C26"
"DolocTown.Config.Item","CountItemListInfo","DolocTown.Config.Item.CountItemListInfo","class","public","Bright.Config.BeanBase","","False","True","","11","3","2","0","0x02000C27"
"DolocTown.Config.Item","EatingEffectInfo","DolocTown.Config.Item.EatingEffectInfo","class","public","Bright.Config.BeanBase","","False","True","","15","5","4","0","0x02000C28"
"DolocTown.Config.Item","FoodEffect","DolocTown.Config.Item.FoodEffect","class","public","Bright.Config.BeanBase","","False","True","","13","4","3","0","0x02000C29"
"DolocTown.Config.Item","ItemAutomationTypeInfo","DolocTown.Config.Item.ItemAutomationTypeInfo","class","public","Bright.Config.BeanBase","","False","True","","16","6","5","0","0x02000C2A"
"DolocTown.Config.Item","ItemFunction","DolocTown.Config.Item.ItemFunction","class","public","DolocTown.Config.Item.ItemFunctionBase","","False","True","","7","1","0","0","0x02000C2B"
"DolocTown.Config.Item","ItemFunctionAgentEquipment","DolocTown.Config.Item.ItemFunctionAgentEquipment","class","public","DolocTown.Config.Item.ItemFunctionBase","","True","False","","6","0","0","0","0x02000C2C"
"DolocTown.Config.Item","ItemFunctionAnimalPackage","DolocTown.Config.Item.ItemFunctionAnimalPackage","class","public","DolocTown.Config.Item.ItemFunctionBase","","False","True","","19","7","6","0","0x02000C2D"
"DolocTown.Config.Item","ItemFunctionAnimation","DolocTown.Config.Item.ItemFunctionAnimation","class","public","DolocTown.Config.Item.ItemFunctionAnimationBase","","False","True","","7","1","0","0","0x02000C2E"
"DolocTown.Config.Item","ItemFunctionAnimationBase","DolocTown.Config.Item.ItemFunctionAnimationBase","class","public","DolocTown.Config.Item.ItemFunctionBase","","True","False","","11","3","3","0","0x02000C2F"
"DolocTown.Config.Item","ItemFunctionAutomateBot","DolocTown.Config.Item.ItemFunctionAutomateBot","class","public","DolocTown.Config.Item.ItemFunctionBase","","False","True","","7","1","0","0","0x02000C30"
"DolocTown.Config.Item","ItemFunctionBase","DolocTown.Config.Item.ItemFunctionBase","class","public","Bright.Config.BeanBase","","True","False","","6","0","0","0","0x02000C31"
"DolocTown.Config.Item","ItemFunctionBattery","DolocTown.Config.Item.ItemFunctionBattery","class","public","DolocTown.Config.Item.ItemFunctionBase","","False","True","","9","2","1","0","0x02000C32"
"DolocTown.Config.Item","ItemFunctionBottle","DolocTown.Config.Item.ItemFunctionBottle","class","public","DolocTown.Config.Item.ItemFunctionBase","","False","True","","9","2","1","0","0x02000C33"
"DolocTown.Config.Item","ItemFunctionBox","DolocTown.Config.Item.ItemFunctionBox","class","public","DolocTown.Config.Item.ItemFunctionBase","","False","True","","28","11","10","0","0x02000C34"
"DolocTown.Config.Item","ItemFunctionBuilding","DolocTown.Config.Item.ItemFunctionBuilding","class","public","DolocTown.Config.Item.ItemFunctionBase","","False","True","","7","1","0","0","0x02000C35"
"DolocTown.Config.Item","ItemFunctionBuildingExterior","DolocTown.Config.Item.ItemFunctionBuildingExterior","class","public","DolocTown.Config.Item.ItemFunctionBase","","False","True","","11","3","2","0","0x02000C36"
"DolocTown.Config.Item","ItemFunctionConstructController","DolocTown.Config.Item.ItemFunctionConstructController","class","public","DolocTown.Config.Item.ItemFunctionBase","","False","True","","7","1","0","0","0x02000C37"
"DolocTown.Config.Item","ItemFunctionCrop","DolocTown.Config.Item.ItemFunctionCrop","class","public","DolocTown.Config.Item.ItemFunctionBase","","False","True","","15","5","4","0","0x02000C38"
"DolocTown.Config.Item","ItemFunctionDemolitionTool","DolocTown.Config.Item.ItemFunctionDemolitionTool","class","public","DolocTown.Config.Item.ItemFunctionBase","","False","True","","7","1","0","0","0x02000C39"
"DolocTown.Config.Item","ItemFunctionDoorplate","DolocTown.Config.Item.ItemFunctionDoorplate","class","public","DolocTown.Config.Item.ItemFunctionBase","","False","True","","7","1","0","0","0x02000C3A"
"DolocTown.Config.Item","ItemFunctionDroneAssist","DolocTown.Config.Item.ItemFunctionDroneAssist","class","public","DolocTown.Config.Item.ItemFunctionWeaponBase","","False","True","","7","1","0","0","0x02000C3B"
"DolocTown.Config.Item","ItemFunctionDroneChip","DolocTown.Config.Item.ItemFunctionDroneChip","class","public","DolocTown.Config.Item.ItemFunctionWeaponBase","","False","True","","7","1","0","0","0x02000C3C"
"DolocTown.Config.Item","ItemFunctionDroneEngine","DolocTown.Config.Item.ItemFunctionDroneEngine","class","public","DolocTown.Config.Item.ItemFunctionWeaponBase","","False","True","","7","1","0","0","0x02000C3D"
"DolocTown.Config.Item","ItemFunctionDroneStructure","DolocTown.Config.Item.ItemFunctionDroneStructure","class","public","DolocTown.Config.Item.ItemFunctionWeaponBase","","False","True","","7","1","0","0","0x02000C3E"
"DolocTown.Config.Item","ItemFunctionDroneWeapon","DolocTown.Config.Item.ItemFunctionDroneWeapon","class","public","DolocTown.Config.Item.ItemFunctionWeaponBase","","False","True","","7","1","0","0","0x02000C3F"
"DolocTown.Config.Item","ItemFunctionEdenFruit","DolocTown.Config.Item.ItemFunctionEdenFruit","class","public","DolocTown.Config.Item.ItemFunctionBase","","False","True","","13","4","3","0","0x02000C40"
"DolocTown.Config.Item","ItemFunctionEquipment","DolocTown.Config.Item.ItemFunctionEquipment","class","public","DolocTown.Config.Item.ItemFunctionBase","","False","True","","7","1","0","0","0x02000C41"
"DolocTown.Config.Item","ItemFunctionFarmingGun","DolocTown.Config.Item.ItemFunctionFarmingGun","class","public","DolocTown.Config.Item.ItemFunctionBase","","False","True","","13","4","3","0","0x02000C42"
"DolocTown.Config.Item","ItemFunctionFertilizer","DolocTown.Config.Item.ItemFunctionFertilizer","class","public","DolocTown.Config.Item.ItemFunctionBase","","False","True","","15","5","4","0","0x02000C43"
"DolocTown.Config.Item","ItemFunctionFilm","DolocTown.Config.Item.ItemFunctionFilm","class","public","DolocTown.Config.Item.ItemFunctionBase","","False","True","","11","3","2","0","0x02000C44"
"DolocTown.Config.Item","ItemFunctionFishFry","DolocTown.Config.Item.ItemFunctionFishFry","class","public","DolocTown.Config.Item.ItemFunctionBase","","False","True","","7","1","0","0","0x02000C45"
"DolocTown.Config.Item","ItemFunctionFishingRod","DolocTown.Config.Item.ItemFunctionFishingRod","class","public","DolocTown.Config.Item.ItemFunctionBase","","False","True","","21","8","7","0","0x02000C46"
"DolocTown.Config.Item","ItemFunctionFishRoe","DolocTown.Config.Item.ItemFunctionFishRoe","class","public","DolocTown.Config.Item.ItemFunctionBase","","False","True","","7","1","0","0","0x02000C47"
"DolocTown.Config.Item","ItemFunctionFood","DolocTown.Config.Item.ItemFunctionFood","class","public","DolocTown.Config.Item.ItemFunctionBase","","False","True","","11","3","2","0","0x02000C48"
"DolocTown.Config.Item","ItemFunctionGeneCapsule","DolocTown.Config.Item.ItemFunctionGeneCapsule","class","public","DolocTown.Config.Item.ItemFunctionBase","","False","True","","11","3","2","0","0x02000C49"
"DolocTown.Config.Item","ItemFunctionHat","DolocTown.Config.Item.ItemFunctionHat","class","public","DolocTown.Config.Item.ItemFunctionHatBase","","False","True","","7","1","0","0","0x02000C4A"
"DolocTown.Config.Item","ItemFunctionHatBase","DolocTown.Config.Item.ItemFunctionHatBase","class","public","DolocTown.Config.Item.ItemFunctionAgentEquipment","","True","False","","10","2","2","0","0x02000C4B"
"DolocTown.Config.Item","ItemFunctionHatShield","DolocTown.Config.Item.ItemFunctionHatShield","class","public","DolocTown.Config.Item.ItemFunctionHatBase","","False","True","","9","2","1","0","0x02000C4C"
"DolocTown.Config.Item","ItemFunctionHerbPackage","DolocTown.Config.Item.ItemFunctionHerbPackage","class","public","DolocTown.Config.Item.ItemFunctionPassiveBase","","False","True","","9","2","1","0","0x02000C4D"
"DolocTown.Config.Item","ItemFunctionMissile","DolocTown.Config.Item.ItemFunctionMissile","class","public","DolocTown.Config.Item.ItemFunctionBase","","False","True","","15","5","4","0","0x02000C4E"
"DolocTown.Config.Item","ItemFunctionMotorKey","DolocTown.Config.Item.ItemFunctionMotorKey","class","public","DolocTown.Config.Item.ItemFunctionBase","","False","True","","7","1","0","0","0x02000C4F"
"DolocTown.Config.Item","ItemFunctionPassive","DolocTown.Config.Item.ItemFunctionPassive","class","public","DolocTown.Config.Item.ItemFunctionPassiveBase","","False","True","","7","1","0","0","0x02000C50"
"DolocTown.Config.Item","ItemFunctionPassiveBase","DolocTown.Config.Item.ItemFunctionPassiveBase","class","public","DolocTown.Config.Item.ItemFunctionAgentEquipment","","True","False","","10","2","2","0","0x02000C51"
"DolocTown.Config.Item","ItemFunctionPatch","DolocTown.Config.Item.ItemFunctionPatch","class","public","DolocTown.Config.Item.ItemFunctionBase","","False","True","","9","2","1","0","0x02000C52"
"DolocTown.Config.Item","ItemFunctionPlatform","DolocTown.Config.Item.ItemFunctionPlatform","class","public","DolocTown.Config.Item.ItemFunctionBase","","False","True","","7","1","0","0","0x02000C53"
"DolocTown.Config.Item","ItemFunctionRandomPackage","DolocTown.Config.Item.ItemFunctionRandomPackage","class","public","DolocTown.Config.Item.ItemFunctionBase","","False","True","","9","2","1","0","0x02000C54"
"DolocTown.Config.Item","ItemFunctionRecipe","DolocTown.Config.Item.ItemFunctionRecipe","class","public","DolocTown.Config.Item.ItemFunctionBase","","False","True","","11","3","2","0","0x02000C55"
"DolocTown.Config.Item","ItemFunctionRecipeGroup","DolocTown.Config.Item.ItemFunctionRecipeGroup","class","public","DolocTown.Config.Item.ItemFunctionBase","","False","True","","13","4","3","0","0x02000C56"
"DolocTown.Config.Item","ItemFunctionRescuePager","DolocTown.Config.Item.ItemFunctionRescuePager","class","public","DolocTown.Config.Item.ItemFunctionAnimationBase","","False","True","","7","1","0","0","0x02000C57"
"DolocTown.Config.Item","ItemFunctionSeed","DolocTown.Config.Item.ItemFunctionSeed","class","public","DolocTown.Config.Item.ItemFunctionBase","","False","True","","11","3","2","0","0x02000C58"
"DolocTown.Config.Item","ItemFunctionSeedMaternal","DolocTown.Config.Item.ItemFunctionSeedMaternal","class","public","DolocTown.Config.Item.ItemFunctionBase","","False","True","","11","3","2","0","0x02000C59"
"DolocTown.Config.Item","ItemFunctionSeedTree","DolocTown.Config.Item.ItemFunctionSeedTree","class","public","DolocTown.Config.Item.ItemFunctionBase","","False","True","","11","3","2","0","0x02000C5A"
"DolocTown.Config.Item","ItemFunctionSleepingBag","DolocTown.Config.Item.ItemFunctionSleepingBag","class","public","DolocTown.Config.Item.ItemFunctionAnimationBase","","False","True","","7","1","0","0","0x02000C5B"
"DolocTown.Config.Item","ItemFunctionTool","DolocTown.Config.Item.ItemFunctionTool","class","public","DolocTown.Config.Item.ItemFunctionBase","","False","True","","25","10","9","0","0x02000C5C"
"DolocTown.Config.Item","ItemFunctionWallpaper","DolocTown.Config.Item.ItemFunctionWallpaper","class","public","DolocTown.Config.Item.ItemFunctionBase","","False","True","","11","3","2","0","0x02000C5D"
"DolocTown.Config.Item","ItemFunctionWaterCan","DolocTown.Config.Item.ItemFunctionWaterCan","class","public","DolocTown.Config.Item.ItemFunctionBase","","False","True","","11","3","2","0","0x02000C5E"
"DolocTown.Config.Item","ItemFunctionWeaponBase","DolocTown.Config.Item.ItemFunctionWeaponBase","class","public","DolocTown.Config.Item.ItemFunctionBase","","True","False","","6","0","0","0","0x02000C5F"
"DolocTown.Config.Item","ItemInfo","DolocTown.Config.Item.ItemInfo","class","public","Bright.Config.BeanBase","","False","True","","50","22","24","0","0x02000C60"
"DolocTown.Config.Item","ItemMainTypeInfo","DolocTown.Config.Item.ItemMainTypeInfo","class","public","Bright.Config.BeanBase","","False","True","","12","4","3","0","0x02000C61"
"DolocTown.Config.Item","ItemOrderInfo","DolocTown.Config.Item.ItemOrderInfo","class","public","Bright.Config.BeanBase","","False","True","","13","4","3","0","0x02000C62"
"DolocTown.Config.Item","ItemSourceInfo","DolocTown.Config.Item.ItemSourceInfo","class","public","Bright.Config.BeanBase","","False","True","","12","4","3","0","0x02000C63"
"DolocTown.Config.Item","ItemSpawnData","DolocTown.Config.Item.ItemSpawnData","class","public","DolocTown.Config.Global.SpawnData","","False","True","","12","3","3","0","0x02000C64"
"DolocTown.Config.Item","ItemSpawnEntry","DolocTown.Config.Item.ItemSpawnEntry","class","public","Bright.Config.BeanBase","","False","True","","14","4","4","0","0x02000C65"
"DolocTown.Config.Item","ItemSpawnInfo","DolocTown.Config.Item.ItemSpawnInfo","class","public","Bright.Config.BeanBase","DolocTown.Config.ISpawnLut","False","True","","18","6","4","0","0x02000C66"
"","<>c","DolocTown.Config.Item.ItemSpawnInfo/<>c","class","private","System.Object","","False","True","DolocTown.Config.Item.ItemSpawnInfo","4","3","0","0","0x02001284"
"DolocTown.Config.Item","ItemSpawnRandom","DolocTown.Config.Item.ItemSpawnRandom","class","public","Bright.Config.BeanBase","","False","True","","16","5","4","0","0x02000C67"
"DolocTown.Config.Item","ItemSubTypeInfo","DolocTown.Config.Item.ItemSubTypeInfo","class","public","Bright.Config.BeanBase","","False","True","","20","8","7","0","0x02000C68"
"DolocTown.Config.Item","MissionItemInfo","DolocTown.Config.Item.MissionItemInfo","class","public","Bright.Config.BeanBase","","False","True","","13","4","3","0","0x02000C69"
"DolocTown.Config.Item","RangedItemListInfo","DolocTown.Config.Item.RangedItemListInfo","class","public","Bright.Config.BeanBase","","False","True","","11","3","2","0","0x02000C6A"
"DolocTown.Config.Item","RangedItemWithPriceThreshold","DolocTown.Config.Item.RangedItemWithPriceThreshold","class","public","Bright.Config.BeanBase","","False","True","","11","3","2","0","0x02000C6B"
"DolocTown.Config.Item","TbCountItemList","DolocTown.Config.Item.TbCountItemList","class","public","System.Object","","False","True","","8","2","3","0","0x02000C6C"
"DolocTown.Config.Item","TbEatingEffect","DolocTown.Config.Item.TbEatingEffect","class","public","System.Object","","False","True","","8","2","3","0","0x02000C6D"
"DolocTown.Config.Item","TbItem","DolocTown.Config.Item.TbItem","class","public","System.Object","","False","True","","8","2","3","0","0x02000C6E"
"DolocTown.Config.Item","TbItemAutomationType","DolocTown.Config.Item.TbItemAutomationType","class","public","System.Object","","False","True","","8","2","3","0","0x02000C6F"
"DolocTown.Config.Item","TbItemMainType","DolocTown.Config.Item.TbItemMainType","class","public","System.Object","","False","True","","8","2","3","0","0x02000C70"
"DolocTown.Config.Item","TbItemOrder","DolocTown.Config.Item.TbItemOrder","class","public","System.Object","","False","True","","9","2","3","0","0x02000C71"
"DolocTown.Config.Item","TbItemSource","DolocTown.Config.Item.TbItemSource","class","public","System.Object","","False","True","","8","2","3","0","0x02000C72"
"DolocTown.Config.Item","TbItemSpawn","DolocTown.Config.Item.TbItemSpawn","class","public","System.Object","","False","True","","8","2","3","0","0x02000C73"
"DolocTown.Config.Item","TbItemSubType","DolocTown.Config.Item.TbItemSubType","class","public","System.Object","","False","True","","8","2","3","0","0x02000C74"
"DolocTown.Config.Item","TbMissionItem","DolocTown.Config.Item.TbMissionItem","class","public","System.Object","","False","True","","8","2","3","0","0x02000C75"
"DolocTown.Config.Item","TbRangedItemList","DolocTown.Config.Item.TbRangedItemList","class","public","System.Object","","False","True","","8","2","3","0","0x02000C76"
"DolocTown.Config.Item","TbToolOverride","DolocTown.Config.Item.TbToolOverride","class","public","System.Object","","False","True","","8","2","3","0","0x02000C77"
"DolocTown.Config.Item","ToolConstraint","DolocTown.Config.Item.ToolConstraint","class","public","Bright.Config.BeanBase","","False","True","","11","3","2","0","0x02000C78"
"DolocTown.Config.Item","ToolExtraSpawnLutByResourceClass","DolocTown.Config.Item.ToolExtraSpawnLutByResourceClass","class","public","Bright.Config.BeanBase","","False","True","","13","4","3","0","0x02000C79"
"DolocTown.Config.Item","ToolExtraSpawnLutByResourceName","DolocTown.Config.Item.ToolExtraSpawnLutByResourceName","class","public","Bright.Config.BeanBase","","False","True","","15","5","4","0","0x02000C7A"
"DolocTown.Config.Item","ToolOverrideInfo","DolocTown.Config.Item.ToolOverrideInfo","class","public","Bright.Config.BeanBase","","False","True","","19","11","6","0","0x02000C7B"
"DolocTown.Config.Item","ToolOverrideLevel","DolocTown.Config.Item.ToolOverrideLevel","class","public","Bright.Config.BeanBase","","False","True","","11","3","2","0","0x02000C7C"
"DolocTown.Config.Item","ToolOverrideSpawnLut","DolocTown.Config.Item.ToolOverrideSpawnLut","class","public","Bright.Config.BeanBase","","False","True","","13","4","3","0","0x02000C7D"
"DolocTown.Config.Item","ToolType","DolocTown.Config.Item.ToolType","enum","public","System.Enum","","False","True","","0","4","0","0","0x02000C7E"
"DolocTown.Config.Item","BoxSkin","DolocTown.Config.Item.BoxSkin","struct","public","System.ValueType","","False","True","","1","4","0","0","0x02000C7F"
"DolocTown.Config.Global","SpawnData","DolocTown.Config.Global.SpawnData","class","public","Bright.Config.BeanBase","","True","False","","14","3","5","0","0x02000C80"
"DolocTown.Config.General","Padding","DolocTown.Config.General.Padding","class","public","Bright.Config.BeanBase","","False","True","","15","5","4","0","0x02000C81"
"DolocTown.Config.General","RangeInt","DolocTown.Config.General.RangeInt","class","public","Bright.Config.BeanBase","","False","True","","12","3","3","0","0x02000C82"
"DolocTown.Config.General","SortingLayerInfo","DolocTown.Config.General.SortingLayerInfo","class","public","Bright.Config.BeanBase","","False","True","","13","4","3","0","0x02000C83"
"DolocTown.Config.General","TextContainer","DolocTown.Config.General.TextContainer","class","public","Bright.Config.BeanBase","","False","True","","12","4","3","0","0x02000C84"
"DolocTown.Config.General","TextLabel","DolocTown.Config.General.TextLabel","class","public","Bright.Config.BeanBase","","False","True","","13","4","3","0","0x02000C85"
"DolocTown.Config.Fishing","FarmFishFormationInfo","DolocTown.Config.Fishing.FarmFishFormationInfo","class","public","Bright.Config.BeanBase","","False","True","","22","7","5","0","0x02000C86"
"","SubFormationCondition","DolocTown.Config.Fishing.FarmFishFormationInfo/SubFormationCondition","struct","private","System.ValueType","","False","True","DolocTown.Config.Fishing.FarmFishFormationInfo","3","3","0","0","0x02001285"
"","FormationCondition","DolocTown.Config.Fishing.FarmFishFormationInfo/FormationCondition","struct","private","System.ValueType","","False","True","DolocTown.Config.Fishing.FarmFishFormationInfo","2","1","0","0","0x02001286"
"","<>c__DisplayClass2_0","DolocTown.Config.Fishing.FarmFishFormationInfo/FormationCondition/<>c__DisplayClass2_0","class","private","System.Object","","False","True","DolocTown.Config.Fishing.FarmFishFormationInfo/FormationCondition","2","1","0","0","0x020012B9"
"","<>c__DisplayClass30_0","DolocTown.Config.Fishing.FarmFishFormationInfo/<>c__DisplayClass30_0","class","private","System.Object","","False","True","DolocTown.Config.Fishing.FarmFishFormationInfo","2","1","0","0","0x02001287"
"","<>c__DisplayClass34_0","DolocTown.Config.Fishing.FarmFishFormationInfo/<>c__DisplayClass34_0","class","private","System.Object","","False","True","DolocTown.Config.Fishing.FarmFishFormationInfo","2","1","0","0","0x02001288"
"DolocTown.Config.Fishing","FarmFishInfo","DolocTown.Config.Fishing.FarmFishInfo","class","public","Bright.Config.BeanBase","","False","True","","27","11","10","0","0x02000C87"
"DolocTown.Config.Fishing","FishDocumentInfo","DolocTown.Config.Fishing.FishDocumentInfo","class","public","Bright.Config.BeanBase","","False","True","","18","8","6","0","0x02000C88"
"DolocTown.Config.Fishing","FishFeedInfo","DolocTown.Config.Fishing.FishFeedInfo","class","public","Bright.Config.BeanBase","","False","True","","13","4","3","0","0x02000C89"
"DolocTown.Config.Fishing","FishFormationCondition","DolocTown.Config.Fishing.FishFormationCondition","class","public","Bright.Config.BeanBase","","False","True","","13","4","3","0","0x02000C8A"
"DolocTown.Config.Fishing","FishInfo","DolocTown.Config.Fishing.FishInfo","class","public","Bright.Config.BeanBase","","False","True","","73","29","28","0","0x02000C8B"
"","<>c__DisplayClass128_0","DolocTown.Config.Fishing.FishInfo/<>c__DisplayClass128_0","class","private","System.Object","","False","True","DolocTown.Config.Fishing.FishInfo","2","1","0","0","0x02001289"
"","<>c__DisplayClass130_0","DolocTown.Config.Fishing.FishInfo/<>c__DisplayClass130_0","class","private","System.Object","","False","True","DolocTown.Config.Fishing.FishInfo","2","1","0","0","0x0200128A"
"DolocTown.Config.Fishing","FishingPoolInfo","DolocTown.Config.Fishing.FishingPoolInfo","class","public","Bright.Config.BeanBase","","False","True","","17","6","5","0","0x02000C8C"
"DolocTown.Config.Fishing","TbFarmFish","DolocTown.Config.Fishing.TbFarmFish","class","public","System.Object","","False","True","","10","2","3","0","0x02000C8D"
"DolocTown.Config.Fishing","TbFarmFishFormation","DolocTown.Config.Fishing.TbFarmFishFormation","class","public","System.Object","","False","True","","8","2","3","0","0x02000C8E"
"DolocTown.Config.Fishing","TbFish","DolocTown.Config.Fishing.TbFish","class","public","System.Object","","False","True","","8","2","3","0","0x02000C8F"
"DolocTown.Config.Fishing","TbFishDocument","DolocTown.Config.Fishing.TbFishDocument","class","public","System.Object","","False","True","","8","2","3","0","0x02000C90"
"DolocTown.Config.Fishing","TbFishFeed","DolocTown.Config.Fishing.TbFishFeed","class","public","System.Object","","False","True","","9","2","3","0","0x02000C91"
"DolocTown.Config.Fishing","TbFishingPool","DolocTown.Config.Fishing.TbFishingPool","class","public","System.Object","","False","True","","8","2","3","0","0x02000C92"
"DolocTown.Config.Festival","FestivalInfo","DolocTown.Config.Festival.FestivalInfo","class","public","Bright.Config.BeanBase","","False","True","","24","10","9","0","0x02000C93"
"DolocTown.Config.Festival","NpcFestivalInfo","DolocTown.Config.Festival.NpcFestivalInfo","class","public","Bright.Config.BeanBase","","False","True","","17","6","5","0","0x02000C94"
"DolocTown.Config.Festival","TbFestival","DolocTown.Config.Festival.TbFestival","class","public","System.Object","","False","True","","8","2","3","0","0x02000C95"
"DolocTown.Config.Equipment","CfgDecalSlotType","DolocTown.Config.Equipment.CfgDecalSlotType","enum","public","System.Enum","","False","True","","0","7","0","0","0x02000C96"
"DolocTown.Config.Equipment","ChairInfo","DolocTown.Config.Equipment.ChairInfo","class","public","Bright.Config.BeanBase","","False","True","","25","10","9","0","0x02000C97"
"DolocTown.Config.Equipment","DecalSlotData","DolocTown.Config.Equipment.DecalSlotData","class","public","Bright.Config.BeanBase","","False","True","","11","3","2","0","0x02000C98"
"DolocTown.Config.Equipment","EComGeneratorBase","DolocTown.Config.Equipment.EComGeneratorBase","class","public","DolocTown.Config.Equipment.ElectronicComponentProto","","True","False","","8","1","1","0","0x02000C99"
"DolocTown.Config.Equipment","EComProtoAppliance","DolocTown.Config.Equipment.EComProtoAppliance","class","public","DolocTown.Config.Equipment.ElectronicComponentProto","","False","True","","9","2","1","0","0x02000C9A"
"DolocTown.Config.Equipment","EComProtoBattery","DolocTown.Config.Equipment.EComProtoBattery","class","public","DolocTown.Config.Equipment.ElectronicComponentProto","","False","True","","11","3","2","0","0x02000C9B"
"DolocTown.Config.Equipment","EComProtoGeneratorCustom","DolocTown.Config.Equipment.EComProtoGeneratorCustom","class","public","DolocTown.Config.Equipment.EComGeneratorBase","","False","True","","7","1","0","0","0x02000C9C"
"DolocTown.Config.Equipment","EComProtoGeneratorFuel","DolocTown.Config.Equipment.EComProtoGeneratorFuel","class","public","DolocTown.Config.Equipment.EComGeneratorBase","","False","True","","13","4","3","0","0x02000C9D"
"DolocTown.Config.Equipment","EComProtoGeneratorSolar","DolocTown.Config.Equipment.EComProtoGeneratorSolar","class","public","DolocTown.Config.Equipment.EComGeneratorBase","","False","True","","7","1","0","0","0x02000C9E"
"DolocTown.Config.Equipment","EComProtoGeneratorWind","DolocTown.Config.Equipment.EComProtoGeneratorWind","class","public","DolocTown.Config.Equipment.EComGeneratorBase","","False","True","","7","1","0","0","0x02000C9F"
"DolocTown.Config.Equipment","ElectronicComponentProto","DolocTown.Config.Equipment.ElectronicComponentProto","class","public","Bright.Config.BeanBase","","True","False","","6","0","0","0","0x02000CA0"
"DolocTown.Config.Equipment","EquipmentEnvType","DolocTown.Config.Equipment.EquipmentEnvType","enum","public","System.Enum","","False","True","","0","4","0","0","0x02000CA1"
"DolocTown.Config.Equipment","EquipmentFitType","DolocTown.Config.Equipment.EquipmentFitType","enum","public","System.Enum","","False","True","","0","4","0","0","0x02000CA2"
"DolocTown.Config.Equipment","EquipmentFuncAffector","DolocTown.Config.Equipment.EquipmentFuncAffector","class","public","DolocTown.Config.Equipment.EquipmentFuncRange","","True","False","","10","1","1","0","0x02000CA3"
"DolocTown.Config.Equipment","EquipmentFuncAnimalDecorator","DolocTown.Config.Equipment.EquipmentFuncAnimalDecorator","class","public","DolocTown.Config.Equipment.EquipmentFuncEquipment","","False","True","","9","2","1","0","0x02000CA4"
"DolocTown.Config.Equipment","EquipmentFuncAnimalStation","DolocTown.Config.Equipment.EquipmentFuncAnimalStation","class","public","DolocTown.Config.Equipment.EquipmentFuncEquipment","","False","True","","7","1","0","0","0x02000CA5"
"DolocTown.Config.Equipment","EquipmentFuncAutomateBotStation","DolocTown.Config.Equipment.EquipmentFuncAutomateBotStation","class","public","DolocTown.Config.Equipment.EquipmentFuncRange","","False","True","","23","9","8","0","0x02000CA6"
"DolocTown.Config.Equipment","EquipmentFuncBarrel","DolocTown.Config.Equipment.EquipmentFuncBarrel","class","public","DolocTown.Config.Equipment.EquipmentFuncEquipment","","False","True","","9","2","1","0","0x02000CA7"
"DolocTown.Config.Equipment","EquipmentFuncBattery","DolocTown.Config.Equipment.EquipmentFuncBattery","class","public","DolocTown.Config.Equipment.EquipmentFuncEquipment","","False","True","","9","2","1","0","0x02000CA8"
"DolocTown.Config.Equipment","EquipmentFuncBed","DolocTown.Config.Equipment.EquipmentFuncBed","class","public","DolocTown.Config.Equipment.EquipmentFuncEquipment","","False","True","","7","1","0","0","0x02000CA9"
"DolocTown.Config.Equipment","EquipmentFuncCase","DolocTown.Config.Equipment.EquipmentFuncCase","class","public","DolocTown.Config.Equipment.EquipmentFuncCaseBase","","False","True","","14","4","3","0","0x02000CAA"
"DolocTown.Config.Equipment","EquipmentFuncCaseBase","DolocTown.Config.Equipment.EquipmentFuncCaseBase","class","public","DolocTown.Config.Equipment.EquipmentFuncEquipment","","True","False","","10","2","2","0","0x02000CAB"
"DolocTown.Config.Equipment","EquipmentFuncCaseLocator","DolocTown.Config.Equipment.EquipmentFuncCaseLocator","class","public","DolocTown.Config.Equipment.EquipmentFuncEquipment","","False","True","","11","3","2","0","0x02000CAC"
"DolocTown.Config.Equipment","EquipmentFuncChair","DolocTown.Config.Equipment.EquipmentFuncChair","class","public","DolocTown.Config.Equipment.EquipmentFuncEquipment","","False","True","","15","5","4","0","0x02000CAD"
"DolocTown.Config.Equipment","EquipmentFuncChickenNest","DolocTown.Config.Equipment.EquipmentFuncChickenNest","class","public","DolocTown.Config.Equipment.EquipmentFuncEquipment","","False","True","","11","3","2","0","0x02000CAE"
"DolocTown.Config.Equipment","EquipmentFuncCropTrafficLight","DolocTown.Config.Equipment.EquipmentFuncCropTrafficLight","class","public","DolocTown.Config.Equipment.EquipmentFuncEquipment","","False","True","","9","2","1","0","0x02000CAF"
"DolocTown.Config.Equipment","EquipmentFuncDecorator","DolocTown.Config.Equipment.EquipmentFuncDecorator","class","public","DolocTown.Config.Equipment.EquipmentFuncEquipment","","False","True","","7","1","0","0","0x02000CB0"
"DolocTown.Config.Equipment","EquipmentFuncEquipment","DolocTown.Config.Equipment.EquipmentFuncEquipment","class","public","Bright.Config.BeanBase","","True","False","","6","0","0","0","0x02000CB1"
"DolocTown.Config.Equipment","EquipmentFuncEquipmentAnimation","DolocTown.Config.Equipment.EquipmentFuncEquipmentAnimation","class","public","DolocTown.Config.Equipment.EquipmentFuncEquipmentAnimationBase","","False","True","","7","1","0","0","0x02000CB2"
"DolocTown.Config.Equipment","EquipmentFuncEquipmentAnimationBase","DolocTown.Config.Equipment.EquipmentFuncEquipmentAnimationBase","class","public","DolocTown.Config.Equipment.EquipmentFuncEquipment","","True","False","","11","3","3","0","0x02000CB3"
"DolocTown.Config.Equipment","EquipmentFuncEquipmentRoom","DolocTown.Config.Equipment.EquipmentFuncEquipmentRoom","class","public","DolocTown.Config.Equipment.EquipmentFuncEquipment","","False","True","","9","2","1","0","0x02000CB4"
"DolocTown.Config.Equipment","EquipmentFuncEquipmentWorkbench","DolocTown.Config.Equipment.EquipmentFuncEquipmentWorkbench","class","public","DolocTown.Config.Equipment.EquipmentFuncEquipment","","False","True","","11","3","2","0","0x02000CB5"
"DolocTown.Config.Equipment","EquipmentFuncFarmLight","DolocTown.Config.Equipment.EquipmentFuncFarmLight","class","public","DolocTown.Config.Equipment.EquipmentFuncAffector","","False","True","","13","4","3","0","0x02000CB6"
"DolocTown.Config.Equipment","EquipmentFuncFeeder","DolocTown.Config.Equipment.EquipmentFuncFeeder","class","public","DolocTown.Config.Equipment.EquipmentFuncEquipment","","False","True","","11","3","2","0","0x02000CB7"
"DolocTown.Config.Equipment","EquipmentFuncFence","DolocTown.Config.Equipment.EquipmentFuncFence","class","public","DolocTown.Config.Equipment.EquipmentFuncEquipment","","False","True","","7","1","0","0","0x02000CB8"
"DolocTown.Config.Equipment","EquipmentFuncFishIncubator","DolocTown.Config.Equipment.EquipmentFuncFishIncubator","class","public","DolocTown.Config.Equipment.EquipmentFuncCaseBase","","False","True","","13","4","3","0","0x02000CB9"
"DolocTown.Config.Equipment","EquipmentFuncFishTank","DolocTown.Config.Equipment.EquipmentFuncFishTank","class","public","DolocTown.Config.Equipment.EquipmentFuncFishTankBase","","False","True","","9","2","1","0","0x02000CBA"
"DolocTown.Config.Equipment","EquipmentFuncFishTankBase","DolocTown.Config.Equipment.EquipmentFuncFishTankBase","class","public","DolocTown.Config.Equipment.EquipmentFuncCaseBase","","True","False","","14","4","4","0","0x02000CBB"
"DolocTown.Config.Equipment","EquipmentFuncFishTankEcological","DolocTown.Config.Equipment.EquipmentFuncFishTankEcological","class","public","DolocTown.Config.Equipment.EquipmentFuncFishTankBase","","False","True","","9","2","1","0","0x02000CBC"
"DolocTown.Config.Equipment","EquipmentFuncFishTankElectricEel","DolocTown.Config.Equipment.EquipmentFuncFishTankElectricEel","class","public","DolocTown.Config.Equipment.EquipmentFuncFishTankBase","","False","True","","11","3","2","0","0x02000CBD"
"DolocTown.Config.Equipment","EquipmentFuncFishTankExtension","DolocTown.Config.Equipment.EquipmentFuncFishTankExtension","class","public","DolocTown.Config.Equipment.EquipmentFuncEquipment","","False","True","","11","3","2","0","0x02000CBE"
"DolocTown.Config.Equipment","EquipmentFuncFlowerPot","DolocTown.Config.Equipment.EquipmentFuncFlowerPot","class","public","DolocTown.Config.Equipment.EquipmentFuncEquipment","","False","True","","7","1","0","0","0x02000CBF"
"DolocTown.Config.Equipment","EquipmentFuncGarbageShredder","DolocTown.Config.Equipment.EquipmentFuncGarbageShredder","class","public","DolocTown.Config.Equipment.EquipmentFuncWorker","","False","True","","19","7","6","0","0x02000CC0"
"DolocTown.Config.Equipment","EquipmentFuncGeneExtractor","DolocTown.Config.Equipment.EquipmentFuncGeneExtractor","class","public","DolocTown.Config.Equipment.EquipmentFuncSynthesizerBase","","False","True","","7","1","0","0","0x02000CC1"
"DolocTown.Config.Equipment","EquipmentFuncGeneIncubator","DolocTown.Config.Equipment.EquipmentFuncGeneIncubator","class","public","DolocTown.Config.Equipment.EquipmentFuncWorker","","False","True","","13","4","3","0","0x02000CC2"
"DolocTown.Config.Equipment","EquipmentFuncGeneReplicator","DolocTown.Config.Equipment.EquipmentFuncGeneReplicator","class","public","DolocTown.Config.Equipment.EquipmentFuncWorker","","False","True","","15","5","4","0","0x02000CC3"
"DolocTown.Config.Equipment","EquipmentFuncGeneSynthesizer","DolocTown.Config.Equipment.EquipmentFuncGeneSynthesizer","class","public","DolocTown.Config.Equipment.EquipmentFuncWorker","","False","True","","15","5","4","0","0x02000CC4"
"DolocTown.Config.Equipment","EquipmentFuncHoneyComb","DolocTown.Config.Equipment.EquipmentFuncHoneyComb","class","public","DolocTown.Config.Equipment.EquipmentFuncEquipment","","False","True","","13","4","3","0","0x02000CC5"
"DolocTown.Config.Equipment","EquipmentFuncLamp","DolocTown.Config.Equipment.EquipmentFuncLamp","class","public","DolocTown.Config.Equipment.EquipmentFuncEquipment","","False","True","","11","3","2","0","0x02000CC6"
"DolocTown.Config.Equipment","EquipmentFuncLightningArrester","DolocTown.Config.Equipment.EquipmentFuncLightningArrester","class","public","DolocTown.Config.Equipment.EquipmentFuncAffector","","False","True","","9","2","1","0","0x02000CC7"
"DolocTown.Config.Equipment","EquipmentFuncLintRoller","DolocTown.Config.Equipment.EquipmentFuncLintRoller","class","public","DolocTown.Config.Equipment.EquipmentFuncEquipment","","False","True","","13","4","3","0","0x02000CC8"
"DolocTown.Config.Equipment","EquipmentFuncLivestockNursery","DolocTown.Config.Equipment.EquipmentFuncLivestockNursery","class","public","DolocTown.Config.Equipment.EquipmentFuncEquipment","","False","True","","9","2","1","0","0x02000CC9"
"DolocTown.Config.Equipment","EquipmentFuncMailBox","DolocTown.Config.Equipment.EquipmentFuncMailBox","class","public","DolocTown.Config.Equipment.EquipmentFuncEquipment","","False","True","","9","2","1","0","0x02000CCA"
"DolocTown.Config.Equipment","EquipmentFuncMalignantWeatherSuppressor","DolocTown.Config.Equipment.EquipmentFuncMalignantWeatherSuppressor","class","public","DolocTown.Config.Equipment.EquipmentFuncEquipment","","False","True","","9","2","1","0","0x02000CCB"
"DolocTown.Config.Equipment","EquipmentFuncMilkingMachine","DolocTown.Config.Equipment.EquipmentFuncMilkingMachine","class","public","DolocTown.Config.Equipment.EquipmentFuncEquipment","","False","True","","13","4","3","0","0x02000CCC"
"DolocTown.Config.Equipment","EquipmentFuncParkingApron","DolocTown.Config.Equipment.EquipmentFuncParkingApron","class","public","DolocTown.Config.Equipment.EquipmentFuncCaseBase","","False","True","","31","11","10","0","0x02000CCD"
"DolocTown.Config.Equipment","EquipmentFuncPlantAnalyzer","DolocTown.Config.Equipment.EquipmentFuncPlantAnalyzer","class","public","DolocTown.Config.Equipment.EquipmentFuncCaseBase","","False","True","","7","1","0","0","0x02000CCE"
"DolocTown.Config.Equipment","EquipmentFuncPlantBasin","DolocTown.Config.Equipment.EquipmentFuncPlantBasin","class","public","DolocTown.Config.Equipment.EquipmentFuncPlantBasinBase","","False","True","","7","1","0","0","0x02000CCF"
"DolocTown.Config.Equipment","EquipmentFuncPlantBasinBase","DolocTown.Config.Equipment.EquipmentFuncPlantBasinBase","class","public","DolocTown.Config.Equipment.EquipmentFuncEquipment","","True","False","","16","5","5","0","0x02000CD0"
"DolocTown.Config.Equipment","EquipmentFuncPlantBasinGrass","DolocTown.Config.Equipment.EquipmentFuncPlantBasinGrass","class","public","DolocTown.Config.Equipment.EquipmentFuncEquipment","","False","True","","16","6","5","0","0x02000CD1"
"DolocTown.Config.Equipment","EquipmentFuncPlantBasinSimple","DolocTown.Config.Equipment.EquipmentFuncPlantBasinSimple","class","public","DolocTown.Config.Equipment.EquipmentFuncPlantBasinBase","","False","True","","9","2","1","0","0x02000CD2"
"DolocTown.Config.Equipment","EquipmentFuncPlantBasinTree","DolocTown.Config.Equipment.EquipmentFuncPlantBasinTree","class","public","DolocTown.Config.Equipment.EquipmentFuncEquipment","","False","True","","9","2","1","0","0x02000CD3"
"DolocTown.Config.Equipment","EquipmentFuncPowerGeneratorBiogas","DolocTown.Config.Equipment.EquipmentFuncPowerGeneratorBiogas","class","public","DolocTown.Config.Equipment.EquipmentFuncEquipment","","False","True","","9","2","1","0","0x02000CD4"
"DolocTown.Config.Equipment","EquipmentFuncPowerGeneratorFuel","DolocTown.Config.Equipment.EquipmentFuncPowerGeneratorFuel","class","public","DolocTown.Config.Equipment.EquipmentFuncEquipment","","False","True","","7","1","0","0","0x02000CD5"
"DolocTown.Config.Equipment","EquipmentFuncPowerGeneratorWind","DolocTown.Config.Equipment.EquipmentFuncPowerGeneratorWind","class","public","DolocTown.Config.Equipment.EquipmentFuncEquipment","","False","True","","7","1","0","0","0x02000CD6"
"DolocTown.Config.Equipment","EquipmentFuncRange","DolocTown.Config.Equipment.EquipmentFuncRange","class","public","DolocTown.Config.Equipment.EquipmentFuncEquipment","","True","False","","12","3","3","0","0x02000CD7"
"DolocTown.Config.Equipment","EquipmentFuncResinCollector","DolocTown.Config.Equipment.EquipmentFuncResinCollector","class","public","DolocTown.Config.Equipment.EquipmentFuncEquipment","","False","True","","15","5","4","0","0x02000CD8"
"DolocTown.Config.Equipment","EquipmentFuncSeedCompressor","DolocTown.Config.Equipment.EquipmentFuncSeedCompressor","class","public","DolocTown.Config.Equipment.EquipmentFuncSynthesizerBase","","False","True","","7","1","0","0","0x02000CD9"
"DolocTown.Config.Equipment","EquipmentFuncShowCase","DolocTown.Config.Equipment.EquipmentFuncShowCase","class","public","DolocTown.Config.Equipment.EquipmentFuncEquipment","","False","True","","13","4","3","0","0x02000CDA"
"DolocTown.Config.Equipment","EquipmentFuncShowerRoom","DolocTown.Config.Equipment.EquipmentFuncShowerRoom","class","public","DolocTown.Config.Equipment.EquipmentFuncEquipment","","False","True","","17","6","5","0","0x02000CDB"
"DolocTown.Config.Equipment","EquipmentFuncSimpleWell","DolocTown.Config.Equipment.EquipmentFuncSimpleWell","class","public","DolocTown.Config.Equipment.EquipmentFuncEquipment","","False","True","","11","3","2","0","0x02000CDC"
"DolocTown.Config.Equipment","EquipmentFuncSprinkler","DolocTown.Config.Equipment.EquipmentFuncSprinkler","class","public","DolocTown.Config.Equipment.EquipmentFuncAffector","","False","True","","11","3","2","0","0x02000CDD"
"DolocTown.Config.Equipment","EquipmentFuncSprinklerManual","DolocTown.Config.Equipment.EquipmentFuncSprinklerManual","class","public","DolocTown.Config.Equipment.EquipmentFuncAffector","","False","True","","11","3","2","0","0x02000CDE"
"DolocTown.Config.Equipment","EquipmentFuncStorageShelf","DolocTown.Config.Equipment.EquipmentFuncStorageShelf","class","public","DolocTown.Config.Equipment.EquipmentFuncCaseBase","","False","True","","11","3","2","0","0x02000CDF"
"DolocTown.Config.Equipment","EquipmentFuncSynthesizer","DolocTown.Config.Equipment.EquipmentFuncSynthesizer","class","public","DolocTown.Config.Equipment.EquipmentFuncSynthesizerBase","","False","True","","7","1","0","0","0x02000CE0"
"DolocTown.Config.Equipment","EquipmentFuncSynthesizerBase","DolocTown.Config.Equipment.EquipmentFuncSynthesizerBase","class","public","DolocTown.Config.Equipment.EquipmentFuncWorker","","True","False","","16","5","5","0","0x02000CE1"
"DolocTown.Config.Equipment","EquipmentFuncSynthesizerGenerator","DolocTown.Config.Equipment.EquipmentFuncSynthesizerGenerator","class","public","DolocTown.Config.Equipment.EquipmentFuncWorker","","False","True","","13","4","3","0","0x02000CE2"
"DolocTown.Config.Equipment","EquipmentFuncTelevision","DolocTown.Config.Equipment.EquipmentFuncTelevision","class","public","DolocTown.Config.Equipment.EquipmentFuncEquipment","","False","True","","11","3","2","0","0x02000CE3"
"DolocTown.Config.Equipment","EquipmentFuncToilet","DolocTown.Config.Equipment.EquipmentFuncToilet","class","public","DolocTown.Config.Equipment.EquipmentFuncEquipment","","False","True","","11","3","2","0","0x02000CE4"
"DolocTown.Config.Equipment","EquipmentFuncTrampolineEquipment","DolocTown.Config.Equipment.EquipmentFuncTrampolineEquipment","class","public","DolocTown.Config.Equipment.EquipmentFuncEquipment","","False","True","","7","1","0","0","0x02000CE5"
"DolocTown.Config.Equipment","EquipmentFuncWeatherRegulator","DolocTown.Config.Equipment.EquipmentFuncWeatherRegulator","class","public","DolocTown.Config.Equipment.EquipmentFuncEquipment","","False","True","","9","2","1","0","0x02000CE6"
"DolocTown.Config.Equipment","EquipmentFuncWorkbench","DolocTown.Config.Equipment.EquipmentFuncWorkbench","class","public","DolocTown.Config.Equipment.EquipmentFuncEquipment","","False","True","","11","3","2","0","0x02000CE7"
"DolocTown.Config.Equipment","EquipmentFuncWorker","DolocTown.Config.Equipment.EquipmentFuncWorker","class","public","DolocTown.Config.Equipment.EquipmentFuncEquipment","","True","False","","17","5","5","0","0x02000CE8"
"DolocTown.Config.Equipment","EquipmentInfo","DolocTown.Config.Equipment.EquipmentInfo","class","public","Bright.Config.BeanBase","","False","True","","74","19","36","0","0x02000CE9"
"","<GroundPositions>d__102","DolocTown.Config.Equipment.EquipmentInfo/<GroundPositions>d__102","class","private","System.Object","System.Collections.Generic.IEnumerable`1<UnityEngine.Vector2Int> | System.Collections.IEnumerable | System.Collections.Generic.IEnumerator`1<UnityEngine.Vector2Int> | System.Collections.IEnumerator | System.IDisposable","False","True","DolocTown.Config.Equipment.EquipmentInfo","8","8","2","0","0x0200128B"
"DolocTown.Config.Equipment","EquipmentType","DolocTown.Config.Equipment.EquipmentType","enum","public","System.Enum","","False","True","","0","5","0","0","0x02000CEA"
"DolocTown.Config.Equipment","GoodsDurationLevel","DolocTown.Config.Equipment.GoodsDurationLevel","class","public","Bright.Config.BeanBase","","False","True","","11","3","2","0","0x02000CEB"
"DolocTown.Config.Equipment","GoodsSpriteLevel","DolocTown.Config.Equipment.GoodsSpriteLevel","class","public","Bright.Config.BeanBase","","False","True","","11","3","2","0","0x02000CEC"
"DolocTown.Config.Equipment","LampInfo","DolocTown.Config.Equipment.LampInfo","class","public","Bright.Config.BeanBase","","False","True","","27","11","10","0","0x02000CED"
"DolocTown.Config.Equipment","TbChair","DolocTown.Config.Equipment.TbChair","class","public","System.Object","","False","True","","8","2","3","0","0x02000CEE"
"DolocTown.Config.Equipment","TbEquipment","DolocTown.Config.Equipment.TbEquipment","class","public","System.Object","","False","True","","8","2","3","0","0x02000CEF"
"DolocTown.Config.Equipment","TbLamp","DolocTown.Config.Equipment.TbLamp","class","public","System.Object","","False","True","","8","2","3","0","0x02000CF0"
"DolocTown.Config.Equipment","WDP_AcidRain_PlantBasin","DolocTown.Config.Equipment.WDP_AcidRain_PlantBasin","class","public","DolocTown.Config.Equipment.WeatherDecoratorProto","","False","True","","7","1","0","0","0x02000CF1"
"DolocTown.Config.Equipment","WDP_AcidRain_PowerGenerator","DolocTown.Config.Equipment.WDP_AcidRain_PowerGenerator","class","public","DolocTown.Config.Equipment.WeatherDecoratorProto","","False","True","","11","3","2","0","0x02000CF2"
"DolocTown.Config.Equipment","WDP_AcidRain_Worker","DolocTown.Config.Equipment.WDP_AcidRain_Worker","class","public","DolocTown.Config.Equipment.WeatherDecoratorProto","","False","True","","9","2","1","0","0x02000CF3"
"DolocTown.Config.Equipment","WDP_ScorchSun_Custom","DolocTown.Config.Equipment.WDP_ScorchSun_Custom","class","public","DolocTown.Config.Equipment.WeatherDecoratorProto","","False","True","","7","1","0","0","0x02000CF4"
"DolocTown.Config.Equipment","WDP_ScorchSun_IWaterContainer","DolocTown.Config.Equipment.WDP_ScorchSun_IWaterContainer","class","public","DolocTown.Config.Equipment.WeatherDecoratorProto","","False","True","","9","2","1","0","0x02000CF5"
"DolocTown.Config.Equipment","WDP_ScorchSun_PlantBasin","DolocTown.Config.Equipment.WDP_ScorchSun_PlantBasin","class","public","DolocTown.Config.Equipment.WeatherDecoratorProto","","False","True","","7","1","0","0","0x02000CF6"
"DolocTown.Config.Equipment","WeatherDecoratorProto","DolocTown.Config.Equipment.WeatherDecoratorProto","class","public","Bright.Config.BeanBase","","True","False","","6","0","0","0","0x02000CF7"
"DolocTown.Config.Equipment","WorkerRendererName","DolocTown.Config.Equipment.WorkerRendererName","enum","public","System.Enum","","False","True","","0","7","0","0","0x02000CF8"
"DolocTown.Config.Equipment","CaseSkin","DolocTown.Config.Equipment.CaseSkin","struct","public","System.ValueType","","False","True","","1","3","0","0","0x02000CF9"
"DolocTown.Config.EnvOptimizer","EnvOptimizerBehaviourPointInfo","DolocTown.Config.EnvOptimizer.EnvOptimizerBehaviourPointInfo","class","public","Bright.Config.BeanBase","","False","True","","13","4","3","0","0x02000CFA"
"DolocTown.Config.EnvOptimizer","EnvOptimizerBehaviourType","DolocTown.Config.EnvOptimizer.EnvOptimizerBehaviourType","enum","public","System.Enum","","False","True","","0","7","0","0","0x02000CFB"
"DolocTown.Config.EnvOptimizer","EnvOptimizerBranchInfo","DolocTown.Config.EnvOptimizer.EnvOptimizerBranchInfo","class","public","Bright.Config.BeanBase","","False","True","","20","9","8","0","0x02000CFC"
"DolocTown.Config.EnvOptimizer","EnvOptimizerBranchType","DolocTown.Config.EnvOptimizer.EnvOptimizerBranchType","enum","public","System.Enum","","False","True","","0","5","0","0","0x02000CFD"
"DolocTown.Config.EnvOptimizer","EnvOptimizerComponentType","DolocTown.Config.EnvOptimizer.EnvOptimizerComponentType","enum","public","System.Enum","","False","True","","0","8","0","0","0x02000CFE"
"DolocTown.Config.EnvOptimizer","EnvOptimizerPointInfo","DolocTown.Config.EnvOptimizer.EnvOptimizerPointInfo","class","public","Bright.Config.BeanBase","","False","True","","11","3","2","0","0x02000CFF"
"DolocTown.Config.EnvOptimizer","EnvOptimizerSlotInfo","DolocTown.Config.EnvOptimizer.EnvOptimizerSlotInfo","class","public","Bright.Config.BeanBase","","False","True","","18","7","6","0","0x02000D00"
"DolocTown.Config.EnvOptimizer","TbEnvOptimizerBranch","DolocTown.Config.EnvOptimizer.TbEnvOptimizerBranch","class","public","System.Object","","False","True","","8","2","3","0","0x02000D01"
"DolocTown.Config.EnvOptimizer","TbEnvOptimizerPoint","DolocTown.Config.EnvOptimizer.TbEnvOptimizerPoint","class","public","System.Object","","False","True","","8","2","3","0","0x02000D02"
"DolocTown.Config.EnvOptimizer","TbEnvOptimizerSlot","DolocTown.Config.EnvOptimizer.TbEnvOptimizerSlot","class","public","System.Object","","False","True","","6","3","1","0","0x02000D03"
"DolocTown.Config.Email","CfgEmailAttachBase","DolocTown.Config.Email.CfgEmailAttachBase","class","public","Bright.Config.BeanBase","","True","False","","6","0","0","0","0x02000D04"
"DolocTown.Config.Email","CfgEmailAttachMission","DolocTown.Config.Email.CfgEmailAttachMission","class","public","DolocTown.Config.Email.CfgEmailAttachBase","","False","True","","11","3","2","0","0x02000D05"
"DolocTown.Config.Email","CfgEmailAttachNone","DolocTown.Config.Email.CfgEmailAttachNone","class","public","DolocTown.Config.Email.CfgEmailAttachBase","","False","True","","7","1","0","0","0x02000D06"
"DolocTown.Config.Email","CfgEmailAttachReward","DolocTown.Config.Email.CfgEmailAttachReward","class","public","DolocTown.Config.Email.CfgEmailAttachBase","","False","True","","9","2","1","0","0x02000D07"
"DolocTown.Config.Email","EmailInfo","DolocTown.Config.Email.EmailInfo","class","public","Bright.Config.BeanBase","","False","True","","22","10","9","0","0x02000D08"
"DolocTown.Config.Email","TbEmail","DolocTown.Config.Email.TbEmail","class","public","System.Object","","False","True","","8","2","3","0","0x02000D09"
"DolocTown.Config.Drone","ComponentType","DolocTown.Config.Drone.ComponentType","enum","public","System.Enum","","False","True","","0","5","0","0","0x02000D0A"
"DolocTown.Config.Drone","DroneAssistInfo","DolocTown.Config.Drone.DroneAssistInfo","class","public","Bright.Config.BeanBase","","False","True","","15","5","4","0","0x02000D0B"
"DolocTown.Config.Drone","DroneChipInfo","DolocTown.Config.Drone.DroneChipInfo","class","public","Bright.Config.BeanBase","","False","True","","31","13","12","0","0x02000D0C"
"DolocTown.Config.Drone","DroneEngineInfo","DolocTown.Config.Drone.DroneEngineInfo","class","public","Bright.Config.BeanBase","","False","True","","23","9","8","0","0x02000D0D"
"DolocTown.Config.Drone","DroneFunctionProto","DolocTown.Config.Drone.DroneFunctionProto","class","public","Bright.Config.BeanBase","","True","False","","6","0","0","0","0x02000D0E"
"DolocTown.Config.Drone","DroneFunctionProtoAdditionalRoll","DolocTown.Config.Drone.DroneFunctionProtoAdditionalRoll","class","public","DolocTown.Config.Drone.DroneFunctionProto","","False","True","","11","3","2","0","0x02000D0F"
"DolocTown.Config.Drone","DroneFunctionProtoBrustCore","DolocTown.Config.Drone.DroneFunctionProtoBrustCore","class","public","DolocTown.Config.Drone.DroneFunctionProto","","False","True","","11","3","2","0","0x02000D10"
"DolocTown.Config.Drone","DroneFunctionProtoCapacitance","DolocTown.Config.Drone.DroneFunctionProtoCapacitance","class","public","DolocTown.Config.Drone.DroneFunctionProto","","False","True","","11","3","2","0","0x02000D11"
"DolocTown.Config.Drone","DroneFunctionProtoChipDissolver","DolocTown.Config.Drone.DroneFunctionProtoChipDissolver","class","public","DolocTown.Config.Drone.DroneFunctionProto","","False","True","","15","5","4","0","0x02000D12"
"DolocTown.Config.Drone","DroneFunctionProtoCollectorHelper","DolocTown.Config.Drone.DroneFunctionProtoCollectorHelper","class","public","DolocTown.Config.Drone.DroneFunctionProto","","False","True","","13","4","3","0","0x02000D13"
"DolocTown.Config.Drone","DroneFunctionProtoCrow","DolocTown.Config.Drone.DroneFunctionProtoCrow","class","public","DolocTown.Config.Drone.DroneFunctionProto","","False","True","","9","2","1","0","0x02000D14"
"DolocTown.Config.Drone","DroneFunctionProtoDebugger","DolocTown.Config.Drone.DroneFunctionProtoDebugger","class","public","DolocTown.Config.Drone.DroneFunctionProto","","False","True","","7","1","0","0","0x02000D15"
"DolocTown.Config.Drone","DroneFunctionProtoFarmCollectorHelper","DolocTown.Config.Drone.DroneFunctionProtoFarmCollectorHelper","class","public","DolocTown.Config.Drone.DroneFunctionProto","","False","True","","7","1","0","0","0x02000D16"
"DolocTown.Config.Drone","DroneFunctionProtoGarbageCombustionEngine","DolocTown.Config.Drone.DroneFunctionProtoGarbageCombustionEngine","class","public","DolocTown.Config.Drone.DroneFunctionProto","","False","True","","13","4","3","0","0x02000D17"
"DolocTown.Config.Drone","DroneFunctionProtoLight","DolocTown.Config.Drone.DroneFunctionProtoLight","class","public","DolocTown.Config.Drone.DroneFunctionProto","","False","True","","11","3","2","0","0x02000D18"
"DolocTown.Config.Drone","DroneFunctionProtoMineHelper","DolocTown.Config.Drone.DroneFunctionProtoMineHelper","class","public","DolocTown.Config.Drone.DroneFunctionProto","","False","True","","7","1","0","0","0x02000D19"
"DolocTown.Config.Drone","DroneFunctionProtoRestrictionReleaser","DolocTown.Config.Drone.DroneFunctionProtoRestrictionReleaser","class","public","DolocTown.Config.Drone.DroneFunctionProto","","False","True","","11","3","2","0","0x02000D1A"
"DolocTown.Config.Drone","DroneFunctionProtoRubberBullet","DolocTown.Config.Drone.DroneFunctionProtoRubberBullet","class","public","DolocTown.Config.Drone.DroneFunctionProto","","False","True","","9","2","1","0","0x02000D1B"
"DolocTown.Config.Drone","DroneFunctionProtoShadowShooter","DolocTown.Config.Drone.DroneFunctionProtoShadowShooter","class","public","DolocTown.Config.Drone.DroneFunctionProto","","False","True","","11","3","2","0","0x02000D1C"
"DolocTown.Config.Drone","DroneSkillInfo","DolocTown.Config.Drone.DroneSkillInfo","class","public","Bright.Config.BeanBase","","False","True","","11","3","2","0","0x02000D1D"
"DolocTown.Config.Drone","DroneSlotInfo","DolocTown.Config.Drone.DroneSlotInfo","class","public","Bright.Config.BeanBase","","False","True","","14","5","4","0","0x02000D1E"
"DolocTown.Config.Drone","DroneSlotProto","DolocTown.Config.Drone.DroneSlotProto","class","public","Bright.Config.BeanBase","","False","True","","18","6","5","0","0x02000D1F"
"DolocTown.Config.Drone","DroneStructureInfo","DolocTown.Config.Drone.DroneStructureInfo","class","public","Bright.Config.BeanBase","","False","True","","28","10","11","0","0x02000D20"
"","<>c","DolocTown.Config.Drone.DroneStructureInfo/<>c","class","private","System.Object","","False","True","DolocTown.Config.Drone.DroneStructureInfo","3","2","0","0","0x0200128C"
"DolocTown.Config.Drone","DroneWeaponInfo","DolocTown.Config.Drone.DroneWeaponInfo","class","public","Bright.Config.BeanBase","","False","True","","56","27","25","0","0x02000D21"
"DolocTown.Config.Drone","SlotVisualSuitableType","DolocTown.Config.Drone.SlotVisualSuitableType","enum","public","System.Enum","","False","True","","0","4","0","0","0x02000D22"
"DolocTown.Config.Drone","TbDroneAssist","DolocTown.Config.Drone.TbDroneAssist","class","public","System.Object","","False","True","","8","2","3","0","0x02000D23"
"DolocTown.Config.Drone","TbDroneChip","DolocTown.Config.Drone.TbDroneChip","class","public","System.Object","","False","True","","8","2","3","0","0x02000D24"
"DolocTown.Config.Drone","TbDroneEngine","DolocTown.Config.Drone.TbDroneEngine","class","public","System.Object","","False","True","","8","2","3","0","0x02000D25"
"DolocTown.Config.Drone","TbDroneSkill","DolocTown.Config.Drone.TbDroneSkill","class","public","System.Object","","False","True","","8","2","3","0","0x02000D26"
"DolocTown.Config.Drone","TbDroneSlot","DolocTown.Config.Drone.TbDroneSlot","class","public","System.Object","","False","True","","8","2","3","0","0x02000D27"
"DolocTown.Config.Drone","TbDroneStructure","DolocTown.Config.Drone.TbDroneStructure","class","public","System.Object","","False","True","","8","2","3","0","0x02000D28"
"DolocTown.Config.Drone","TbDroneWeapon","DolocTown.Config.Drone.TbDroneWeapon","class","public","System.Object","","False","True","","8","2","3","0","0x02000D29"
"DolocTown.Config.Drone","WeaponFunction","DolocTown.Config.Drone.WeaponFunction","class","public","Bright.Config.BeanBase","","True","False","","6","0","0","0","0x02000D2A"
"DolocTown.Config.Drone","WeaponFunctionGun","DolocTown.Config.Drone.WeaponFunctionGun","class","public","DolocTown.Config.Drone.WeaponFunction","","True","False","","6","0","0","0","0x02000D2B"
"DolocTown.Config.Drone","WeaponFunctionGunDefault","DolocTown.Config.Drone.WeaponFunctionGunDefault","class","public","DolocTown.Config.Drone.WeaponFunctionGun","","False","True","","7","1","0","0","0x02000D2C"
"DolocTown.Config.Drone","WeaponFunctionGunDragonShooter","DolocTown.Config.Drone.WeaponFunctionGunDragonShooter","class","public","DolocTown.Config.Drone.WeaponFunctionGun","","False","True","","11","3","2","0","0x02000D2D"
"DolocTown.Config.Drone","WeaponFunctionSword","DolocTown.Config.Drone.WeaponFunctionSword","class","public","DolocTown.Config.Drone.WeaponFunction","","False","True","","7","1","0","0","0x02000D2E"
"DolocTown.Config.Drone","WeaponType","DolocTown.Config.Drone.WeaponType","enum","public","System.Enum","","False","True","","0","3","0","0","0x02000D2F"
"DolocTown.Config.Dialogue","DialogueEntityInfo","DolocTown.Config.Dialogue.DialogueEntityInfo","class","public","Bright.Config.BeanBase","","False","True","","15","5","4","0","0x02000D30"
"DolocTown.Config.Dialogue","DialogueEntityType","DolocTown.Config.Dialogue.DialogueEntityType","enum","public","System.Enum","","False","True","","0","4","0","0","0x02000D31"
"DolocTown.Config.Dialogue","DialogueOptionInfo","DolocTown.Config.Dialogue.DialogueOptionInfo","class","public","Bright.Config.BeanBase","","False","True","","13","4","3","0","0x02000D32"
"DolocTown.Config.Dialogue","DialogueTextStyleInfo","DolocTown.Config.Dialogue.DialogueTextStyleInfo","class","public","Bright.Config.BeanBase","","False","True","","11","4","2","0","0x02000D33"
"DolocTown.Config.Dialogue","TbDialogueEntity","DolocTown.Config.Dialogue.TbDialogueEntity","class","public","System.Object","","False","True","","8","2","3","0","0x02000D34"
"DolocTown.Config.Dialogue","TbDialogueOption","DolocTown.Config.Dialogue.TbDialogueOption","class","public","System.Object","","False","True","","8","2","3","0","0x02000D35"
"DolocTown.Config.Dialogue","TbDialogueTextStyle","DolocTown.Config.Dialogue.TbDialogueTextStyle","class","public","System.Object","","False","True","","8","2","3","0","0x02000D36"
"DolocTown.Config.Calendar","CalendarDateInfo","DolocTown.Config.Calendar.CalendarDateInfo","class","public","Bright.Config.BeanBase","","False","True","","13","4","3","0","0x02000D37"
"DolocTown.Config.Calendar","CalendarInfo","DolocTown.Config.Calendar.CalendarInfo","class","public","Bright.Config.BeanBase","","False","True","","11","4","2","0","0x02000D38"
"DolocTown.Config.Calendar","DateEventInfo","DolocTown.Config.Calendar.DateEventInfo","class","public","Bright.Config.BeanBase","","False","True","","21","9","8","0","0x02000D39"
"DolocTown.Config.Calendar","SpecialEventType","DolocTown.Config.Calendar.SpecialEventType","enum","public","System.Enum","","False","True","","0","3","0","0","0x02000D3A"
"DolocTown.Config.Calendar","TbCalendar","DolocTown.Config.Calendar.TbCalendar","class","public","System.Object","","False","True","","8","2","3","0","0x02000D3B"
"DolocTown.Config.Calendar","TbDateEvent","DolocTown.Config.Calendar.TbDateEvent","class","public","System.Object","","False","True","","8","2","3","0","0x02000D3C"
"DolocTown.Config.Building","BuildingExteriorData","DolocTown.Config.Building.BuildingExteriorData","class","public","Bright.Config.BeanBase","","False","True","","18","6","6","0","0x02000D3D"
"DolocTown.Config.Building","BuildingExteriorInfo","DolocTown.Config.Building.BuildingExteriorInfo","class","public","Bright.Config.BeanBase","","False","True","","11","4","2","0","0x02000D3E"
"DolocTown.Config.Building","BuildingInfo","DolocTown.Config.Building.BuildingInfo","class","public","Bright.Config.BeanBase","","False","True","","113","44","49","0","0x02000D3F"
"","<>c","DolocTown.Config.Building.BuildingInfo/<>c","class","private","System.Object","","False","True","DolocTown.Config.Building.BuildingInfo","3","2","0","0","0x0200128D"
"DolocTown.Config.Building","BuildingLevelData","DolocTown.Config.Building.BuildingLevelData","class","public","Bright.Config.BeanBase","","False","True","","21","8","7","0","0x02000D40"
"DolocTown.Config.Building","BuildingSpriteGroup","DolocTown.Config.Building.BuildingSpriteGroup","class","public","Bright.Config.BeanBase","","False","True","","11","3","2","0","0x02000D41"
"DolocTown.Config.Building","BuildingWallpaperData","DolocTown.Config.Building.BuildingWallpaperData","class","public","Bright.Config.BeanBase","","False","True","","16","5","5","0","0x02000D42"
"DolocTown.Config.Building","BuildingWallpaperInfo","DolocTown.Config.Building.BuildingWallpaperInfo","class","public","Bright.Config.BeanBase","","False","True","","13","4","3","0","0x02000D43"
"DolocTown.Config.Building","TbBuilding","DolocTown.Config.Building.TbBuilding","class","public","System.Object","","False","True","","8","2","3","0","0x02000D44"
"DolocTown.Config.Building","TbBuildingExterior","DolocTown.Config.Building.TbBuildingExterior","class","public","System.Object","","False","True","","8","2","3","0","0x02000D45"
"DolocTown.Config.Building","TbBuildingWallpaper","DolocTown.Config.Building.TbBuildingWallpaper","class","public","System.Object","","False","True","","8","2","3","0","0x02000D46"
"DolocTown.Config.Building","FulcrumData","DolocTown.Config.Building.FulcrumData","struct","public","System.ValueType","","False","True","","1","4","0","0","0x02000D47"
"DolocTown.Config.Building","BuildingTileType","DolocTown.Config.Building.BuildingTileType","enum","public","System.Enum","","False","True","","0","9","0","0","0x02000D48"
"DolocTown.Config.Buff","BuffBasicType","DolocTown.Config.Buff.BuffBasicType","enum","public","System.Enum","","False","True","","0","25","0","0","0x02000D49"
"DolocTown.Config.Buff","BuffComponentProto","DolocTown.Config.Buff.BuffComponentProto","class","public","Bright.Config.BeanBase","","False","True","","11","3","2","0","0x02000D4A"
"DolocTown.Config.Buff","BuffEffectType","DolocTown.Config.Buff.BuffEffectType","enum","public","System.Enum","","False","True","","0","7","0","0","0x02000D4B"
"DolocTown.Config.Buff","BuffInfo","DolocTown.Config.Buff.BuffInfo","class","public","Bright.Config.BeanBase","","False","True","","31","13","12","0","0x02000D4C"
"DolocTown.Config.Buff","RecoveryDecayInfo","DolocTown.Config.Buff.RecoveryDecayInfo","class","public","Bright.Config.BeanBase","","False","True","","13","4","3","0","0x02000D4D"
"DolocTown.Config.Buff","SpiritThresholdInfo","DolocTown.Config.Buff.SpiritThresholdInfo","class","public","Bright.Config.BeanBase","","False","True","","15","6","5","0","0x02000D4E"
"DolocTown.Config.Buff","TbBuff","DolocTown.Config.Buff.TbBuff","class","public","System.Object","","False","True","","8","2","3","0","0x02000D4F"
"DolocTown.Config.Buff","TbRecoveryDecay","DolocTown.Config.Buff.TbRecoveryDecay","class","public","System.Object","","False","True","","8","2","3","0","0x02000D50"
"DolocTown.Config.Buff","TbSpiritThreshold","DolocTown.Config.Buff.TbSpiritThreshold","class","public","System.Object","","False","True","","8","2","3","0","0x02000D51"
"DolocTown.Config.Automate","AutomateBotAppearanceInfo","DolocTown.Config.Automate.AutomateBotAppearanceInfo","class","public","Bright.Config.BeanBase","","False","True","","24","10","9","0","0x02000D52"
"DolocTown.Config.Automate","AutomateBotFunction","DolocTown.Config.Automate.AutomateBotFunction","class","public","Bright.Config.BeanBase","","True","False","","6","0","0","0","0x02000D53"
"DolocTown.Config.Automate","AutomateBotFunctionFarming","DolocTown.Config.Automate.AutomateBotFunctionFarming","class","public","DolocTown.Config.Automate.AutomateBotFunction","","False","True","","18","8","4","0","0x02000D54"
"","AreaRect","DolocTown.Config.Automate.AutomateBotFunctionFarming/AreaRect","struct","private","System.ValueType","","False","True","DolocTown.Config.Automate.AutomateBotFunctionFarming","1","2","0","0","0x0200128E"
"DolocTown.Config.Automate","AutomateBotFunctionFilling","DolocTown.Config.Automate.AutomateBotFunctionFilling","class","public","DolocTown.Config.Automate.AutomateBotFunction","","False","True","","25","10","9","0","0x02000D55"
"DolocTown.Config.Automate","AutomateBotFunctionGathering","DolocTown.Config.Automate.AutomateBotFunctionGathering","class","public","DolocTown.Config.Automate.AutomateBotFunction","","False","True","","7","1","0","0","0x02000D56"
"DolocTown.Config.Automate","AutomateBotFunctionLogistics","DolocTown.Config.Automate.AutomateBotFunctionLogistics","class","public","DolocTown.Config.Automate.AutomateBotFunction","","False","True","","7","1","0","0","0x02000D57"
"DolocTown.Config.Automate","AutomateBotFunctionProcessing","DolocTown.Config.Automate.AutomateBotFunctionProcessing","class","public","DolocTown.Config.Automate.AutomateBotFunction","","False","True","","7","1","0","0","0x02000D58"
"DolocTown.Config.Automate","AutomateBotInfo","DolocTown.Config.Automate.AutomateBotInfo","class","public","Bright.Config.BeanBase","","False","True","","32","10","16","0","0x02000D59"
"DolocTown.Config.Automate","AutomateBotPerformanceInfo","DolocTown.Config.Automate.AutomateBotPerformanceInfo","class","public","Bright.Config.BeanBase","","False","True","","15","5","4","0","0x02000D5A"
"DolocTown.Config.Automate","TbAutomateBot","DolocTown.Config.Automate.TbAutomateBot","class","public","System.Object","","False","True","","8","2","3","0","0x02000D5B"
"DolocTown.Config.Automate","TbAutomateBotAppearance","DolocTown.Config.Automate.TbAutomateBotAppearance","class","public","System.Object","","False","True","","8","2","3","0","0x02000D5C"
"DolocTown.Config.Automate","TbAutomateBotPerformance","DolocTown.Config.Automate.TbAutomateBotPerformance","class","public","System.Object","","False","True","","8","2","3","0","0x02000D5D"
"DolocTown.Config.Asset","CfgAnimatorAsset","DolocTown.Config.Asset.CfgAnimatorAsset","class","public","DolocTown.Config.Asset.CfgAssetBase","","False","True","","7","1","0","0","0x02000D5E"
"DolocTown.Config.Asset","CfgAssetBase","DolocTown.Config.Asset.CfgAssetBase","class","public","Bright.Config.BeanBase","","True","False","","8","1","1","0","0x02000D5F"
"DolocTown.Config.Asset","CfgEffectGroupAsset","DolocTown.Config.Asset.CfgEffectGroupAsset","class","public","DolocTown.Config.Asset.CfgAssetBase","","False","True","","7","1","0","0","0x02000D60"
"DolocTown.Config.Asset","CfgFontAsset","DolocTown.Config.Asset.CfgFontAsset","class","public","DolocTown.Config.Asset.CfgAssetBase","","False","True","","7","1","0","0","0x02000D61"
"DolocTown.Config.Asset","CfgMaterialAsset","DolocTown.Config.Asset.CfgMaterialAsset","class","public","DolocTown.Config.Asset.CfgAssetBase","","False","True","","7","1","0","0","0x02000D62"
"DolocTown.Config.Asset","CfgNpcScheduleAsset","DolocTown.Config.Asset.CfgNpcScheduleAsset","class","public","DolocTown.Config.Asset.CfgAssetBase","","False","True","","7","1","0","0","0x02000D63"
"DolocTown.Config.Asset","CfgPrefabAsset","DolocTown.Config.Asset.CfgPrefabAsset","class","public","DolocTown.Config.Asset.CfgAssetBase","","False","True","","7","1","0","0","0x02000D64"
"DolocTown.Config.Asset","CfgShaderAsset","DolocTown.Config.Asset.CfgShaderAsset","class","public","DolocTown.Config.Asset.CfgAssetBase","","False","True","","7","1","0","0","0x02000D65"
"DolocTown.Config.Asset","CfgSpriteAsset","DolocTown.Config.Asset.CfgSpriteAsset","class","public","DolocTown.Config.Asset.CfgAssetBase","","False","True","","7","1","0","0","0x02000D66"
"DolocTown.Config.Asset","CfgSpriteAssetArray","DolocTown.Config.Asset.CfgSpriteAssetArray","class","public","Bright.Config.BeanBase","","False","True","","9","2","1","0","0x02000D67"
"DolocTown.Config.Asset","CfgSwitchScheduleAsset","DolocTown.Config.Asset.CfgSwitchScheduleAsset","class","public","DolocTown.Config.Asset.CfgAssetBase","","False","True","","7","1","0","0","0x02000D68"
"DolocTown.Config.Asset","CfgTexture2DAsset","DolocTown.Config.Asset.CfgTexture2DAsset","class","public","DolocTown.Config.Asset.CfgAssetBase","","False","True","","7","1","0","0","0x02000D69"
"DolocTown.Config.Asset","CfgTileAsset","DolocTown.Config.Asset.CfgTileAsset","class","public","DolocTown.Config.Asset.CfgAssetBase","","False","True","","7","1","0","0","0x02000D6A"
"DolocTown.Config.Asset","CfgTileAssetArray","DolocTown.Config.Asset.CfgTileAssetArray","class","public","Bright.Config.BeanBase","","False","True","","9","2","1","0","0x02000D6B"
"DolocTown.Config.Asset","CfgTmpFontAsset","DolocTown.Config.Asset.CfgTmpFontAsset","class","public","DolocTown.Config.Asset.CfgAssetBase","","False","True","","7","1","0","0","0x02000D6C"
"DolocTown.Config.Archives","CharacterDocumentInfo","DolocTown.Config.Archives.CharacterDocumentInfo","class","public","Bright.Config.BeanBase","","False","True","","18","8","7","0","0x02000D6D"
"DolocTown.Config.Archives","ChipDocumentInfo","DolocTown.Config.Archives.ChipDocumentInfo","class","public","Bright.Config.BeanBase","","False","True","","20","9","8","0","0x02000D6E"
"DolocTown.Config.Archives","ChipEvent","DolocTown.Config.Archives.ChipEvent","class","public","Bright.Config.BeanBase","","False","True","","11","3","2","0","0x02000D6F"
"DolocTown.Config.Archives","ChipEventType","DolocTown.Config.Archives.ChipEventType","enum","public","System.Enum","","False","True","","0","5","0","0","0x02000D70"
"DolocTown.Config.Archives","CustomizedDocumentNodeInfo","DolocTown.Config.Archives.CustomizedDocumentNodeInfo","class","public","Bright.Config.BeanBase","","False","True","","18","7","6","0","0x02000D71"
"DolocTown.Config.Archives","DocumentMissionTip","DolocTown.Config.Archives.DocumentMissionTip","class","public","Bright.Config.BeanBase","","False","True","","14","5","4","0","0x02000D72"
"DolocTown.Config.Archives","DocumentNodeInfo","DolocTown.Config.Archives.DocumentNodeInfo","class","public","Bright.Config.BeanBase","","False","True","","16","6","5","0","0x02000D73"
"DolocTown.Config.Archives","DocumentType","DolocTown.Config.Archives.DocumentType","enum","public","System.Enum","","False","True","","0","10","0","0","0x02000D74"
"DolocTown.Config.Archives","PlantDocumentInfo","DolocTown.Config.Archives.PlantDocumentInfo","class","public","Bright.Config.BeanBase","","False","True","","22","10","9","0","0x02000D75"
"DolocTown.Config.Archives","SpecialChipEventInfo","DolocTown.Config.Archives.SpecialChipEventInfo","class","public","Bright.Config.BeanBase","","False","True","","11","3","2","0","0x02000D76"
"DolocTown.Config.Archives","TbCharacterDocument","DolocTown.Config.Archives.TbCharacterDocument","class","public","System.Object","","False","True","","8","2","3","0","0x02000D77"
"DolocTown.Config.Archives","TbChipDocument","DolocTown.Config.Archives.TbChipDocument","class","public","System.Object","","False","True","","8","2","3","0","0x02000D78"
"DolocTown.Config.Archives","TbPlantDocument","DolocTown.Config.Archives.TbPlantDocument","class","public","System.Object","","False","True","","8","2","3","0","0x02000D79"
"DolocTown.Config.Archives","TbSpecialChipEvent","DolocTown.Config.Archives.TbSpecialChipEvent","class","public","System.Object","","False","True","","8","2","3","0","0x02000D7A"
"DolocTown.Config.Animal","AnimalDocumentInfo","DolocTown.Config.Animal.AnimalDocumentInfo","class","public","Bright.Config.BeanBase","","False","True","","23","10","8","0","0x02000D7B"
"DolocTown.Config.Animal","AnimalHusbandryData","DolocTown.Config.Animal.AnimalHusbandryData","class","public","Bright.Config.BeanBase","","False","True","","19","7","6","0","0x02000D7C"
"DolocTown.Config.Animal","AnimalInfo","DolocTown.Config.Animal.AnimalInfo","class","public","Bright.Config.BeanBase","","False","True","","119","52","63","0","0x02000D7D"
"DolocTown.Config.Animal","AnimalLevelData","DolocTown.Config.Animal.AnimalLevelData","class","public","Bright.Config.BeanBase","","False","True","","20","8","7","0","0x02000D7E"
"DolocTown.Config.Animal","AnimalState","DolocTown.Config.Animal.AnimalState","enum","public","System.Enum","","False","True","","0","6","0","0","0x02000D7F"
"DolocTown.Config.Animal","AnimalStateInfo","DolocTown.Config.Animal.AnimalStateInfo","class","public","Bright.Config.BeanBase","","False","True","","15","6","5","0","0x02000D80"
"DolocTown.Config.Animal","FeedInfo","DolocTown.Config.Animal.FeedInfo","class","public","Bright.Config.BeanBase","","False","True","","13","4","3","0","0x02000D81"
"DolocTown.Config.Animal","HusbandryEnergyInfo","DolocTown.Config.Animal.HusbandryEnergyInfo","class","public","Bright.Config.BeanBase","","False","True","","13","4","3","0","0x02000D82"
"DolocTown.Config.Animal","HusbandryInfo","DolocTown.Config.Animal.HusbandryInfo","class","public","Bright.Config.BeanBase","","False","True","","11","4","2","0","0x02000D83"
"DolocTown.Config.Animal","TbAnimal","DolocTown.Config.Animal.TbAnimal","class","public","System.Object","","False","True","","8","2","3","0","0x02000D84"
"DolocTown.Config.Animal","TbAnimalDocument","DolocTown.Config.Animal.TbAnimalDocument","class","public","System.Object","","False","True","","8","2","3","0","0x02000D85"
"DolocTown.Config.Animal","TbAnimalState","DolocTown.Config.Animal.TbAnimalState","class","public","System.Object","","False","True","","8","2","3","0","0x02000D86"
"DolocTown.Config.Animal","TbFeed","DolocTown.Config.Animal.TbFeed","class","public","System.Object","","False","True","","9","2","3","0","0x02000D87"
"DolocTown.Config.Animal","TbHusbandry","DolocTown.Config.Animal.TbHusbandry","class","public","System.Object","","False","True","","14","4","3","0","0x02000D88"
"","ContributionInfo","DolocTown.Config.Animal.TbHusbandry/ContributionInfo","struct","public","System.ValueType","","False","True","DolocTown.Config.Animal.TbHusbandry","0","2","0","0","0x0200128F"
"DolocTown.Config.Animal","TbHusbandryEnergy","DolocTown.Config.Animal.TbHusbandryEnergy","class","public","System.Object","","False","True","","9","2","3","0","0x02000D89"
"","<PrivateImplementationDetails>","<PrivateImplementationDetails>","class","private","System.Object","","False","True","","1","11","0","0","0x02000D8A"
"","__StaticArrayInitTypeSize=12","<PrivateImplementationDetails>/__StaticArrayInitTypeSize=12","struct","private","System.ValueType","","False","True","<PrivateImplementationDetails>","0","0","0","0","0x02001290"
"","__StaticArrayInitTypeSize=16","<PrivateImplementationDetails>/__StaticArrayInitTypeSize=16","struct","private","System.ValueType","","False","True","<PrivateImplementationDetails>","0","0","0","0","0x02001291"
"","__StaticArrayInitTypeSize=22","<PrivateImplementationDetails>/__StaticArrayInitTypeSize=22","struct","private","System.ValueType","","False","True","<PrivateImplementationDetails>","0","0","0","0","0x02001292"
"","__StaticArrayInitTypeSize=24","<PrivateImplementationDetails>/__StaticArrayInitTypeSize=24","struct","private","System.ValueType","","False","True","<PrivateImplementationDetails>","0","0","0","0","0x02001293"
"","__StaticArrayInitTypeSize=28","<PrivateImplementationDetails>/__StaticArrayInitTypeSize=28","struct","private","System.ValueType","","False","True","<PrivateImplementationDetails>","0","0","0","0","0x02001294"
"","__StaticArrayInitTypeSize=32","<PrivateImplementationDetails>/__StaticArrayInitTypeSize=32","struct","private","System.ValueType","","False","True","<PrivateImplementationDetails>","0","0","0","0","0x02001295"
