"type","name","full_name","return_type","parameters","visibility","is_static","is_virtual","is_abstract","is_constructor","has_body","body_code_size","token"
"DolocAPI","QuerySeedProto","System.Boolean DolocAPI::QuerySeedProto(System.String,DolocTown.Config.Plant.SeedInfo&)","System.Boolean","System.String name; DolocTown.Config.Plant.SeedInfo& proto","public","True","False","False","False","True","36","0x060000CF"
"DolocAPI","Command_SetCropLevel","System.Void DolocAPI::Command_SetCropLevel(System.Int32,System.Boolean)","System.Void","System.Int32 lv; System.Boolean all","private","True","False","False","False","True","278","0x060002B3"
"DolocAPI","Command_PlantCrop","System.Void DolocAPI::Command_PlantCrop(System.String,System.Boolean)","System.Void","System.String cropName; System.Boolean all","private","True","False","False","False","True","210","0x060002B4"
"DolocAPI","Command_RemoveCrop","System.Void DolocAPI::Command_RemoveCrop(System.Boolean)","System.Void","System.Boolean all","private","True","False","False","False","True","74","0x060002B5"
"DolocAPI","Command_ClearCrop","System.Void DolocAPI::Command_ClearCrop(System.Boolean)","System.Void","System.Boolean all","private","True","False","False","False","True","115","0x060002B6"
"DolocAPI","Command_UnlockSeedNode","System.Void DolocAPI::Command_UnlockSeedNode(System.String)","System.Void","System.String name","private","True","False","False","False","True","57","0x06000312"
"DolocAPI","Command_GetUnLockSeedCount","System.Int32 DolocAPI::Command_GetUnLockSeedCount()","System.Int32","","private","True","False","False","False","True","21","0x06000313"
"DolocAPI","Command_IsSeedLatestUnlocked","System.Boolean DolocAPI::Command_IsSeedLatestUnlocked(System.String)","System.Boolean","System.String name","private","True","False","False","False","True","12","0x06000314"
"DolocAPI","Command_IsSeedUnlocked","System.Boolean DolocAPI::Command_IsSeedUnlocked(System.String)","System.Boolean","System.String name","private","True","False","False","False","True","12","0x06000315"
"DolocAPI","Command_IsSeedCanUnlocked","System.Boolean DolocAPI::Command_IsSeedCanUnlocked(System.String)","System.Boolean","System.String name","private","True","False","False","False","True","12","0x06000316"
"DolocAPI","Command_SetSeedCanUnlocked","System.Void DolocAPI::Command_SetSeedCanUnlocked(System.String)","System.Void","System.String name","private","True","False","False","False","True","23","0x06000317"
"DolocAPI","Command_SetAllSeedCanUnlocked","System.Void DolocAPI::Command_SetAllSeedCanUnlocked()","System.Void","","private","True","False","False","False","True","84","0x06000318"
"DolocAPI","Command_UnlockPlantDocument","System.Void DolocAPI::Command_UnlockPlantDocument(System.String)","System.Void","System.String docId","private","True","False","False","False","True","91","0x0600031B"
"DolocAPI","OpenPermissionViewPlantDoc","System.Void DolocAPI::OpenPermissionViewPlantDoc()","System.Void","","private","True","False","False","False","True","21","0x0600031F"
"DolocAPI","Command_OpenSeedUnLockPanel","Cysharp.Threading.Tasks.UniTask DolocAPI::Command_OpenSeedUnLockPanel()","Cysharp.Threading.Tasks.UniTask","","private","True","False","False","False","True","12","0x0600034C"
"DolocAPI","Command_GetLastSubmitItemSeedType","System.String DolocAPI::Command_GetLastSubmitItemSeedType()","System.String","","private","True","False","False","False","True","6","0x0600035F"
"DolocAPI","Command_GetLastSubmitItemSeedLifeSpan","System.Int32 DolocAPI::Command_GetLastSubmitItemSeedLifeSpan()","System.Int32","","private","True","False","False","False","True","6","0x06000361"
"DolocAPI","Command_OpenPlantDoc","Cysharp.Threading.Tasks.UniTask DolocAPI::Command_OpenPlantDoc()","Cysharp.Threading.Tasks.UniTask","","private","True","False","False","False","True","12","0x0600036D"
"DolocAPI","SwingPlantOnTouch","System.Void DolocAPI::SwingPlantOnTouch(UnityEngine.Animator,System.Boolean)","System.Void","UnityEngine.Animator animator; System.Boolean light","public","True","False","False","False","True","85","0x0600037D"
"DolocAPI","SwingPlantOnBlow","System.Void DolocAPI::SwingPlantOnBlow(UnityEngine.Animator)","System.Void","UnityEngine.Animator animator","public","True","False","False","False","True","70","0x0600037E"
"DolocAPI","FastButton_OpenSeedStore","System.Void DolocAPI::FastButton_OpenSeedStore()","System.Void","","private","True","False","False","False","True","38","0x0600038F"
"DolocAPI/<>c","<FastButton_OpenSeedStore>b__1003_0","System.Boolean DolocAPI/<>c::<FastButton_OpenSeedStore>b__1003_0(DolocTown.StoreUiState)","System.Boolean","DolocTown.StoreUiState state","internal","False","False","False","False","True","12","0x0600950B"
"DolocRopeRenderer","get_lineRenderer","UnityEngine.LineRenderer DolocRopeRenderer::get_lineRenderer()","UnityEngine.LineRenderer","","public","False","False","False","False","True","7","0x06000444"
"DolocRopeRenderer","get_doubleLocked","System.Boolean DolocRopeRenderer::get_doubleLocked()","System.Boolean","","public","False","False","False","False","True","7","0x06000445"
"DolocRopeRenderer","set_doubleLocked","System.Void DolocRopeRenderer::set_doubleLocked(System.Boolean)","System.Void","System.Boolean value","public","False","False","False","False","True","8","0x06000446"
"DolocRopeRenderer","get_headPosition","UnityEngine.Vector2 DolocRopeRenderer::get_headPosition()","UnityEngine.Vector2","","public","False","False","False","False","True","12","0x06000447"
"DolocRopeRenderer","set_headPosition","System.Void DolocRopeRenderer::set_headPosition(UnityEngine.Vector2)","System.Void","UnityEngine.Vector2 value","public","False","False","False","False","True","13","0x06000448"
"DolocRopeRenderer","get_endPosition","UnityEngine.Vector2 DolocRopeRenderer::get_endPosition()","UnityEngine.Vector2","","public","False","False","False","False","True","12","0x06000449"
"DolocRopeRenderer","set_endPosition","System.Void DolocRopeRenderer::set_endPosition(UnityEngine.Vector2)","System.Void","UnityEngine.Vector2 value","public","False","False","False","False","True","13","0x0600044A"
"DolocRopeRenderer","get_zPosition","System.Single DolocRopeRenderer::get_zPosition()","System.Single","","public","False","False","False","False","True","7","0x0600044B"
"DolocRopeRenderer","set_zPosition","System.Void DolocRopeRenderer::set_zPosition(System.Single)","System.Void","System.Single value","public","False","False","False","False","True","8","0x0600044C"
"DolocRopeRenderer","setMaterial","System.Void DolocRopeRenderer::setMaterial(UnityEngine.Material)","System.Void","UnityEngine.Material mat","public","False","False","False","False","True","13","0x0600044D"
"DolocRopeRenderer","OnCreated","System.Void DolocRopeRenderer::OnCreated()","System.Void","","public","False","True","False","False","True","99","0x0600044E"
"DolocRopeRenderer","OnRecycle","System.Void DolocRopeRenderer::OnRecycle()","System.Void","","public","False","True","False","False","True","13","0x0600044F"
"DolocRopeRenderer","OnReuse","System.Void DolocRopeRenderer::OnReuse()","System.Void","","public","False","True","False","False","True","13","0x06000450"
"DolocRopeRenderer","show","System.Void DolocRopeRenderer::show(UnityEngine.Vector3,UnityEngine.Vector3)","System.Void","UnityEngine.Vector3 p1; UnityEngine.Vector3 p2","public","False","False","False","False","True","94","0x06000451"
"DolocRopeRenderer","hide","System.Void DolocRopeRenderer::hide()","System.Void","","public","False","False","False","False","True","8","0x06000452"
"DolocRopeRenderer","setVisible","System.Void DolocRopeRenderer::setVisible(System.Boolean)","System.Void","System.Boolean value","public","False","False","False","False","True","13","0x06000453"
"DolocRopeRenderer","setLive","System.Void DolocRopeRenderer::setLive(System.Single,System.Action`1<UnityEngine.Vector2[]>)","System.Void","System.Single time; System.Action`1<UnityEngine.Vector2[]> callback","public","False","False","False","False","True","22","0x06000454"
"DolocRopeRenderer","FixedUpdate","System.Void DolocRopeRenderer::FixedUpdate()","System.Void","","private","False","False","False","False","True","190","0x06000455"
"DolocRopeRenderer",".ctor","System.Void DolocRopeRenderer::.ctor()","System.Void","","public","False","False","False","True","True","7","0x06000456"
"LocMaterials","get_GAME_MAT_CROP_TRAFFIC_LIGHT","UnityEngine.Material LocMaterials::get_GAME_MAT_CROP_TRAFFIC_LIGHT()","UnityEngine.Material","","public","True","False","False","False","True","11","0x0600057A"
"DolocTown.DebugCrops","get__spriteRenderers","UnityEngine.SpriteRenderer[] DolocTown.DebugCrops::get__spriteRenderers()","UnityEngine.SpriteRenderer[]","","private","False","False","False","False","True","117","0x0600104F"
"DolocTown.DebugCrops","StartWait","System.Void DolocTown.DebugCrops::StartWait(System.Boolean)","System.Void","System.Boolean value","public","False","False","False","False","True","135","0x06001050"
"DolocTown.DebugCrops","Update","System.Void DolocTown.DebugCrops::Update()","System.Void","","public","False","False","False","False","True","109","0x06001051"
"DolocTown.DebugCrops",".ctor","System.Void DolocTown.DebugCrops::.ctor()","System.Void","","public","False","False","False","True","True","28","0x06001052"
"DolocTown.DebugCrops/<>c",".cctor","System.Void DolocTown.DebugCrops/<>c::.cctor()","System.Void","","private","True","False","False","True","True","11","0x0600995F"
"DolocTown.DebugCrops/<>c",".ctor","System.Void DolocTown.DebugCrops/<>c::.ctor()","System.Void","","public","False","False","False","True","True","7","0x06009960"
"DolocTown.DebugCrops/<>c","<get__spriteRenderers>b__4_0","System.Int32 DolocTown.DebugCrops/<>c::<get__spriteRenderers>b__4_0(UnityEngine.SpriteRenderer,UnityEngine.SpriteRenderer)","System.Int32","UnityEngine.SpriteRenderer a; UnityEngine.SpriteRenderer b","internal","False","False","False","False","True","41","0x06009961"
"DolocTown.DocumentManager","get_plantDocMgr","DolocTown.PlantDocumentManager DolocTown.DocumentManager::get_plantDocMgr()","DolocTown.PlantDocumentManager","","public","False","False","False","False","True","7","0x06001243"
"DolocTown.DocumentManager","set_plantDocMgr","System.Void DolocTown.DocumentManager::set_plantDocMgr(DolocTown.PlantDocumentManager)","System.Void","DolocTown.PlantDocumentManager value","private","False","False","False","False","True","8","0x06001244"
"DolocTown.DocumentManager","get_isSynchronizePlantDoc","System.Boolean DolocTown.DocumentManager::get_isSynchronizePlantDoc()","System.Boolean","","public","False","False","False","False","True","7","0x06001249"
"DolocTown.DocumentManager","set_isSynchronizePlantDoc","System.Void DolocTown.DocumentManager::set_isSynchronizePlantDoc(System.Boolean)","System.Void","System.Boolean value","private","False","False","False","False","True","8","0x0600124A"
"DolocTown.DocumentManager",".ctor","System.Void DolocTown.DocumentManager::.ctor(DolocTown.ChipDocumentManager,DolocTown.PlantDocumentManager,DolocTown.CharacterDocumentManager,DolocTown.FishDocumentManager,System.Boolean,System.Boolean)","System.Void","DolocTown.ChipDocumentManager chipDocMgr; DolocTown.PlantDocumentManager plantDocMgr; DolocTown.CharacterDocumentManager characterDocMgr; DolocTown.FishDocumentManager fishDocMgr; System.Boolean isSynchronizePlantDoc; System.Boolean isSynchronizeChipDoc","public","False","False","False","True","True","88","0x0600124D"
"DolocTown.DocumentManager","SynchronizePlantDoc","System.Void DolocTown.DocumentManager::SynchronizePlantDoc()","System.Void","","public","False","False","False","False","True","8","0x0600124E"
"DolocTown.PlantDocumentManager","get_config","DolocTown.Config.Settings.GlobalParameterInfo DolocTown.PlantDocumentManager::get_config()","DolocTown.Config.Settings.GlobalParameterInfo","","private","False","False","False","False","True","6","0x06001254"
"DolocTown.PlantDocumentManager","get_plantDocTb","DolocTown.Config.Archives.TbPlantDocument DolocTown.PlantDocumentManager::get_plantDocTb()","DolocTown.Config.Archives.TbPlantDocument","","private","False","False","False","False","True","11","0x06001255"
"DolocTown.PlantDocumentManager","get_totalPlantCount","System.Int32 DolocTown.PlantDocumentManager::get_totalPlantCount()","System.Int32","","private","False","False","False","False","True","12","0x06001256"
"DolocTown.PlantDocumentManager","get_maxPlantCount","System.Int32 DolocTown.PlantDocumentManager::get_maxPlantCount()","System.Int32","","private","False","False","False","False","True","17","0x06001257"
"DolocTown.PlantDocumentManager","get_allPlantDocUnlocked","System.Boolean DolocTown.PlantDocumentManager::get_allPlantDocUnlocked()","System.Boolean","","public","False","False","False","False","True","15","0x06001258"
"DolocTown.PlantDocumentManager",".ctor","System.Void DolocTown.PlantDocumentManager::.ctor()","System.Void","","public","False","False","False","True","True","40","0x06001259"
"DolocTown.PlantDocumentManager",".ctor","System.Void DolocTown.PlantDocumentManager::.ctor(System.Collections.Generic.List`1<System.String>,System.Collections.Generic.List`1<System.String>)","System.Void","System.Collections.Generic.List`1<System.String> unlockedOrder; System.Collections.Generic.List`1<System.String> unanalyzedPlants","private","False","False","False","True","True","120","0x0600125A"
"DolocTown.PlantDocumentManager","CanSubmitItemAsPlant","System.Boolean DolocTown.PlantDocumentManager::CanSubmitItemAsPlant(DolocTown.Item)","System.Boolean","DolocTown.Item item","public","False","False","False","False","True","52","0x0600125B"
"DolocTown.PlantDocumentManager","SubmitItemAsPlant","System.Int32 DolocTown.PlantDocumentManager::SubmitItemAsPlant(DolocTown.Item)","System.Int32","DolocTown.Item item","public","False","False","False","False","True","51","0x0600125C"
"DolocTown.PlantDocumentManager","AnalyzePlant","System.Void DolocTown.PlantDocumentManager::AnalyzePlant()","System.Void","","public","False","False","False","False","True","97","0x0600125D"
"DolocTown.PlantDocumentManager","UnlockPlantDocument","System.Boolean DolocTown.PlantDocumentManager::UnlockPlantDocument(System.String)","System.Boolean","System.String plantDocId","public","False","False","False","False","True","158","0x0600125E"
"DolocTown.PlantDocumentManager","GetLatestPlantTitles","System.String DolocTown.PlantDocumentManager::GetLatestPlantTitles()","System.String","","public","False","False","False","False","True","7","0x0600125F"
"DolocTown.PlantDocumentManager","GetLatestPlantReward","System.Int32 DolocTown.PlantDocumentManager::GetLatestPlantReward()","System.Int32","","public","False","False","False","False","True","7","0x06001260"
"DolocTown.PlantDocumentManager","GetLatestPlantCount","System.Int32 DolocTown.PlantDocumentManager::GetLatestPlantCount()","System.Int32","","public","False","False","False","False","True","7","0x06001261"
"DolocTown.Bullet","get_AffectCrop","System.Boolean DolocTown.Bullet::get_AffectCrop()","System.Boolean","","public","False","False","False","False","True","7","0x0600161C"
"DolocTown.Bullet","set_AffectCrop","System.Void DolocTown.Bullet::set_AffectCrop(System.Boolean)","System.Void","System.Boolean value","private","False","False","False","False","True","8","0x0600161D"
"DolocTown.Bullet","SetCropInfos","System.Void DolocTown.Bullet::SetCropInfos(System.Boolean)","System.Void","System.Boolean affectCrop","public","False","False","False","False","True","8","0x0600161E"
"DolocTown.DroneFunctionFarmCollectorHelper","HandleCrop","System.Void DolocTown.DroneFunctionFarmCollectorHelper::HandleCrop(DolocTown.Bullet,UnityEngine.Component)","System.Void","DolocTown.Bullet bullet; UnityEngine.Component other","public","True","False","False","False","True","58","0x060016E7"
"DolocTown.MonsterAI_Plant","get_Enemy","UnityEngine.Transform DolocTown.MonsterAI_Plant::get_Enemy()","UnityEngine.Transform","","private","False","False","False","False","True","12","0x06001835"
"DolocTown.MonsterAI_Plant","OnStart","System.Void DolocTown.MonsterAI_Plant::OnStart()","System.Void","","public","False","True","False","False","True","25","0x06001836"
"DolocTown.MonsterAI_Plant",".ctor","System.Void DolocTown.MonsterAI_Plant::.ctor()","System.Void","","public","False","False","False","True","True","7","0x06001837"
"DolocTown.MonsterAI_Plant/IdleState","NextState","DolocTown.MonsterStateManager/MonsterState DolocTown.MonsterAI_Plant/IdleState::NextState(System.Single)","DolocTown.MonsterStateManager/MonsterState","System.Single dt","public","False","True","False","False","True","56","0x06009A90"
"DolocTown.MonsterAI_Plant/IdleState",".ctor","System.Void DolocTown.MonsterAI_Plant/IdleState::.ctor()","System.Void","","public","False","False","False","True","True","7","0x06009A91"
"DolocTown.MonsterAI_Plant/AttackState","NextState","DolocTown.MonsterStateManager/MonsterState DolocTown.MonsterAI_Plant/AttackState::NextState(System.Single)","DolocTown.MonsterStateManager/MonsterState","System.Single dt","public","False","True","False","False","True","17","0x06009A92"
"DolocTown.MonsterAI_Plant/AttackState","OnEnter","System.Void DolocTown.MonsterAI_Plant/AttackState::OnEnter()","System.Void","","public","False","True","False","False","True","51","0x06009A93"
"DolocTown.MonsterAI_Plant/AttackState",".ctor","System.Void DolocTown.MonsterAI_Plant/AttackState::.ctor()","System.Void","","public","False","False","False","True","True","7","0x06009A94"
"DolocTown.MonsterAI_SeedCarrier","get_HasEnemy","System.Boolean DolocTown.MonsterAI_SeedCarrier::get_HasEnemy()","System.Boolean","","private","False","False","False","False","True","18","0x06001838"
"DolocTown.MonsterAI_SeedCarrier","get_Enemy","UnityEngine.Transform DolocTown.MonsterAI_SeedCarrier::get_Enemy()","UnityEngine.Transform","","private","False","False","False","False","True","12","0x06001839"
"DolocTown.MonsterAI_SeedCarrier","OnStart","System.Void DolocTown.MonsterAI_SeedCarrier::OnStart()","System.Void","","public","False","True","False","False","True","25","0x0600183A"
"DolocTown.MonsterAI_SeedCarrier",".ctor","System.Void DolocTown.MonsterAI_SeedCarrier::.ctor()","System.Void","","public","False","False","False","True","True","7","0x0600183B"
"DolocTown.MonsterAI_SeedCarrier/WanderState","NextState","DolocTown.MonsterStateManager/MonsterState DolocTown.MonsterAI_SeedCarrier/WanderState::NextState(System.Single)","DolocTown.MonsterStateManager/MonsterState","System.Single dt","public","False","True","False","False","True","63","0x06009A95"
"DolocTown.MonsterAI_SeedCarrier/WanderState","OnEnter","System.Void DolocTown.MonsterAI_SeedCarrier/WanderState::OnEnter()","System.Void","","public","False","True","False","False","True","20","0x06009A96"
"DolocTown.MonsterAI_SeedCarrier/WanderState",".ctor","System.Void DolocTown.MonsterAI_SeedCarrier/WanderState::.ctor()","System.Void","","public","False","False","False","True","True","7","0x06009A97"
"DolocTown.MonsterAI_SeedCarrier/AttackState","NextState","DolocTown.MonsterStateManager/MonsterState DolocTown.MonsterAI_SeedCarrier/AttackState::NextState(System.Single)","DolocTown.MonsterStateManager/MonsterState","System.Single dt","public","False","True","False","False","True","17","0x06009A98"
"DolocTown.MonsterAI_SeedCarrier/AttackState","OnEnter","System.Void DolocTown.MonsterAI_SeedCarrier/AttackState::OnEnter()","System.Void","","public","False","True","False","False","True","45","0x06009A99"
"DolocTown.MonsterAI_SeedCarrier/AttackState",".ctor","System.Void DolocTown.MonsterAI_SeedCarrier/AttackState::.ctor()","System.Void","","public","False","False","False","True","True","7","0x06009A9A"
"DolocTown.DungeonResourceManager","GrowNatureElements","System.Void DolocTown.DungeonResourceManager::GrowNatureElements(System.Boolean)","System.Void","System.Boolean isRender","public","False","False","False","False","True","74","0x06001BB4"
"DolocTown.DungeonResource","get_CurrentGrowth","System.Int32 DolocTown.DungeonResource::get_CurrentGrowth()","System.Int32","","public","False","False","False","False","True","7","0x06001BE2"
"DolocTown.DungeonResource","get_CanGrow","System.Boolean DolocTown.DungeonResource::get_CanGrow()","System.Boolean","","public","False","False","False","False","True","30","0x06001BE3"
"DolocTown.DungeonResource","get_currentGrowthThreshold","System.Int32 DolocTown.DungeonResource::get_currentGrowthThreshold()","System.Int32","","private","False","False","False","False","True","14","0x06001BE5"
"DolocTown.DungeonResource","Grow","System.Void DolocTown.DungeonResource::Grow(System.Boolean)","System.Void","System.Boolean useTween","public","False","False","False","False","True","50","0x06001BE6"
"DolocTown.DungeonResource","SetGrowthLevel","System.Void DolocTown.DungeonResource::SetGrowthLevel(System.Int32,System.Boolean)","System.Void","System.Int32 growthLevel; System.Boolean useTween","public","False","True","False","False","True","119","0x06001BE7"
"DolocTown.DungeonResource","SetMaxGrowthLevel","System.Void DolocTown.DungeonResource::SetMaxGrowthLevel(System.Boolean)","System.Void","System.Boolean useTween","public","False","False","False","False","True","14","0x06001BE8"
"DolocTown.DungeonResource","OnGrowthLevelChange","System.Void DolocTown.DungeonResource::OnGrowthLevelChange(System.Int32,System.Int32)","System.Void","System.Int32 oldLevel; System.Int32 newLevel","protected","False","True","False","False","True","7","0x06001BE9"
"DolocTown.DungeonResource","InitRandomGrowth","System.Void DolocTown.DungeonResource::InitRandomGrowth(System.Boolean)","System.Void","System.Boolean useMinHighLevelProb","public","False","False","False","False","True","91","0x06001BEA"
"DolocTown.DungeonResourceCrop",".ctor","System.Void DolocTown.DungeonResourceCrop::.ctor(DolocTown.IDungeonResourceHost,DolocTown.Config.Resource.ResourceInfo,UnityEngine.Vector3,UnityEngine.Vector2Int)","System.Void","DolocTown.IDungeonResourceHost host; DolocTown.Config.Resource.ResourceInfo proto; UnityEngine.Vector3 wp; UnityEngine.Vector2Int anchor","public","False","False","False","True","True","12","0x06001C0C"
"DolocTown.DungeonResourceCrop",".ctor","System.Void DolocTown.DungeonResourceCrop::.ctor(System.Int32,UnityEngine.Vector2Int,UnityEngine.Vector3,System.String,System.Int32,System.Int32,System.Int32,System.Int32,System.Int32)","System.Void","System.Int32 id; UnityEngine.Vector2Int anchor; UnityEngine.Vector3 position; System.String ResourceName; System.Int32 GrowthLevel; System.Int32 currentGrowth; System.Int32 currentHealth; System.Int32 skinIdx; System.Int32 randomSeed","protected","False","False","False","True","True","22","0x06001C0D"
"DolocTown.DungeonResourceCrop","OnFell","System.Boolean DolocTown.DungeonResourceCrop::OnFell(DolocTown.ItemTool,UnityEngine.Vector2)","System.Boolean","DolocTown.ItemTool tool; UnityEngine.Vector2 hitPoint","public","False","True","False","False","True","2","0x06001C0E"
"DolocTown.DungeonResourceCrop","get_OnlyTouch","System.Boolean DolocTown.DungeonResourceCrop::get_OnlyTouch()","System.Boolean","","public","False","True","False","False","True","2","0x06001C0F"
"DolocTown.DungeonResourceCrop","OnTouch","System.Void DolocTown.DungeonResourceCrop::OnTouch()","System.Void","","public","False","True","False","False","True","85","0x06001C10"
"DolocTown.DungeonResourceCrop","OnInteract","System.Void DolocTown.DungeonResourceCrop::OnInteract()","System.Void","","public","False","True","False","False","True","60","0x06001C11"
"DolocTown.DungeonResourceCrop","OnDisTouch","System.Void DolocTown.DungeonResourceCrop::OnDisTouch()","System.Void","","public","False","True","False","False","True","44","0x06001C12"
"DolocTown.DungeonResourceCrop","OnMonsterTouch","System.Void DolocTown.DungeonResourceCrop::OnMonsterTouch(UnityEngine.Vector2)","System.Void","UnityEngine.Vector2 pos","public","False","True","False","False","True","20","0x06001C13"
"DolocTown.DungeonResourceCrop","OnMonsterDisTouch","System.Void DolocTown.DungeonResourceCrop::OnMonsterDisTouch(UnityEngine.Vector2)","System.Void","UnityEngine.Vector2 pos","public","False","True","False","False","True","20","0x06001C14"
"DolocTown.DungeonResourceCrop","OnWindBlow","System.Void DolocTown.DungeonResourceCrop::OnWindBlow(UnityEngine.Vector2)","System.Void","UnityEngine.Vector2 pos","public","False","True","False","False","True","12","0x06001C15"
"DolocTown.DungeonResourceCrop","OnBomb","System.Void DolocTown.DungeonResourceCrop::OnBomb(System.Single,System.Boolean,UnityEngine.Vector2)","System.Void","System.Single damage; System.Boolean ctr; UnityEngine.Vector2 pos","public","False","True","False","False","True","100","0x06001C16"
"DolocTown.DungeonResourceCrop","_ClearEffects","System.Void DolocTown.DungeonResourceCrop::_ClearEffects(UnityEngine.Vector2)","System.Void","UnityEngine.Vector2 hitPosition","protected","False","True","False","False","True","53","0x06001C17"
"DolocTown.DungeonResourceCrop","<OnInteract>b__6_0","System.Void DolocTown.DungeonResourceCrop::<OnInteract>b__6_0()","System.Void","","private","False","False","False","False","True","68","0x06001C18"
"DolocTown.LuminousPlant","Init","System.Void DolocTown.LuminousPlant::Init()","System.Void","","public","False","True","False","False","True","59","0x06001CE7"
"DolocTown.LuminousPlant","TurnOn","System.Void DolocTown.LuminousPlant::TurnOn(System.Boolean)","System.Void","System.Boolean isInitial","protected","False","True","False","False","True","56","0x06001CE8"
"DolocTown.LuminousPlant","TurnOff","System.Void DolocTown.LuminousPlant::TurnOff(System.Boolean)","System.Void","System.Boolean isInitial","protected","False","True","False","False","True","24","0x06001CE9"
"DolocTown.LuminousPlant","OnDispose","System.Void DolocTown.LuminousPlant::OnDispose()","System.Void","","protected","False","True","False","False","True","12","0x06001CEA"
"DolocTown.LuminousPlant",".ctor","System.Void DolocTown.LuminousPlant::.ctor()","System.Void","","public","False","False","False","True","True","7","0x06001CEB"
"DolocTown.Vegetation","CheckGrowingMonth","System.Boolean DolocTown.Vegetation::CheckGrowingMonth()","System.Boolean","","protected","False","False","False","False","True","52","0x06001D2E"
"DolocTown.VegetationCrop",".ctor","System.Void DolocTown.VegetationCrop::.ctor(DolocTown.Config.Resource.VegetationInfo,UnityEngine.Vector2Int,UnityEngine.Vector3,UnityEngine.Vector2Int[])","System.Void","DolocTown.Config.Resource.VegetationInfo proto; UnityEngine.Vector2Int anchor; UnityEngine.Vector3 position; UnityEngine.Vector2Int[] cvPositions","public","False","False","False","True","True","12","0x06001D3B"
"DolocTown.VegetationCrop",".ctor","System.Void DolocTown.VegetationCrop::.ctor(System.Int32,UnityEngine.Vector2Int,UnityEngine.Vector3,System.String,System.Int32,System.Int32,System.Int32)","System.Void","System.Int32 index; UnityEngine.Vector2Int anchor; UnityEngine.Vector3 position; System.String vegetationName; System.Int32 currentLevel; System.Int32 currentGrowth; System.Int32 randomSeed","public","False","False","False","True","True","18","0x06001D3C"
"DolocTown.VegetationCrop","get_OnlyTouch","System.Boolean DolocTown.VegetationCrop::get_OnlyTouch()","System.Boolean","","public","False","True","False","False","True","2","0x06001D3D"
"DolocTown.VegetationCrop","OnTouch","System.Void DolocTown.VegetationCrop::OnTouch()","System.Void","","public","False","True","False","False","True","62","0x06001D3E"
"DolocTown.VegetationCrop","OnDisTouch","System.Void DolocTown.VegetationCrop::OnDisTouch()","System.Void","","public","False","True","False","False","True","13","0x06001D3F"
"DolocTown.VegetationCrop","OnInteract","System.Void DolocTown.VegetationCrop::OnInteract()","System.Void","","public","False","True","False","False","True","43","0x06001D40"
"DolocTown.VegetationCrop","OnMonsterTouch","System.Void DolocTown.VegetationCrop::OnMonsterTouch(UnityEngine.Vector2)","System.Void","UnityEngine.Vector2 pos","public","False","True","False","False","True","15","0x06001D41"
"DolocTown.VegetationCrop","OnMonsterDisTouch","System.Void DolocTown.VegetationCrop::OnMonsterDisTouch(UnityEngine.Vector2)","System.Void","UnityEngine.Vector2 pos","public","False","True","False","False","True","15","0x06001D42"
"DolocTown.VegetationCrop","OnBomb","System.Void DolocTown.VegetationCrop::OnBomb(System.Single,System.Boolean,UnityEngine.Vector2)","System.Void","System.Single damage; System.Boolean ctr; UnityEngine.Vector2 pos","public","False","True","False","False","True","86","0x06001D43"
"DolocTown.VegetationCrop","<OnInteract>b__6_0","System.Void DolocTown.VegetationCrop::<OnInteract>b__6_0()","System.Void","","private","False","False","False","False","True","84","0x06001D44"
"DolocTown.VegetationGrow","get_Func","DolocTown.Config.Resource.VegetationFuncGrowBase DolocTown.VegetationGrow::get_Func()","DolocTown.Config.Resource.VegetationFuncGrowBase","","protected","False","False","False","False","True","17","0x06001D55"
"DolocTown.VegetationGrow","get_CurrentSprite","UnityEngine.Sprite DolocTown.VegetationGrow::get_CurrentSprite()","UnityEngine.Sprite","","public","False","True","False","False","True","24","0x06001D56"
"DolocTown.VegetationGrow","get_maxLevel","System.Int32 DolocTown.VegetationGrow::get_maxLevel()","System.Int32","","protected","False","False","False","False","True","21","0x06001D57"
"DolocTown.VegetationGrow","get_generateDrop","System.Boolean DolocTown.VegetationGrow::get_generateDrop()","System.Boolean","","protected","False","True","False","False","True","15","0x06001D58"
"DolocTown.VegetationGrow","get_currentLevel","System.Int32 DolocTown.VegetationGrow::get_currentLevel()","System.Int32","","public","False","False","False","False","True","7","0x06001D59"
"DolocTown.VegetationGrow","set_currentLevel","System.Void DolocTown.VegetationGrow::set_currentLevel(System.Int32)","System.Void","System.Int32 value","private","False","False","False","False","True","8","0x06001D5A"
"DolocTown.VegetationGrow","get_currentGrowth","System.Int32 DolocTown.VegetationGrow::get_currentGrowth()","System.Int32","","public","False","False","False","False","True","7","0x06001D5B"
"DolocTown.VegetationGrow","set_currentGrowth","System.Void DolocTown.VegetationGrow::set_currentGrowth(System.Int32)","System.Void","System.Int32 value","private","False","False","False","False","True","8","0x06001D5C"
"DolocTown.VegetationGrow",".ctor","System.Void DolocTown.VegetationGrow::.ctor(DolocTown.Config.Resource.VegetationInfo,UnityEngine.Vector2Int,UnityEngine.Vector3,UnityEngine.Vector2Int[])","System.Void","DolocTown.Config.Resource.VegetationInfo proto; UnityEngine.Vector2Int anchor; UnityEngine.Vector3 position; UnityEngine.Vector2Int[] cvPositions","public","False","False","False","True","True","41","0x06001D5D"
"DolocTown.VegetationGrow",".ctor","System.Void DolocTown.VegetationGrow::.ctor(System.Int32,UnityEngine.Vector2Int,UnityEngine.Vector3,System.String,System.Int32,System.Int32,System.Int32)","System.Void","System.Int32 index; UnityEngine.Vector2Int anchor; UnityEngine.Vector3 position; System.String vegetationName; System.Int32 currentLevel; System.Int32 currentGrowth; System.Int32 randomSeed","public","False","False","False","True","True","53","0x06001D5E"
"DolocTown.VegetationGrow","RandomInitState","System.Void DolocTown.VegetationGrow::RandomInitState()","System.Void","","public","False","True","False","False","True","45","0x06001D5F"
"DolocTown.VegetationGrow","UpdatePerTu","System.Void DolocTown.VegetationGrow::UpdatePerTu()","System.Void","","public","False","True","False","False","True","16","0x06001D60"
"DolocTown.VegetationGrow","UpdatePerTuNoRender","System.Void DolocTown.VegetationGrow::UpdatePerTuNoRender()","System.Void","","public","False","True","False","False","True","16","0x06001D61"
"DolocTown.VegetationGrow","Grow","System.Void DolocTown.VegetationGrow::Grow(System.Boolean)","System.Void","System.Boolean useTween","public","False","False","False","False","True","63","0x06001D62"
"DolocTown.VegetationGrow","ReGrow","System.Void DolocTown.VegetationGrow::ReGrow()","System.Void","","protected","False","False","False","False","True","38","0x06001D63"
"DolocTown.VegetationGrow","SetGrowthLevel","System.Void DolocTown.VegetationGrow::SetGrowthLevel(System.Int32,System.Boolean)","System.Void","System.Int32 growthLevel; System.Boolean useTween","protected","False","True","False","False","True","82","0x06001D64"
"DolocTown.VegetationGrow","RevertRandomValues","System.Void DolocTown.VegetationGrow::RevertRandomValues(System.Int32)","System.Void","System.Int32 seed","private","False","False","False","False","True","60","0x06001D65"
"DolocTown.VegetationGrowLuminous","get_GrowLuminousFunc","DolocTown.Config.Resource.VegetationFuncGrowLuminous DolocTown.VegetationGrowLuminous::get_GrowLuminousFunc()","DolocTown.Config.Resource.VegetationFuncGrowLuminous","","private","False","False","False","False","True","17","0x06001D66"
"DolocTown.VegetationGrowLuminous",".ctor","System.Void DolocTown.VegetationGrowLuminous::.ctor(DolocTown.Config.Resource.VegetationInfo,UnityEngine.Vector2Int,UnityEngine.Vector3,UnityEngine.Vector2Int[])","System.Void","DolocTown.Config.Resource.VegetationInfo proto; UnityEngine.Vector2Int anchor; UnityEngine.Vector3 position; UnityEngine.Vector2Int[] cvPositions","public","False","False","False","True","True","12","0x06001D67"
"DolocTown.VegetationGrowLuminous",".ctor","System.Void DolocTown.VegetationGrowLuminous::.ctor(System.Int32,UnityEngine.Vector2Int,UnityEngine.Vector3,System.String,System.Int32,System.Int32,System.Int32)","System.Void","System.Int32 index; UnityEngine.Vector2Int anchor; UnityEngine.Vector3 position; System.String vegetationName; System.Int32 currentLevel; System.Int32 currentGrowth; System.Int32 randomSeed","public","False","False","False","True","True","18","0x06001D68"
"DolocTown.VegetationGrowLuminous","OnRender","System.Void DolocTown.VegetationGrowLuminous::OnRender()","System.Void","","public","False","True","False","False","True","61","0x06001D69"
"DolocTown.VegetationGrowLuminous","OnUnRender","System.Void DolocTown.VegetationGrowLuminous::OnUnRender()","System.Void","","public","False","True","False","False","True","19","0x06001D6A"
"DolocTown.VegetationGrowLuminous","UpdatePerTu","System.Void DolocTown.VegetationGrowLuminous::UpdatePerTu()","System.Void","","public","False","True","False","False","True","14","0x06001D6B"
"DolocTown.VegetationGrowLuminous","get_OnlyTouch","System.Boolean DolocTown.VegetationGrowLuminous::get_OnlyTouch()","System.Boolean","","public","False","True","False","False","True","15","0x06001D6C"
"DolocTown.VegetationGrowLuminous","OnTouch","System.Void DolocTown.VegetationGrowLuminous::OnTouch()","System.Void","","public","False","True","False","False","True","54","0x06001D6D"
"DolocTown.VegetationGrowLuminous","OnDisTouch","System.Void DolocTown.VegetationGrowLuminous::OnDisTouch()","System.Void","","public","False","True","False","False","True","19","0x06001D6E"
"DolocTown.VegetationGrowLuminous","OnInteract","System.Void DolocTown.VegetationGrowLuminous::OnInteract()","System.Void","","public","False","True","False","False","True","43","0x06001D6F"
"DolocTown.VegetationGrowLuminous","SetGrowthLevel","System.Void DolocTown.VegetationGrowLuminous::SetGrowthLevel(System.Int32,System.Boolean)","System.Void","System.Int32 growthLevel; System.Boolean useTween","protected","False","True","False","False","True","62","0x06001D70"
"DolocTown.VegetationGrowLuminous","OnBomb","System.Void DolocTown.VegetationGrowLuminous::OnBomb(System.Single,System.Boolean,UnityEngine.Vector2)","System.Void","System.Single damage; System.Boolean ctr; UnityEngine.Vector2 pos","public","False","True","False","False","True","16","0x06001D71"
"DolocTown.VegetationGrowLuminous","OnLightParamChanged","System.Void DolocTown.VegetationGrowLuminous::OnLightParamChanged(System.Boolean)","System.Void","System.Boolean isInitial","public","False","True","False","False","True","132","0x06001D72"
"DolocTown.VegetationGrowLuminous","TurnOn","System.Void DolocTown.VegetationGrowLuminous::TurnOn(System.Boolean)","System.Void","System.Boolean isInitial","public","False","True","False","False","True","34","0x06001D73"
"DolocTown.VegetationGrowLuminous","TurnOff","System.Void DolocTown.VegetationGrowLuminous::TurnOff(System.Boolean)","System.Void","System.Boolean isInitial","public","False","True","False","False","True","34","0x06001D74"
"DolocTown.VegetationGrowLuminous","<OnInteract>b__13_0","System.Void DolocTown.VegetationGrowLuminous::<OnInteract>b__13_0()","System.Void","","private","False","False","False","False","True","40","0x06001D75"
"DolocTown.VegetationManager","UpdateLuminousPlantState","System.Void DolocTown.VegetationManager::UpdateLuminousPlantState()","System.Void","","public","False","False","False","False","True","57","0x06001D8E"
"DolocTown.Animal","Grow","System.Void DolocTown.Animal::Grow()","System.Void","","public","False","False","False","False","True","106","0x06001E18"
"DolocTown.AutomateBotDecisionMaker","<TryGetTaskOfNormalFarming>g__ViewBehaviour|26_1","System.Void DolocTown.AutomateBotDecisionMaker::<TryGetTaskOfNormalFarming>g__ViewBehaviour|26_1(DolocTown.PlantBasin)","System.Void","DolocTown.PlantBasin basin","private","False","False","False","False","True","116","0x06002070"
"DolocTown.AutomateBotDecisionMaker/<>c","<TryGetTaskOfNormalFarming>b__26_0","System.Boolean DolocTown.AutomateBotDecisionMaker/<>c::<TryGetTaskOfNormalFarming>b__26_0(DolocTown.PlantBasin)","System.Boolean","DolocTown.PlantBasin basin","internal","False","False","False","False","True","21","0x06009C56"
"DolocTown.AutomateBotDecisionMakerFarming","TryBuildTaskOfPlant","System.Boolean DolocTown.AutomateBotDecisionMakerFarming::TryBuildTaskOfPlant(RedSaw.AI.LinearTask.LinearTask&)","System.Boolean","RedSaw.AI.LinearTask.LinearTask& task","private","False","False","False","False","True","58","0x06002077"
"DolocTown.AutomateBotDecisionMakerFarming","__TryBuildTaskOfPlantEmptyInventory","System.Boolean DolocTown.AutomateBotDecisionMakerFarming::__TryBuildTaskOfPlantEmptyInventory(RedSaw.AI.LinearTask.LinearTask&)","System.Boolean","RedSaw.AI.LinearTask.LinearTask& task","private","False","False","False","False","True","286","0x06002078"
"DolocTown.AutomateBotDecisionMakerFarming","__TryBuildTaskOfPlantWithExistedSeeds","System.Boolean DolocTown.AutomateBotDecisionMakerFarming::__TryBuildTaskOfPlantWithExistedSeeds(RedSaw.AI.LinearTask.LinearTask&)","System.Boolean","RedSaw.AI.LinearTask.LinearTask& task","private","False","False","False","False","True","69","0x06002079"
"DolocTown.AutomateBotDecisionMakerFarming","TryGetPlantMissions","System.ValueTuple`2<DolocTown.Case,DolocTown.AutomatePlantMissionInfo[]> DolocTown.AutomateBotDecisionMakerFarming::TryGetPlantMissions(System.Int32)","System.ValueTuple`2<DolocTown.Case,DolocTown.AutomatePlantMissionInfo[]>","System.Int32 maxCount","protected","False","False","False","False","True","248","0x0600207A"
"DolocTown.AutomateBotDecisionMakerFarming","TryGetPlantMissionFromBotInventory","System.Boolean DolocTown.AutomateBotDecisionMakerFarming::TryGetPlantMissionFromBotInventory(DolocTown.AutomatePlantMissionInfo&)","System.Boolean","DolocTown.AutomatePlantMissionInfo& missionInfo","protected","False","False","False","False","True","86","0x0600207B"
"DolocTown.AutomateBotDecisionMakerFarming","__TryBuildMissionFromGivenSeed","System.Boolean DolocTown.AutomateBotDecisionMakerFarming::__TryBuildMissionFromGivenSeed(DolocTown.ItemSeed,DolocTown.AutomatePlantMissionInfo&)","System.Boolean","DolocTown.ItemSeed seed; DolocTown.AutomatePlantMissionInfo& missionInfo","private","False","False","False","False","True","130","0x0600207C"
"DolocTown.AutomateBotDecisionMakerFarming","__TryReleaseUselessSeeds","System.Boolean DolocTown.AutomateBotDecisionMakerFarming::__TryReleaseUselessSeeds(RedSaw.AI.LinearTask.LinearTask&)","System.Boolean","RedSaw.AI.LinearTask.LinearTask& task","private","False","False","False","False","True","85","0x0600207D"
"DolocTown.AutomateBotDecisionMakerFarming","NeedProtect","System.Boolean DolocTown.AutomateBotDecisionMakerFarming::NeedProtect(System.Boolean,DolocTown.PlantBasin)","System.Boolean","System.Boolean isHighPriority; DolocTown.PlantBasin basin","private","True","False","False","False","True","141","0x06002083"
"DolocTown.AutomateBotDecisionMakerFarming","TryBuildTaskOfWatering","System.Boolean DolocTown.AutomateBotDecisionMakerFarming::TryBuildTaskOfWatering(RedSaw.AI.LinearTask.LinearTask&)","System.Boolean","RedSaw.AI.LinearTask.LinearTask& task","private","False","False","False","False","True","254","0x06002084"
"DolocTown.AutomateBotDecisionMakerFarming","GetWateringMission","System.ValueTuple`2<DolocTown.PlantBasin,DolocTown.PlantBasin[]> DolocTown.AutomateBotDecisionMakerFarming::GetWateringMission()","System.ValueTuple`2<DolocTown.PlantBasin,DolocTown.PlantBasin[]>","","private","False","False","False","False","True","83","0x06002085"
"DolocTown.AutomateBotDecisionMakerFarming","__GetBestWateringBasin","System.ValueTuple`2<DolocTown.PlantBasin,DolocTown.PlantBasin[]> DolocTown.AutomateBotDecisionMakerFarming::__GetBestWateringBasin(System.Collections.Generic.HashSet`1<DolocTown.PlantBasin>)","System.ValueTuple`2<DolocTown.PlantBasin,DolocTown.PlantBasin[]>","System.Collections.Generic.HashSet`1<DolocTown.PlantBasin> set","private","False","False","False","False","True","86","0x06002086"
"DolocTown.AutomateBotDecisionMakerFarming","__GetAroundBasins","DolocTown.PlantBasin[] DolocTown.AutomateBotDecisionMakerFarming::__GetAroundBasins(System.Collections.Generic.HashSet`1<DolocTown.PlantBasin>,DolocTown.PlantBasin)","DolocTown.PlantBasin[]","System.Collections.Generic.HashSet`1<DolocTown.PlantBasin> set; DolocTown.PlantBasin basin","private","False","False","False","False","True","101","0x06002087"
"DolocTown.AutomateBotDecisionMakerFarming","<TryGetPlantMissions>b__10_0","System.Boolean DolocTown.AutomateBotDecisionMakerFarming::<TryGetPlantMissions>b__10_0(DolocTown.PlantBasin)","System.Boolean","DolocTown.PlantBasin b","private","False","False","False","False","True","26","0x0600208D"
"DolocTown.AutomateBotDecisionMakerFarming","<TryGetProtectMissions>b__18_0","System.Boolean DolocTown.AutomateBotDecisionMakerFarming::<TryGetProtectMissions>b__18_0(DolocTown.PlantBasin)","System.Boolean","DolocTown.PlantBasin pb","private","False","False","False","False","True","34","0x0600208E"
"DolocTown.AutomateBotDecisionMakerFarming","<GetWateringMission>b__21_0","System.Boolean DolocTown.AutomateBotDecisionMakerFarming::<GetWateringMission>b__21_0(DolocTown.PlantBasin)","System.Boolean","DolocTown.PlantBasin pb","private","False","False","False","False","True","53","0x0600208F"
"DolocTown.AutomateBotDecisionMakerFarming","<HasAnyFertilizerMissionFromBotInventory>b__25_0","System.Boolean DolocTown.AutomateBotDecisionMakerFarming::<HasAnyFertilizerMissionFromBotInventory>b__25_0(DolocTown.PlantBasin)","System.Boolean","DolocTown.PlantBasin pb","private","False","False","False","False","True","34","0x06002090"
"DolocTown.AutomateBotDecisionMakerFarming","<TryGetFertilizerMissions>b__28_0","System.Boolean DolocTown.AutomateBotDecisionMakerFarming::<TryGetFertilizerMissions>b__28_0(DolocTown.PlantBasin)","System.Boolean","DolocTown.PlantBasin pb","private","False","False","False","False","True","34","0x06002091"
"DolocTown.AutomateBotDecisionMakerFarming/<>c__DisplayClass8_0","<__TryBuildTaskOfPlantEmptyInventory>b__0","System.Void DolocTown.AutomateBotDecisionMakerFarming/<>c__DisplayClass8_0::<__TryBuildTaskOfPlantEmptyInventory>b__0()","System.Void","","internal","False","False","False","False","True","178","0x06009C5C"
"DolocTown.AutomateBotDecisionMakerFarming/<>c","<__TryBuildTaskOfPlantEmptyInventory>b__8_1","DolocTown.PlantCondition DolocTown.AutomateBotDecisionMakerFarming/<>c::<__TryBuildTaskOfPlantEmptyInventory>b__8_1(DolocTown.AutomatePlantMissionInfo)","DolocTown.PlantCondition","DolocTown.AutomatePlantMissionInfo m","internal","False","False","False","False","True","7","0x06009C5F"
"DolocTown.AutomateBotDecisionMakerFarming/<>c","<NeedProtect>b__19_0","System.Boolean DolocTown.AutomateBotDecisionMakerFarming/<>c::<NeedProtect>b__19_0(DolocTown.Config.Plant.CropGeneInfo)","System.Boolean","DolocTown.Config.Plant.CropGeneInfo x","internal","False","False","False","False","True","17","0x06009C62"
"DolocTown.AutomateBotDecisionMakerFarming/<>c","<NeedProtect>b__19_1","System.Boolean DolocTown.AutomateBotDecisionMakerFarming/<>c::<NeedProtect>b__19_1(DolocTown.Config.Plant.CropGeneInfo)","System.Boolean","DolocTown.Config.Plant.CropGeneInfo x","internal","False","False","False","False","True","17","0x06009C63"
"DolocTown.AutomateBotDecisionMakerFarming/<>c__DisplayClass9_0","<__TryBuildTaskOfPlantWithExistedSeeds>b__0","System.Boolean DolocTown.AutomateBotDecisionMakerFarming/<>c__DisplayClass9_0::<__TryBuildTaskOfPlantWithExistedSeeds>b__0()","System.Boolean","","internal","False","False","False","False","True","12","0x06009C69"
"DolocTown.AutomateBotDecisionMakerFarming/<>c__DisplayClass10_0","<TryGetPlantMissions>b__1","System.Boolean DolocTown.AutomateBotDecisionMakerFarming/<>c__DisplayClass10_0::<TryGetPlantMissions>b__1(DolocTown.Case)","System.Boolean","DolocTown.Case c","internal","False","False","False","False","True","48","0x06009C6B"
"DolocTown.AutomateBotDecisionMakerFarming/<>c__DisplayClass10_0","<TryGetPlantMissions>b__2","System.Boolean DolocTown.AutomateBotDecisionMakerFarming/<>c__DisplayClass10_0::<TryGetPlantMissions>b__2(DolocTown.ItemSeed)","System.Boolean","DolocTown.ItemSeed seed","internal","False","False","False","False","True","13","0x06009C6C"
"DolocTown.AutomateBotDecisionMakerFarming/<>c__DisplayClass12_0","<__TryBuildMissionFromGivenSeed>b__0","System.Boolean DolocTown.AutomateBotDecisionMakerFarming/<>c__DisplayClass12_0::<__TryBuildMissionFromGivenSeed>b__0(DolocTown.PlantBasin)","System.Boolean","DolocTown.PlantBasin B","internal","False","False","False","False","True","50","0x06009C6E"
"DolocTown.AutomateBotDecisionMakerFarming/<>c__DisplayClass13_0","<__TryReleaseUselessSeeds>b__0","System.Boolean DolocTown.AutomateBotDecisionMakerFarming/<>c__DisplayClass13_0::<__TryReleaseUselessSeeds>b__0(DolocTown.Case)","System.Boolean","DolocTown.Case c","internal","False","False","False","False","True","34","0x06009C70"
"DolocTown.AutomateBotDecisionMakerFarming/<>c__DisplayClass17_0","<HasAnyProtectMissionFromBotInventory>b__0","System.Boolean DolocTown.AutomateBotDecisionMakerFarming/<>c__DisplayClass17_0::<HasAnyProtectMissionFromBotInventory>b__0(DolocTown.PlantBasin)","System.Boolean","DolocTown.PlantBasin pb","internal","False","False","False","False","True","39","0x06009C74"
"DolocTown.AutomateBotDecisionMakerFarming/<>c__DisplayClass17_0","<HasAnyProtectMissionFromBotInventory>b__1","System.Boolean DolocTown.AutomateBotDecisionMakerFarming/<>c__DisplayClass17_0::<HasAnyProtectMissionFromBotInventory>b__1(DolocTown.PlantBasin)","System.Boolean","DolocTown.PlantBasin pb","internal","False","False","False","False","True","13","0x06009C75"
"DolocTown.AutomateBotDecisionMakerFarming/<>c__DisplayClass20_0","<TryBuildTaskOfWatering>b__0","System.Boolean DolocTown.AutomateBotDecisionMakerFarming/<>c__DisplayClass20_0::<TryBuildTaskOfWatering>b__0()","System.Boolean","","internal","False","False","False","False","True","15","0x06009C77"
"DolocTown.AutomateBotDecisionMakerGathering","__TryBuildTaskOfHarvestCrop","System.Boolean DolocTown.AutomateBotDecisionMakerGathering::__TryBuildTaskOfHarvestCrop(RedSaw.AI.LinearTask.LinearTask&)","System.Boolean","RedSaw.AI.LinearTask.LinearTask& task","private","False","False","False","False","True","131","0x060020A8"
"DolocTown.AutomateBotDecisionMakerGathering","__FindNearestHarvestablePlantBasin","DolocTown.PlantBasin DolocTown.AutomateBotDecisionMakerGathering::__FindNearestHarvestablePlantBasin()","DolocTown.PlantBasin","","private","False","False","False","False","True","78","0x060020A9"
"DolocTown.AutomateBotDecisionMakerGathering","__FindNearestHarvestablePlantBasin","DolocTown.PlantBasin DolocTown.AutomateBotDecisionMakerGathering::__FindNearestHarvestablePlantBasin(UnityEngine.Vector2,DolocTown.Room)","DolocTown.PlantBasin","UnityEngine.Vector2 botPosition; DolocTown.Room room","private","False","False","False","False","True","88","0x060020AA"
"DolocTown.AutomateBotDecisionMakerGathering/<>c__DisplayClass5_0","<__TryBuildTaskOfHarvestCrop>b__0","System.Boolean DolocTown.AutomateBotDecisionMakerGathering/<>c__DisplayClass5_0::<__TryBuildTaskOfHarvestCrop>b__0()","System.Boolean","","internal","False","False","False","False","True","35","0x06009C7E"
"DolocTown.AutomateBotDecisionMakerGathering/<>c__DisplayClass7_0","<__FindNearestHarvestablePlantBasin>b__0","System.Boolean DolocTown.AutomateBotDecisionMakerGathering/<>c__DisplayClass7_0::<__FindNearestHarvestablePlantBasin>b__0(DolocTown.PlantBasin)","System.Boolean","DolocTown.PlantBasin x","internal","False","False","False","False","True","44","0x06009C80"
"DolocTown.AutomateBotDecisionMakerGathering/<>c__DisplayClass7_0","<__FindNearestHarvestablePlantBasin>b__1","System.Single DolocTown.AutomateBotDecisionMakerGathering/<>c__DisplayClass7_0::<__FindNearestHarvestablePlantBasin>b__1(DolocTown.PlantBasin)","System.Single","DolocTown.PlantBasin x","internal","False","False","False","False","True","23","0x06009C81"
"DolocTown.AutomateSystemEnv","GetMatureCropNearStation","DolocTown.PlantBasin DolocTown.AutomateSystemEnv::GetMatureCropNearStation(DolocTown.AutomateBotStation)","DolocTown.PlantBasin","DolocTown.AutomateBotStation station","public","False","False","False","False","True","87","0x060020E5"
"DolocTown.AutomateSystemEnv","GetThirstCropNearStation","DolocTown.PlantBasin DolocTown.AutomateSystemEnv::GetThirstCropNearStation(DolocTown.AutomateBotStation,System.Single)","DolocTown.PlantBasin","DolocTown.AutomateBotStation station; System.Single ratio","public","False","False","False","False","True","83","0x060020E6"
"DolocTown.AutomateSystemEnv","GetUnseededNearStation","DolocTown.PlantBasin DolocTown.AutomateSystemEnv::GetUnseededNearStation(DolocTown.AutomateBotStation,System.String)","DolocTown.PlantBasin","DolocTown.AutomateBotStation station; System.String seedName","public","False","False","False","False","True","107","0x060020E7"
"DolocTown.AutomateSystemEnv","GetUnFertilizedNearStation","DolocTown.PlantBasin DolocTown.AutomateSystemEnv::GetUnFertilizedNearStation(DolocTown.AutomateBotStation)","DolocTown.PlantBasin","DolocTown.AutomateBotStation station","public","False","False","False","False","True","82","0x060020E8"
"DolocTown.AutomateSystemEnv","GetUnProtectedNearStation","DolocTown.PlantBasin DolocTown.AutomateSystemEnv::GetUnProtectedNearStation(DolocTown.AutomateBotStation)","DolocTown.PlantBasin","DolocTown.AutomateBotStation station","public","False","False","False","False","True","82","0x060020E9"
"DolocTown.AutomateParamFarming","get_AutoPlant","System.Boolean DolocTown.AutomateParamFarming::get_AutoPlant()","System.Boolean","","public","False","False","False","False","True","7","0x0600210A"
"DolocTown.AutomateParamFarming","set_AutoPlant","System.Void DolocTown.AutomateParamFarming::set_AutoPlant(System.Boolean)","System.Void","System.Boolean value","public","False","False","False","False","True","8","0x0600210B"
"DolocTown.AutomateParamFarming","get_AutoWatering","System.Boolean DolocTown.AutomateParamFarming::get_AutoWatering()","System.Boolean","","public","False","False","False","False","True","7","0x06002110"
"DolocTown.AutomateParamFarming","set_AutoWatering","System.Void DolocTown.AutomateParamFarming::set_AutoWatering(System.Boolean)","System.Void","System.Boolean value","public","False","False","False","False","True","8","0x06002111"
"DolocTown.AutomateParamFarming","get_WateringThreshold","System.Single DolocTown.AutomateParamFarming::get_WateringThreshold()","System.Single","","public","False","False","False","False","True","7","0x06002112"
"DolocTown.AutomateParamFarming","set_WateringThreshold","System.Void DolocTown.AutomateParamFarming::set_WateringThreshold(System.Single)","System.Void","System.Single value","public","False","False","False","False","True","8","0x06002113"
"DolocTown.AutomateParamGathering","get_GatherCrop","System.Boolean DolocTown.AutomateParamGathering::get_GatherCrop()","System.Boolean","","public","False","False","False","False","True","7","0x06002134"
"DolocTown.AutomateParamGathering","set_GatherCrop","System.Void DolocTown.AutomateParamGathering::set_GatherCrop(System.Boolean)","System.Void","System.Boolean value","public","False","False","False","False","True","8","0x06002135"
"DolocTown.AutomateTaskPlant",".ctor","System.Void DolocTown.AutomateTaskPlant::.ctor(DolocTown.AutomatePlantMissionInfo)","System.Void","DolocTown.AutomatePlantMissionInfo missionInfo","public","False","False","False","True","True","15","0x06002160"
"DolocTown.AutomateTaskPlant","OnExecute","RedSaw.AI.LinearTask.TaskStatus DolocTown.AutomateTaskPlant::OnExecute(System.Single)","RedSaw.AI.LinearTask.TaskStatus","System.Single dt","public","False","True","False","False","True","119","0x06002161"
"DolocTown.AutomateTaskProtect",".ctor","System.Void DolocTown.AutomateTaskProtect::.ctor(DolocTown.PlantBasin)","System.Void","DolocTown.PlantBasin basin","public","False","False","False","True","True","15","0x06002162"
"DolocTown.AutomateTaskFertilizer",".ctor","System.Void DolocTown.AutomateTaskFertilizer::.ctor(DolocTown.PlantBasin)","System.Void","DolocTown.PlantBasin basin","public","False","False","False","True","True","15","0x06002164"
"DolocTown.AutomateTaskWatering",".ctor","System.Void DolocTown.AutomateTaskWatering::.ctor(DolocTown.PlantBasin[],System.Int32)","System.Void","DolocTown.PlantBasin[] basins; System.Int32 sprinklerCost","public","False","False","False","True","True","22","0x06002166"
"DolocTown.AutomateTaskWatering","OnExecute","RedSaw.AI.LinearTask.TaskStatus DolocTown.AutomateTaskWatering::OnExecute(System.Single)","RedSaw.AI.LinearTask.TaskStatus","System.Single dt","public","False","True","False","False","True","103","0x06002167"
"DolocTown.AutomateTaskHarvestCrop",".ctor","System.Void DolocTown.AutomateTaskHarvestCrop::.ctor(DolocTown.PlantBasin)","System.Void","DolocTown.PlantBasin basin","public","False","False","False","True","True","15","0x06002168"
"DolocTown.AutomateTaskHarvestCrop","OnExecute","RedSaw.AI.LinearTask.TaskStatus DolocTown.AutomateTaskHarvestCrop::OnExecute(System.Single)","RedSaw.AI.LinearTask.TaskStatus","System.Single dt","public","False","True","False","False","True","83","0x06002169"
"DolocTown.LinearMissionPatch","AutomatePlant","RedSaw.AI.LinearTask.LinearTask DolocTown.LinearMissionPatch::AutomatePlant(RedSaw.AI.LinearTask.LinearTask,DolocTown.AutomatePlantMissionInfo)","RedSaw.AI.LinearTask.LinearTask","RedSaw.AI.LinearTask.LinearTask preTask; DolocTown.AutomatePlantMissionInfo missionInfo","public","True","False","False","False","True","13","0x0600217D"
"DolocTown.LinearMissionPatch","AutomateProtectUseLocalItem","RedSaw.AI.LinearTask.LinearTask DolocTown.LinearMissionPatch::AutomateProtectUseLocalItem(RedSaw.AI.LinearTask.LinearTask,DolocTown.PlantBasin)","RedSaw.AI.LinearTask.LinearTask","RedSaw.AI.LinearTask.LinearTask preTask; DolocTown.PlantBasin basin","public","True","False","False","False","True","13","0x0600217E"
"DolocTown.LinearMissionPatch","AutomateFertilizerUseLocalItem","RedSaw.AI.LinearTask.LinearTask DolocTown.LinearMissionPatch::AutomateFertilizerUseLocalItem(RedSaw.AI.LinearTask.LinearTask,DolocTown.PlantBasin)","RedSaw.AI.LinearTask.LinearTask","RedSaw.AI.LinearTask.LinearTask preTask; DolocTown.PlantBasin basin","public","True","False","False","False","True","13","0x0600217F"
"DolocTown.LinearMissionPatch","AutomateWatering","RedSaw.AI.LinearTask.LinearTask DolocTown.LinearMissionPatch::AutomateWatering(RedSaw.AI.LinearTask.LinearTask,DolocTown.PlantBasin[],System.Int32)","RedSaw.AI.LinearTask.LinearTask","RedSaw.AI.LinearTask.LinearTask preTask; DolocTown.PlantBasin[] basins; System.Int32 cost","public","True","False","False","False","True","14","0x06002180"
"DolocTown.LinearMissionPatch","AutomateHarvest","RedSaw.AI.LinearTask.LinearTask DolocTown.LinearMissionPatch::AutomateHarvest(RedSaw.AI.LinearTask.LinearTask,DolocTown.PlantBasin)","RedSaw.AI.LinearTask.LinearTask","RedSaw.AI.LinearTask.LinearTask preTask; DolocTown.PlantBasin basin","public","True","False","False","False","True","13","0x06002181"
"DolocTown.AutomateBotPatch","GetPlantCondition","DolocTown.PlantCondition DolocTown.AutomateBotPatch::GetPlantCondition(DolocTown.PlantBasin)","DolocTown.PlantCondition","DolocTown.PlantBasin basin","public","True","False","False","False","True","72","0x0600218C"
"DolocTown.AutomateBotPatch","AutomatePatchTakeSeedsFromContainer","DolocTown.ItemSeed[] DolocTown.AutomateBotPatch::AutomatePatchTakeSeedsFromContainer(DolocTown.LinearInventory,DolocTown.PlantCondition[])","DolocTown.ItemSeed[]","DolocTown.LinearInventory inventory; DolocTown.PlantCondition[] conds","public","True","False","False","False","True","74","0x0600218E"
"DolocTown.AutomateBotPatch","AutomatePatchTakeSeedFromContainer","DolocTown.ItemSeed DolocTown.AutomateBotPatch::AutomatePatchTakeSeedFromContainer(DolocTown.LinearInventory,DolocTown.PlantCondition)","DolocTown.ItemSeed","DolocTown.LinearInventory inventory; DolocTown.PlantCondition cond","public","True","False","False","False","True","71","0x0600218F"
"DolocTown.AutomateBotPatch","__CombineConditions","System.ValueTuple`2<DolocTown.PlantCondition,System.Int32>[] DolocTown.AutomateBotPatch::__CombineConditions(DolocTown.PlantCondition[])","System.ValueTuple`2<DolocTown.PlantCondition,System.Int32>[]","DolocTown.PlantCondition[] conditions","private","True","False","False","False","True","162","0x06002190"
"DolocTown.AutomateBotPatch","_TakeSeedsFromInventory","DolocTown.ItemSeed[] DolocTown.AutomateBotPatch::_TakeSeedsFromInventory(DolocTown.LinearInventory,DolocTown.PlantCondition,System.Int32)","DolocTown.ItemSeed[]","DolocTown.LinearInventory caseInventory; DolocTown.PlantCondition condition; System.Int32 requireCount","private","True","False","False","False","True","145","0x06002191"
"DolocTown.AutomatePlantMissionInfo",".ctor","System.Void DolocTown.AutomatePlantMissionInfo::.ctor(DolocTown.PlantCondition,DolocTown.PlantBasin,DolocTown.Case)","System.Void","DolocTown.PlantCondition condition; DolocTown.PlantBasin plantBasin; DolocTown.Case seedContainer","public","False","False","False","True","True","22","0x06002196"
"DolocTown.AutomateFarmingMissionInfo",".ctor","System.Void DolocTown.AutomateFarmingMissionInfo::.ctor(DolocTown.PlantBasin,DolocTown.Case)","System.Void","DolocTown.PlantBasin plantBasin; DolocTown.Case container","public","False","False","False","True","True","15","0x06002197"
"DolocTown.PlantCondition",".ctor","System.Void DolocTown.PlantCondition::.ctor(DolocTown.Config.Plant.SeedTypeInfo,System.Int32,DolocTown.Config.Weather.WeatherType,System.Boolean,System.Boolean,System.Boolean)","System.Void","DolocTown.Config.Plant.SeedTypeInfo seedTypeInfo; System.Int32 month; DolocTown.Config.Weather.WeatherType weatherType; System.Boolean ignoreSeason; System.Boolean ignoreSeasonFungus; System.Boolean isInSafeHouse","public","False","False","False","True","True","46","0x060022B6"
"DolocTown.PlantCondition","IsMatchSeed","System.Boolean DolocTown.PlantCondition::IsMatchSeed(DolocTown.ItemSeed)","System.Boolean","DolocTown.ItemSeed seed","public","False","False","False","False","True","84","0x060022B7"
"DolocTown.PlantCondition","Equals","System.Boolean DolocTown.PlantCondition::Equals(System.Object)","System.Boolean","System.Object obj","public","False","True","False","False","True","106","0x060022B8"
"DolocTown.Platform","get_randomSeed","System.Int32 DolocTown.Platform::get_randomSeed()","System.Int32","","public","False","False","False","False","True","7","0x06002429"
"DolocTown.Platform","set_randomSeed","System.Void DolocTown.Platform::set_randomSeed(System.Int32)","System.Void","System.Int32 value","private","False","False","False","False","True","8","0x0600242A"
"DolocTown.SeedCompressor",".ctor","System.Void DolocTown.SeedCompressor::.ctor(DolocTown.IEquipmentHost,System.Int32,DolocTown.Config.Equipment.EquipmentInfo,UnityEngine.Vector3,UnityEngine.Vector2Int,System.Boolean)","System.Void","DolocTown.IEquipmentHost room; System.Int32 id; DolocTown.Config.Equipment.EquipmentInfo proto; UnityEngine.Vector3 wp; UnityEngine.Vector2Int anchor; System.Boolean turn","public","False","False","False","True","True","16","0x06002840"
"DolocTown.SeedCompressor",".ctor","System.Void DolocTown.SeedCompressor::.ctor(System.Int32,UnityEngine.Vector2Int,UnityEngine.Vector3,System.String,DolocTown.Equipment/WeatherDecoratorManager,DolocTown.ElectronicComponent,DolocTown.DecalInfo,System.Boolean,System.Boolean,System.Boolean,RedSaw.Counter,DolocTown.IRecipe,DolocTown.IRecipeGroup,DolocTown.LinearInventory,RedSaw.Counter)","System.Void","System.Int32 id; UnityEngine.Vector2Int anchor; UnityEngine.Vector3 position; System.String equipmentName; DolocTown.Equipment/WeatherDecoratorManager decorator; DolocTown.ElectronicComponent electronicComponent; DolocTown.DecalInfo decalInfo; System.Boolean turn; System.Boolean isIdle; System.Boolean isWorking; RedSaw.Counter counter; DolocTown.IRecipe latestRecipe; DolocTown.IRecipeGroup latestRecipeGroup; DolocTown.LinearInventory itemBuffer; RedSaw.Counter taskCounter","public","False","False","False","True","True","34","0x06002841"
"DolocTown.SeedCompressor","GetExtraInfo","System.String DolocTown.SeedCompressor::GetExtraInfo(DolocTown.Item)","System.String","DolocTown.Item item","protected","False","True","False","False","True","35","0x06002842"
"DolocTown.SeedCompressor","ContentFilter","System.Boolean DolocTown.SeedCompressor::ContentFilter(DolocTown.Item)","System.Boolean","DolocTown.Item content","public","False","True","False","False","True","33","0x06002843"
"DolocTown.SeedCompressor","HandlePreviewItem","DolocTown.Item DolocTown.SeedCompressor::HandlePreviewItem(DolocTown.Item)","DolocTown.Item","DolocTown.Item item","protected","False","True","False","False","True","23","0x06002844"
"DolocTown.SeedCompressor","CreateDropItem","System.Void DolocTown.SeedCompressor::CreateDropItem(System.Boolean,DolocTown.CountItem)","System.Void","System.Boolean isRender; DolocTown.CountItem countItem","protected","False","True","False","False","True","78","0x06002845"
"DolocTown.CropTrafficLight",".ctor","System.Void DolocTown.CropTrafficLight::.ctor(DolocTown.IEquipmentHost,System.Int32,DolocTown.Config.Equipment.EquipmentInfo,UnityEngine.Vector3,UnityEngine.Vector2Int,System.Boolean)","System.Void","DolocTown.IEquipmentHost host; System.Int32 instanceId; DolocTown.Config.Equipment.EquipmentInfo proto; UnityEngine.Vector3 wp; UnityEngine.Vector2Int anchor; System.Boolean turn","public","False","False","False","True","True","49","0x06002863"
"DolocTown.CropTrafficLight",".ctor","System.Void DolocTown.CropTrafficLight::.ctor(System.Int32,UnityEngine.Vector2Int,UnityEngine.Vector3,System.String,DolocTown.Equipment/WeatherDecoratorManager,DolocTown.ElectronicComponent,DolocTown.DecalInfo,System.Boolean)","System.Void","System.Int32 id; UnityEngine.Vector2Int anchor; UnityEngine.Vector3 position; System.String equipmentName; DolocTown.Equipment/WeatherDecoratorManager decorator; DolocTown.ElectronicComponent electronicComponent; DolocTown.DecalInfo decalInfo; System.Boolean turn","public","False","False","False","True","True","67","0x06002864"
"DolocTown.CropTrafficLight","OnRender","System.Void DolocTown.CropTrafficLight::OnRender()","System.Void","","protected","False","True","False","False","True","102","0x06002865"
"DolocTown.CropTrafficLight","OnUnRender","System.Void DolocTown.CropTrafficLight::OnUnRender()","System.Void","","protected","False","True","False","False","True","30","0x06002866"
"DolocTown.CropTrafficLight","Update","System.Void DolocTown.CropTrafficLight::Update()","System.Void","","protected","False","True","False","False","True","27","0x06002867"
"DolocTown.CropTrafficLight","RenderTrafficLights","System.Void DolocTown.CropTrafficLight::RenderTrafficLights(System.Boolean,System.Boolean)","System.Void","System.Boolean isLeftLightOn; System.Boolean isRightLightOn","private","False","False","False","False","True","19","0x06002868"
"DolocTown.CropTrafficLight","UpdateTrafficLights","System.Void DolocTown.CropTrafficLight::UpdateTrafficLights()","System.Void","","private","False","False","False","False","True","134","0x06002869"
"DolocTown.CropTrafficLight/<>c",".cctor","System.Void DolocTown.CropTrafficLight/<>c::.cctor()","System.Void","","private","True","False","False","True","True","11","0x06009DE9"
"DolocTown.CropTrafficLight/<>c",".ctor","System.Void DolocTown.CropTrafficLight/<>c::.ctor()","System.Void","","public","False","False","False","True","True","7","0x06009DEA"
"DolocTown.CropTrafficLight/<>c","<UpdateTrafficLights>b__9_0","System.Boolean DolocTown.CropTrafficLight/<>c::<UpdateTrafficLights>b__9_0(DolocTown.PlantBasin)","System.Boolean","DolocTown.PlantBasin x","internal","False","False","False","False","True","7","0x06009DEB"
"DolocTown.CropTrafficLight/<>c","<UpdateTrafficLights>b__9_1","System.Boolean DolocTown.CropTrafficLight/<>c::<UpdateTrafficLights>b__9_1(DolocTown.PlantBasin)","System.Boolean","DolocTown.PlantBasin x","internal","False","False","False","False","True","7","0x06009DEC"
"DolocTown.FlowerPot","get_seedName","System.String DolocTown.FlowerPot::get_seedName()","System.String","","private","False","False","False","False","True","28","0x060028FF"
"DolocTown.FlowerPot","get_CurrentCropSprite","UnityEngine.Sprite DolocTown.FlowerPot::get_CurrentCropSprite()","UnityEngine.Sprite","","private","False","False","False","False","True","29","0x06002900"
"DolocTown.FlowerPot","get_IsPlanted","System.Boolean DolocTown.FlowerPot::get_IsPlanted()","System.Boolean","","public","False","False","False","False","True","10","0x06002901"
"DolocTown.FlowerPot","get_PositionCrop","UnityEngine.Vector3 DolocTown.FlowerPot::get_PositionCrop()","UnityEngine.Vector3","","public","False","False","False","False","True","62","0x06002902"
"DolocTown.FlowerPot","Plant","System.Void DolocTown.FlowerPot::Plant(DolocTown.Item)","System.Void","DolocTown.Item item","public","False","False","False","False","True","45","0x06002906"
"DolocTown.PlantBasin","Plant","System.Boolean DolocTown.PlantBasin::Plant(DolocTown.ItemSeed,System.Boolean,System.Boolean,System.Boolean)","System.Boolean","DolocTown.ItemSeed seed; System.Boolean shouldRender; System.Boolean sendMessage; System.Boolean playSoundEvent","public","False","False","False","False","True","163","0x0600290B"
"DolocTown.PlantBasin","get_CouldHarvest","System.Boolean DolocTown.PlantBasin::get_CouldHarvest()","System.Boolean","","private","False","False","False","False","True","37","0x0600290C"
"DolocTown.PlantBasin","Harvest","System.Void DolocTown.PlantBasin::Harvest(System.Boolean,System.Boolean)","System.Void","System.Boolean putInBackpack; System.Boolean sendMessage","public","False","False","False","False","True","265","0x0600290D"
"DolocTown.PlantBasin","HarvestTarget","System.Void DolocTown.PlantBasin::HarvestTarget(DolocTown.Crop,System.Boolean,System.Boolean)","System.Void","DolocTown.Crop targetCrop; System.Boolean putInBackpack; System.Boolean sendMessage","public","False","False","False","False","True","19","0x0600290E"
"DolocTown.PlantBasin","AfterHarvest","System.Void DolocTown.PlantBasin::AfterHarvest(System.Boolean)","System.Void","System.Boolean isDead","protected","False","True","False","False","True","30","0x0600290F"
"DolocTown.PlantBasin","Water","System.Void DolocTown.PlantBasin::Water(System.Int32,System.Boolean,System.Boolean,System.Boolean)","System.Void","System.Int32 value; System.Boolean shouldRender; System.Boolean sendMessage; System.Boolean invokeGeneCallback","public","False","True","False","False","True","118","0x06002910"
"DolocTown.PlantBasin","Water","System.Void DolocTown.PlantBasin::Water(System.Boolean,System.Boolean,System.Boolean)","System.Void","System.Boolean shouldRender; System.Boolean sendMessage; System.Boolean invokeGeneCallback","public","False","True","False","False","True","116","0x06002911"
"DolocTown.PlantBasin","TryCostSupplyWater","System.Boolean DolocTown.PlantBasin::TryCostSupplyWater(System.Int32)","System.Boolean","System.Int32 require","public","False","False","False","False","True","13","0x06002912"
"DolocTown.PlantBasin","ClearSupplyWater","System.Void DolocTown.PlantBasin::ClearSupplyWater(System.Boolean)","System.Void","System.Boolean shouldRender","public","False","False","False","False","True","28","0x06002913"
"DolocTown.PlantBasin","Light","System.Void DolocTown.PlantBasin::Light(System.Boolean)","System.Void","System.Boolean shouldRender","public","False","True","False","False","True","21","0x06002914"
"DolocTown.PlantBasin","CanFertilizer","System.Boolean DolocTown.PlantBasin::CanFertilizer(DolocTown.ItemFertilizer)","System.Boolean","DolocTown.ItemFertilizer fertilizer","public","False","False","False","False","True","33","0x06002915"
"DolocTown.PlantBasin","CanFertilizer","System.Boolean DolocTown.PlantBasin::CanFertilizer()","System.Boolean","","public","False","False","False","False","True","15","0x06002916"
"DolocTown.PlantBasin","Fertilizer","System.Boolean DolocTown.PlantBasin::Fertilizer(DolocTown.ItemFertilizer,System.Boolean,System.Boolean,System.Boolean)","System.Boolean","DolocTown.ItemFertilizer fertilizer; System.Boolean shouldRender; System.Boolean sendMessage; System.Boolean playSoundEvent","public","False","False","False","False","True","65","0x06002917"
"DolocTown.PlantBasin","Fertilizer","System.Boolean DolocTown.PlantBasin::Fertilizer(System.Int32,System.Single,DolocTown.Config.Item.ItemInfo,System.Boolean,System.Boolean,System.Boolean)","System.Boolean","System.Int32 duration; System.Single addition; DolocTown.Config.Item.ItemInfo fertilizerItem; System.Boolean shouldRender; System.Boolean sendMessage; System.Boolean playSoundEvent","public","False","True","False","False","True","135","0x06002918"
"DolocTown.PlantBasin","Protect","System.Boolean DolocTown.PlantBasin::Protect(DolocTown.ItemFilm,System.Boolean)","System.Boolean","DolocTown.ItemFilm itemFilm; System.Boolean isRender","public","False","False","False","False","True","56","0x06002919"
"DolocTown.PlantBasin","WaterWithBottleOfWater","System.Void DolocTown.PlantBasin::WaterWithBottleOfWater(DolocTown.Item)","System.Void","DolocTown.Item item","private","False","False","False","False","True","48","0x0600291A"
"DolocTown.PlantBasin","GenerateCropOutputOnRemoved","System.Void DolocTown.PlantBasin::GenerateCropOutputOnRemoved(System.Boolean)","System.Void","System.Boolean putInBackpack","protected","False","False","False","False","True","95","0x0600291B"
"DolocTown.PlantBasin","get_currentSeed","DolocTown.ItemSeed DolocTown.PlantBasin::get_currentSeed()","DolocTown.ItemSeed","","public","False","False","False","False","True","7","0x0600291C"
"DolocTown.PlantBasin","set_currentSeed","System.Void DolocTown.PlantBasin::set_currentSeed(DolocTown.ItemSeed)","System.Void","DolocTown.ItemSeed value","private","False","False","False","False","True","8","0x0600291D"
"DolocTown.PlantBasin","get_Crop","DolocTown.Crop DolocTown.PlantBasin::get_Crop()","DolocTown.Crop","","public","False","False","False","False","True","7","0x0600291E"
"DolocTown.PlantBasin","get_IsPlanted","System.Boolean DolocTown.PlantBasin::get_IsPlanted()","System.Boolean","","public","False","False","False","False","True","10","0x0600291F"
"DolocTown.PlantBasin","get_IsNotPlanted","System.Boolean DolocTown.PlantBasin::get_IsNotPlanted()","System.Boolean","","public","False","False","False","False","True","10","0x06002920"
"DolocTown.PlantBasin","get_Supply","DolocTown.PlantBasinSupply DolocTown.PlantBasin::get_Supply()","DolocTown.PlantBasinSupply","","public","False","False","False","False","True","7","0x06002921"
"DolocTown.PlantBasin","get_SeedTypeInfo","DolocTown.Config.Plant.SeedTypeInfo DolocTown.PlantBasin::get_SeedTypeInfo()","DolocTown.Config.Plant.SeedTypeInfo","","public","False","True","False","False","True","12","0x06002922"
"DolocTown.PlantBasin","get_IsProtected","System.Boolean DolocTown.PlantBasin::get_IsProtected()","System.Boolean","","public","False","False","False","False","True","12","0x06002923"
"DolocTown.PlantBasin","get_IsFertilizerd","System.Boolean DolocTown.PlantBasin::get_IsFertilizerd()","System.Boolean","","public","False","False","False","False","True","12","0x06002924"
"DolocTown.PlantBasin","get_PositionCrop","UnityEngine.Vector3 DolocTown.PlantBasin::get_PositionCrop()","UnityEngine.Vector3","","public","False","False","False","False","True","108","0x06002925"
"DolocTown.PlantBasin","get_PositionFertilizer","UnityEngine.Vector3 DolocTown.PlantBasin::get_PositionFertilizer()","UnityEngine.Vector3","","public","False","False","False","False","True","37","0x06002926"
"DolocTown.PlantBasin","get_PositionCropFertilized","UnityEngine.Vector3 DolocTown.PlantBasin::get_PositionCropFertilized()","UnityEngine.Vector3","","public","False","False","False","False","True","39","0x06002927"
"DolocTown.PlantBasin","get_PositionProtector","UnityEngine.Vector3 DolocTown.PlantBasin::get_PositionProtector()","UnityEngine.Vector3","","public","False","False","False","False","True","35","0x06002928"
"DolocTown.PlantBasin","get_GrowthAddition","System.Single DolocTown.PlantBasin::get_GrowthAddition()","System.Single","","public","False","False","False","False","True","100","0x06002929"
"DolocTown.PlantBasin",".ctor","System.Void DolocTown.PlantBasin::.ctor(DolocTown.IEquipmentHost,System.Int32,DolocTown.Config.Equipment.EquipmentInfo,UnityEngine.Vector3,UnityEngine.Vector2Int,System.Boolean)","System.Void","DolocTown.IEquipmentHost room; System.Int32 id; DolocTown.Config.Equipment.EquipmentInfo proto; UnityEngine.Vector3 wp; UnityEngine.Vector2Int anchor; System.Boolean turn","public","False","False","False","True","True","102","0x0600292A"
"DolocTown.PlantBasin",".ctor","System.Void DolocTown.PlantBasin::.ctor(System.Int32,UnityEngine.Vector2Int,UnityEngine.Vector3,System.String,DolocTown.Equipment/WeatherDecoratorManager,DolocTown.ElectronicComponent,DolocTown.DecalInfo,System.Boolean,DolocTown.Crop,DolocTown.PlantBasinSupply,RedSaw.Counter,DolocTown.ItemSeed)","System.Void","System.Int32 id; UnityEngine.Vector2Int anchor; UnityEngine.Vector3 position; System.String equipmentName; DolocTown.Equipment/WeatherDecoratorManager decorator; DolocTown.ElectronicComponent electronicComponent; DolocTown.DecalInfo decalInfo; System.Boolean turn; DolocTown.Crop crop; DolocTown.PlantBasinSupply supply; RedSaw.Counter updateCounter; DolocTown.ItemSeed currentSeed","protected","False","False","False","True","True","172","0x0600292B"
"DolocTown.PlantBasin","AfterLoadEquipment","System.Void DolocTown.PlantBasin::AfterLoadEquipment()","System.Void","","public","False","True","False","False","True","31","0x0600292C"
"DolocTown.PlantBasin","ValidateSeedItem","System.Void DolocTown.PlantBasin::ValidateSeedItem()","System.Void","","private","False","False","False","False","True","42","0x0600292D"
"DolocTown.PlantBasin","RecoverySpirit","System.Void DolocTown.PlantBasin::RecoverySpirit()","System.Void","","private","False","False","False","False","True","68","0x0600292E"
"DolocTown.PlantBasin","Update","System.Void DolocTown.PlantBasin::Update()","System.Void","","protected","False","True","False","False","True","263","0x0600292F"
"DolocTown.PlantBasin","UpdateNoRender","System.Void DolocTown.PlantBasin::UpdateNoRender()","System.Void","","protected","False","True","False","False","True","165","0x06002930"
"DolocTown.PlantBasin","UpdateAcidRain","System.Void DolocTown.PlantBasin::UpdateAcidRain()","System.Void","","public","False","False","False","False","True","194","0x06002931"
"DolocTown.PlantBasin","UpdateAcidRainNoRender","System.Void DolocTown.PlantBasin::UpdateAcidRainNoRender()","System.Void","","public","False","False","False","False","True","162","0x06002932"
"DolocTown.PlantBasin","UpdateScorchSun","System.Void DolocTown.PlantBasin::UpdateScorchSun()","System.Void","","public","False","False","False","False","True","167","0x06002933"
"DolocTown.PlantBasin","UpdateScorchSunNoRender","System.Void DolocTown.PlantBasin::UpdateScorchSunNoRender()","System.Void","","public","False","False","False","False","True","160","0x06002934"
"DolocTown.PlantBasin","OnTouch","System.Void DolocTown.PlantBasin::OnTouch()","System.Void","","protected","False","True","False","False","True","80","0x06002935"
"DolocTown.PlantBasin","OnDisTouch","System.Void DolocTown.PlantBasin::OnDisTouch()","System.Void","","protected","False","True","False","False","True","29","0x06002936"
"DolocTown.PlantBasin","OnInteract","System.Void DolocTown.PlantBasin::OnInteract()","System.Void","","protected","False","True","False","False","True","114","0x06002937"
"DolocTown.PlantBasin","OnRender","System.Void DolocTown.PlantBasin::OnRender()","System.Void","","protected","False","True","False","False","True","43","0x06002938"
"DolocTown.PlantBasin","OnUnRender","System.Void DolocTown.PlantBasin::OnUnRender()","System.Void","","protected","False","True","False","False","True","87","0x06002939"
"DolocTown.PlantBasin","OnRemove","System.Void DolocTown.PlantBasin::OnRemove()","System.Void","","protected","False","True","False","False","True","13","0x0600293A"
"DolocTown.PlantBasin","OnManualWater","System.Void DolocTown.PlantBasin::OnManualWater()","System.Void","","protected","False","True","False","False","True","84","0x0600293B"
"DolocTown.PlantBasin","OnThunder","System.Void DolocTown.PlantBasin::OnThunder(System.Boolean)","System.Void","System.Boolean shouldRender","public","False","True","False","False","True","18","0x0600293C"
"DolocTown.PlantBasin","RetrieveItemOnRemoval","System.Void DolocTown.PlantBasin::RetrieveItemOnRemoval(System.Boolean)","System.Void","System.Boolean putInBackpack","public","False","True","False","False","True","15","0x0600293D"
"DolocTown.PlantBasin","HandleItemWithCrop","System.Boolean DolocTown.PlantBasin::HandleItemWithCrop()","System.Boolean","","private","False","False","False","False","True","45","0x0600293E"
"DolocTown.PlantBasin","RenderCrop","System.Void DolocTown.PlantBasin::RenderCrop()","System.Void","","private","False","False","False","False","True","224","0x0600293F"
"DolocTown.PlantBasin","UpdateCropPosition","System.Void DolocTown.PlantBasin::UpdateCropPosition()","System.Void","","private","False","False","False","False","True","85","0x06002940"
"DolocTown.PlantBasin","RenderFertilizer","System.Void DolocTown.PlantBasin::RenderFertilizer()","System.Void","","private","False","False","False","False","True","97","0x06002941"
"DolocTown.PlantBasin","ClearFertilizerRenderer","System.Void DolocTown.PlantBasin::ClearFertilizerRenderer()","System.Void","","private","False","False","False","False","True","39","0x06002942"
"DolocTown.PlantBasin","UpdateFertilizerRenderer","System.Void DolocTown.PlantBasin::UpdateFertilizerRenderer()","System.Void","","protected","False","True","False","False","True","27","0x06002943"
"DolocTown.PlantBasin","RenderProtector","System.Void DolocTown.PlantBasin::RenderProtector()","System.Void","","private","False","False","False","False","True","97","0x06002944"
"DolocTown.PlantBasin","ClearProtectorRenderer","System.Void DolocTown.PlantBasin::ClearProtectorRenderer()","System.Void","","private","False","False","False","False","True","39","0x06002945"
"DolocTown.PlantBasin","UpdateProtectorRenderer","System.Void DolocTown.PlantBasin::UpdateProtectorRenderer()","System.Void","","protected","False","True","False","False","True","27","0x06002946"
"DolocTown.PlantBasin","UpdateCropShinyRenderer","System.Void DolocTown.PlantBasin::UpdateCropShinyRenderer()","System.Void","","protected","False","True","False","False","True","93","0x06002947"
"DolocTown.PlantBasin","UpdateBasinWetSprite","System.Void DolocTown.PlantBasin::UpdateBasinWetSprite()","System.Void","","protected","False","False","False","False","True","116","0x06002948"
"DolocTown.PlantBasin","ClearCrop","System.Void DolocTown.PlantBasin::ClearCrop()","System.Void","","public","False","False","False","False","True","49","0x06002949"
"DolocTown.PlantBasin","DolocTown.IAffectorReceiver.Affect","System.Void DolocTown.PlantBasin::DolocTown.IAffectorReceiver.Affect(DolocTown.IAffector)","System.Void","DolocTown.IAffector affector","private","False","True","False","False","True","44","0x0600294A"
"DolocTown.PlantBasin","DolocTown.IAffectorReceiver.AffectNoRender","System.Void DolocTown.PlantBasin::DolocTown.IAffectorReceiver.AffectNoRender(DolocTown.IAffector)","System.Void","DolocTown.IAffector affector","private","False","True","False","False","True","44","0x0600294B"
"DolocTown.PlantBasin","get_MoodContribution","System.Int32 DolocTown.PlantBasin::get_MoodContribution()","System.Int32","","public","False","True","False","False","True","18","0x0600294C"
"DolocTown.PlantBasin","get_AnimalInteractablePosition","UnityEngine.Vector2Int DolocTown.PlantBasin::get_AnimalInteractablePosition()","UnityEngine.Vector2Int","","public","False","True","False","False","True","7","0x0600294D"
"DolocTown.PlantBasin","get_AnimalInteractablePositionWS","UnityEngine.Vector2 DolocTown.PlantBasin::get_AnimalInteractablePositionWS()","UnityEngine.Vector2","","public","False","True","False","False","True","12","0x0600294E"
"DolocTown.PlantBasin","get_AnimalInteractableWidth","System.Int32 DolocTown.PlantBasin::get_AnimalInteractableWidth()","System.Int32","","public","False","True","False","False","True","20","0x0600294F"
"DolocTown.PlantBasin","get_AnimalInteractableIsValid","System.Boolean DolocTown.PlantBasin::get_AnimalInteractableIsValid()","System.Boolean","","public","False","True","False","False","True","13","0x06002950"
"DolocTown.PlantBasin","get_IsAnimalInteractableLocked","System.Boolean DolocTown.PlantBasin::get_IsAnimalInteractableLocked()","System.Boolean","","public","False","False","False","False","True","7","0x06002951"
"DolocTown.PlantBasin","set_IsAnimalInteractableLocked","System.Void DolocTown.PlantBasin::set_IsAnimalInteractableLocked(System.Boolean)","System.Void","System.Boolean value","public","False","False","False","False","True","8","0x06002952"
"DolocTown.PlantBasin","get_AnimalCounter","System.Int32 DolocTown.PlantBasin::get_AnimalCounter()","System.Int32","","public","False","True","False","False","True","7","0x06002953"
"DolocTown.PlantBasin","set_AnimalCounter","System.Void DolocTown.PlantBasin::set_AnimalCounter(System.Int32)","System.Void","System.Int32 value","public","False","True","False","False","True","14","0x06002954"
"DolocTown.PlantBasin","get_FeederPriority","System.Int32 DolocTown.PlantBasin::get_FeederPriority()","System.Int32","","public","False","True","False","False","True","2","0x06002955"
"DolocTown.PlantBasin","get_FeedsName","System.String DolocTown.PlantBasin::get_FeedsName()","System.String","","private","False","False","False","False","True","52","0x06002956"
"DolocTown.PlantBasin","IsCropEatable","System.Boolean DolocTown.PlantBasin::IsCropEatable(System.Int32&)","System.Boolean","System.Int32& energy","private","False","False","False","False","True","65","0x06002957"
"DolocTown.PlantBasin","get_IsFeederEmpty","System.Boolean DolocTown.PlantBasin::get_IsFeederEmpty()","System.Boolean","","public","False","True","False","False","True","12","0x06002958"
"DolocTown.PlantBasin","TakeFeeds","System.Int32 DolocTown.PlantBasin::TakeFeeds(System.Int32,System.String&)","System.Int32","System.Int32 require; System.String& name","public","False","True","False","False","True","79","0x06002959"
"DolocTown.PlantBasin","get_HasCrop","System.Boolean DolocTown.PlantBasin::get_HasCrop()","System.Boolean","","public","False","True","False","False","True","22","0x0600295A"
"DolocTown.PlantBasin","get_IsCropMature","System.Boolean DolocTown.PlantBasin::get_IsCropMature()","System.Boolean","","public","False","False","False","False","True","19","0x0600295B"
"DolocTown.PlantBasin","get_NeedWaterOrClear","System.Boolean DolocTown.PlantBasin::get_NeedWaterOrClear()","System.Boolean","","public","False","False","False","False","True","72","0x0600295C"
"DolocTown.PlantBasin","get_CropTitle","System.String DolocTown.PlantBasin::get_CropTitle()","System.String","","public","False","True","False","False","True","46","0x0600295D"
"DolocTown.PlantBasin","get_prefix","System.String DolocTown.PlantBasin::get_prefix()","System.String","","private","False","False","False","False","True","57","0x0600295E"
"DolocTown.PlantBasin","get_GrowthLevelInfo","System.String DolocTown.PlantBasin::get_GrowthLevelInfo()","System.String","","public","False","True","False","False","True","88","0x0600295F"
"DolocTown.PlantBasin","get_HarvestCountInfo","System.String DolocTown.PlantBasin::get_HarvestCountInfo()","System.String","","public","False","True","False","False","True","97","0x06002960"
"DolocTown.PlantBasin","get_GeneInfo","System.String DolocTown.PlantBasin::get_GeneInfo()","System.String","","public","False","True","False","False","True","39","0x06002961"
"DolocTown.PlantBasin","get_GrowthProgress","System.Single DolocTown.PlantBasin::get_GrowthProgress()","System.Single","","public","False","True","False","False","True","26","0x06002962"
"DolocTown.PlantBasin","get_HealthProgress","System.Single DolocTown.PlantBasin::get_HealthProgress()","System.Single","","public","False","True","False","False","True","26","0x06002963"
"DolocTown.PlantBasin","get_WaterProgress","System.Single DolocTown.PlantBasin::get_WaterProgress()","System.Single","","public","False","True","False","False","True","29","0x06002964"
"DolocTown.PlantBasin","get_FilmProgress","System.Single DolocTown.PlantBasin::get_FilmProgress()","System.Single","","public","False","True","False","False","True","29","0x06002965"
"DolocTown.PlantBasin","get_FertilizerProgress","System.Single DolocTown.PlantBasin::get_FertilizerProgress()","System.Single","","public","False","True","False","False","True","75","0x06002966"
"DolocTown.PlantBasin","get_IsLighting","System.Boolean DolocTown.PlantBasin::get_IsLighting()","System.Boolean","","public","False","True","False","False","True","22","0x06002967"
"DolocTown.PlantBasin","<OnInteract>b__67_0","System.Void DolocTown.PlantBasin::<OnInteract>b__67_0()","System.Void","","private","False","False","False","False","True","9","0x06002968"
"DolocTown.PlantBasin","<TakeFeeds>b__113_0","System.Void DolocTown.PlantBasin::<TakeFeeds>b__113_0()","System.Void","","private","False","False","False","False","True","47","0x06002969"
"DolocTown.PlantBasin/<>c__DisplayClass16_0",".ctor","System.Void DolocTown.PlantBasin/<>c__DisplayClass16_0::.ctor()","System.Void","","public","False","False","False","True","True","7","0x06009DFE"
"DolocTown.PlantBasin/<>c__DisplayClass16_0","<WaterWithBottleOfWater>b__0","System.Void DolocTown.PlantBasin/<>c__DisplayClass16_0::<WaterWithBottleOfWater>b__0()","System.Void","","internal","False","False","False","False","True","117","0x06009DFF"
"DolocTown.PlantBasinGrass","get_IsValid","System.Boolean DolocTown.PlantBasinGrass::get_IsValid()","System.Boolean","","public","False","True","False","False","True","20","0x0600296A"
"DolocTown.PlantBasinGrass","get_SeedProto","DolocTown.Config.Plant.SeedInfo DolocTown.PlantBasinGrass::get_SeedProto()","DolocTown.Config.Plant.SeedInfo","","public","False","False","False","False","True","18","0x0600296B"
"DolocTown.PlantBasinGrass","get_crop0","DolocTown.ForageGrass DolocTown.PlantBasinGrass::get_crop0()","DolocTown.ForageGrass","","public","False","False","False","False","True","20","0x0600296C"
"DolocTown.PlantBasinGrass","get_crop1","DolocTown.ForageGrass DolocTown.PlantBasinGrass::get_crop1()","DolocTown.ForageGrass","","public","False","False","False","False","True","22","0x0600296D"
"DolocTown.PlantBasinGrass","get_crop2","DolocTown.ForageGrass DolocTown.PlantBasinGrass::get_crop2()","DolocTown.ForageGrass","","public","False","False","False","False","True","22","0x0600296E"
"DolocTown.PlantBasinGrass","get_Feeders","System.Collections.Generic.IEnumerable`1<DolocTown.IFeeder> DolocTown.PlantBasinGrass::get_Feeders()","System.Collections.Generic.IEnumerable`1<DolocTown.IFeeder>","","public","False","False","False","False","True","7","0x0600296F"
"DolocTown.PlantBasinGrass",".ctor","System.Void DolocTown.PlantBasinGrass::.ctor(DolocTown.IEquipmentHost,System.Int32,DolocTown.Config.Equipment.EquipmentInfo,UnityEngine.Vector3,UnityEngine.Vector2Int,System.Boolean)","System.Void","DolocTown.IEquipmentHost host; System.Int32 instanceId; DolocTown.Config.Equipment.EquipmentInfo proto; UnityEngine.Vector3 wp; UnityEngine.Vector2Int anchor; System.Boolean turn","public","False","False","False","True","True","99","0x06002970"
"DolocTown.PlantBasinGrass",".ctor","System.Void DolocTown.PlantBasinGrass::.ctor(System.Int32,UnityEngine.Vector2Int,UnityEngine.Vector3,System.String,DolocTown.Equipment/WeatherDecoratorManager,DolocTown.ElectronicComponent,DolocTown.DecalInfo,System.Boolean,DolocTown.ForageGrass[],RedSaw.Counter)","System.Void","System.Int32 id; UnityEngine.Vector2Int anchor; UnityEngine.Vector3 position; System.String equipmentName; DolocTown.Equipment/WeatherDecoratorManager decorator; DolocTown.ElectronicComponent electronicComponent; DolocTown.DecalInfo decalInfo; System.Boolean turn; DolocTown.ForageGrass[] crops; RedSaw.Counter growCounter","public","False","False","False","True","True","158","0x06002971"
"DolocTown.PlantBasinGrass","AfterLoadEquipment","System.Void DolocTown.PlantBasinGrass::AfterLoadEquipment()","System.Void","","public","False","True","False","False","True","37","0x06002972"
"DolocTown.PlantBasinGrass","CalcSizeInfo","System.Void DolocTown.PlantBasinGrass::CalcSizeInfo()","System.Void","","protected","False","True","False","False","True","143","0x06002973"
"DolocTown.PlantBasinGrass","ResolveCrops","System.Void DolocTown.PlantBasinGrass::ResolveCrops()","System.Void","","private","False","False","False","False","True","164","0x06002974"
"DolocTown.PlantBasinGrass","TryIndex","System.Boolean DolocTown.PlantBasinGrass::TryIndex(DolocTown.ForageGrass,System.Int32&)","System.Boolean","DolocTown.ForageGrass data; System.Int32& index","public","False","False","False","False","True","31","0x06002975"
"DolocTown.PlantBasinGrass","GetCropPosition","UnityEngine.Vector3 DolocTown.PlantBasinGrass::GetCropPosition(System.Int32)","UnityEngine.Vector3","System.Int32 index","public","False","False","False","False","True","53","0x06002976"
"DolocTown.PlantBasinGrass","DEBUG_SetLevel","System.Void DolocTown.PlantBasinGrass::DEBUG_SetLevel(System.Int32)","System.Void","System.Int32 lv","public","False","False","False","False","True","45","0x06002977"
"DolocTown.PlantBasinGrass","Update","System.Void DolocTown.PlantBasinGrass::Update()","System.Void","","protected","False","True","False","False","True","57","0x06002978"
"DolocTown.PlantBasinGrass","UpdateNoRender","System.Void DolocTown.PlantBasinGrass::UpdateNoRender()","System.Void","","protected","False","True","False","False","True","57","0x06002979"
"DolocTown.PlantBasinGrass","OnRender","System.Void DolocTown.PlantBasinGrass::OnRender()","System.Void","","protected","False","True","False","False","True","47","0x0600297A"
"DolocTown.PlantBasinGrass","OnUnRender","System.Void DolocTown.PlantBasinGrass::OnUnRender()","System.Void","","protected","False","True","False","False","True","30","0x0600297B"
"DolocTown.PlantBasinGrass","RetrieveItemOnRemoval","System.Void DolocTown.PlantBasinGrass::RetrieveItemOnRemoval(System.Boolean)","System.Void","System.Boolean putInBackpack","public","False","True","False","False","True","78","0x0600297C"
"DolocTown.PlantBasinGrass","OnTouch","System.Void DolocTown.PlantBasinGrass::OnTouch()","System.Void","","protected","False","True","False","False","True","73","0x0600297D"
"DolocTown.PlantBasinGrass","OnDisTouch","System.Void DolocTown.PlantBasinGrass::OnDisTouch()","System.Void","","protected","False","True","False","False","True","7","0x0600297E"
"DolocTown.PlantBasinGrass","OnInteract","System.Void DolocTown.PlantBasinGrass::OnInteract()","System.Void","","protected","False","True","False","False","True","79","0x0600297F"
"DolocTown.PlantBasinGrass","<OnInteract>b__34_1","System.Void DolocTown.PlantBasinGrass::<OnInteract>b__34_1()","System.Void","","private","False","False","False","False","True","39","0x06002980"
"DolocTown.PlantBasinGrass/<>c",".cctor","System.Void DolocTown.PlantBasinGrass/<>c::.cctor()","System.Void","","private","True","False","False","True","True","11","0x06009E00"
"DolocTown.PlantBasinGrass/<>c",".ctor","System.Void DolocTown.PlantBasinGrass/<>c::.ctor()","System.Void","","public","False","False","False","True","True","7","0x06009E01"
"DolocTown.PlantBasinGrass/<>c","<OnTouch>b__32_0","System.Boolean DolocTown.PlantBasinGrass/<>c::<OnTouch>b__32_0(DolocTown.ForageGrass)","System.Boolean","DolocTown.ForageGrass x","internal","False","False","False","False","True","7","0x06009E02"
"DolocTown.PlantBasinGrass/<>c","<OnInteract>b__34_0","System.Boolean DolocTown.PlantBasinGrass/<>c::<OnInteract>b__34_0(DolocTown.ForageGrass)","System.Boolean","DolocTown.ForageGrass x","internal","False","False","False","False","True","7","0x06009E03"
"DolocTown.PlantBasinSimple","get_ProtectorValue","System.Int32 DolocTown.PlantBasinSimple::get_ProtectorValue()","System.Int32","","protected","False","False","False","False","True","12","0x06002981"
"DolocTown.PlantBasinSimple","set_ProtectorValue","System.Void DolocTown.PlantBasinSimple::set_ProtectorValue(System.Int32)","System.Void","System.Int32 value","protected","False","False","False","False","True","13","0x06002982"
"DolocTown.PlantBasinSimple",".ctor","System.Void DolocTown.PlantBasinSimple::.ctor(DolocTown.IEquipmentHost,System.Int32,DolocTown.Config.Equipment.EquipmentInfo,UnityEngine.Vector3,UnityEngine.Vector2Int,System.Boolean)","System.Void","DolocTown.IEquipmentHost room; System.Int32 id; DolocTown.Config.Equipment.EquipmentInfo proto; UnityEngine.Vector3 wp; UnityEngine.Vector2Int anchor; System.Boolean turn","public","False","False","False","True","True","62","0x06002983"
"DolocTown.PlantBasinSimple",".ctor","System.Void DolocTown.PlantBasinSimple::.ctor(System.Int32,UnityEngine.Vector2Int,UnityEngine.Vector3,System.String,DolocTown.Equipment/WeatherDecoratorManager,DolocTown.ElectronicComponent,DolocTown.DecalInfo,System.Boolean,DolocTown.Crop,DolocTown.PlantBasinSupply,RedSaw.Counter,System.Boolean)","System.Void","System.Int32 id; UnityEngine.Vector2Int anchor; UnityEngine.Vector3 position; System.String equipmentName; DolocTown.Equipment/WeatherDecoratorManager decorator; DolocTown.ElectronicComponent electronicComponent; DolocTown.DecalInfo decalInfo; System.Boolean turn; DolocTown.Crop crop; DolocTown.PlantBasinSupply supply; RedSaw.Counter updateCounter; System.Boolean hasCropReachedHarvestStage","protected","False","False","False","True","True","73","0x06002984"
"DolocTown.PlantBasinSimple","MarkAsReeachMatureStage","System.Void DolocTown.PlantBasinSimple::MarkAsReeachMatureStage()","System.Void","","public","False","False","False","False","True","8","0x06002985"
"DolocTown.PlantBasinSimple","OnRemove","System.Void DolocTown.PlantBasinSimple::OnRemove()","System.Void","","protected","False","True","False","False","True","101","0x06002986"
"DolocTown.PlantBasinSimple","AfterHarvest","System.Void DolocTown.PlantBasinSimple::AfterHarvest(System.Boolean)","System.Void","System.Boolean isDead","protected","False","True","False","False","True","59","0x06002987"
"DolocTown.PlantBasinSimple","DestroyImmediately","System.Void DolocTown.PlantBasinSimple::DestroyImmediately()","System.Void","","public","False","False","False","False","True","45","0x06002988"
"DolocTown.PlantBasinSimple","RetrieveItemOnRemoval","System.Void DolocTown.PlantBasinSimple::RetrieveItemOnRemoval(System.Boolean)","System.Void","System.Boolean putInBackpack","public","False","True","False","False","True","90","0x06002989"
"DolocTown.PlantBasinSimple","<DestroyImmediately>b__10_0","System.Void DolocTown.PlantBasinSimple::<DestroyImmediately>b__10_0()","System.Void","","private","False","False","False","False","True","28","0x0600298A"
"DolocTown.PlantBasinSupply","get_IsFertilized","System.Boolean DolocTown.PlantBasinSupply::get_IsFertilized()","System.Boolean","","public","False","False","False","False","True","15","0x0600298B"
"DolocTown.PlantBasinSupply","get_FertilizerData","DolocTown.FertilizerData DolocTown.PlantBasinSupply::get_FertilizerData()","DolocTown.FertilizerData","","public","False","False","False","False","True","7","0x0600298C"
"DolocTown.PlantBasinSupply","get_FertilizerSprite","UnityEngine.Sprite DolocTown.PlantBasinSupply::get_FertilizerSprite()","UnityEngine.Sprite","","public","False","False","False","False","True","12","0x0600298D"
"DolocTown.PlantBasinSupply","get_ProtectorLv","System.Int32 DolocTown.PlantBasinSupply::get_ProtectorLv()","System.Int32","","private","False","False","False","False","True","37","0x0600298E"
"DolocTown.PlantBasinSupply","get_ProtectorSprite","UnityEngine.Sprite DolocTown.PlantBasinSupply::get_ProtectorSprite()","UnityEngine.Sprite","","public","False","False","False","False","True","138","0x0600298F"
"DolocTown.PlantBasinSupply","get_ProtectedCounter","System.Int32 DolocTown.PlantBasinSupply::get_ProtectedCounter()","System.Int32","","public","False","False","False","False","True","7","0x06002990"
"DolocTown.PlantBasinSupply","set_ProtectedCounter","System.Void DolocTown.PlantBasinSupply::set_ProtectedCounter(System.Int32)","System.Void","System.Int32 value","public","False","False","False","False","True","8","0x06002991"
"DolocTown.PlantBasinSupply","get_WaterCapacity","System.Int32 DolocTown.PlantBasinSupply::get_WaterCapacity()","System.Int32","","public","False","False","False","False","True","12","0x06002992"
"DolocTown.PlantBasinSupply",".ctor","System.Void DolocTown.PlantBasinSupply::.ctor(UnityEngine.Vector2Int)","System.Void","UnityEngine.Vector2Int capacity","public","False","False","False","True","True","56","0x06002993"
"DolocTown.PlantBasinSupply",".ctor","System.Void DolocTown.PlantBasinSupply::.ctor(UnityEngine.Vector2Int,UnityEngine.Vector2Int,System.Int32,System.Single,DolocTown.Item,DolocTown.FertilizerData)","System.Void","UnityEngine.Vector2Int capacity; UnityEngine.Vector2Int currentValues; System.Int32 protectedCounter; System.Single currentProtectedAmountReciprocal; DolocTown.Item protectorItem; DolocTown.FertilizerData fertilizerData","public","False","False","False","True","True","81","0x06002994"
"DolocTown.PlantBasinSupply","LoadProtectorItemInfo","DolocTown.Item DolocTown.PlantBasinSupply::LoadProtectorItemInfo(DolocTown.Item,System.Int32)","DolocTown.Item","DolocTown.Item protectorItem; System.Int32 counter","private","True","False","False","False","True","76","0x06002995"
"DolocTown.PlantBasinSupply","CostSW","System.Void DolocTown.PlantBasinSupply::CostSW()","System.Void","","public","False","False","False","False","True","71","0x06002996"
"DolocTown.PlantBasinSupply","get_IsLighting","System.Boolean DolocTown.PlantBasinSupply::get_IsLighting()","System.Boolean","","public","False","False","False","False","True","15","0x06002997"
"DolocTown.PlantBasinSupply","get_IsProtected","System.Boolean DolocTown.PlantBasinSupply::get_IsProtected()","System.Boolean","","public","False","False","False","False","True","10","0x06002998"
"DolocTown.PlantBasinSupply","get_IsMoist","System.Boolean DolocTown.PlantBasinSupply::get_IsMoist()","System.Boolean","","public","False","False","False","False","True","18","0x06002999"
"DolocTown.PlantBasinSupply","get_ProtectedPercent","System.Single DolocTown.PlantBasinSupply::get_ProtectedPercent()","System.Single","","public","False","False","False","False","True","14","0x0600299A"
"DolocTown.PlantBasinSupply","get_IsProtectedFull","System.Boolean DolocTown.PlantBasinSupply::get_IsProtectedFull()","System.Boolean","","public","False","False","False","False","True","17","0x0600299B"
"DolocTown.PlantBasinSupply","get_WaterRatio","System.Single DolocTown.PlantBasinSupply::get_WaterRatio()","System.Single","","public","False","False","False","False","True","32","0x0600299C"
"DolocTown.PlantBasinSupply","get_WaterValue","System.Int32 DolocTown.PlantBasinSupply::get_WaterValue()","System.Int32","","public","False","False","False","False","True","15","0x0600299D"
"DolocTown.PlantBasinSupply","GetProtected","System.Boolean DolocTown.PlantBasinSupply::GetProtected()","System.Boolean","","public","False","False","False","False","True","27","0x0600299E"
"DolocTown.PlantBasinSupply","GetMoist","System.Boolean DolocTown.PlantBasinSupply::GetMoist()","System.Boolean","","public","False","False","False","False","True","39","0x0600299F"
"DolocTown.PlantBasinSupply","GetMoist","System.Boolean DolocTown.PlantBasinSupply::GetMoist(System.Int32)","System.Boolean","System.Int32 value","public","False","False","False","False","True","37","0x060029A0"
"DolocTown.PlantBasinSupply","GetLighting","System.Boolean DolocTown.PlantBasinSupply::GetLighting()","System.Boolean","","public","False","False","False","False","True","39","0x060029A1"
"DolocTown.PlantBasinSupply","ClearWater","System.Void DolocTown.PlantBasinSupply::ClearWater()","System.Void","","public","False","False","False","False","True","13","0x060029A2"
"DolocTown.PlantBasinSupply","Water","System.Void DolocTown.PlantBasinSupply::Water()","System.Void","","public","False","False","False","False","True","23","0x060029A3"
"DolocTown.PlantBasinSupply","Water","System.Void DolocTown.PlantBasinSupply::Water(System.Int32)","System.Void","System.Int32 value","public","False","False","False","False","True","41","0x060029A4"
"DolocTown.PlantBasinSupply","Light","System.Void DolocTown.PlantBasinSupply::Light()","System.Void","","public","False","False","False","False","True","23","0x060029A5"
"DolocTown.PlantBasinSupply","Protect","System.Void DolocTown.PlantBasinSupply::Protect(DolocTown.ItemFilm)","System.Void","DolocTown.ItemFilm item","public","False","False","False","False","True","71","0x060029A6"
"DolocTown.PlantBasinSupply","GetFertilizerGrowthAddition","System.Single DolocTown.PlantBasinSupply::GetFertilizerGrowthAddition()","System.Single","","public","False","False","False","False","True","48","0x060029A7"
"DolocTown.PlantBasinSupply","Fertilizer","System.Void DolocTown.PlantBasinSupply::Fertilizer(System.Int32,System.Single,DolocTown.Config.Item.ItemInfo)","System.Void","System.Int32 duration; System.Single addition; DolocTown.Config.Item.ItemInfo fertilizerItemInfo","public","False","False","False","False","True","15","0x060029A8"
"DolocTown.PlantBasinSupply",".cctor","System.Void DolocTown.PlantBasinSupply::.cctor()","System.Void","","private","True","False","False","True","True","11","0x060029A9"
"DolocTown.PlantBasinSupply/<>c",".cctor","System.Void DolocTown.PlantBasinSupply/<>c::.cctor()","System.Void","","private","True","False","False","True","True","11","0x06009E04"
"DolocTown.PlantBasinSupply/<>c",".ctor","System.Void DolocTown.PlantBasinSupply/<>c::.ctor()","System.Void","","public","False","False","False","True","True","7","0x06009E05"
"DolocTown.PlantBasinSupply/<>c","<LoadProtectorItemInfo>b__24_0","System.Boolean DolocTown.PlantBasinSupply/<>c::<LoadProtectorItemInfo>b__24_0(DolocTown.Config.Item.ItemInfo)","System.Boolean","DolocTown.Config.Item.ItemInfo x","internal","False","False","False","False","True","15","0x06009E06"
"DolocTown.PlantBasinTree","get_Crop","DolocTown.TreeCrop DolocTown.PlantBasinTree::get_Crop()","DolocTown.TreeCrop","","public","False","False","False","False","True","7","0x060029AA"
"DolocTown.PlantBasinTree","set_Crop","System.Void DolocTown.PlantBasinTree::set_Crop(DolocTown.TreeCrop)","System.Void","DolocTown.TreeCrop value","private","False","False","False","False","True","8","0x060029AB"
"DolocTown.PlantBasinTree","get_func","DolocTown.Config.Equipment.EquipmentFuncPlantBasinTree DolocTown.PlantBasinTree::get_func()","DolocTown.Config.Equipment.EquipmentFuncPlantBasinTree","","private","False","False","False","False","True","17","0x060029AC"
"DolocTown.PlantBasinTree","get_IsOccupy","System.Boolean DolocTown.PlantBasinTree::get_IsOccupy()","System.Boolean","","public","False","True","False","False","True","22","0x060029AD"
"DolocTown.PlantBasinTree","GetOccupyInfo","System.String DolocTown.PlantBasinTree::GetOccupyInfo()","System.String","","public","False","True","False","False","True","11","0x060029AE"
"DolocTown.PlantBasinTree","get_PositionTreeCrop","UnityEngine.Vector3 DolocTown.PlantBasinTree::get_PositionTreeCrop()","UnityEngine.Vector3","","public","False","False","False","False","True","86","0x060029AF"
"DolocTown.PlantBasinTree","get_PositionFertilizer","UnityEngine.Vector3 DolocTown.PlantBasinTree::get_PositionFertilizer()","UnityEngine.Vector3","","public","False","False","False","False","True","25","0x060029B0"
"DolocTown.PlantBasinTree",".ctor","System.Void DolocTown.PlantBasinTree::.ctor(DolocTown.IEquipmentHost,System.Int32,DolocTown.Config.Equipment.EquipmentInfo,UnityEngine.Vector3,UnityEngine.Vector2Int,System.Boolean)","System.Void","DolocTown.IEquipmentHost room; System.Int32 instanceId; DolocTown.Config.Equipment.EquipmentInfo proto; UnityEngine.Vector3 worldPos; UnityEngine.Vector2Int anchor; System.Boolean turn","public","False","False","False","True","True","32","0x060029B1"
"DolocTown.PlantBasinTree",".ctor","System.Void DolocTown.PlantBasinTree::.ctor(System.Int32,UnityEngine.Vector2Int,UnityEngine.Vector3,System.String,DolocTown.Equipment/WeatherDecoratorManager,DolocTown.ElectronicComponent,DolocTown.DecalInfo,System.Boolean,DolocTown.TreeCrop,RedSaw.Counter)","System.Void","System.Int32 id; UnityEngine.Vector2Int anchor; UnityEngine.Vector3 position; System.String equipmentName; DolocTown.Equipment/WeatherDecoratorManager decorator; DolocTown.ElectronicComponent electronicComponent; DolocTown.DecalInfo decalInfo; System.Boolean turn; DolocTown.TreeCrop Crop; RedSaw.Counter updateCounter","public","False","False","False","True","True","71","0x060029B2"
"DolocTown.PlantBasinTree","AfterLoadEquipment","System.Void DolocTown.PlantBasinTree::AfterLoadEquipment()","System.Void","","public","False","True","False","False","True","59","0x060029B3"
"DolocTown.PlantBasinTree","OnInteract","System.Void DolocTown.PlantBasinTree::OnInteract()","System.Void","","protected","False","True","False","False","True","63","0x060029B4"
"DolocTown.PlantBasinTree","TryPlantCrop","System.Boolean DolocTown.PlantBasinTree::TryPlantCrop()","System.Boolean","","public","False","False","False","False","True","200","0x060029B5"
"DolocTown.PlantBasinTree","Update","System.Void DolocTown.PlantBasinTree::Update()","System.Void","","protected","False","True","False","False","True","43","0x060029B6"
"DolocTown.PlantBasinTree","UpdateNoRender","System.Void DolocTown.PlantBasinTree::UpdateNoRender()","System.Void","","protected","False","True","False","False","True","43","0x060029B7"
"DolocTown.PlantBasinTree","OnRender","System.Void DolocTown.PlantBasinTree::OnRender()","System.Void","","protected","False","True","False","False","True","39","0x060029B8"
"DolocTown.PlantBasinTree","OnUnRender","System.Void DolocTown.PlantBasinTree::OnUnRender()","System.Void","","protected","False","True","False","False","True","18","0x060029B9"
"DolocTown.PlantBasinTree","RetrieveItemOnRemoval","System.Void DolocTown.PlantBasinTree::RetrieveItemOnRemoval(System.Boolean)","System.Void","System.Boolean putInBackpack","public","False","True","False","False","True","50","0x060029BA"
"DolocTown.PlantBasinTree","ClearCrop","System.Void DolocTown.PlantBasinTree::ClearCrop()","System.Void","","public","False","False","False","False","True","34","0x060029BB"
"DolocTown.PlantBasinTree","GenerateCropOutput","System.Void DolocTown.PlantBasinTree::GenerateCropOutput(DolocTown.Config.Item.ItemSpawnEntry,System.Boolean)","System.Void","DolocTown.Config.Item.ItemSpawnEntry entry; System.Boolean useBuff","public","False","False","False","False","True","47","0x060029BC"
"DolocTown.PlantBasinTree","CanFertilizer","System.Boolean DolocTown.PlantBasinTree::CanFertilizer(DolocTown.ItemFertilizer)","System.Boolean","DolocTown.ItemFertilizer fertilizer","public","False","False","False","False","True","33","0x060029BD"
"DolocTown.PlantBasinTree","CanFertilizer","System.Boolean DolocTown.PlantBasinTree::CanFertilizer()","System.Boolean","","public","False","False","False","False","True","22","0x060029BE"
"DolocTown.PlantBasinTree","Fertilizer","System.Boolean DolocTown.PlantBasinTree::Fertilizer(DolocTown.ItemFertilizer,System.Boolean,System.Boolean,System.Boolean)","System.Boolean","DolocTown.ItemFertilizer fertilizer; System.Boolean shouldRender; System.Boolean shouldSendMessage; System.Boolean playSoundEvent","public","False","False","False","False","True","65","0x060029BF"
"DolocTown.PlantBasinTree","Fertilizer","System.Boolean DolocTown.PlantBasinTree::Fertilizer(DolocTown.Config.Item.ItemInfo,System.Int32,System.Single,System.Boolean,System.Boolean,System.Boolean)","System.Boolean","DolocTown.Config.Item.ItemInfo fertilizerItem; System.Int32 duration; System.Single addition; System.Boolean shouldRender; System.Boolean shouldSendMessage; System.Boolean playSoundEvent","public","False","False","False","False","True","85","0x060029C0"
"DolocTown.PlantBasinTree","RenderFertilizer","System.Void DolocTown.PlantBasinTree::RenderFertilizer()","System.Void","","private","False","False","False","False","True","90","0x060029C1"
"DolocTown.PlantBasinTree","ClearFertilizerRenderer","System.Void DolocTown.PlantBasinTree::ClearFertilizerRenderer()","System.Void","","private","False","False","False","False","True","39","0x060029C2"
"DolocTown.PlantBasinTree","UpdateFertilizerRenderer","System.Void DolocTown.PlantBasinTree::UpdateFertilizerRenderer()","System.Void","","private","False","False","False","False","True","35","0x060029C3"
"DolocTown.PlantBasinTree","get_HasCrop","System.Boolean DolocTown.PlantBasinTree::get_HasCrop()","System.Boolean","","public","False","True","False","False","True","10","0x060029C4"
"DolocTown.PlantBasinTree","get_CropTitle","System.String DolocTown.PlantBasinTree::get_CropTitle()","System.String","","public","False","True","False","False","True","33","0x060029C5"
"DolocTown.PlantBasinTree","get_GrowthLevelInfo","System.String DolocTown.PlantBasinTree::get_GrowthLevelInfo()","System.String","","public","False","True","False","False","True","77","0x060029C6"
"DolocTown.PlantBasinTree","get_HarvestCountInfo","System.String DolocTown.PlantBasinTree::get_HarvestCountInfo()","System.String","","public","False","True","False","False","True","6","0x060029C7"
"DolocTown.PlantBasinTree","get_GeneInfo","System.String DolocTown.PlantBasinTree::get_GeneInfo()","System.String","","public","False","True","False","False","True","6","0x060029C8"
"DolocTown.PlantBasinTree","get_GrowthProgress","System.Single DolocTown.PlantBasinTree::get_GrowthProgress()","System.Single","","public","False","True","False","False","True","26","0x060029C9"
"DolocTown.PlantBasinTree","get_HealthProgress","System.Single DolocTown.PlantBasinTree::get_HealthProgress()","System.Single","","public","False","True","False","False","True","6","0x060029CA"
"DolocTown.PlantBasinTree","get_WaterProgress","System.Single DolocTown.PlantBasinTree::get_WaterProgress()","System.Single","","public","False","True","False","False","True","6","0x060029CB"
"DolocTown.PlantBasinTree","get_FilmProgress","System.Single DolocTown.PlantBasinTree::get_FilmProgress()","System.Single","","public","False","True","False","False","True","6","0x060029CC"
"DolocTown.PlantBasinTree","get_FertilizerProgress","System.Single DolocTown.PlantBasinTree::get_FertilizerProgress()","System.Single","","public","False","True","False","False","True","75","0x060029CD"
"DolocTown.PlantBasinTree","get_IsLighting","System.Boolean DolocTown.PlantBasinTree::get_IsLighting()","System.Boolean","","public","False","True","False","False","True","2","0x060029CE"
"DolocTown.PlantBasinTree/<>c__DisplayClass19_0",".ctor","System.Void DolocTown.PlantBasinTree/<>c__DisplayClass19_0::.ctor()","System.Void","","public","False","False","False","True","True","7","0x06009E07"
"DolocTown.PlantBasinTree/<>c__DisplayClass19_0","<TryPlantCrop>b__0","System.Void DolocTown.PlantBasinTree/<>c__DisplayClass19_0::<TryPlantCrop>b__0()","System.Void","","internal","False","False","False","False","True","110","0x06009E08"
"DolocTown.EquipmentRendererBasePatch","RenderTreeCrop","System.Void DolocTown.EquipmentRendererBasePatch::RenderTreeCrop(DolocTown.EquipmentRenderer,DolocTown.TreeCrop,UnityEngine.Vector3)","System.Void","DolocTown.EquipmentRenderer R; DolocTown.TreeCrop crop; UnityEngine.Vector3 positionWS","public","True","False","False","False","True","57","0x06002AD0"
"DolocTown.EquipmentUtils","GenerateCropOutput","System.Void DolocTown.EquipmentUtils::GenerateCropOutput(DolocTown.Equipment,DolocTown.Config.Plant.SeedInfo,System.Boolean,System.Boolean)","System.Void","DolocTown.Equipment equipment; DolocTown.Config.Plant.SeedInfo proto; System.Boolean putInBackpack; System.Boolean sendMessage","public","True","False","False","False","True","62","0x06002AD4"
"DolocTown.WD_AcidRain_PlantBasin","get_WeatherType","DolocTown.Config.Weather.WeatherType DolocTown.WD_AcidRain_PlantBasin::get_WeatherType()","DolocTown.Config.Weather.WeatherType","","public","False","True","False","False","True","2","0x06002ADC"
"DolocTown.WD_AcidRain_PlantBasin","get_CallOriginWhileNoOverride","System.Boolean DolocTown.WD_AcidRain_PlantBasin::get_CallOriginWhileNoOverride()","System.Boolean","","public","False","True","False","False","True","2","0x06002ADD"
"DolocTown.WD_AcidRain_PlantBasin",".ctor","System.Void DolocTown.WD_AcidRain_PlantBasin::.ctor(DolocTown.Equipment/WeatherDecoratorManager,DolocTown.Config.Equipment.WeatherDecoratorProto)","System.Void","DolocTown.Equipment/WeatherDecoratorManager parent; DolocTown.Config.Equipment.WeatherDecoratorProto proto","public","False","False","False","True","True","117","0x06002ADE"
"DolocTown.WD_AcidRain_PlantBasin",".ctor","System.Void DolocTown.WD_AcidRain_PlantBasin::.ctor()","System.Void","","public","False","False","False","True","True","7","0x06002ADF"
"DolocTown.WD_AcidRain_PlantBasin","RetrieveProto","System.Void DolocTown.WD_AcidRain_PlantBasin::RetrieveProto(DolocTown.Equipment/WeatherDecoratorManager,DolocTown.Config.Equipment.WeatherDecoratorProto)","System.Void","DolocTown.Equipment/WeatherDecoratorManager parent; DolocTown.Config.Equipment.WeatherDecoratorProto proto","public","False","True","False","False","True","26","0x06002AE0"
"DolocTown.WD_AcidRain_PlantBasin","AfterLoadData","System.Void DolocTown.WD_AcidRain_PlantBasin::AfterLoadData()","System.Void","","public","False","True","False","False","True","18","0x06002AE1"
"DolocTown.WD_AcidRain_PlantBasin","Update","System.Void DolocTown.WD_AcidRain_PlantBasin::Update(System.Boolean)","System.Void","System.Boolean inProgress","public","False","True","False","False","True","12","0x06002AE2"
"DolocTown.WD_AcidRain_PlantBasin","UpdateNoRender","System.Void DolocTown.WD_AcidRain_PlantBasin::UpdateNoRender(System.Boolean)","System.Void","System.Boolean inProgress","public","False","True","False","False","True","12","0x06002AE3"
"DolocTown.WD_ScorchSun_PlantBasin","get_CallOriginWhileNoOverride","System.Boolean DolocTown.WD_ScorchSun_PlantBasin::get_CallOriginWhileNoOverride()","System.Boolean","","public","False","True","False","False","True","2","0x06002B05"
"DolocTown.WD_ScorchSun_PlantBasin",".ctor","System.Void DolocTown.WD_ScorchSun_PlantBasin::.ctor(DolocTown.Equipment/WeatherDecoratorManager,DolocTown.Config.Equipment.WeatherDecoratorProto)","System.Void","DolocTown.Equipment/WeatherDecoratorManager parent; DolocTown.Config.Equipment.WeatherDecoratorProto proto","public","False","False","False","True","True","41","0x06002B06"
"DolocTown.WD_ScorchSun_PlantBasin",".ctor","System.Void DolocTown.WD_ScorchSun_PlantBasin::.ctor()","System.Void","","protected","False","False","False","True","True","7","0x06002B07"
"DolocTown.WD_ScorchSun_PlantBasin","RetrieveProto","System.Void DolocTown.WD_ScorchSun_PlantBasin::RetrieveProto(DolocTown.Equipment/WeatherDecoratorManager,DolocTown.Config.Equipment.WeatherDecoratorProto)","System.Void","DolocTown.Equipment/WeatherDecoratorManager parent; DolocTown.Config.Equipment.WeatherDecoratorProto proto","public","False","True","False","False","True","41","0x06002B08"
"DolocTown.WD_ScorchSun_PlantBasin","Begin","System.Void DolocTown.WD_ScorchSun_PlantBasin::Begin()","System.Void","","public","False","True","False","False","True","43","0x06002B09"
"DolocTown.WD_ScorchSun_PlantBasin","BeginNoRender","System.Void DolocTown.WD_ScorchSun_PlantBasin::BeginNoRender()","System.Void","","public","False","True","False","False","True","43","0x06002B0A"
"DolocTown.WD_ScorchSun_PlantBasin","Update","System.Void DolocTown.WD_ScorchSun_PlantBasin::Update(System.Boolean)","System.Void","System.Boolean inProgress","public","False","True","False","False","True","22","0x06002B0B"
"DolocTown.WD_ScorchSun_PlantBasin","UpdateNoRender","System.Void DolocTown.WD_ScorchSun_PlantBasin::UpdateNoRender(System.Boolean)","System.Void","System.Boolean inProgress","public","False","True","False","False","True","22","0x06002B0C"
"DolocTown.FarmFishTank","GrowFries","System.Void DolocTown.FarmFishTank::GrowFries()","System.Void","","public","False","False","False","False","True","204","0x06002BAB"
"DolocTown.FarmFishTank/<>c","<GrowFries>b__64_0","System.Boolean DolocTown.FarmFishTank/<>c::<GrowFries>b__64_0(DolocTown.ItemFishFry)","System.Boolean","DolocTown.ItemFishFry fry","internal","False","False","False","False","True","7","0x06009E4B"
"DolocTown.ItemFishFry","get_growth","System.Int32 DolocTown.ItemFishFry::get_growth()","System.Int32","","public","False","False","False","False","True","7","0x06002C82"
"DolocTown.ItemFishFry","set_growth","System.Void DolocTown.ItemFishFry::set_growth(System.Int32)","System.Void","System.Int32 value","private","False","False","False","False","True","8","0x06002C83"
"DolocTown.ItemFishFry","get_GrowthProgress","System.Single DolocTown.ItemFishFry::get_GrowthProgress()","System.Single","","private","False","False","False","False","True","36","0x06002C84"
"DolocTown.ItemFishFry","get_IsFullyGrown","System.Boolean DolocTown.ItemFishFry::get_IsFullyGrown()","System.Boolean","","public","False","False","False","False","True","18","0x06002C85"
"DolocTown.ItemFishFry","Grow","System.Boolean DolocTown.ItemFishFry::Grow()","System.Boolean","","public","False","False","False","False","True","29","0x06002C8B"
"DolocTown.ItemCrop","get_func","DolocTown.Config.Item.ItemFunctionCrop DolocTown.ItemCrop::get_func()","DolocTown.Config.Item.ItemFunctionCrop","","private","False","False","False","False","True","17","0x06002D35"
"DolocTown.ItemCrop","get_seedProto","DolocTown.Config.Plant.SeedInfo DolocTown.ItemCrop::get_seedProto()","DolocTown.Config.Plant.SeedInfo","","public","False","False","False","False","True","55","0x06002D36"
"DolocTown.ItemCrop","get_HasGene","System.Boolean DolocTown.ItemCrop::get_HasGene()","System.Boolean","","public","False","True","False","False","True","15","0x06002D37"
"DolocTown.ItemCrop","get_HasUnnaturalGenes","System.Boolean DolocTown.ItemCrop::get_HasUnnaturalGenes()","System.Boolean","","public","False","True","False","False","True","33","0x06002D38"
"DolocTown.ItemCrop","get_IsCloned","System.Boolean DolocTown.ItemCrop::get_IsCloned()","System.Boolean","","public","False","True","False","False","True","32","0x06002D39"
"DolocTown.ItemCrop","get_GeneGroup","DolocTown.GeneGroup DolocTown.ItemCrop::get_GeneGroup()","DolocTown.GeneGroup","","public","False","True","False","False","True","7","0x06002D3A"
"DolocTown.ItemCrop","get_SubscriptSprite","UnityEngine.Sprite DolocTown.ItemCrop::get_SubscriptSprite()","UnityEngine.Sprite","","public","False","True","False","False","True","66","0x06002D3B"
"DolocTown.ItemCrop","get_description","System.String DolocTown.ItemCrop::get_description()","System.String","","public","False","True","False","False","True","57","0x06002D3C"
"DolocTown.ItemCrop","get_eatableItem","DolocTown.Item DolocTown.ItemCrop::get_eatableItem()","DolocTown.Item","","public","False","True","False","False","True","2","0x06002D3D"
"DolocTown.ItemCrop","get_effectProto","DolocTown.Config.Item.EatingEffectInfo DolocTown.ItemCrop::get_effectProto()","DolocTown.Config.Item.EatingEffectInfo","","public","False","True","False","False","True","12","0x06002D3E"
"DolocTown.ItemCrop","get_geneGroup","DolocTown.GeneGroup DolocTown.ItemCrop::get_geneGroup()","DolocTown.GeneGroup","","public","False","False","False","False","True","7","0x06002D3F"
"DolocTown.ItemCrop","set_geneGroup","System.Void DolocTown.ItemCrop::set_geneGroup(DolocTown.GeneGroup)","System.Void","DolocTown.GeneGroup value","private","False","False","False","False","True","8","0x06002D40"
"DolocTown.ItemCrop",".ctor","System.Void DolocTown.ItemCrop::.ctor(DolocTown.Config.Item.ItemInfo,System.Int32)","System.Void","DolocTown.Config.Item.ItemInfo proto; System.Int32 count","public","False","False","False","True","True","21","0x06002D41"
"DolocTown.ItemCrop",".ctor","System.Void DolocTown.ItemCrop::.ctor(System.String,System.Int32,DolocTown.GeneGroup,System.Boolean)","System.Void","System.String itemName; System.Int32 itemCount; DolocTown.GeneGroup geneGroup; System.Boolean isCloned","protected","False","False","False","True","True","26","0x06002D42"
"DolocTown.ItemCrop","GetDefaultGeneGroup","DolocTown.GeneGroup DolocTown.ItemCrop::GetDefaultGeneGroup()","DolocTown.GeneGroup","","public","False","True","False","False","True","24","0x06002D43"
"DolocTown.ItemCrop","IsSame","System.Boolean DolocTown.ItemCrop::IsSame(DolocTown.Item)","System.Boolean","DolocTown.Item other","public","False","True","False","False","True","39","0x06002D44"
"DolocTown.ItemCrop","Clone","DolocTown.Item DolocTown.ItemCrop::Clone(System.Int32)","DolocTown.Item","System.Int32 count","public","False","True","False","False","True","25","0x06002D45"
"DolocTown.ItemCrop","OnUseAsTool","System.Void DolocTown.ItemCrop::OnUseAsTool()","System.Void","","protected","False","True","False","False","True","55","0x06002D46"
"DolocTown.ItemCrop","OnUseAsItem","System.Void DolocTown.ItemCrop::OnUseAsItem()","System.Void","","protected","False","True","False","False","True","13","0x06002D47"
"DolocTown.ItemCrop","Use","System.Void DolocTown.ItemCrop::Use()","System.Void","","private","False","False","False","False","True","7","0x06002D48"
"DolocTown.ItemCrop","GetExtraInfo1","System.String DolocTown.ItemCrop::GetExtraInfo1()","System.String","","public","False","True","False","False","True","51","0x06002D49"
"DolocTown.ItemCrop","CanBuyback","System.Boolean DolocTown.ItemCrop::CanBuyback()","System.Boolean","","protected","False","True","False","False","True","10","0x06002D4A"
"DolocTown.ItemSeed","get_seedProto","DolocTown.Config.Plant.SeedInfo DolocTown.ItemSeed::get_seedProto()","DolocTown.Config.Plant.SeedInfo","","public","False","False","False","False","True","38","0x06002D5B"
"DolocTown.ItemSeed","get_description","System.String DolocTown.ItemSeed::get_description()","System.String","","public","False","True","False","False","True","57","0x06002D5C"
"DolocTown.ItemSeed","get_HasGene","System.Boolean DolocTown.ItemSeed::get_HasGene()","System.Boolean","","public","False","True","False","False","True","15","0x06002D5D"
"DolocTown.ItemSeed","get_HasUnnaturalGenes","System.Boolean DolocTown.ItemSeed::get_HasUnnaturalGenes()","System.Boolean","","public","False","True","False","False","True","33","0x06002D5E"
"DolocTown.ItemSeed","get_GeneGroup","DolocTown.GeneGroup DolocTown.ItemSeed::get_GeneGroup()","DolocTown.GeneGroup","","public","False","True","False","False","True","7","0x06002D5F"
"DolocTown.ItemSeed","get_SubscriptSprite","UnityEngine.Sprite DolocTown.ItemSeed::get_SubscriptSprite()","UnityEngine.Sprite","","public","False","True","False","False","True","66","0x06002D60"
"DolocTown.ItemSeed","get_geneGroup","DolocTown.GeneGroup DolocTown.ItemSeed::get_geneGroup()","DolocTown.GeneGroup","","public","False","False","False","False","True","7","0x06002D61"
"DolocTown.ItemSeed","set_geneGroup","System.Void DolocTown.ItemSeed::set_geneGroup(DolocTown.GeneGroup)","System.Void","DolocTown.GeneGroup value","private","False","False","False","False","True","8","0x06002D62"
"DolocTown.ItemSeed","get_IsCloned","System.Boolean DolocTown.ItemSeed::get_IsCloned()","System.Boolean","","public","False","True","False","False","True","17","0x06002D63"
"DolocTown.ItemSeed",".ctor","System.Void DolocTown.ItemSeed::.ctor(DolocTown.Config.Item.ItemInfo,System.Int32)","System.Void","DolocTown.Config.Item.ItemInfo proto; System.Int32 count","public","False","False","False","True","True","21","0x06002D64"
"DolocTown.ItemSeed",".ctor","System.Void DolocTown.ItemSeed::.ctor(System.String,System.Int32,DolocTown.GeneGroup,System.Boolean,System.Int32)","System.Void","System.String itemName; System.Int32 itemCount; DolocTown.GeneGroup geneGroup; System.Boolean isClonedSeed; System.Int32 incubationProgress","protected","False","False","False","True","True","53","0x06002D65"
"DolocTown.ItemSeed","OnUseAsTool","System.Void DolocTown.ItemSeed::OnUseAsTool()","System.Void","","protected","False","True","False","False","True","13","0x06002D66"
"DolocTown.ItemSeed","OnUseAsItem","System.Void DolocTown.ItemSeed::OnUseAsItem()","System.Void","","protected","False","True","False","False","True","13","0x06002D67"
"DolocTown.ItemSeed","Use","System.Void DolocTown.ItemSeed::Use()","System.Void","","private","False","False","False","False","True","58","0x06002D68"
"DolocTown.ItemSeed","PlantSeed","System.Void DolocTown.ItemSeed::PlantSeed(DolocTown.PlantBasin)","System.Void","DolocTown.PlantBasin basin","public","False","False","False","False","True","81","0x06002D69"
"DolocTown.ItemSeed","PlantSeed","System.Void DolocTown.ItemSeed::PlantSeed(DolocTown.FlowerPot)","System.Void","DolocTown.FlowerPot pot","public","False","False","False","False","True","67","0x06002D6A"
"DolocTown.ItemSeed","CanSurviveInWeather","System.Boolean DolocTown.ItemSeed::CanSurviveInWeather(DolocTown.Config.Weather.WeatherType,System.Boolean)","System.Boolean","DolocTown.Config.Weather.WeatherType weatherType; System.Boolean ignoreGene","public","False","False","False","False","True","64","0x06002D6B"
"DolocTown.ItemSeed","CheckSeasonValid","System.Boolean DolocTown.ItemSeed::CheckSeasonValid(System.Int32,System.Boolean,System.Boolean,System.Boolean)","System.Boolean","System.Int32 month; System.Boolean isRoomIgnoreSeason; System.Boolean isRoomIgnoreSeasonFungus; System.Boolean ignoreGene","public","False","False","False","False","True","85","0x06002D6C"
"DolocTown.ItemSeed","CheckCurrentSeasonValid","System.Boolean DolocTown.ItemSeed::CheckCurrentSeasonValid(System.Boolean)","System.Boolean","System.Boolean ignoreGene","public","False","False","False","False","True","132","0x06002D6D"
"DolocTown.ItemSeed","GetDefaultGeneGroup","DolocTown.GeneGroup DolocTown.ItemSeed::GetDefaultGeneGroup()","DolocTown.GeneGroup","","public","False","True","False","False","True","24","0x06002D6E"
"DolocTown.ItemSeed","Incubate","System.Boolean DolocTown.ItemSeed::Incubate(System.Int32)","System.Boolean","System.Int32 threshold","public","False","False","False","False","True","67","0x06002D6F"
"DolocTown.ItemSeed","ResetOverflowIncubationProgress","System.Void DolocTown.ItemSeed::ResetOverflowIncubationProgress(System.Int32)","System.Void","System.Int32 threshold","public","False","False","False","False","True","17","0x06002D70"
"DolocTown.ItemSeed","ClearIncubationProgress","System.Void DolocTown.ItemSeed::ClearIncubationProgress(System.Int32)","System.Void","System.Int32 threshold","public","False","False","False","False","True","8","0x06002D71"
"DolocTown.ItemSeed","CloneGeneGroup","System.Void DolocTown.ItemSeed::CloneGeneGroup(DolocTown.GeneGroup)","System.Void","DolocTown.GeneGroup geneGroup","public","False","False","False","False","True","20","0x06002D72"
"DolocTown.ItemSeed","ClearCloneMark","System.Void DolocTown.ItemSeed::ClearCloneMark()","System.Void","","public","False","False","False","False","True","8","0x06002D73"
"DolocTown.ItemSeed","IsSame","System.Boolean DolocTown.ItemSeed::IsSame(DolocTown.Item)","System.Boolean","DolocTown.Item other","public","False","True","False","False","True","55","0x06002D74"
"DolocTown.ItemSeed","Clone","DolocTown.Item DolocTown.ItemSeed::Clone(System.Int32)","DolocTown.Item","System.Int32 count","public","False","True","False","False","True","49","0x06002D75"
"DolocTown.ItemSeed","OnQuickSelect","System.Void DolocTown.ItemSeed::OnQuickSelect()","System.Void","","protected","False","True","False","False","True","53","0x06002D76"
"DolocTown.ItemSeed","OnQuickDeselect","System.Void DolocTown.ItemSeed::OnQuickDeselect()","System.Void","","protected","False","True","False","False","True","13","0x06002D77"
"DolocTown.ItemSeed","RefreshCellTip","System.Void DolocTown.ItemSeed::RefreshCellTip()","System.Void","","protected","False","True","False","False","True","77","0x06002D78"
"DolocTown.ItemSeed","CheckPlantBasin","System.Boolean DolocTown.ItemSeed::CheckPlantBasin()","System.Boolean","","private","False","False","False","False","True","57","0x06002D79"
"DolocTown.ItemSeed","CheckFlowerPot","System.Boolean DolocTown.ItemSeed::CheckFlowerPot()","System.Boolean","","private","False","False","False","False","True","22","0x06002D7A"
"DolocTown.ItemSeed","GetExtraInfo1","System.String DolocTown.ItemSeed::GetExtraInfo1()","System.String","","public","False","True","False","False","True","51","0x06002D7B"
"DolocTown.ItemSeed","CanBuyback","System.Boolean DolocTown.ItemSeed::CanBuyback()","System.Boolean","","protected","False","True","False","False","True","10","0x06002D7C"
"DolocTown.ItemSeed/<>c__DisplayClass27_0",".ctor","System.Void DolocTown.ItemSeed/<>c__DisplayClass27_0::.ctor()","System.Void","","public","False","False","False","True","True","7","0x06009E7D"
"DolocTown.ItemSeed/<>c__DisplayClass27_0","<PlantSeed>b__0","System.Void DolocTown.ItemSeed/<>c__DisplayClass27_0::<PlantSeed>b__0()","System.Void","","internal","False","False","False","False","True","204","0x06009E7E"
"DolocTown.ItemSeed/<>c__DisplayClass28_0",".ctor","System.Void DolocTown.ItemSeed/<>c__DisplayClass28_0::.ctor()","System.Void","","public","False","False","False","True","True","7","0x06009E7F"
"DolocTown.ItemSeed/<>c__DisplayClass28_0","<PlantSeed>b__0","System.Void DolocTown.ItemSeed/<>c__DisplayClass28_0::<PlantSeed>b__0()","System.Void","","internal","False","False","False","False","True","54","0x06009E80"
"DolocTown.ItemSeedMaternal","get_func","DolocTown.Config.Item.ItemFunctionSeedMaternal DolocTown.ItemSeedMaternal::get_func()","DolocTown.Config.Item.ItemFunctionSeedMaternal","","private","False","False","False","False","True","17","0x06002E11"
"DolocTown.ItemSeedMaternal",".ctor","System.Void DolocTown.ItemSeedMaternal::.ctor(DolocTown.Config.Item.ItemInfo,System.Int32)","System.Void","DolocTown.Config.Item.ItemInfo proto; System.Int32 count","public","False","False","False","True","True","9","0x06002E12"
"DolocTown.ItemSeedMaternal",".ctor","System.Void DolocTown.ItemSeedMaternal::.ctor(System.String,System.Int32)","System.Void","System.String itemName; System.Int32 itemCount","protected","False","False","False","True","True","9","0x06002E13"
"DolocTown.ItemSeedMaternal","CanDispose","System.Boolean DolocTown.ItemSeedMaternal::CanDispose()","System.Boolean","","protected","False","True","False","False","True","47","0x06002E14"
"DolocTown.ItemSeedMaternal","CanSell","System.Boolean DolocTown.ItemSeedMaternal::CanSell()","System.Boolean","","protected","False","True","False","False","True","47","0x06002E15"
"DolocTown.ItemSeedTree","get_func","DolocTown.Config.Item.ItemFunctionSeedTree DolocTown.ItemSeedTree::get_func()","DolocTown.Config.Item.ItemFunctionSeedTree","","private","False","False","False","False","True","17","0x06002E32"
"DolocTown.ItemSeedTree","get_CanPlantOnGround","System.Boolean DolocTown.ItemSeedTree::get_CanPlantOnGround()","System.Boolean","","public","False","False","False","False","True","10","0x06002E33"
"DolocTown.ItemSeedTree","get_TreeSeedProto","DolocTown.Config.Plant.TreeSeedInfo DolocTown.ItemSeedTree::get_TreeSeedProto()","DolocTown.Config.Plant.TreeSeedInfo","","public","False","False","False","False","True","12","0x06002E34"
"DolocTown.ItemSeedTree","get_ResourceProto","DolocTown.Config.Resource.ResourceInfo DolocTown.ItemSeedTree::get_ResourceProto()","DolocTown.Config.Resource.ResourceInfo","","public","False","False","False","False","True","23","0x06002E35"
"DolocTown.ItemSeedTree","get_width","System.Int32 DolocTown.ItemSeedTree::get_width()","System.Int32","","private","False","False","False","False","True","18","0x06002E36"
"DolocTown.ItemSeedTree",".ctor","System.Void DolocTown.ItemSeedTree::.ctor(DolocTown.Config.Item.ItemInfo,System.Int32)","System.Void","DolocTown.Config.Item.ItemInfo item; System.Int32 count","public","False","False","False","True","True","9","0x06002E37"
"DolocTown.ItemSeedTree",".ctor","System.Void DolocTown.ItemSeedTree::.ctor(System.String,System.Int32)","System.Void","System.String itemName; System.Int32 itemCount","protected","False","False","False","True","True","9","0x06002E38"
"DolocTown.ItemSeedTree","OnUseAsTool","System.Void DolocTown.ItemSeedTree::OnUseAsTool()","System.Void","","protected","False","True","False","False","True","43","0x06002E39"
"DolocTown.ItemSeedTree","_TryPlantInBasin","System.Boolean DolocTown.ItemSeedTree::_TryPlantInBasin(UnityEngine.Vector2Int)","System.Boolean","UnityEngine.Vector2Int cellpos","private","False","False","False","False","True","19","0x06002E3A"
"DolocTown.ItemSeedTree","_PlantTreeOnGround","System.Void DolocTown.ItemSeedTree::_PlantTreeOnGround(DolocTown.Config.Resource.ResourceInfo,UnityEngine.Vector2Int)","System.Void","DolocTown.Config.Resource.ResourceInfo proto; UnityEngine.Vector2Int cellpos","private","False","False","False","False","True","178","0x06002E3B"
"DolocTown.ItemSeedTree","OnQuickSelect","System.Void DolocTown.ItemSeedTree::OnQuickSelect()","System.Void","","protected","False","True","False","False","True","49","0x06002E3C"
"DolocTown.ItemSeedTree","OnQuickDeselect","System.Void DolocTown.ItemSeedTree::OnQuickDeselect()","System.Void","","protected","False","True","False","False","True","13","0x06002E3D"
"DolocTown.ItemSeedTree","RefreshCellTip","System.Void DolocTown.ItemSeedTree::RefreshCellTip()","System.Void","","protected","False","True","False","False","True","117","0x06002E3E"
"DolocTown.ItemSeedTree/<>c__DisplayClass14_0",".ctor","System.Void DolocTown.ItemSeedTree/<>c__DisplayClass14_0::.ctor()","System.Void","","public","False","False","False","True","True","7","0x06009E97"
"DolocTown.ItemSeedTree/<>c__DisplayClass14_0","<_PlantTreeOnGround>b__0","System.Void DolocTown.ItemSeedTree/<>c__DisplayClass14_0::<_PlantTreeOnGround>b__0()","System.Void","","internal","False","False","False","False","True","57","0x06009E98"
"DolocTown.TreeCrop","get_Basin","DolocTown.PlantBasinTree DolocTown.TreeCrop::get_Basin()","DolocTown.PlantBasinTree","","public","False","False","False","False","True","7","0x06002EB7"
"DolocTown.TreeCrop","set_Basin","System.Void DolocTown.TreeCrop::set_Basin(DolocTown.PlantBasinTree)","System.Void","DolocTown.PlantBasinTree value","public","False","False","False","False","True","8","0x06002EB8"
"DolocTown.TreeCrop","get_Renderer","DolocTown.TreeCropRenderer DolocTown.TreeCrop::get_Renderer()","DolocTown.TreeCropRenderer","","public","False","False","False","False","True","7","0x06002EB9"
"DolocTown.TreeCrop","set_Renderer","System.Void DolocTown.TreeCrop::set_Renderer(DolocTown.TreeCropRenderer)","System.Void","DolocTown.TreeCropRenderer value","public","False","False","False","False","True","8","0x06002EBA"
"DolocTown.TreeCrop","get_seedName","System.String DolocTown.TreeCrop::get_seedName()","System.String","","protected","False","False","False","False","True","12","0x06002EBB"
"DolocTown.TreeCrop","get_CurrentLevel","System.Int32 DolocTown.TreeCrop::get_CurrentLevel()","System.Int32","","public","False","False","False","False","True","7","0x06002EBC"
"DolocTown.TreeCrop","set_CurrentLevel","System.Void DolocTown.TreeCrop::set_CurrentLevel(System.Int32)","System.Void","System.Int32 value","private","False","False","False","False","True","8","0x06002EBD"
"DolocTown.TreeCrop","get_isMature","System.Boolean DolocTown.TreeCrop::get_isMature()","System.Boolean","","private","False","False","False","False","True","23","0x06002EBE"
"DolocTown.TreeCrop","get_IsFertilizered","System.Boolean DolocTown.TreeCrop::get_IsFertilizered()","System.Boolean","","public","False","False","False","False","True","15","0x06002EBF"
"DolocTown.TreeCrop","get_CurrentLevelData","DolocTown.Config.Resource.ResourceLevelData DolocTown.TreeCrop::get_CurrentLevelData()","DolocTown.Config.Resource.ResourceLevelData","","public","False","False","False","False","True","18","0x06002EC0"
"DolocTown.TreeCrop","get_CurrentSprite","UnityEngine.Sprite DolocTown.TreeCrop::get_CurrentSprite()","UnityEngine.Sprite","","public","False","False","False","False","True","18","0x06002EC1"
"DolocTown.TreeCrop","get_maxGrowthValue","System.Int32 DolocTown.TreeCrop::get_maxGrowthValue()","System.Int32","","private","False","False","False","False","True","30","0x06002EC2"
"DolocTown.TreeCrop","get_GrowthProgress","System.Single DolocTown.TreeCrop::get_GrowthProgress()","System.Single","","public","False","False","False","False","True","21","0x06002EC3"
"DolocTown.TreeCrop","get_ShouldRepeat","System.Boolean DolocTown.TreeCrop::get_ShouldRepeat()","System.Boolean","","public","False","False","False","False","True","15","0x06002EC4"
"DolocTown.TreeCrop",".ctor","System.Void DolocTown.TreeCrop::.ctor(DolocTown.PlantBasinTree,DolocTown.Config.Plant.TreeSeedInfo)","System.Void","DolocTown.PlantBasinTree basin; DolocTown.Config.Plant.TreeSeedInfo protoTree","public","False","False","False","True","True","137","0x06002EC5"
"DolocTown.TreeCrop",".ctor","System.Void DolocTown.TreeCrop::.ctor(System.String,System.Single,System.Int32,System.Int32,DolocTown.FertilizerData,System.Int32)","System.Void","System.String seedName; System.Single currentGrowthValue; System.Int32 CurrentLevel; System.Int32 currentHealth; DolocTown.FertilizerData fertilizerData; System.Int32 randomSeed","protected","False","False","False","True","True","142","0x06002EC6"
"DolocTown.TreeCrop","Validate","System.Boolean DolocTown.TreeCrop::Validate()","System.Boolean","","public","False","False","False","False","True","10","0x06002EC7"
"DolocTown.TreeCrop","OnFell","System.Boolean DolocTown.TreeCrop::OnFell(DolocTown.ItemTool,UnityEngine.Vector2)","System.Boolean","DolocTown.ItemTool tool; UnityEngine.Vector2 hitPoint","public","False","False","False","False","True","497","0x06002EC8"
"DolocTown.TreeCrop","OnCompleteFell","System.Void DolocTown.TreeCrop::OnCompleteFell()","System.Void","","private","False","False","False","False","True","255","0x06002EC9"
"DolocTown.TreeCrop","get_Growth","System.Single DolocTown.TreeCrop::get_Growth()","System.Single","","public","False","False","False","False","True","54","0x06002ECA"
"DolocTown.TreeCrop","Update","System.Void DolocTown.TreeCrop::Update(DolocTown.Config.Weather.WeatherInfo,System.Boolean)","System.Void","DolocTown.Config.Weather.WeatherInfo weather; System.Boolean isRender","public","False","False","False","False","True","121","0x06002ECB"
"DolocTown.TreeCrop","OnRender","System.Void DolocTown.TreeCrop::OnRender()","System.Void","","public","False","False","False","False","True","7","0x06002ECC"
"DolocTown.TreeCrop","OnUnRender","System.Void DolocTown.TreeCrop::OnUnRender()","System.Void","","public","False","False","False","False","True","7","0x06002ECD"
"DolocTown.TreeCrop","RefreshSubRenderers","System.Void DolocTown.TreeCrop::RefreshSubRenderers()","System.Void","","private","False","False","False","False","True","101","0x06002ECE"
"DolocTown.TreeCrop","ClearSubRenders","System.Void DolocTown.TreeCrop::ClearSubRenders()","System.Void","","private","False","False","False","False","True","68","0x06002ECF"
"DolocTown.TreeCrop","RenderOnGrow","System.Void DolocTown.TreeCrop::RenderOnGrow()","System.Void","","public","False","False","False","False","True","124","0x06002ED0"
"DolocTown.TreeCrop","Fertilizer","System.Void DolocTown.TreeCrop::Fertilizer(System.Int32,System.Single,DolocTown.Config.Item.ItemInfo)","System.Void","System.Int32 duration; System.Single addition; DolocTown.Config.Item.ItemInfo fertilizerItem","public","False","False","False","False","True","30","0x06002ED1"
"DolocTown.TreeCrop","SetMaxHealth","System.Void DolocTown.TreeCrop::SetMaxHealth()","System.Void","","public","False","False","False","False","True","18","0x06002ED2"
"DolocTown.TreeCrop","DEBUG_SetLevel","System.Void DolocTown.TreeCrop::DEBUG_SetLevel(System.Int32)","System.Void","System.Int32 lv","public","False","False","False","False","True","73","0x06002ED3"
"DolocTown.Crop","get_seedProto","DolocTown.Config.Plant.SeedInfo DolocTown.Crop::get_seedProto()","DolocTown.Config.Plant.SeedInfo","","public","False","False","False","False","True","7","0x06002ED4"
"DolocTown.Crop","set_seedProto","System.Void DolocTown.Crop::set_seedProto(DolocTown.Config.Plant.SeedInfo)","System.Void","DolocTown.Config.Plant.SeedInfo value","protected","False","False","False","False","True","8","0x06002ED5"
"DolocTown.Crop","get_plantBasin","DolocTown.PlantBasin DolocTown.Crop::get_plantBasin()","DolocTown.PlantBasin","","public","False","False","False","False","True","7","0x06002ED6"
"DolocTown.Crop","set_plantBasin","System.Void DolocTown.Crop::set_plantBasin(DolocTown.PlantBasin)","System.Void","DolocTown.PlantBasin value","private","False","False","False","False","True","8","0x06002ED7"
"DolocTown.Crop","get_geneProtos","DolocTown.Config.Plant.CropGeneInfo[] DolocTown.Crop::get_geneProtos()","DolocTown.Config.Plant.CropGeneInfo[]","","public","False","False","False","False","True","7","0x06002ED8"
"DolocTown.Crop","set_geneProtos","System.Void DolocTown.Crop::set_geneProtos(DolocTown.Config.Plant.CropGeneInfo[])","System.Void","DolocTown.Config.Plant.CropGeneInfo[] value","private","False","False","False","False","True","8","0x06002ED9"
"DolocTown.Crop","get_seedName","System.String DolocTown.Crop::get_seedName()","System.String","","private","False","False","False","False","True","12","0x06002EDA"
"DolocTown.Crop","get_geneNames","System.String[] DolocTown.Crop::get_geneNames()","System.String[]","","private","False","False","False","False","True","48","0x06002EDB"
"DolocTown.Crop","get_IsValid","System.Boolean DolocTown.Crop::get_IsValid()","System.Boolean","","public","False","False","False","False","True","10","0x06002EDC"
"DolocTown.Crop","get_CropDecorator","DolocTown.CropDecorator DolocTown.Crop::get_CropDecorator()","DolocTown.CropDecorator","","public","False","False","False","False","True","7","0x06002EDD"
"DolocTown.Crop","set_CropDecorator","System.Void DolocTown.Crop::set_CropDecorator(DolocTown.CropDecorator)","System.Void","DolocTown.CropDecorator value","private","False","False","False","False","True","8","0x06002EDE"
"DolocTown.Crop","get_hasGrowed","System.Boolean DolocTown.Crop::get_hasGrowed()","System.Boolean","","public","False","False","False","False","True","7","0x06002EDF"
"DolocTown.Crop","set_hasGrowed","System.Void DolocTown.Crop::set_hasGrowed(System.Boolean)","System.Void","System.Boolean value","public","False","False","False","False","True","8","0x06002EE0"
"DolocTown.Crop","get_lastAddition","System.Single DolocTown.Crop::get_lastAddition()","System.Single","","public","False","False","False","False","True","7","0x06002EE1"
"DolocTown.Crop","set_lastAddition","System.Void DolocTown.Crop::set_lastAddition(System.Single)","System.Void","System.Single value","public","False","False","False","False","True","8","0x06002EE2"
"DolocTown.Crop","get_lastFertilizerAddition","System.Single DolocTown.Crop::get_lastFertilizerAddition()","System.Single","","public","False","False","False","False","True","7","0x06002EE3"
"DolocTown.Crop","set_lastFertilizerAddition","System.Void DolocTown.Crop::set_lastFertilizerAddition(System.Single)","System.Void","System.Single value","public","False","False","False","False","True","8","0x06002EE4"
"DolocTown.Crop",".ctor","System.Void DolocTown.Crop::.ctor(DolocTown.Config.Plant.SeedInfo,DolocTown.PlantBasin,DolocTown.Config.Plant.CropGeneInfo[])","System.Void","DolocTown.Config.Plant.SeedInfo seedProto; DolocTown.PlantBasin plantBasin; DolocTown.Config.Plant.CropGeneInfo[] geneProtos","public","False","False","False","True","True","57","0x06002EE5"
"DolocTown.Crop",".ctor","System.Void DolocTown.Crop::.ctor(System.String,DolocTown.CropData,System.String[],DolocTown.CropGeneFunction[])","System.Void","System.String seedName; DolocTown.CropData data; System.String[] geneNames; DolocTown.CropGeneFunction[] functions","protected","False","False","False","True","True","119","0x06002EE6"
"DolocTown.Crop","AfterLoadData","System.Void DolocTown.Crop::AfterLoadData(DolocTown.PlantBasin)","System.Void","DolocTown.PlantBasin basin","public","False","True","False","False","True","62","0x06002EE7"
"DolocTown.Crop","RebuildGeneProtos","DolocTown.Config.Plant.CropGeneInfo[] DolocTown.Crop::RebuildGeneProtos(System.String[])","DolocTown.Config.Plant.CropGeneInfo[]","System.String[] names","private","False","False","False","False","True","107","0x06002EE8"
"DolocTown.Crop","ValidateGeneFunctions","DolocTown.CropGeneFunction[] DolocTown.Crop::ValidateGeneFunctions(DolocTown.Config.Plant.CropGeneInfo[],DolocTown.CropGeneFunction[])","DolocTown.CropGeneFunction[]","DolocTown.Config.Plant.CropGeneInfo[] geneProtos; DolocTown.CropGeneFunction[] functions","private","False","False","False","False","True","109","0x06002EE9"
"DolocTown.Crop","RebuildFunctions","System.Void DolocTown.Crop::RebuildFunctions()","System.Void","","public","False","False","False","False","True","92","0x06002EEA"
"DolocTown.Crop","get_CurrentSprite","UnityEngine.Sprite DolocTown.Crop::get_CurrentSprite()","UnityEngine.Sprite","","public","False","False","False","False","True","84","0x06002EEB"
"DolocTown.Crop","get_SeedId","System.String DolocTown.Crop::get_SeedId()","System.String","","public","False","False","False","False","True","12","0x06002EEC"
"DolocTown.Crop","get_CropSrite","UnityEngine.Sprite DolocTown.Crop::get_CropSrite()","UnityEngine.Sprite","","public","False","False","False","False","True","7","0x06002EED"
"DolocTown.Crop","get_isMature","System.Boolean DolocTown.Crop::get_isMature()","System.Boolean","","public","False","False","False","False","True","27","0x06002EEE"
"DolocTown.Crop","get_isDead","System.Boolean DolocTown.Crop::get_isDead()","System.Boolean","","public","False","False","False","False","True","12","0x06002EEF"
"DolocTown.Crop","get_isMoist","System.Boolean DolocTown.Crop::get_isMoist()","System.Boolean","","public","False","False","False","False","True","12","0x06002EF0"
"DolocTown.Crop","get_IsPolluted","System.Boolean DolocTown.Crop::get_IsPolluted()","System.Boolean","","public","False","False","False","False","True","12","0x06002EF1"
"DolocTown.Crop","get_CurrentLevel","System.Int32 DolocTown.Crop::get_CurrentLevel()","System.Int32","","public","False","False","False","False","True","12","0x06002EF2"
"DolocTown.Crop","get_CurrentLevelData","DolocTown.Config.Plant.CropLevelData DolocTown.Crop::get_CurrentLevelData()","DolocTown.Config.Plant.CropLevelData","","public","False","False","False","False","True","18","0x06002EF3"
"DolocTown.Crop","get_GrowthInfo","System.String DolocTown.Crop::get_GrowthInfo()","System.String","","public","False","False","False","False","True","93","0x06002EF4"
"DolocTown.Crop","get_TotalGrowthDays","System.String DolocTown.Crop::get_TotalGrowthDays()","System.String","","public","False","False","False","False","True","110","0x06002EF5"
"DolocTown.Crop","get_HealthInfo","System.String DolocTown.Crop::get_HealthInfo()","System.String","","public","False","False","False","False","True","43","0x06002EF6"
"DolocTown.Crop","get_HealthProgress","System.Single DolocTown.Crop::get_HealthProgress()","System.Single","","public","False","False","False","False","True","24","0x06002EF7"
"DolocTown.Crop","get_cropType","DolocTown.Config.Plant.SeedTypeInfo DolocTown.Crop::get_cropType()","DolocTown.Config.Plant.SeedTypeInfo","","public","False","False","False","False","True","12","0x06002EF8"
"DolocTown.Crop","get_hasHarvested","System.Boolean DolocTown.Crop::get_hasHarvested()","System.Boolean","","public","False","False","False","False","True","15","0x06002EF9"
"DolocTown.Crop","get_TotalGrowthValue","System.Single DolocTown.Crop::get_TotalGrowthValue()","System.Single","","public","False","False","False","False","True","49","0x06002EFA"
"DolocTown.Crop","get_CurrentGrowthValue","System.Single DolocTown.Crop::get_CurrentGrowthValue()","System.Single","","public","False","False","False","False","True","72","0x06002EFB"
"DolocTown.Crop","get_TotalGrowthProgress","System.Single DolocTown.Crop::get_TotalGrowthProgress()","System.Single","","public","False","False","False","False","True","14","0x06002EFC"
"DolocTown.Crop","get_RemainingHarvestTimes","System.Int32 DolocTown.Crop::get_RemainingHarvestTimes()","System.Int32","","public","False","False","False","False","True","12","0x06002EFD"
"DolocTown.Crop","get_IsGeneCrop","System.Boolean DolocTown.Crop::get_IsGeneCrop()","System.Boolean","","public","False","True","False","False","True","15","0x06002EFE"
"DolocTown.Crop","Swing","System.Void DolocTown.Crop::Swing()","System.Void","","public","False","False","False","False","True","79","0x06002EFF"
"DolocTown.Crop","UpdateRenderer","System.Void DolocTown.Crop::UpdateRenderer(System.Boolean)","System.Void","System.Boolean animateGrow","public","False","False","False","False","True","130","0x06002F00"
"DolocTown.Crop","FugusAcidification","System.Boolean DolocTown.Crop::FugusAcidification(System.Boolean)","System.Boolean","System.Boolean shouldRender","public","False","False","False","False","True","168","0x06002F01"
"DolocTown.Crop","OnFell","System.Boolean DolocTown.Crop::OnFell(DolocTown.ItemTool,UnityEngine.Vector2)","System.Boolean","DolocTown.ItemTool tool; UnityEngine.Vector2 position","public","False","False","False","False","True","41","0x06002F02"
"DolocTown.Crop","UpdatePollutedStatus","System.Void DolocTown.Crop::UpdatePollutedStatus(System.Boolean,System.Boolean)","System.Void","System.Boolean isMoist; System.Boolean shouldRender","protected","False","False","False","False","True","47","0x06002F03"
"DolocTown.Crop","_CheckPolluted","System.Boolean DolocTown.Crop::_CheckPolluted(System.Boolean,System.Boolean)","System.Boolean","System.Boolean isMoist; System.Boolean shouldRender","public","False","False","False","False","True","33","0x06002F04"
"DolocTown.Crop","RefreshMoistStatus","System.Void DolocTown.Crop::RefreshMoistStatus(System.Boolean,System.Boolean)","System.Void","System.Boolean isMoist; System.Boolean shouldRender","public","False","False","False","False","True","68","0x06002F05"
"DolocTown.Crop","OverrideCropData","System.Void DolocTown.Crop::OverrideCropData(System.Func`2<DolocTown.CropData,DolocTown.CropData>)","System.Void","System.Func`2<DolocTown.CropData,DolocTown.CropData> func","public","False","False","False","False","True","19","0x06002F06"
"DolocTown.Crop","_GrowBack","System.Boolean DolocTown.Crop::_GrowBack(System.Boolean)","System.Boolean","System.Boolean shouldClearGrowth","public","False","True","False","False","True","100","0x06002F07"
"DolocTown.Crop","_GrowForward","System.Boolean DolocTown.Crop::_GrowForward(System.Boolean)","System.Boolean","System.Boolean shouldClearGrowth","public","False","True","False","False","True","111","0x06002F08"
"DolocTown.Crop","Damage","System.Void DolocTown.Crop::Damage(System.Single,System.Boolean,System.Boolean)","System.Void","System.Single dmg; System.Boolean shouldRender; System.Boolean delayHurtAnim","public","False","False","False","False","True","152","0x06002F09"
"DolocTown.Crop","Kill","System.Void DolocTown.Crop::Kill(System.Boolean)","System.Void","System.Boolean shouldRender","public","False","False","False","False","True","26","0x06002F0A"
"DolocTown.Crop","TakeGrowthValue","System.Single DolocTown.Crop::TakeGrowthValue(System.Single)","System.Single","System.Single require","public","False","False","False","False","True","92","0x06002F0B"
"DolocTown.Crop","CheckOxygen","System.Boolean DolocTown.Crop::CheckOxygen(UnityEngine.Vector2Int,System.Int32&)","System.Boolean","UnityEngine.Vector2Int agentPositionCell; System.Int32& value","public","False","False","False","False","True","14","0x06002F0C"
"DolocTown.Crop","GetDescription","System.String DolocTown.Crop::GetDescription()","System.String","","public","False","False","False","False","True","30","0x06002F0D"
"DolocTown.Crop","DEBUG_SetLevel","System.Void DolocTown.Crop::DEBUG_SetLevel(System.Boolean,System.Int32)","System.Void","System.Boolean shouldRender; System.Int32 lv","public","False","False","False","False","True","163","0x06002F0E"
"DolocTown.Crop","_ThunderEvent_MatureEndYam","System.Boolean DolocTown.Crop::_ThunderEvent_MatureEndYam(System.Boolean)","System.Boolean","System.Boolean shouldRender","public","False","False","False","False","True","148","0x06002F0F"
"DolocTown.Crop","get_Renderer","DolocTown.CropRenderer DolocTown.Crop::get_Renderer()","DolocTown.CropRenderer","","public","False","False","False","False","True","7","0x06002F10"
"DolocTown.Crop","set_Renderer","System.Void DolocTown.Crop::set_Renderer(DolocTown.CropRenderer)","System.Void","DolocTown.CropRenderer value","public","False","False","False","False","True","8","0x06002F11"
"DolocTown.Crop","get_LastGrowth","System.Single DolocTown.Crop::get_LastGrowth()","System.Single","","public","False","False","False","False","True","7","0x06002F12"
"DolocTown.Crop","set_LastGrowth","System.Void DolocTown.Crop::set_LastGrowth(System.Single)","System.Void","System.Single value","protected","False","False","False","False","True","8","0x06002F13"
"DolocTown.Crop","SetCropData","System.Void DolocTown.Crop::SetCropData(DolocTown.CropData)","System.Void","DolocTown.CropData data","public","False","False","False","False","True","8","0x06002F14"
"DolocTown.Crop","get_OriginMoodContribution","System.Int32 DolocTown.Crop::get_OriginMoodContribution()","System.Int32","","public","False","False","False","False","True","2","0x06002F15"
"DolocTown.Crop","get_OriginMaxLifespan","System.Int32 DolocTown.Crop::get_OriginMaxLifespan()","System.Int32","","public","False","False","False","False","True","12","0x06002F16"
"DolocTown.Crop","OriginRegrow","System.Boolean DolocTown.Crop::OriginRegrow(System.Boolean)","System.Boolean","System.Boolean shouldRender","public","False","False","False","False","True","141","0x06002F17"
"DolocTown.Crop","OriginGrowBack","System.Boolean DolocTown.Crop::OriginGrowBack(System.Boolean,System.Boolean)","System.Boolean","System.Boolean shouldRender; System.Boolean shouldClearGrowth","public","False","False","False","False","True","100","0x06002F18"
"DolocTown.Crop","OriginGrowForward","System.Boolean DolocTown.Crop::OriginGrowForward(System.Boolean,System.Boolean)","System.Boolean","System.Boolean shouldRender; System.Boolean shouldClearGrowth","public","False","False","False","False","True","111","0x06002F19"
"DolocTown.Crop","OriginWater","System.Void DolocTown.Crop::OriginWater(System.Boolean)","System.Void","System.Boolean shouldRender","public","False","False","False","False","True","168","0x06002F1A"
"DolocTown.Crop","OriginProtected","System.Void DolocTown.Crop::OriginProtected(System.Boolean)","System.Void","System.Boolean shouldRender","public","False","False","False","False","True","111","0x06002F1B"
"DolocTown.Crop","_ApplyGrowth","System.Void DolocTown.Crop::_ApplyGrowth(System.Single,System.Boolean)","System.Void","System.Single growth; System.Boolean shouldRender","public","False","False","False","False","True","171","0x06002F1C"
"DolocTown.Crop","Grow","System.Void DolocTown.Crop::Grow(System.Boolean,System.Boolean,System.Single,System.Single)","System.Void","System.Boolean shouldRender; System.Boolean isMoist; System.Single addition; System.Single fertilizerAddition","public","False","False","False","False","True","70","0x06002F1D"
"DolocTown.Crop","OriginUpdateNormal","System.Void DolocTown.Crop::OriginUpdateNormal(System.Boolean,System.Boolean,System.Single,System.Single)","System.Void","System.Boolean shouldRender; System.Boolean isMoist; System.Single addition; System.Single fertilizerAddition","public","False","False","False","False","True","12","0x06002F1E"
"DolocTown.Crop","OriginUpdateAcidRain","System.Void DolocTown.Crop::OriginUpdateAcidRain(System.Boolean,System.Boolean,System.Single,System.Single,System.Boolean,System.Single)","System.Void","System.Boolean shouldRender; System.Boolean isMoist; System.Single addition; System.Single fertilizerAddition; System.Boolean isProtected; System.Single damage","public","False","False","False","False","True","305","0x06002F1F"
"DolocTown.Crop","OriginUpdateScorchSun","System.Void DolocTown.Crop::OriginUpdateScorchSun(System.Boolean,System.Boolean,System.Single,System.Single,System.Boolean,System.Single)","System.Void","System.Boolean shouldRender; System.Boolean isMoist; System.Single addition; System.Single fertilizerAddition; System.Boolean isProtected; System.Single damage","public","False","False","False","False","True","261","0x06002F20"
"DolocTown.Crop","OriginThunder","System.Void DolocTown.Crop::OriginThunder(System.Boolean)","System.Void","System.Boolean shouldRender","public","False","False","False","False","True","137","0x06002F21"
"DolocTown.Crop","OriginCheckGrowthMonth","System.Boolean DolocTown.Crop::OriginCheckGrowthMonth(System.Boolean)","System.Boolean","System.Boolean shouldRender","public","False","True","False","False","True","278","0x06002F22"
"DolocTown.Crop","OriginGenCropOutput","System.Void DolocTown.Crop::OriginGenCropOutput(System.Boolean)","System.Void","System.Boolean putInBackpack","public","False","True","False","False","True","364","0x06002F23"
"DolocTown.Crop","OriginTryGetNeedWaterOrClear","System.Boolean DolocTown.Crop::OriginTryGetNeedWaterOrClear(System.Boolean&)","System.Boolean","System.Boolean& value","public","False","False","False","False","True","5","0x06002F24"
"DolocTown.Crop","get_MoodContribution","System.Int32 DolocTown.Crop::get_MoodContribution()","System.Int32","","public","False","False","False","False","True","12","0x06002F25"
"DolocTown.Crop","get_MaxLifespan","System.Int32 DolocTown.Crop::get_MaxLifespan()","System.Int32","","public","False","False","False","False","True","12","0x06002F26"
"DolocTown.Crop","Regrow","System.Boolean DolocTown.Crop::Regrow(System.Boolean)","System.Boolean","System.Boolean shouldRender","public","False","False","False","False","True","13","0x06002F27"
"DolocTown.Crop","GrowBack","System.Boolean DolocTown.Crop::GrowBack(System.Boolean,System.Boolean)","System.Boolean","System.Boolean shouldRender; System.Boolean shouldClearGrowth","public","False","False","False","False","True","14","0x06002F28"
"DolocTown.Crop","GrowForward","System.Boolean DolocTown.Crop::GrowForward(System.Boolean,System.Boolean)","System.Boolean","System.Boolean shouldRender; System.Boolean shouldClearGrowth","public","False","False","False","False","True","14","0x06002F29"
"DolocTown.Crop","Water","System.Void DolocTown.Crop::Water(System.Boolean,System.Boolean)","System.Void","System.Boolean shouldRender; System.Boolean invokeCallback","public","False","False","False","False","True","14","0x06002F2A"
"DolocTown.Crop","Protected","System.Void DolocTown.Crop::Protected(System.Boolean)","System.Void","System.Boolean shouldRender","public","False","False","False","False","True","13","0x06002F2B"
"DolocTown.Crop","UpdateNormal","System.Void DolocTown.Crop::UpdateNormal(System.Boolean,System.Boolean,System.Single,System.Single)","System.Void","System.Boolean shouldRender; System.Boolean isMoist; System.Single addition; System.Single fertilizerAddition","public","False","False","False","False","True","17","0x06002F2C"
"DolocTown.Crop","UpdateAcidRain","System.Void DolocTown.Crop::UpdateAcidRain(System.Boolean,System.Boolean,System.Single,System.Single,System.Boolean,System.Single)","System.Void","System.Boolean shouldRender; System.Boolean isMoist; System.Single addition; System.Single fertilizerAddition; System.Boolean isProtected; System.Single damage","public","False","False","False","False","True","21","0x06002F2D"
"DolocTown.Crop","UpdateScorchSun","System.Void DolocTown.Crop::UpdateScorchSun(System.Boolean,System.Boolean,System.Single,System.Single,System.Boolean,System.Single)","System.Void","System.Boolean shouldRender; System.Boolean isMoist; System.Single addition; System.Single fertilizerAddition; System.Boolean isProtected; System.Single damage","public","False","False","False","False","True","21","0x06002F2E"
"DolocTown.Crop","Thunder","System.Void DolocTown.Crop::Thunder(System.Boolean)","System.Void","System.Boolean shouldRender","public","False","False","False","False","True","13","0x06002F2F"
"DolocTown.Crop","GenCropOutput","System.Void DolocTown.Crop::GenCropOutput(System.Boolean)","System.Void","System.Boolean putInBackpack","public","False","False","False","False","True","13","0x06002F30"
"DolocTown.Crop","CheckGrowthMonth","System.Boolean DolocTown.Crop::CheckGrowthMonth(System.Boolean)","System.Boolean","System.Boolean shouldRender","public","False","False","False","False","True","13","0x06002F31"
"DolocTown.Crop","RebuildSeed","DolocTown.ItemSeed DolocTown.Crop::RebuildSeed()","DolocTown.ItemSeed","","public","False","False","False","False","True","101","0x06002F32"
"DolocTown.Crop","OnRender","System.Void DolocTown.Crop::OnRender()","System.Void","","public","False","False","False","False","True","12","0x06002F33"
"DolocTown.Crop","OnUnRender","System.Void DolocTown.Crop::OnUnRender()","System.Void","","public","False","False","False","False","True","17","0x06002F34"
"DolocTown.Crop","AfterClearWither","System.Void DolocTown.Crop::AfterClearWither(System.Boolean)","System.Void","System.Boolean shouldRender","public","False","False","False","False","True","13","0x06002F35"
"DolocTown.Crop","AfterHarvest","System.Void DolocTown.Crop::AfterHarvest(System.Boolean)","System.Void","System.Boolean shouldRender","public","False","False","False","False","True","13","0x06002F36"
"DolocTown.Crop","TryGetNeedWaterOrClear","System.Boolean DolocTown.Crop::TryGetNeedWaterOrClear(System.Boolean&)","System.Boolean","System.Boolean& value","public","False","False","False","False","True","13","0x06002F37"
"DolocTown.Crop","<OriginGenCropOutput>g__PassOutputData|124_0","DolocTown.CropOutputData DolocTown.Crop::<OriginGenCropOutput>g__PassOutputData|124_0(DolocTown.CropOutputData,DolocTown.RangedItem)","DolocTown.CropOutputData","DolocTown.CropOutputData data; DolocTown.RangedItem item","private","False","False","False","False","True","35","0x06002F38"
"DolocTown.Crop/<>c",".cctor","System.Void DolocTown.Crop/<>c::.cctor()","System.Void","","private","True","False","False","True","True","11","0x06009EA0"
"DolocTown.Crop/<>c",".ctor","System.Void DolocTown.Crop/<>c::.ctor()","System.Void","","public","False","False","False","True","True","7","0x06009EA1"
"DolocTown.Crop/<>c","<get_geneNames>b__16_0","System.String DolocTown.Crop/<>c::<get_geneNames>b__16_0(DolocTown.Config.Plant.CropGeneInfo)","System.String","DolocTown.Config.Plant.CropGeneInfo x","internal","False","False","False","False","True","7","0x06009EA2"
"DolocTown.Crop/<>c","<get_TotalGrowthValue>b__73_0","System.Int32 DolocTown.Crop/<>c::<get_TotalGrowthValue>b__73_0(DolocTown.Config.Plant.CropLevelData)","System.Int32","DolocTown.Config.Plant.CropLevelData x","internal","False","False","False","False","True","7","0x06009EA3"
"DolocTown.Crop/<>c__DisplayClass40_0",".ctor","System.Void DolocTown.Crop/<>c__DisplayClass40_0::.ctor()","System.Void","","public","False","False","False","True","True","7","0x06009EA4"
"DolocTown.Crop/<>c__DisplayClass40_0","<ValidateGeneFunctions>b__0","System.Boolean DolocTown.Crop/<>c__DisplayClass40_0::<ValidateGeneFunctions>b__0(DolocTown.CropGeneFunction)","System.Boolean","DolocTown.CropGeneFunction f","internal","False","False","False","False","True","23","0x06009EA5"
"DolocTown.CropData",".ctor","System.Void DolocTown.CropData::.ctor(System.Int32,System.Single)","System.Void","System.Int32 lifespan; System.Single healthValue","public","False","False","False","True","True","68","0x06002F39"
"DolocTown.CropData",".ctor","System.Void DolocTown.CropData::.ctor(System.Boolean,System.Boolean,System.Int32,System.Int32,System.Single,System.Single,System.Boolean,System.Boolean,System.Int32)","System.Void","System.Boolean isMature; System.Boolean isDead; System.Int32 currentLevel; System.Int32 lifespan; System.Single currentGrowthValue; System.Single currentHealthValue; System.Boolean isMoist; System.Boolean isPolluted; System.Int32 harvestTimes","public","False","False","False","True","True","70","0x06002F3A"
"DolocTown.CropDecorator",".ctor","System.Void DolocTown.CropDecorator::.ctor(DolocTown.Crop,DolocTown.CropGeneFunction[])","System.Void","DolocTown.Crop crop; DolocTown.CropGeneFunction[] functions","public","False","False","False","True","True","34","0x06002F3B"
"DolocTown.CropDecorator","ComposeFunction","DolocTown.ICropFunction DolocTown.CropDecorator::ComposeFunction(DolocTown.CropGeneFunction[])","DolocTown.ICropFunction","DolocTown.CropGeneFunction[] functions","private","False","False","False","False","True","41","0x06002F3C"
"DolocTown.CropDecorator","get_IsNaturalMoist","System.Boolean DolocTown.CropDecorator::get_IsNaturalMoist()","System.Boolean","","public","False","False","False","False","True","43","0x06002F3D"
"DolocTown.CropDecorator","CheckOxygen","System.Boolean DolocTown.CropDecorator::CheckOxygen(UnityEngine.Vector2Int,System.Int32&)","System.Boolean","UnityEngine.Vector2Int agentPositionCell; System.Int32& value","public","False","False","False","False","True","40","0x06002F3E"
"DolocTown.CropDecorator","OnCropDead","System.Void DolocTown.CropDecorator::OnCropDead(System.Boolean)","System.Void","System.Boolean shouldRender","public","False","False","False","False","True","31","0x06002F3F"
"DolocTown.CropDecorator","OnCropMature","System.Void DolocTown.CropDecorator::OnCropMature(System.Boolean)","System.Void","System.Boolean shouldRender","public","False","False","False","False","True","31","0x06002F40"
"DolocTown.CropDecorator","OnCropLevelUp","System.Void DolocTown.CropDecorator::OnCropLevelUp(System.Boolean)","System.Void","System.Boolean shouldRender","public","False","False","False","False","True","31","0x06002F41"
"DolocTown.CropDecorator","OnCropLevelDown","System.Void DolocTown.CropDecorator::OnCropLevelDown(System.Boolean)","System.Void","System.Boolean shouldRender","public","False","False","False","False","True","31","0x06002F42"
"DolocTown.CropDecorator","OnWater","System.Void DolocTown.CropDecorator::OnWater(System.Boolean)","System.Void","System.Boolean shouldRender","public","False","False","False","False","True","31","0x06002F43"
"DolocTown.CropDecorator","OnProtected","System.Void DolocTown.CropDecorator::OnProtected(System.Boolean)","System.Void","System.Boolean shouldRender","public","False","False","False","False","True","31","0x06002F44"
"DolocTown.CropDecorator","UpdateEx","System.Void DolocTown.CropDecorator::UpdateEx(System.Boolean)","System.Void","System.Boolean shouldRender","public","False","False","False","False","True","31","0x06002F45"
"DolocTown.CropDecorator","OnRender","System.Void DolocTown.CropDecorator::OnRender()","System.Void","","public","False","False","False","False","True","30","0x06002F46"
"DolocTown.CropDecorator","OnUnRender","System.Void DolocTown.CropDecorator::OnUnRender()","System.Void","","public","False","False","False","False","True","30","0x06002F47"
"DolocTown.CropDecorator","AfterHarvest","System.Void DolocTown.CropDecorator::AfterHarvest(System.Boolean)","System.Void","System.Boolean shouldRender","public","False","False","False","False","True","31","0x06002F48"
"DolocTown.CropDecorator","AfterClearWither","System.Void DolocTown.CropDecorator::AfterClearWither(System.Boolean)","System.Void","System.Boolean shouldRender","public","False","False","False","False","True","31","0x06002F49"
"DolocTown.CropDecorator","get_DctMoodContribution","System.Int32 DolocTown.CropDecorator::get_DctMoodContribution()","System.Int32","","public","False","False","False","False","True","12","0x06002F4A"
"DolocTown.CropDecorator","get_DctMaxLifespan","System.Int32 DolocTown.CropDecorator::get_DctMaxLifespan()","System.Int32","","public","False","False","False","False","True","12","0x06002F4B"
"DolocTown.CropDecorator","DctRegrow","System.Boolean DolocTown.CropDecorator::DctRegrow(System.Boolean)","System.Boolean","System.Boolean shouldRender","public","False","False","False","False","True","25","0x06002F4C"
"DolocTown.CropDecorator","DctGrowBack","System.Boolean DolocTown.CropDecorator::DctGrowBack(System.Boolean,System.Boolean)","System.Boolean","System.Boolean shouldRender; System.Boolean shouldClearGrowth","public","False","False","False","False","True","26","0x06002F4D"
"DolocTown.CropDecorator","DctGrowForward","System.Boolean DolocTown.CropDecorator::DctGrowForward(System.Boolean,System.Boolean)","System.Boolean","System.Boolean shouldRender; System.Boolean shouldClearGrowth","public","False","False","False","False","True","26","0x06002F4E"
"DolocTown.CropDecorator","DctWater","System.Void DolocTown.CropDecorator::DctWater(System.Boolean,System.Boolean)","System.Void","System.Boolean shouldRender; System.Boolean invokeCallback","public","False","False","False","False","True","24","0x06002F4F"
"DolocTown.CropDecorator","DctProtected","System.Void DolocTown.CropDecorator::DctProtected(System.Boolean)","System.Void","System.Boolean shouldRender","public","False","False","False","False","True","20","0x06002F50"
"DolocTown.CropDecorator","DctUpdateNormal","System.Void DolocTown.CropDecorator::DctUpdateNormal(System.Boolean,System.Boolean,System.Single,System.Single)","System.Void","System.Boolean shouldRender; System.Boolean isMoist; System.Single addition; System.Single fertilizerAddition","public","False","False","False","False","True","61","0x06002F51"
"DolocTown.CropDecorator","DctUpdateAcidRain","System.Void DolocTown.CropDecorator::DctUpdateAcidRain(System.Boolean,System.Boolean,System.Single,System.Single,System.Boolean,System.Single)","System.Void","System.Boolean shouldRender; System.Boolean isMoist; System.Single addition; System.Single fertilizerAddition; System.Boolean isProtected; System.Single damage","public","False","False","False","False","True","65","0x06002F52"
"DolocTown.CropDecorator","DctUpdateScorchSun","System.Void DolocTown.CropDecorator::DctUpdateScorchSun(System.Boolean,System.Boolean,System.Single,System.Single,System.Boolean,System.Single)","System.Void","System.Boolean shouldRender; System.Boolean isMoist; System.Single addition; System.Single fertilizerAddition; System.Boolean isProtected; System.Single damage","public","False","False","False","False","True","65","0x06002F53"
"DolocTown.CropDecorator","DctThunder","System.Void DolocTown.CropDecorator::DctThunder(System.Boolean)","System.Void","System.Boolean shouldRender","public","False","False","False","False","True","13","0x06002F54"
"DolocTown.CropDecorator","DctCheckGrowthMonth","System.Boolean DolocTown.CropDecorator::DctCheckGrowthMonth(System.Boolean)","System.Boolean","System.Boolean shouldRender","public","False","False","False","False","True","13","0x06002F55"
"DolocTown.CropDecorator","DctGenCropOutput","System.Void DolocTown.CropDecorator::DctGenCropOutput(System.Boolean)","System.Void","System.Boolean putInBackpack","public","False","False","False","False","True","13","0x06002F56"
"DolocTown.CropDecorator","DctTryGetNeedWaterOrClear","System.Boolean DolocTown.CropDecorator::DctTryGetNeedWaterOrClear(System.Boolean&)","System.Boolean","System.Boolean& value","public","False","False","False","False","True","13","0x06002F57"
"DolocTown.CropDecorator","get_MoodContribution","System.Int32 DolocTown.CropDecorator::get_MoodContribution()","System.Int32","","public","False","True","False","False","True","12","0x06002F58"
"DolocTown.CropDecorator","get_MaxLifespan","System.Int32 DolocTown.CropDecorator::get_MaxLifespan()","System.Int32","","public","False","True","False","False","True","12","0x06002F59"
"DolocTown.CropDecorator","Regrow","System.Boolean DolocTown.CropDecorator::Regrow(System.Boolean)","System.Boolean","System.Boolean shouldRender","public","False","True","False","False","True","13","0x06002F5A"
"DolocTown.CropDecorator","GrowBack","System.Boolean DolocTown.CropDecorator::GrowBack(System.Boolean,System.Boolean)","System.Boolean","System.Boolean shouldRender; System.Boolean shouldClearGrowth","public","False","True","False","False","True","14","0x06002F5B"
"DolocTown.CropDecorator","GrowForward","System.Boolean DolocTown.CropDecorator::GrowForward(System.Boolean,System.Boolean)","System.Boolean","System.Boolean shouldRender; System.Boolean shouldClearGrowth","public","False","True","False","False","True","14","0x06002F5C"
"DolocTown.CropDecorator","Water","System.Void DolocTown.CropDecorator::Water(System.Boolean,System.Boolean)","System.Void","System.Boolean shouldRender; System.Boolean invokeCallback","public","False","True","False","False","True","13","0x06002F5D"
"DolocTown.CropDecorator","Protected","System.Void DolocTown.CropDecorator::Protected(System.Boolean)","System.Void","System.Boolean shouldRender","public","False","True","False","False","True","13","0x06002F5E"
"DolocTown.CropDecorator","UpdateNormal","System.Void DolocTown.CropDecorator::UpdateNormal(System.Boolean,System.Boolean,System.Single,System.Single)","System.Void","System.Boolean shouldRender; System.Boolean isMoist; System.Single addition; System.Single fertilizerAddition","public","False","True","False","False","True","17","0x06002F5F"
"DolocTown.CropDecorator","UpdateAcidRain","System.Void DolocTown.CropDecorator::UpdateAcidRain(System.Boolean,System.Boolean,System.Single,System.Single,System.Boolean,System.Single)","System.Void","System.Boolean shouldRender; System.Boolean isMoist; System.Single addition; System.Single fertilizerAddition; System.Boolean isProtected; System.Single damage","public","False","True","False","False","True","21","0x06002F60"
"DolocTown.CropDecorator","UpdateScorchSun","System.Void DolocTown.CropDecorator::UpdateScorchSun(System.Boolean,System.Boolean,System.Single,System.Single,System.Boolean,System.Single)","System.Void","System.Boolean shouldRender; System.Boolean isMoist; System.Single addition; System.Single fertilizerAddition; System.Boolean isProtected; System.Single damage","public","False","True","False","False","True","21","0x06002F61"
"DolocTown.CropDecorator","Thunder","System.Void DolocTown.CropDecorator::Thunder(System.Boolean)","System.Void","System.Boolean shouldRender","public","False","True","False","False","True","13","0x06002F62"
"DolocTown.CropDecorator","CheckGrowthMonth","System.Boolean DolocTown.CropDecorator::CheckGrowthMonth(System.Boolean)","System.Boolean","System.Boolean shouldRender","public","False","True","False","False","True","13","0x06002F63"
"DolocTown.CropDecorator","GenCropOutput","System.Void DolocTown.CropDecorator::GenCropOutput(System.Boolean)","System.Void","System.Boolean putInBackpack","public","False","True","False","False","True","13","0x06002F64"
"DolocTown.CropDecorator","TryGetNeedWaterOrClear","System.Boolean DolocTown.CropDecorator::TryGetNeedWaterOrClear(System.Boolean&)","System.Boolean","System.Boolean& value","public","False","True","False","False","True","13","0x06002F65"
"DolocTown.CropDecorator/<>c",".cctor","System.Void DolocTown.CropDecorator/<>c::.cctor()","System.Void","","private","True","False","False","True","True","11","0x06009EA6"
"DolocTown.CropDecorator/<>c",".ctor","System.Void DolocTown.CropDecorator/<>c::.ctor()","System.Void","","public","False","False","False","True","True","7","0x06009EA7"
"DolocTown.CropDecorator/<>c","<get_IsNaturalMoist>b__6_0","System.Boolean DolocTown.CropDecorator/<>c::<get_IsNaturalMoist>b__6_0(DolocTown.CropGeneFunction)","System.Boolean","DolocTown.CropGeneFunction x","internal","False","False","False","False","True","7","0x06009EA8"
"DolocTown.CropEnv","get_CurrentRoom","DolocTown.Room DolocTown.CropEnv::get_CurrentRoom()","DolocTown.Room","","private","False","False","False","False","True","12","0x06002F66"
"DolocTown.CropEnv",".ctor","System.Void DolocTown.CropEnv::.ctor(DolocTown.PlantBasin,System.Int32,System.Int32,System.Int32)","System.Void","DolocTown.PlantBasin plantBasin; System.Int32 hRange; System.Int32 vRangeTop; System.Int32 vRangeBottom","public","False","False","False","True","True","36","0x06002F67"
"DolocTown.CropEnv","get_AroundPositions","UnityEngine.Vector2Int[] DolocTown.CropEnv::get_AroundPositions()","UnityEngine.Vector2Int[]","","public","False","False","False","False","True","30","0x06002F68"
"DolocTown.CropEnv","get_AroundBasins","System.Collections.Generic.IEnumerable`1<DolocTown.PlantBasin> DolocTown.CropEnv::get_AroundBasins()","System.Collections.Generic.IEnumerable`1<DolocTown.PlantBasin>","","public","False","False","False","False","True","15","0x06002F69"
"DolocTown.CropEnv","ChooseAroundBasins","System.Collections.Generic.IEnumerable`1<DolocTown.PlantBasin> DolocTown.CropEnv::ChooseAroundBasins(System.Func`2<DolocTown.PlantBasin,System.Boolean>)","System.Collections.Generic.IEnumerable`1<DolocTown.PlantBasin>","System.Func`2<DolocTown.PlantBasin,System.Boolean> condition","public","False","False","False","False","True","37","0x06002F6A"
"DolocTown.CropEnv","get_AroundEmptyBasins","System.Collections.Generic.IEnumerable`1<DolocTown.PlantBasin> DolocTown.CropEnv::get_AroundEmptyBasins()","System.Collections.Generic.IEnumerable`1<DolocTown.PlantBasin>","","public","False","False","False","False","True","43","0x06002F6B"
"DolocTown.CropEnv","get_AroundCrops","System.Collections.Generic.IEnumerable`1<DolocTown.Crop> DolocTown.CropEnv::get_AroundCrops()","System.Collections.Generic.IEnumerable`1<DolocTown.Crop>","","public","False","False","False","False","True","15","0x06002F6C"
"DolocTown.CropEnv/<get_AroundBasins>d__10",".ctor","System.Void DolocTown.CropEnv/<get_AroundBasins>d__10::.ctor(System.Int32)","System.Void","System.Int32 <>1__state","public","False","False","False","True","True","25","0x06009EA9"
"DolocTown.CropEnv/<get_AroundBasins>d__10","System.IDisposable.Dispose","System.Void DolocTown.CropEnv/<get_AroundBasins>d__10::System.IDisposable.Dispose()","System.Void","","private","False","True","False","False","True","1","0x06009EAA"
"DolocTown.CropEnv/<get_AroundBasins>d__10","MoveNext","System.Boolean DolocTown.CropEnv/<get_AroundBasins>d__10::MoveNext()","System.Boolean","","private","False","True","False","False","True","221","0x06009EAB"
"DolocTown.CropEnv/<get_AroundBasins>d__10","System.Collections.Generic.IEnumerator<DolocTown.PlantBasin>.get_Current","DolocTown.PlantBasin DolocTown.CropEnv/<get_AroundBasins>d__10::System.Collections.Generic.IEnumerator<DolocTown.PlantBasin>.get_Current()","DolocTown.PlantBasin","","private","False","True","False","False","True","7","0x06009EAC"
"DolocTown.CropEnv/<get_AroundBasins>d__10","System.Collections.IEnumerator.Reset","System.Void DolocTown.CropEnv/<get_AroundBasins>d__10::System.Collections.IEnumerator.Reset()","System.Void","","private","False","True","False","False","True","6","0x06009EAD"
"DolocTown.CropEnv/<get_AroundBasins>d__10","System.Collections.IEnumerator.get_Current","System.Object DolocTown.CropEnv/<get_AroundBasins>d__10::System.Collections.IEnumerator.get_Current()","System.Object","","private","False","True","False","False","True","7","0x06009EAE"
"DolocTown.CropEnv/<get_AroundBasins>d__10","System.Collections.Generic.IEnumerable<DolocTown.PlantBasin>.GetEnumerator","System.Collections.Generic.IEnumerator`1<DolocTown.PlantBasin> DolocTown.CropEnv/<get_AroundBasins>d__10::System.Collections.Generic.IEnumerable<DolocTown.PlantBasin>.GetEnumerator()","System.Collections.Generic.IEnumerator`1<DolocTown.PlantBasin>","","private","False","True","False","False","True","55","0x06009EAF"
"DolocTown.CropEnv/<get_AroundBasins>d__10","System.Collections.IEnumerable.GetEnumerator","System.Collections.IEnumerator DolocTown.CropEnv/<get_AroundBasins>d__10::System.Collections.IEnumerable.GetEnumerator()","System.Collections.IEnumerator","","private","False","True","False","False","True","7","0x06009EB0"
"DolocTown.CropEnv/<>c__DisplayClass11_0",".ctor","System.Void DolocTown.CropEnv/<>c__DisplayClass11_0::.ctor()","System.Void","","public","False","False","False","True","True","7","0x06009EB1"
"DolocTown.CropEnv/<>c__DisplayClass11_0","<ChooseAroundBasins>b__0","System.Boolean DolocTown.CropEnv/<>c__DisplayClass11_0::<ChooseAroundBasins>b__0(DolocTown.PlantBasin)","System.Boolean","DolocTown.PlantBasin basin","internal","False","False","False","False","True","13","0x06009EB2"
"DolocTown.CropEnv/<>c",".cctor","System.Void DolocTown.CropEnv/<>c::.cctor()","System.Void","","private","True","False","False","True","True","11","0x06009EB3"
"DolocTown.CropEnv/<>c",".ctor","System.Void DolocTown.CropEnv/<>c::.ctor()","System.Void","","public","False","False","False","True","True","7","0x06009EB4"
"DolocTown.CropEnv/<>c","<get_AroundEmptyBasins>b__13_0","System.Boolean DolocTown.CropEnv/<>c::<get_AroundEmptyBasins>b__13_0(DolocTown.PlantBasin)","System.Boolean","DolocTown.PlantBasin basin","internal","False","False","False","False","True","10","0x06009EB5"
"DolocTown.CropEnv/<get_AroundCrops>d__15",".ctor","System.Void DolocTown.CropEnv/<get_AroundCrops>d__15::.ctor(System.Int32)","System.Void","System.Int32 <>1__state","public","False","False","False","True","True","25","0x06009EB6"
"DolocTown.CropEnv/<get_AroundCrops>d__15","System.IDisposable.Dispose","System.Void DolocTown.CropEnv/<get_AroundCrops>d__15::System.IDisposable.Dispose()","System.Void","","private","False","True","False","False","True","27","0x06009EB7"
"DolocTown.CropEnv/<get_AroundCrops>d__15","MoveNext","System.Boolean DolocTown.CropEnv/<get_AroundCrops>d__15::MoveNext()","System.Boolean","","private","False","True","False","False","True","149","0x06009EB8"
"DolocTown.CropEnv/<get_AroundCrops>d__15","<>m__Finally1","System.Void DolocTown.CropEnv/<get_AroundCrops>d__15::<>m__Finally1()","System.Void","","private","False","False","False","False","True","27","0x06009EB9"
"DolocTown.CropEnv/<get_AroundCrops>d__15","System.Collections.Generic.IEnumerator<DolocTown.Crop>.get_Current","DolocTown.Crop DolocTown.CropEnv/<get_AroundCrops>d__15::System.Collections.Generic.IEnumerator<DolocTown.Crop>.get_Current()","DolocTown.Crop","","private","False","True","False","False","True","7","0x06009EBA"
"DolocTown.CropEnv/<get_AroundCrops>d__15","System.Collections.IEnumerator.Reset","System.Void DolocTown.CropEnv/<get_AroundCrops>d__15::System.Collections.IEnumerator.Reset()","System.Void","","private","False","True","False","False","True","6","0x06009EBB"
"DolocTown.CropEnv/<get_AroundCrops>d__15","System.Collections.IEnumerator.get_Current","System.Object DolocTown.CropEnv/<get_AroundCrops>d__15::System.Collections.IEnumerator.get_Current()","System.Object","","private","False","True","False","False","True","7","0x06009EBC"
"DolocTown.CropEnv/<get_AroundCrops>d__15","System.Collections.Generic.IEnumerable<DolocTown.Crop>.GetEnumerator","System.Collections.Generic.IEnumerator`1<DolocTown.Crop> DolocTown.CropEnv/<get_AroundCrops>d__15::System.Collections.Generic.IEnumerable<DolocTown.Crop>.GetEnumerator()","System.Collections.Generic.IEnumerator`1<DolocTown.Crop>","","private","False","True","False","False","True","55","0x06009EBD"
"DolocTown.CropEnv/<get_AroundCrops>d__15","System.Collections.IEnumerable.GetEnumerator","System.Collections.IEnumerator DolocTown.CropEnv/<get_AroundCrops>d__15::System.Collections.IEnumerable.GetEnumerator()","System.Collections.IEnumerator","","private","False","True","False","False","True","7","0x06009EBE"
"DolocTown.ForageGrass","get_seedProto","DolocTown.Config.Plant.SeedInfo DolocTown.ForageGrass::get_seedProto()","DolocTown.Config.Plant.SeedInfo","","public","False","False","False","False","True","7","0x06002F74"
"DolocTown.ForageGrass","set_seedProto","System.Void DolocTown.ForageGrass::set_seedProto(DolocTown.Config.Plant.SeedInfo)","System.Void","DolocTown.Config.Plant.SeedInfo value","private","False","False","False","False","True","8","0x06002F75"
"DolocTown.ForageGrass","get_currentLevelData","DolocTown.Config.Plant.CropLevelData DolocTown.ForageGrass::get_currentLevelData()","DolocTown.Config.Plant.CropLevelData","","public","False","False","False","False","True","18","0x06002F81"
"DolocTown.ForageGrass","get_currentGrowth","System.Single DolocTown.ForageGrass::get_currentGrowth()","System.Single","","public","False","False","False","False","True","7","0x06002F82"
"DolocTown.ForageGrass","set_currentGrowth","System.Void DolocTown.ForageGrass::set_currentGrowth(System.Single)","System.Void","System.Single value","private","False","False","False","False","True","8","0x06002F83"
"DolocTown.ForageGrass",".ctor","System.Void DolocTown.ForageGrass::.ctor(DolocTown.Config.Plant.SeedInfo,DolocTown.PlantBasinGrass)","System.Void","DolocTown.Config.Plant.SeedInfo proto; DolocTown.PlantBasinGrass plantBasin","public","False","False","False","True","True","40","0x06002F86"
"DolocTown.ForageGrass","AfterLoadData","System.Void DolocTown.ForageGrass::AfterLoadData(DolocTown.PlantBasinGrass)","System.Void","DolocTown.PlantBasinGrass plantBasin","public","False","False","False","False","True","26","0x06002F88"
"DolocTown.ForageGrass","ValidateProto","System.Void DolocTown.ForageGrass::ValidateProto(DolocTown.Config.Plant.SeedInfo)","System.Void","DolocTown.Config.Plant.SeedInfo proto","private","False","False","False","False","True","52","0x06002F89"
"DolocTown.ForageGrass","RenderCrop","System.Void DolocTown.ForageGrass::RenderCrop()","System.Void","","public","False","False","False","False","True","114","0x06002F8C"
"DolocTown.ForageGrass","Grow","System.Void DolocTown.ForageGrass::Grow()","System.Void","","public","False","False","False","False","True","133","0x06002F8E"
"DolocTown.ForageGrass","GrowNoRender","System.Void DolocTown.ForageGrass::GrowNoRender()","System.Void","","public","False","False","False","False","True","110","0x06002F8F"
"DolocTown.ForageGrass","Harvest","System.Void DolocTown.ForageGrass::Harvest(System.Boolean,System.Boolean,System.Boolean)","System.Void","System.Boolean shouldRender; System.Boolean putInBackpack; System.Boolean sendMessage","public","False","False","False","False","True","83","0x06002F9A"
"DolocTown.ForageGrass","<Grow>b__47_0","System.Void DolocTown.ForageGrass::<Grow>b__47_0(DolocTown.ForageGrassRenderer)","System.Void","DolocTown.ForageGrassRenderer R","private","False","False","False","False","True","13","0x06002F9C"
"DolocTown.CropGeneFunction","get_function","DolocTown.ICropFunction DolocTown.CropGeneFunction::get_function()","DolocTown.ICropFunction","","protected","False","False","False","False","True","7","0x06002F9E"
"DolocTown.CropGeneFunction","set_function","System.Void DolocTown.CropGeneFunction::set_function(DolocTown.ICropFunction)","System.Void","DolocTown.ICropFunction value","private","False","False","False","False","True","8","0x06002F9F"
"DolocTown.CropGeneFunction","get_crop","DolocTown.Crop DolocTown.CropGeneFunction::get_crop()","DolocTown.Crop","","protected","False","False","False","False","True","7","0x06002FA0"
"DolocTown.CropGeneFunction","set_crop","System.Void DolocTown.CropGeneFunction::set_crop(DolocTown.Crop)","System.Void","DolocTown.Crop value","private","False","False","False","False","True","8","0x06002FA1"
"DolocTown.CropGeneFunction","get_Renderer","DolocTown.CropRenderer DolocTown.CropGeneFunction::get_Renderer()","DolocTown.CropRenderer","","protected","False","False","False","False","True","12","0x06002FA2"
"DolocTown.CropGeneFunction","get_SeedProto","DolocTown.Config.Plant.SeedInfo DolocTown.CropGeneFunction::get_SeedProto()","DolocTown.Config.Plant.SeedInfo","","protected","False","False","False","False","True","12","0x06002FA3"
"DolocTown.CropGeneFunction","get_CurrentRoom","DolocTown.Room DolocTown.CropGeneFunction::get_CurrentRoom()","DolocTown.Room","","protected","False","False","False","False","True","17","0x06002FA4"
"DolocTown.CropGeneFunction","get_Data","DolocTown.CropData DolocTown.CropGeneFunction::get_Data()","DolocTown.CropData","","protected","False","False","False","False","True","12","0x06002FA5"
"DolocTown.CropGeneFunction","get_IsValid","System.Boolean DolocTown.CropGeneFunction::get_IsValid()","System.Boolean","","public","False","True","False","False","True","10","0x06002FA6"
"DolocTown.CropGeneFunction","get_geneId","System.String DolocTown.CropGeneFunction::get_geneId()","System.String","","public","False","False","False","False","True","12","0x06002FA7"
"DolocTown.CropGeneFunction",".ctor","System.Void DolocTown.CropGeneFunction::.ctor(DolocTown.Config.Plant.CropGeneInfo)","System.Void","DolocTown.Config.Plant.CropGeneInfo geneProto","protected","False","False","False","True","True","14","0x06002FA8"
"DolocTown.CropGeneFunction",".ctor","System.Void DolocTown.CropGeneFunction::.ctor(System.String)","System.Void","System.String geneId","protected","False","False","False","True","True","40","0x06002FA9"
"DolocTown.CropGeneFunction","ComposeFunction","System.Void DolocTown.CropGeneFunction::ComposeFunction(DolocTown.ICropFunction)","System.Void","DolocTown.ICropFunction function","public","False","False","False","False","True","8","0x06002FAA"
"DolocTown.CropGeneFunction","BindCrop","System.Void DolocTown.CropGeneFunction::BindCrop(DolocTown.Crop)","System.Void","DolocTown.Crop crop","public","False","False","False","False","True","20","0x06002FAB"
"DolocTown.CropGeneFunction","AfterLoadData","System.Void DolocTown.CropGeneFunction::AfterLoadData()","System.Void","","public","False","True","False","False","True","1","0x06002FAC"
"DolocTown.CropGeneFunction","OnCreate","System.Void DolocTown.CropGeneFunction::OnCreate()","System.Void","","public","False","True","False","False","True","1","0x06002FAD"
"DolocTown.CropGeneFunction","OverrideCropData","System.Void DolocTown.CropGeneFunction::OverrideCropData(System.Func`2<DolocTown.CropData,DolocTown.CropData>)","System.Void","System.Func`2<DolocTown.CropData,DolocTown.CropData> func","public","False","False","False","False","True","29","0x06002FAE"
"DolocTown.CropGeneFunction","HandleOutputData","DolocTown.CropOutputData DolocTown.CropGeneFunction::HandleOutputData(DolocTown.CropOutputData,DolocTown.RangedItem)","DolocTown.CropOutputData","DolocTown.CropOutputData outputData; DolocTown.RangedItem item","public","False","True","False","False","True","2","0x06002FAF"
"DolocTown.CropGeneFunction","HandleBuffData","System.Single DolocTown.CropGeneFunction::HandleBuffData(System.Single)","System.Single","System.Single originValue","public","False","True","False","False","True","2","0x06002FB0"
"DolocTown.CropGeneFunction","get_MoodContribution","System.Int32 DolocTown.CropGeneFunction::get_MoodContribution()","System.Int32","","public","False","True","False","False","True","2","0x06002FB1"
"DolocTown.CropGeneFunction","get_MaxLifespan","System.Int32 DolocTown.CropGeneFunction::get_MaxLifespan()","System.Int32","","public","False","True","False","False","True","12","0x06002FB2"
"DolocTown.CropGeneFunction","Regrow","System.Boolean DolocTown.CropGeneFunction::Regrow(System.Boolean)","System.Boolean","System.Boolean shouldRender","public","False","True","False","False","True","13","0x06002FB3"
"DolocTown.CropGeneFunction","GrowBack","System.Boolean DolocTown.CropGeneFunction::GrowBack(System.Boolean,System.Boolean)","System.Boolean","System.Boolean shouldRender; System.Boolean shouldClearGrowth","public","False","True","False","False","True","14","0x06002FB4"
"DolocTown.CropGeneFunction","GrowForward","System.Boolean DolocTown.CropGeneFunction::GrowForward(System.Boolean,System.Boolean)","System.Boolean","System.Boolean shouldRender; System.Boolean shouldClearGrowth","public","False","True","False","False","True","14","0x06002FB5"
"DolocTown.CropGeneFunction","Water","System.Void DolocTown.CropGeneFunction::Water(System.Boolean,System.Boolean)","System.Void","System.Boolean shouldRender; System.Boolean invokeCallback","public","False","True","False","False","True","14","0x06002FB6"
"DolocTown.CropGeneFunction","Protected","System.Void DolocTown.CropGeneFunction::Protected(System.Boolean)","System.Void","System.Boolean shouldRender","public","False","True","False","False","True","13","0x06002FB7"
"DolocTown.CropGeneFunction","UpdateNormal","System.Void DolocTown.CropGeneFunction::UpdateNormal(System.Boolean,System.Boolean,System.Single,System.Single)","System.Void","System.Boolean shouldRender; System.Boolean isMoist; System.Single addition; System.Single fertilizerAddition","public","False","True","False","False","True","17","0x06002FB8"
"DolocTown.CropGeneFunction","UpdateAcidRain","System.Void DolocTown.CropGeneFunction::UpdateAcidRain(System.Boolean,System.Boolean,System.Single,System.Single,System.Boolean,System.Single)","System.Void","System.Boolean shouldRender; System.Boolean isMoist; System.Single addition; System.Single fertilizerAddition; System.Boolean isProtected; System.Single damage","public","False","True","False","False","True","21","0x06002FB9"
"DolocTown.CropGeneFunction","UpdateScorchSun","System.Void DolocTown.CropGeneFunction::UpdateScorchSun(System.Boolean,System.Boolean,System.Single,System.Single,System.Boolean,System.Single)","System.Void","System.Boolean shouldRender; System.Boolean isMoist; System.Single addition; System.Single fertilizerAddition; System.Boolean isProtected; System.Single damage","public","False","True","False","False","True","21","0x06002FBA"
"DolocTown.CropGeneFunction","Thunder","System.Void DolocTown.CropGeneFunction::Thunder(System.Boolean)","System.Void","System.Boolean shouldRender","public","False","True","False","False","True","13","0x06002FBB"
"DolocTown.CropGeneFunction","CheckGrowthMonth","System.Boolean DolocTown.CropGeneFunction::CheckGrowthMonth(System.Boolean)","System.Boolean","System.Boolean shouldRender","public","False","True","False","False","True","13","0x06002FBC"
"DolocTown.CropGeneFunction","GenCropOutput","System.Void DolocTown.CropGeneFunction::GenCropOutput(System.Boolean)","System.Void","System.Boolean putInBackpack","public","False","True","False","False","True","13","0x06002FBD"
"DolocTown.CropGeneFunction","TryGetNeedWaterOrClear","System.Boolean DolocTown.CropGeneFunction::TryGetNeedWaterOrClear(System.Boolean&)","System.Boolean","System.Boolean& value","public","False","True","False","False","True","13","0x06002FBE"
"DolocTown.CropGeneFunction","get_IsNaturalMoist","System.Boolean DolocTown.CropGeneFunction::get_IsNaturalMoist()","System.Boolean","","public","False","True","False","False","True","2","0x06002FBF"
"DolocTown.CropGeneFunction","OnWater","System.Void DolocTown.CropGeneFunction::OnWater(System.Boolean)","System.Void","System.Boolean shouldRender","public","False","True","False","False","True","1","0x06002FC0"
"DolocTown.CropGeneFunction","OnProtected","System.Void DolocTown.CropGeneFunction::OnProtected(System.Boolean)","System.Void","System.Boolean shouldRender","public","False","True","False","False","True","1","0x06002FC1"
"DolocTown.CropGeneFunction","OnRender","System.Void DolocTown.CropGeneFunction::OnRender()","System.Void","","public","False","True","False","False","True","1","0x06002FC2"
"DolocTown.CropGeneFunction","OnUnRender","System.Void DolocTown.CropGeneFunction::OnUnRender()","System.Void","","public","False","True","False","False","True","1","0x06002FC3"
"DolocTown.CropGeneFunction","UpdateEx","System.Void DolocTown.CropGeneFunction::UpdateEx(System.Boolean)","System.Void","System.Boolean shouldRender","public","False","True","False","False","True","1","0x06002FC4"
"DolocTown.CropGeneFunction","CheckOxygen","System.Boolean DolocTown.CropGeneFunction::CheckOxygen(UnityEngine.Vector2Int,System.Int32&)","System.Boolean","UnityEngine.Vector2Int agentPositionCell; System.Int32& value","public","False","True","False","False","True","5","0x06002FC5"
"DolocTown.CropGeneFunction","AfterHarvest","System.Void DolocTown.CropGeneFunction::AfterHarvest(System.Boolean)","System.Void","System.Boolean shouldRender","public","False","True","False","False","True","1","0x06002FC6"
"DolocTown.CropGeneFunction","AfterClearWither","System.Void DolocTown.CropGeneFunction::AfterClearWither(System.Boolean)","System.Void","System.Boolean shouldRender","public","False","True","False","False","True","1","0x06002FC7"
"DolocTown.CropGeneFunction","OnCropMature","System.Void DolocTown.CropGeneFunction::OnCropMature(System.Boolean)","System.Void","System.Boolean shouldRender","public","False","True","False","False","True","1","0x06002FC8"
"DolocTown.CropGeneFunction","OnCropDead","System.Void DolocTown.CropGeneFunction::OnCropDead(System.Boolean)","System.Void","System.Boolean shouldRender","public","False","True","False","False","True","1","0x06002FC9"
"DolocTown.CropGeneFunction","OnCropLevelUp","System.Void DolocTown.CropGeneFunction::OnCropLevelUp(System.Boolean)","System.Void","System.Boolean shouldRender","public","False","True","False","False","True","1","0x06002FCA"
"DolocTown.CropGeneFunction","OnCropLevelDown","System.Void DolocTown.CropGeneFunction::OnCropLevelDown(System.Boolean)","System.Void","System.Boolean shouldRender","public","False","True","False","False","True","1","0x06002FCB"
"DolocTown.CropGeneUtils","CalcGrowthValue","System.Single DolocTown.CropGeneUtils::CalcGrowthValue(DolocTown.CropGeneFunction[])","System.Single","DolocTown.CropGeneFunction[] functions","public","True","False","False","False","True","48","0x06002FCC"
"DolocTown.CropGeneUtils","GetInstanceName","System.String DolocTown.CropGeneUtils::GetInstanceName(DolocTown.Config.Plant.CropGeneInfo)","System.String","DolocTown.Config.Plant.CropGeneInfo proto","private","True","False","False","False","True","41","0x06002FCD"
"DolocTown.CropGeneUtils","CreateFunction","DolocTown.CropGeneFunction DolocTown.CropGeneUtils::CreateFunction(DolocTown.Config.Plant.CropGeneInfo)","DolocTown.CropGeneFunction","DolocTown.Config.Plant.CropGeneInfo proto","public","True","False","False","False","True","131","0x06002FCE"
"DolocTown.CropGeneUtils","CreateFunctions","DolocTown.CropGeneFunction[] DolocTown.CropGeneUtils::CreateFunctions(DolocTown.Config.Plant.CropGeneInfo[])","DolocTown.CropGeneFunction[]","DolocTown.Config.Plant.CropGeneInfo[] types","public","True","False","False","False","True","125","0x06002FCF"
"DolocTown.CropGeneUtils","TryRollGene","System.Boolean DolocTown.CropGeneUtils::TryRollGene(DolocTown.Config.Plant.SeedInfo,DolocTown.Config.Plant.CropGeneInfo&)","System.Boolean","DolocTown.Config.Plant.SeedInfo proto; DolocTown.Config.Plant.CropGeneInfo& geneProto","public","True","False","False","False","True","175","0x06002FD0"
"DolocTown.CropGeneUtils","GetInheritedGenes","DolocTown.Config.Plant.CropGeneInfo[] DolocTown.CropGeneUtils::GetInheritedGenes(DolocTown.Config.Plant.CropGeneInfo[],DolocTown.GeneGroup)","DolocTown.Config.Plant.CropGeneInfo[]","DolocTown.Config.Plant.CropGeneInfo[] parentGenes; DolocTown.GeneGroup naturalGeneGroup","public","True","False","False","False","True","444","0x06002FD1"
"DolocTown.CropGeneUtils","SynthesizeGenes","DolocTown.Config.Plant.CropGeneInfo[] DolocTown.CropGeneUtils::SynthesizeGenes(DolocTown.Config.Plant.CropGeneInfo[],DolocTown.Config.Plant.CropGeneInfo[])","DolocTown.Config.Plant.CropGeneInfo[]","DolocTown.Config.Plant.CropGeneInfo[] current; DolocTown.Config.Plant.CropGeneInfo[] other","public","True","False","False","False","True","373","0x06002FD2"
"DolocTown.CropGeneUtils","CalcFinalOutput","System.Int32 DolocTown.CropGeneUtils::CalcFinalOutput(DolocTown.CropOutputData)","System.Int32","DolocTown.CropOutputData data","public","True","False","False","False","True","48","0x06002FD3"
"DolocTown.CropGeneUtils","CalcFinalGrowthAddition","System.Single DolocTown.CropGeneUtils::CalcFinalGrowthAddition(DolocTown.GeneBuffData,System.Single)","System.Single","DolocTown.GeneBuffData data; System.Single sourceValue","public","True","False","False","False","True","28","0x06002FD4"
"DolocTown.CropGeneUtils","GetDescription","System.String DolocTown.CropGeneUtils::GetDescription(DolocTown.Config.Plant.CropGeneInfo[],System.String[])","System.String","DolocTown.Config.Plant.CropGeneInfo[] geneProtos; System.String[] natureGenes","public","True","False","False","False","True","120","0x06002FD5"
"DolocTown.CropGeneUtils",".cctor","System.Void DolocTown.CropGeneUtils::.cctor()","System.Void","","private","True","False","False","True","True","26","0x06002FD6"
"DolocTown.CropGeneUtils/<>c",".cctor","System.Void DolocTown.CropGeneUtils/<>c::.cctor()","System.Void","","private","True","False","False","True","True","11","0x06009EC7"
"DolocTown.CropGeneUtils/<>c",".ctor","System.Void DolocTown.CropGeneUtils/<>c::.ctor()","System.Void","","public","False","False","False","True","True","7","0x06009EC8"
"DolocTown.CropGeneUtils/<>c","<CreateFunctions>b__5_0","System.Single DolocTown.CropGeneUtils/<>c::<CreateFunctions>b__5_0(DolocTown.Config.Plant.CropGeneInfo)","System.Single","DolocTown.Config.Plant.CropGeneInfo x","internal","False","False","False","False","True","12","0x06009EC9"
"DolocTown.CropGeneUtils/<>c","<CreateFunctions>b__5_1","DolocTown.CropGeneFunction DolocTown.CropGeneUtils/<>c::<CreateFunctions>b__5_1(DolocTown.Config.Plant.CropGeneInfo)","DolocTown.CropGeneFunction","DolocTown.Config.Plant.CropGeneInfo type","internal","False","False","False","False","True","7","0x06009ECA"
"DolocTown.CropGeneUtils/<>c","<CreateFunctions>b__5_2","System.Boolean DolocTown.CropGeneUtils/<>c::<CreateFunctions>b__5_2(DolocTown.CropGeneFunction)","System.Boolean","DolocTown.CropGeneFunction f","internal","False","False","False","False","True","5","0x06009ECB"
"DolocTown.CropGeneUtils/<>c","<GetInheritedGenes>b__7_0","System.Boolean DolocTown.CropGeneUtils/<>c::<GetInheritedGenes>b__7_0(DolocTown.Config.Plant.CropGeneInfo)","System.Boolean","DolocTown.Config.Plant.CropGeneInfo x","internal","False","False","False","False","True","5","0x06009ECC"
"DolocTown.CropGeneUtils/<>c","<GetInheritedGenes>b__7_1","System.Int32 DolocTown.CropGeneUtils/<>c::<GetInheritedGenes>b__7_1(DolocTown.Config.Plant.CropGeneInfo)","System.Int32","DolocTown.Config.Plant.CropGeneInfo x","internal","False","False","False","False","True","7","0x06009ECD"
"DolocTown.CropGeneUtils/<>c","<SynthesizeGenes>b__8_0","System.Boolean DolocTown.CropGeneUtils/<>c::<SynthesizeGenes>b__8_0(DolocTown.Config.Plant.CropGeneInfo)","System.Boolean","DolocTown.Config.Plant.CropGeneInfo x","internal","False","False","False","False","True","5","0x06009ECE"
"DolocTown.CropGeneUtils/<>c__DisplayClass8_0",".ctor","System.Void DolocTown.CropGeneUtils/<>c__DisplayClass8_0::.ctor()","System.Void","","public","False","False","False","True","True","7","0x06009ECF"
"DolocTown.CropGeneUtils/<>c__DisplayClass8_0","<SynthesizeGenes>b__2","System.Int32 DolocTown.CropGeneUtils/<>c__DisplayClass8_0::<SynthesizeGenes>b__2(DolocTown.Config.Plant.CropGeneInfo)","System.Int32","DolocTown.Config.Plant.CropGeneInfo x","internal","False","False","False","False","True","13","0x06009ED0"
"DolocTown.CropGeneUtils/<>c__DisplayClass8_0","<SynthesizeGenes>g__GetWeightSum|1","System.Int32 DolocTown.CropGeneUtils/<>c__DisplayClass8_0::<SynthesizeGenes>g__GetWeightSum|1(System.String)","System.Int32","System.String id","internal","False","False","False","False","True","74","0x06009ED1"
"DolocTown.CropOutputData",".ctor","System.Void DolocTown.CropOutputData::.ctor(System.Int32,System.Int32,System.Single)","System.Void","System.Int32 originCount; System.Int32 finalCountAddition; System.Single finalCountMultiplication","public","False","False","False","True","True","22","0x06002FD7"
"DolocTown.CropGeneFunctionAerialRoot",".ctor","System.Void DolocTown.CropGeneFunctionAerialRoot::.ctor(DolocTown.Config.Plant.CropGeneInfo)","System.Void","DolocTown.Config.Plant.CropGeneInfo geneProto","public","False","False","False","True","True","8","0x06002FD8"
"DolocTown.CropGeneFunctionAerialRoot",".ctor","System.Void DolocTown.CropGeneFunctionAerialRoot::.ctor(System.String)","System.Void","System.String geneId","public","False","False","False","True","True","8","0x06002FD9"
"DolocTown.CropGeneFunctionAerialRoot","get_IsNaturalMoist","System.Boolean DolocTown.CropGeneFunctionAerialRoot::get_IsNaturalMoist()","System.Boolean","","public","False","True","False","False","True","25","0x06002FDA"
"DolocTown.CropGeneFunctionAerialRoot","UpdateEx","System.Void DolocTown.CropGeneFunctionAerialRoot::UpdateEx(System.Boolean)","System.Void","System.Boolean shouldRender","public","False","True","False","False","True","114","0x06002FDB"
"DolocTown.CropGeneFunctionAerialRoot","RaiseAirFlowEffect","System.Void DolocTown.CropGeneFunctionAerialRoot::RaiseAirFlowEffect()","System.Void","","private","False","False","False","False","True","65","0x06002FDC"
"DolocTown.CropGeneFunctionAerialRoot","<RaiseAirFlowEffect>b__5_0","System.Void DolocTown.CropGeneFunctionAerialRoot::<RaiseAirFlowEffect>b__5_0()","System.Void","","private","False","False","False","False","True","47","0x06002FDD"
"DolocTown.CropGeneFunctionAntiAcidRain",".ctor","System.Void DolocTown.CropGeneFunctionAntiAcidRain::.ctor(DolocTown.Config.Plant.CropGeneInfo)","System.Void","DolocTown.Config.Plant.CropGeneInfo geneProto","public","False","False","False","True","True","8","0x06002FDE"
"DolocTown.CropGeneFunctionAntiAcidRain",".ctor","System.Void DolocTown.CropGeneFunctionAntiAcidRain::.ctor(System.String)","System.Void","System.String geneId","protected","False","False","False","True","True","8","0x06002FDF"
"DolocTown.CropGeneFunctionAntiAcidRain","UpdateAcidRain","System.Void DolocTown.CropGeneFunctionAntiAcidRain::UpdateAcidRain(System.Boolean,System.Boolean,System.Single,System.Single,System.Boolean,System.Single)","System.Void","System.Boolean shouldRender; System.Boolean isMoist; System.Single addition; System.Single fertilizerAddition; System.Boolean isProtected; System.Single damage","public","False","True","False","False","True","219","0x06002FE0"
"DolocTown.CropGeneFunctionAntiAcidRain","HandleOutputData","DolocTown.CropOutputData DolocTown.CropGeneFunctionAntiAcidRain::HandleOutputData(DolocTown.CropOutputData,DolocTown.RangedItem)","DolocTown.CropOutputData","DolocTown.CropOutputData outputData; DolocTown.RangedItem item","public","False","True","False","False","True","15","0x06002FE1"
"DolocTown.CropGeneFunctionAntiAcidRain/<>c",".cctor","System.Void DolocTown.CropGeneFunctionAntiAcidRain/<>c::.cctor()","System.Void","","private","True","False","False","True","True","11","0x06009ED2"
"DolocTown.CropGeneFunctionAntiAcidRain/<>c",".ctor","System.Void DolocTown.CropGeneFunctionAntiAcidRain/<>c::.ctor()","System.Void","","public","False","False","False","True","True","7","0x06009ED3"
"DolocTown.CropGeneFunctionAntiAcidRain/<>c","<UpdateAcidRain>b__2_0","DolocTown.CropData DolocTown.CropGeneFunctionAntiAcidRain/<>c::<UpdateAcidRain>b__2_0(DolocTown.CropData)","DolocTown.CropData","DolocTown.CropData data","internal","False","False","False","False","True","10","0x06009ED4"
"DolocTown.CropGeneFunctionAntiAcidRain/<>c","<UpdateAcidRain>b__2_1","DolocTown.CropData DolocTown.CropGeneFunctionAntiAcidRain/<>c::<UpdateAcidRain>b__2_1(DolocTown.CropData)","DolocTown.CropData","DolocTown.CropData data","internal","False","False","False","False","True","18","0x06009ED5"
"DolocTown.CropGeneFunctionBonsai",".ctor","System.Void DolocTown.CropGeneFunctionBonsai::.ctor(DolocTown.Config.Plant.CropGeneInfo)","System.Void","DolocTown.Config.Plant.CropGeneInfo geneProto","public","False","False","False","True","True","25","0x06002FE2"
"DolocTown.CropGeneFunctionBonsai",".ctor","System.Void DolocTown.CropGeneFunctionBonsai::.ctor(System.String)","System.Void","System.String geneId","public","False","False","False","True","True","39","0x06002FE3"
"DolocTown.CropGeneFunctionBonsai","get_MoodContribution","System.Int32 DolocTown.CropGeneFunctionBonsai::get_MoodContribution()","System.Int32","","public","False","True","False","False","True","53","0x06002FE4"
"DolocTown.CropGeneFunctionCharge",".ctor","System.Void DolocTown.CropGeneFunctionCharge::.ctor(DolocTown.Config.Plant.CropGeneInfo)","System.Void","DolocTown.Config.Plant.CropGeneInfo geneProto","public","False","False","False","True","True","8","0x06002FE5"
"DolocTown.CropGeneFunctionCharge",".ctor","System.Void DolocTown.CropGeneFunctionCharge::.ctor(System.String)","System.Void","System.String geneId","protected","False","False","False","True","True","8","0x06002FE6"
"DolocTown.CropGeneFunctionCharge","UpdateEx","System.Void DolocTown.CropGeneFunctionCharge::UpdateEx(System.Boolean)","System.Void","System.Boolean shouldRender","public","False","True","False","False","True","149","0x06002FE7"
"DolocTown.CropGeneFunctionCharge","Thunder","System.Void DolocTown.CropGeneFunctionCharge::Thunder(System.Boolean)","System.Void","System.Boolean shouldRender","public","False","True","False","False","True","88","0x06002FE8"
"DolocTown.CropGeneFunctionCharge/<>c__DisplayClass3_0",".ctor","System.Void DolocTown.CropGeneFunctionCharge/<>c__DisplayClass3_0::.ctor()","System.Void","","public","False","False","False","True","True","7","0x06009ED6"
"DolocTown.CropGeneFunctionCharge/<>c__DisplayClass3_0","<UpdateEx>b__0","System.Void DolocTown.CropGeneFunctionCharge/<>c__DisplayClass3_0::<UpdateEx>b__0()","System.Void","","internal","False","False","False","False","True","48","0x06009ED7"
"DolocTown.CropGeneFunctionConiferLeaf",".ctor","System.Void DolocTown.CropGeneFunctionConiferLeaf::.ctor(DolocTown.Config.Plant.CropGeneInfo)","System.Void","DolocTown.Config.Plant.CropGeneInfo geneProto","public","False","False","False","True","True","25","0x06002FE9"
"DolocTown.CropGeneFunctionConiferLeaf",".ctor","System.Void DolocTown.CropGeneFunctionConiferLeaf::.ctor(System.String)","System.Void","System.String geneId","protected","False","False","False","True","True","39","0x06002FEA"
"DolocTown.CropGeneFunctionConiferLeaf","UpdateEx","System.Void DolocTown.CropGeneFunctionConiferLeaf::UpdateEx(System.Boolean)","System.Void","System.Boolean shouldRender","public","False","True","False","False","True","46","0x06002FEB"
"DolocTown.CropGeneFunctionConiferLeaf","UpdateNormal","System.Void DolocTown.CropGeneFunctionConiferLeaf::UpdateNormal(System.Boolean,System.Boolean,System.Single,System.Single)","System.Void","System.Boolean shouldRender; System.Boolean isMoist; System.Single addition; System.Single fertilizerAddition","public","False","True","False","False","True","78","0x06002FEC"
"DolocTown.CropGeneFunctionConiferLeaf","UpdateScorchSun","System.Void DolocTown.CropGeneFunctionConiferLeaf::UpdateScorchSun(System.Boolean,System.Boolean,System.Single,System.Single,System.Boolean,System.Single)","System.Void","System.Boolean shouldRender; System.Boolean isMoist; System.Single addition; System.Single fertilizerAddition; System.Boolean isProtected; System.Single damage","public","False","True","False","False","True","147","0x06002FED"
"DolocTown.CropGeneFunctionConiferLeaf","HandleBuffData","System.Single DolocTown.CropGeneFunctionConiferLeaf::HandleBuffData(System.Single)","System.Single","System.Single originValue","public","False","True","False","False","True","14","0x06002FEE"
"DolocTown.CropGeneFunctionConiferLeaf","TryGetNeedWaterOrClear","System.Boolean DolocTown.CropGeneFunctionConiferLeaf::TryGetNeedWaterOrClear(System.Boolean&)","System.Boolean","System.Boolean& value","public","False","True","False","False","True","15","0x06002FEF"
"DolocTown.CropGeneFunctionConiferLeaf/<>c",".cctor","System.Void DolocTown.CropGeneFunctionConiferLeaf/<>c::.cctor()","System.Void","","private","True","False","False","True","True","11","0x06009ED8"
"DolocTown.CropGeneFunctionConiferLeaf/<>c",".ctor","System.Void DolocTown.CropGeneFunctionConiferLeaf/<>c::.ctor()","System.Void","","public","False","False","False","True","True","7","0x06009ED9"
"DolocTown.CropGeneFunctionConiferLeaf/<>c","<UpdateScorchSun>b__5_0","DolocTown.CropData DolocTown.CropGeneFunctionConiferLeaf/<>c::<UpdateScorchSun>b__5_0(DolocTown.CropData)","DolocTown.CropData","DolocTown.CropData data","internal","False","False","False","False","True","10","0x06009EDA"
"DolocTown.CropGeneFunctionFertilityEnhance",".ctor","System.Void DolocTown.CropGeneFunctionFertilityEnhance::.ctor(DolocTown.Config.Plant.CropGeneInfo)","System.Void","DolocTown.Config.Plant.CropGeneInfo geneProto","public","False","False","False","True","True","25","0x06002FF0"
"DolocTown.CropGeneFunctionFertilityEnhance",".ctor","System.Void DolocTown.CropGeneFunctionFertilityEnhance::.ctor(System.String)","System.Void","System.String geneId","public","False","False","False","True","True","39","0x06002FF1"
"DolocTown.CropGeneFunctionFertilityEnhance","AfterHarvest","System.Void DolocTown.CropGeneFunctionFertilityEnhance::AfterHarvest(System.Boolean)","System.Void","System.Boolean shouldRender","public","False","True","False","False","True","111","0x06002FF2"
"DolocTown.CropGeneFunctionFirefly",".ctor","System.Void DolocTown.CropGeneFunctionFirefly::.ctor(DolocTown.Config.Plant.CropGeneInfo)","System.Void","DolocTown.Config.Plant.CropGeneInfo geneProto","public","False","False","False","True","True","19","0x06002FF3"
"DolocTown.CropGeneFunctionFirefly",".ctor","System.Void DolocTown.CropGeneFunctionFirefly::.ctor(System.String)","System.Void","System.String geneId","public","False","False","False","True","True","19","0x06002FF4"
"DolocTown.CropGeneFunctionFirefly","OnCropDead","System.Void DolocTown.CropGeneFunctionFirefly::OnCropDead(System.Boolean)","System.Void","System.Boolean shouldRender","public","False","True","False","False","True","10","0x06002FF5"
"DolocTown.CropGeneFunctionFirefly","OnCropLevelDown","System.Void DolocTown.CropGeneFunctionFirefly::OnCropLevelDown(System.Boolean)","System.Void","System.Boolean shouldRender","public","False","True","False","False","True","10","0x06002FF6"
"DolocTown.CropGeneFunctionFirefly","OnCropLevelUp","System.Void DolocTown.CropGeneFunctionFirefly::OnCropLevelUp(System.Boolean)","System.Void","System.Boolean shouldRender","public","False","True","False","False","True","10","0x06002FF7"
"DolocTown.CropGeneFunctionFirefly","OnRender","System.Void DolocTown.CropGeneFunctionFirefly::OnRender()","System.Void","","public","False","True","False","False","True","7","0x06002FF8"
"DolocTown.CropGeneFunctionFirefly","RenderFirefly","System.Void DolocTown.CropGeneFunctionFirefly::RenderFirefly()","System.Void","","private","False","False","False","False","True","165","0x06002FF9"
"DolocTown.CropGeneFunctionFlorescenceExtend",".ctor","System.Void DolocTown.CropGeneFunctionFlorescenceExtend::.ctor(DolocTown.Config.Plant.CropGeneInfo)","System.Void","DolocTown.Config.Plant.CropGeneInfo geneProto","public","False","False","False","True","True","25","0x06002FFA"
"DolocTown.CropGeneFunctionFlorescenceExtend",".ctor","System.Void DolocTown.CropGeneFunctionFlorescenceExtend::.ctor(System.String,System.Int32)","System.Void","System.String geneId; System.Int32 extraLifespan","public","False","False","False","True","True","39","0x06002FFB"
"DolocTown.CropGeneFunctionFlorescenceExtend","get_MaxLifespan","System.Int32 DolocTown.CropGeneFunctionFlorescenceExtend::get_MaxLifespan()","System.Int32","","public","False","True","False","False","True","29","0x06002FFC"
"DolocTown.CropGeneFunctionFlorescenceExtend","OnCreate","System.Void DolocTown.CropGeneFunctionFlorescenceExtend::OnCreate()","System.Void","","public","False","True","False","False","True","38","0x06002FFD"
"DolocTown.CropGeneFunctionFlorescenceExtend","HandleBuffData","System.Single DolocTown.CropGeneFunctionFlorescenceExtend::HandleBuffData(System.Single)","System.Single","System.Single originValue","public","False","True","False","False","True","14","0x06002FFE"
"DolocTown.CropGeneFunctionFractalCrop",".ctor","System.Void DolocTown.CropGeneFunctionFractalCrop::.ctor(DolocTown.Config.Plant.CropGeneInfo)","System.Void","DolocTown.Config.Plant.CropGeneInfo geneProto","public","False","False","False","True","True","25","0x06002FFF"
"DolocTown.CropGeneFunctionFractalCrop",".ctor","System.Void DolocTown.CropGeneFunctionFractalCrop::.ctor(System.String)","System.Void","System.String geneId","protected","False","False","False","True","True","39","0x06003000"
"DolocTown.CropGeneFunctionFractalCrop","HandleOutputData","DolocTown.CropOutputData DolocTown.CropGeneFunctionFractalCrop::HandleOutputData(DolocTown.CropOutputData,DolocTown.RangedItem)","DolocTown.CropOutputData","DolocTown.CropOutputData outputData; DolocTown.RangedItem item","public","False","True","False","False","True","24","0x06003001"
"DolocTown.CropGeneFunctionGrowUnchecked",".ctor","System.Void DolocTown.CropGeneFunctionGrowUnchecked::.ctor(DolocTown.Config.Plant.CropGeneInfo)","System.Void","DolocTown.Config.Plant.CropGeneInfo geneProto","public","False","False","False","True","True","25","0x06003002"
"DolocTown.CropGeneFunctionGrowUnchecked",".ctor","System.Void DolocTown.CropGeneFunctionGrowUnchecked::.ctor(System.String)","System.Void","System.String geneId","public","False","False","False","True","True","39","0x06003003"
"DolocTown.CropGeneFunctionGrowUnchecked","HandleBuffData","System.Single DolocTown.CropGeneFunctionGrowUnchecked::HandleBuffData(System.Single)","System.Single","System.Single originValue","public","False","True","False","False","True","14","0x06003004"
"DolocTown.CropGeneFunctionHanabi",".ctor","System.Void DolocTown.CropGeneFunctionHanabi::.ctor(DolocTown.Config.Plant.CropGeneInfo)","System.Void","DolocTown.Config.Plant.CropGeneInfo geneProto","public","False","False","False","True","True","25","0x06003005"
"DolocTown.CropGeneFunctionHanabi",".ctor","System.Void DolocTown.CropGeneFunctionHanabi::.ctor(System.String,System.Boolean)","System.Void","System.String geneId; System.Boolean isHanabiActived","public","False","False","False","True","True","46","0x06003006"
"DolocTown.CropGeneFunctionHanabi","IsHanabiTime","System.Boolean DolocTown.CropGeneFunctionHanabi::IsHanabiTime()","System.Boolean","","public","False","False","False","False","True","52","0x06003007"
"DolocTown.CropGeneFunctionHanabi","UpdateEx","System.Void DolocTown.CropGeneFunctionHanabi::UpdateEx(System.Boolean)","System.Void","System.Boolean shouldRender","public","False","True","False","False","True","68","0x06003008"
"DolocTown.CropGeneFunctionHanabi","HandleOutputData","DolocTown.CropOutputData DolocTown.CropGeneFunctionHanabi::HandleOutputData(DolocTown.CropOutputData,DolocTown.RangedItem)","DolocTown.CropOutputData","DolocTown.CropOutputData outputData; DolocTown.RangedItem item","public","False","True","False","False","True","61","0x06003009"
"DolocTown.CropGeneFunctionHope",".ctor","System.Void DolocTown.CropGeneFunctionHope::.ctor(DolocTown.Config.Plant.CropGeneInfo)","System.Void","DolocTown.Config.Plant.CropGeneInfo geneProto","public","False","False","False","True","True","8","0x0600300A"
"DolocTown.CropGeneFunctionHope",".ctor","System.Void DolocTown.CropGeneFunctionHope::.ctor(System.String)","System.Void","System.String geneId","public","False","False","False","True","True","8","0x0600300B"
"DolocTown.CropGeneFunctionHope","DropSeed","System.Void DolocTown.CropGeneFunctionHope::DropSeed(System.Boolean)","System.Void","System.Boolean shouldRender","private","False","False","False","False","True","147","0x0600300C"
"DolocTown.CropGeneFunctionHope","AfterHarvest","System.Void DolocTown.CropGeneFunctionHope::AfterHarvest(System.Boolean)","System.Void","System.Boolean shouldRender","public","False","True","False","False","True","27","0x0600300D"
"DolocTown.CropGeneFunctionHope","AfterClearWither","System.Void DolocTown.CropGeneFunctionHope::AfterClearWither(System.Boolean)","System.Void","System.Boolean shouldRender","public","False","True","False","False","True","8","0x0600300E"
"DolocTown.CropGeneFunctionHope/<>c__DisplayClass2_0",".ctor","System.Void DolocTown.CropGeneFunctionHope/<>c__DisplayClass2_0::.ctor()","System.Void","","public","False","False","False","True","True","7","0x06009EDB"
"DolocTown.CropGeneFunctionHope/<>c__DisplayClass2_0","<DropSeed>b__0","System.Void DolocTown.CropGeneFunctionHope/<>c__DisplayClass2_0::<DropSeed>b__0()","System.Void","","internal","False","False","False","False","True","56","0x06009EDC"
"DolocTown.CropGeneFunctionImmortalJellyfish",".ctor","System.Void DolocTown.CropGeneFunctionImmortalJellyfish::.ctor(DolocTown.Config.Plant.CropGeneInfo)","System.Void","DolocTown.Config.Plant.CropGeneInfo geneProto","public","False","False","False","True","True","25","0x0600300F"
"DolocTown.CropGeneFunctionImmortalJellyfish",".ctor","System.Void DolocTown.CropGeneFunctionImmortalJellyfish::.ctor(System.String,System.Int32)","System.Void","System.String geneId; System.Int32 immortalCount","protected","False","False","False","True","True","39","0x06003010"
"DolocTown.CropGeneFunctionImmortalJellyfish","Rebirth","System.Void DolocTown.CropGeneFunctionImmortalJellyfish::Rebirth(System.Boolean)","System.Void","System.Boolean shouldRender","private","False","False","False","False","True","78","0x06003011"
"DolocTown.CropGeneFunctionImmortalJellyfish","Regrow","System.Boolean DolocTown.CropGeneFunctionImmortalJellyfish::Regrow(System.Boolean)","System.Boolean","System.Boolean shouldRender","public","False","True","False","False","True","62","0x06003012"
"DolocTown.CropGeneFunctionNutritionEnrich",".ctor","System.Void DolocTown.CropGeneFunctionNutritionEnrich::.ctor(DolocTown.Config.Plant.CropGeneInfo)","System.Void","DolocTown.Config.Plant.CropGeneInfo geneProto","public","False","False","False","True","True","46","0x06003013"
"DolocTown.CropGeneFunctionNutritionEnrich",".ctor","System.Void DolocTown.CropGeneFunctionNutritionEnrich::.ctor(System.String,System.Int32,System.Int32)","System.Void","System.String geneId; System.Int32 outputAddition; System.Int32 startTU","public","False","False","False","True","True","52","0x06003014"
"DolocTown.CropGeneFunctionNutritionEnrich","AfterLoadData","System.Void DolocTown.CropGeneFunctionNutritionEnrich::AfterLoadData()","System.Void","","public","False","True","False","False","True","40","0x06003015"
"DolocTown.CropGeneFunctionNutritionEnrich","HandleOutputData","DolocTown.CropOutputData DolocTown.CropGeneFunctionNutritionEnrich::HandleOutputData(DolocTown.CropOutputData,DolocTown.RangedItem)","DolocTown.CropOutputData","DolocTown.CropOutputData outputData; DolocTown.RangedItem item","public","False","True","False","False","True","102","0x06003016"
"DolocTown.CropGeneFunctionOxygen",".ctor","System.Void DolocTown.CropGeneFunctionOxygen::.ctor(DolocTown.Config.Plant.CropGeneInfo)","System.Void","DolocTown.Config.Plant.CropGeneInfo geneProto","public","False","False","False","True","True","63","0x06003017"
"DolocTown.CropGeneFunctionOxygen",".ctor","System.Void DolocTown.CropGeneFunctionOxygen::.ctor(System.String)","System.Void","System.String geneId","public","False","False","False","True","True","77","0x06003018"
"DolocTown.CropGeneFunctionOxygen","AfterLoadData","System.Void DolocTown.CropGeneFunctionOxygen::AfterLoadData()","System.Void","","public","False","True","False","False","True","67","0x06003019"
"DolocTown.CropGeneFunctionOxygen","OnCreate","System.Void DolocTown.CropGeneFunctionOxygen::OnCreate()","System.Void","","public","False","True","False","False","True","61","0x0600301A"
"DolocTown.CropGeneFunctionOxygen","OnRender","System.Void DolocTown.CropGeneFunctionOxygen::OnRender()","System.Void","","public","False","True","False","False","True","55","0x0600301B"
"DolocTown.CropGeneFunctionOxygen","OnCropLevelUp","System.Void DolocTown.CropGeneFunctionOxygen::OnCropLevelUp(System.Boolean)","System.Void","System.Boolean shouldRender","public","False","True","False","False","True","60","0x0600301C"
"DolocTown.CropGeneFunctionOxygen","OnCropLevelDown","System.Void DolocTown.CropGeneFunctionOxygen::OnCropLevelDown(System.Boolean)","System.Void","System.Boolean shouldRender","public","False","True","False","False","True","47","0x0600301D"
"DolocTown.CropGeneFunctionOxygen","OnUnRender","System.Void DolocTown.CropGeneFunctionOxygen::OnUnRender()","System.Void","","public","False","True","False","False","True","18","0x0600301E"
"DolocTown.CropGeneFunctionOxygen","CheckOxygen","System.Boolean DolocTown.CropGeneFunctionOxygen::CheckOxygen(UnityEngine.Vector2Int,System.Int32&)","System.Boolean","UnityEngine.Vector2Int agentPositionCell; System.Int32& value","public","False","True","False","False","True","65","0x0600301F"
"DolocTown.CropGeneFunctionOxygen","<OnRender>b__8_0","System.Void DolocTown.CropGeneFunctionOxygen::<OnRender>b__8_0(DolocTown.EquipmentParticleSystemRenderer)","System.Void","DolocTown.EquipmentParticleSystemRenderer ps","private","False","False","False","False","True","35","0x06003020"
"DolocTown.CropGeneFunctionOxygen","<OnCropLevelUp>b__9_0","System.Void DolocTown.CropGeneFunctionOxygen::<OnCropLevelUp>b__9_0(DolocTown.EquipmentParticleSystemRenderer)","System.Void","DolocTown.EquipmentParticleSystemRenderer ps","private","False","False","False","False","True","35","0x06003021"
"DolocTown.CropGeneFunctionParasite",".ctor","System.Void DolocTown.CropGeneFunctionParasite::.ctor(DolocTown.Config.Plant.CropGeneInfo)","System.Void","DolocTown.Config.Plant.CropGeneInfo geneProto","public","False","False","False","True","True","47","0x06003022"
"DolocTown.CropGeneFunctionParasite",".ctor","System.Void DolocTown.CropGeneFunctionParasite::.ctor(System.String)","System.Void","System.String geneId","public","False","False","False","True","True","61","0x06003023"
"DolocTown.CropGeneFunctionParasite","OnCreate","System.Void DolocTown.CropGeneFunctionParasite::OnCreate()","System.Void","","public","False","True","False","False","True","62","0x06003024"
"DolocTown.CropGeneFunctionParasite","AfterLoadData","System.Void DolocTown.CropGeneFunctionParasite::AfterLoadData()","System.Void","","public","False","True","False","False","True","62","0x06003025"
"DolocTown.CropGeneFunctionParasite","UpdateEx","System.Void DolocTown.CropGeneFunctionParasite::UpdateEx(System.Boolean)","System.Void","System.Boolean shouldRender","public","False","True","False","False","True","112","0x06003026"
"DolocTown.CropGeneFunctionProtoInfertility","get__func","DolocTown.Config.Plant.CropGeneFuncProtoInfertility DolocTown.CropGeneFunctionProtoInfertility::get__func()","DolocTown.Config.Plant.CropGeneFuncProtoInfertility","","private","False","False","False","False","True","17","0x06003027"
"DolocTown.CropGeneFunctionProtoInfertility",".ctor","System.Void DolocTown.CropGeneFunctionProtoInfertility::.ctor(DolocTown.Config.Plant.CropGeneInfo)","System.Void","DolocTown.Config.Plant.CropGeneInfo geneProto","public","False","False","False","True","True","8","0x06003028"
"DolocTown.CropGeneFunctionProtoInfertility",".ctor","System.Void DolocTown.CropGeneFunctionProtoInfertility::.ctor(System.String)","System.Void","System.String geneId","public","False","False","False","True","True","8","0x06003029"
"DolocTown.CropGeneFunctionRobustHealth",".ctor","System.Void DolocTown.CropGeneFunctionRobustHealth::.ctor(DolocTown.Config.Plant.CropGeneInfo)","System.Void","DolocTown.Config.Plant.CropGeneInfo geneProto","public","False","False","False","True","True","25","0x0600302A"
"DolocTown.CropGeneFunctionRobustHealth",".ctor","System.Void DolocTown.CropGeneFunctionRobustHealth::.ctor(System.String)","System.Void","System.String geneId","public","False","False","False","True","True","39","0x0600302B"
"DolocTown.CropGeneFunctionRobustHealth","CheckGrowthMonth","System.Boolean DolocTown.CropGeneFunctionRobustHealth::CheckGrowthMonth(System.Boolean)","System.Boolean","System.Boolean shouldRender","public","False","True","False","False","True","2","0x0600302C"
"DolocTown.CropGeneFunctionRobustHealth","HandleBuffData","System.Single DolocTown.CropGeneFunctionRobustHealth::HandleBuffData(System.Single)","System.Single","System.Single originValue","public","False","True","False","False","True","40","0x0600302D"
"DolocTown.CropGeneFunctionSporeSpray",".ctor","System.Void DolocTown.CropGeneFunctionSporeSpray::.ctor(DolocTown.Config.Plant.CropGeneInfo)","System.Void","DolocTown.Config.Plant.CropGeneInfo geneProto","public","False","False","False","True","True","8","0x0600302E"
"DolocTown.CropGeneFunctionSporeSpray",".ctor","System.Void DolocTown.CropGeneFunctionSporeSpray::.ctor(System.String)","System.Void","System.String geneId","public","False","False","False","True","True","8","0x0600302F"
"DolocTown.CropGeneFunctionSporeSpray","OnCropMature","System.Void DolocTown.CropGeneFunctionSporeSpray::OnCropMature(System.Boolean)","System.Void","System.Boolean shouldRender","public","False","True","False","False","True","19","0x06003030"
"DolocTown.CropGeneFunctionSprinkler",".ctor","System.Void DolocTown.CropGeneFunctionSprinkler::.ctor(DolocTown.Config.Plant.CropGeneInfo)","System.Void","DolocTown.Config.Plant.CropGeneInfo geneProto","public","False","False","False","True","True","47","0x06003031"
"DolocTown.CropGeneFunctionSprinkler",".ctor","System.Void DolocTown.CropGeneFunctionSprinkler::.ctor(System.String,RedSaw.Counter)","System.Void","System.String geneId; RedSaw.Counter counter","public","False","False","False","True","True","88","0x06003032"
"DolocTown.CropGeneFunctionSprinkler","OnCreate","System.Void DolocTown.CropGeneFunctionSprinkler::OnCreate()","System.Void","","public","False","True","False","False","True","62","0x06003033"
"DolocTown.CropGeneFunctionSprinkler","OnWater","System.Void DolocTown.CropGeneFunctionSprinkler::OnWater(System.Boolean)","System.Void","System.Boolean shouldRender","public","False","True","False","False","True","15","0x06003034"
"DolocTown.CropGeneFunctionSprinkler","AfterLoadData","System.Void DolocTown.CropGeneFunctionSprinkler::AfterLoadData()","System.Void","","public","False","True","False","False","True","62","0x06003035"
"DolocTown.CropGeneFunctionSprinkler","UpdateEx","System.Void DolocTown.CropGeneFunctionSprinkler::UpdateEx(System.Boolean)","System.Void","System.Boolean shouldRender","public","False","True","False","False","True","49","0x06003036"
"DolocTown.CropGeneFunctionSprinkler","Invoke","System.Void DolocTown.CropGeneFunctionSprinkler::Invoke(System.Boolean)","System.Void","System.Boolean shouldRender","private","False","False","False","False","True","110","0x06003037"
"DolocTown.CropGeneFunctionSprinkler","<Invoke>b__9_0","System.Boolean DolocTown.CropGeneFunctionSprinkler::<Invoke>b__9_0(DolocTown.PlantBasin)","System.Boolean","DolocTown.PlantBasin x","private","False","False","False","False","True","41","0x06003038"
"DolocTown.CropGeneFunctionSymbioticSupply",".ctor","System.Void DolocTown.CropGeneFunctionSymbioticSupply::.ctor(DolocTown.Config.Plant.CropGeneInfo)","System.Void","DolocTown.Config.Plant.CropGeneInfo geneProto","public","False","False","False","True","True","25","0x06003039"
"DolocTown.CropGeneFunctionSymbioticSupply",".ctor","System.Void DolocTown.CropGeneFunctionSymbioticSupply::.ctor(System.String)","System.Void","System.String geneId","public","False","False","False","True","True","39","0x0600303A"
"DolocTown.CropGeneFunctionSymbioticSupply","OnCreate","System.Void DolocTown.CropGeneFunctionSymbioticSupply::OnCreate()","System.Void","","public","False","True","False","False","True","62","0x0600303B"
"DolocTown.CropGeneFunctionSymbioticSupply","AfterLoadData","System.Void DolocTown.CropGeneFunctionSymbioticSupply::AfterLoadData()","System.Void","","public","False","True","False","False","True","62","0x0600303C"
"DolocTown.CropGeneFunctionSymbioticSupply","AfterHarvest","System.Void DolocTown.CropGeneFunctionSymbioticSupply::AfterHarvest(System.Boolean)","System.Void","System.Boolean shouldRender","public","False","True","False","False","True","63","0x0600303D"
"DolocTown.CropGeneFunctionTimeGift",".ctor","System.Void DolocTown.CropGeneFunctionTimeGift::.ctor(DolocTown.Config.Plant.CropGeneInfo)","System.Void","DolocTown.Config.Plant.CropGeneInfo geneProto","public","False","False","False","True","True","53","0x0600303E"
"DolocTown.CropGeneFunctionTimeGift",".ctor","System.Void DolocTown.CropGeneFunctionTimeGift::.ctor(System.String,System.Int32,System.Int32)","System.Void","System.String geneId; System.Int32 countStartDay; System.Int32 cropOutputAddition","public","False","False","False","True","True","59","0x0600303F"
"DolocTown.CropGeneFunctionTimeGift","UpdateEx","System.Void DolocTown.CropGeneFunctionTimeGift::UpdateEx(System.Boolean)","System.Void","System.Boolean shouldRender","public","False","True","False","False","True","96","0x06003040"
"DolocTown.CropGeneFunctionTimeGift","HandleOutputData","DolocTown.CropOutputData DolocTown.CropGeneFunctionTimeGift::HandleOutputData(DolocTown.CropOutputData,DolocTown.RangedItem)","DolocTown.CropOutputData","DolocTown.CropOutputData outputData; DolocTown.RangedItem item","public","False","True","False","False","True","19","0x06003041"
"DolocTown.CropGeneFunctionWindSow",".ctor","System.Void DolocTown.CropGeneFunctionWindSow::.ctor(DolocTown.Config.Plant.CropGeneInfo)","System.Void","DolocTown.Config.Plant.CropGeneInfo geneProto","public","False","False","False","True","True","47","0x06003042"
"DolocTown.CropGeneFunctionWindSow",".ctor","System.Void DolocTown.CropGeneFunctionWindSow::.ctor(System.String,RedSaw.Counter)","System.Void","System.String geneId; RedSaw.Counter counter","protected","False","False","False","True","True","88","0x06003043"
"DolocTown.CropGeneFunctionWindSow","OnCreate","System.Void DolocTown.CropGeneFunctionWindSow::OnCreate()","System.Void","","public","False","True","False","False","True","62","0x06003044"
"DolocTown.CropGeneFunctionWindSow","AfterLoadData","System.Void DolocTown.CropGeneFunctionWindSow::AfterLoadData()","System.Void","","public","False","True","False","False","True","62","0x06003045"
"DolocTown.CropGeneFunctionWindSow","UpdateEx","System.Void DolocTown.CropGeneFunctionWindSow::UpdateEx(System.Boolean)","System.Void","System.Boolean shouldRender","public","False","True","False","False","True","119","0x06003046"
"DolocTown.CropGeneFunctionWindSow","<UpdateEx>b__7_0","System.Boolean DolocTown.CropGeneFunctionWindSow::<UpdateEx>b__7_0(DolocTown.PlantBasin)","System.Boolean","DolocTown.PlantBasin x","private","False","False","False","False","True","28","0x06003047"
"DolocTown.GeneGroup","get_Genes","DolocTown.Config.Plant.CropGeneInfo[] DolocTown.GeneGroup::get_Genes()","DolocTown.Config.Plant.CropGeneInfo[]","","public","False","False","False","False","True","12","0x0600304A"
"DolocTown.GeneGroup",".ctor","System.Void DolocTown.GeneGroup::.ctor(DolocTown.Config.Plant.CropGeneInfo[])","System.Void","DolocTown.Config.Plant.CropGeneInfo[] genes","public","False","False","False","True","True","25","0x0600304D"
"DolocTown.GeneGroup","ContainsGenes","System.Boolean DolocTown.GeneGroup::ContainsGenes(DolocTown.Config.Plant.CropGeneInfo[])","System.Boolean","DolocTown.Config.Plant.CropGeneInfo[] genes","public","False","False","False","False","True","29","0x06003051"
"DolocTown.GeneGroup","RollGene","System.Void DolocTown.GeneGroup::RollGene(DolocTown.Config.Plant.SeedInfo,System.Boolean)","System.Void","DolocTown.Config.Plant.SeedInfo proto; System.Boolean clearExisting","public","False","False","False","False","True","33","0x06003052"
"DolocTown.GeneGroup","AddGene","System.Boolean DolocTown.GeneGroup::AddGene(DolocTown.Config.Plant.CropGeneInfo)","System.Boolean","DolocTown.Config.Plant.CropGeneInfo geneProto","public","False","False","False","False","True","43","0x06003056"
"DolocTown.GeneGroup","RemoveGene","System.Void DolocTown.GeneGroup::RemoveGene(DolocTown.Config.Plant.CropGeneInfo)","System.Void","DolocTown.Config.Plant.CropGeneInfo gene","public","False","False","False","False","True","14","0x06003057"
"DolocTown.GeneGroup","SetGenes","System.Void DolocTown.GeneGroup::SetGenes(DolocTown.Config.Plant.CropGeneInfo[])","System.Void","DolocTown.Config.Plant.CropGeneInfo[] genes","public","False","False","False","False","True","49","0x06003059"
"DolocTown.GeneGroup","IsSame","System.Boolean DolocTown.GeneGroup::IsSame(DolocTown.Config.Plant.CropGeneInfo[])","System.Boolean","DolocTown.Config.Plant.CropGeneInfo[] genes","public","False","False","False","False","True","18","0x0600305B"
"DolocTown.GeneGroup","<ContainsGenes>b__13_0","System.Boolean DolocTown.GeneGroup::<ContainsGenes>b__13_0(DolocTown.Config.Plant.CropGeneInfo)","System.Boolean","DolocTown.Config.Plant.CropGeneInfo gene","private","False","False","False","False","True","13","0x0600305D"
"DolocTown.GeneGroup/<>c","<get_geneIds>b__2_0","System.String DolocTown.GeneGroup/<>c::<get_geneIds>b__2_0(DolocTown.Config.Plant.CropGeneInfo)","System.String","DolocTown.Config.Plant.CropGeneInfo x","internal","False","False","False","False","True","7","0x06009EDF"
"DolocTown.GeneGroup/<>c","<ToString>b__24_0","System.String DolocTown.GeneGroup/<>c::<ToString>b__24_0(DolocTown.Config.Plant.CropGeneInfo)","System.String","DolocTown.Config.Plant.CropGeneInfo g","internal","False","False","False","False","True","7","0x06009EE0"
"DolocTown.GeneGroup/<>c__DisplayClass12_0","<ContainsGene>b__0","System.Boolean DolocTown.GeneGroup/<>c__DisplayClass12_0::<ContainsGene>b__0(DolocTown.Config.Plant.CropGeneInfo)","System.Boolean","DolocTown.Config.Plant.CropGeneInfo g","internal","False","False","False","False","True","18","0x06009EE2"
"DolocTown.ICropFunction","get_MoodContribution","System.Int32 DolocTown.ICropFunction::get_MoodContribution()","System.Int32","","public","False","True","True","False","False","0","0x0600305E"
"DolocTown.ICropFunction","get_MaxLifespan","System.Int32 DolocTown.ICropFunction::get_MaxLifespan()","System.Int32","","public","False","True","True","False","False","0","0x0600305F"
"DolocTown.ICropFunction","Regrow","System.Boolean DolocTown.ICropFunction::Regrow(System.Boolean)","System.Boolean","System.Boolean shouldRender","public","False","True","True","False","False","0","0x06003060"
"DolocTown.ICropFunction","GrowBack","System.Boolean DolocTown.ICropFunction::GrowBack(System.Boolean,System.Boolean)","System.Boolean","System.Boolean shouldRender; System.Boolean shouldClearGrowth","public","False","True","True","False","False","0","0x06003061"
"DolocTown.ICropFunction","GrowForward","System.Boolean DolocTown.ICropFunction::GrowForward(System.Boolean,System.Boolean)","System.Boolean","System.Boolean shouldRender; System.Boolean shouldClearGrowth","public","False","True","True","False","False","0","0x06003062"
"DolocTown.ICropFunction","Water","System.Void DolocTown.ICropFunction::Water(System.Boolean,System.Boolean)","System.Void","System.Boolean shouldRender; System.Boolean invokeCallback","public","False","True","True","False","False","0","0x06003063"
"DolocTown.ICropFunction","Protected","System.Void DolocTown.ICropFunction::Protected(System.Boolean)","System.Void","System.Boolean shouldRender","public","False","True","True","False","False","0","0x06003064"
"DolocTown.ICropFunction","UpdateNormal","System.Void DolocTown.ICropFunction::UpdateNormal(System.Boolean,System.Boolean,System.Single,System.Single)","System.Void","System.Boolean shouldRender; System.Boolean isMoist; System.Single addition; System.Single fertilizerAddition","public","False","True","True","False","False","0","0x06003065"
"DolocTown.ICropFunction","UpdateAcidRain","System.Void DolocTown.ICropFunction::UpdateAcidRain(System.Boolean,System.Boolean,System.Single,System.Single,System.Boolean,System.Single)","System.Void","System.Boolean shouldRender; System.Boolean isMoist; System.Single addition; System.Single fertilizerAddition; System.Boolean isProtected; System.Single damage","public","False","True","True","False","False","0","0x06003066"
"DolocTown.ICropFunction","UpdateScorchSun","System.Void DolocTown.ICropFunction::UpdateScorchSun(System.Boolean,System.Boolean,System.Single,System.Single,System.Boolean,System.Single)","System.Void","System.Boolean shouldRender; System.Boolean isMoist; System.Single addition; System.Single fertilizerAddition; System.Boolean isProtected; System.Single damage","public","False","True","True","False","False","0","0x06003067"
"DolocTown.ICropFunction","Thunder","System.Void DolocTown.ICropFunction::Thunder(System.Boolean)","System.Void","System.Boolean shouldRender","public","False","True","True","False","False","0","0x06003068"
"DolocTown.ICropFunction","CheckGrowthMonth","System.Boolean DolocTown.ICropFunction::CheckGrowthMonth(System.Boolean)","System.Boolean","System.Boolean shouldRender","public","False","True","True","False","False","0","0x06003069"
"DolocTown.ICropFunction","GenCropOutput","System.Void DolocTown.ICropFunction::GenCropOutput(System.Boolean)","System.Void","System.Boolean putInBackpack","public","False","True","True","False","False","0","0x0600306A"
"DolocTown.ICropFunction","TryGetNeedWaterOrClear","System.Boolean DolocTown.ICropFunction::TryGetNeedWaterOrClear(System.Boolean&)","System.Boolean","System.Boolean& value","public","False","True","True","False","False","0","0x0600306B"
"DolocTown.CropRenderer","get_Crop","DolocTown.Crop DolocTown.CropRenderer::get_Crop()","DolocTown.Crop","","public","False","False","False","False","True","7","0x0600306C"
"DolocTown.CropRenderer","set_Crop","System.Void DolocTown.CropRenderer::set_Crop(DolocTown.Crop)","System.Void","DolocTown.Crop value","public","False","False","False","False","True","8","0x0600306D"
"DolocTown.CropRenderer","get_SR","UnityEngine.SpriteRenderer DolocTown.CropRenderer::get_SR()","UnityEngine.SpriteRenderer","","public","False","False","False","False","True","7","0x0600306E"
"DolocTown.CropRenderer","set_SR","System.Void DolocTown.CropRenderer::set_SR(UnityEngine.SpriteRenderer)","System.Void","UnityEngine.SpriteRenderer value","private","False","False","False","False","True","8","0x0600306F"
"DolocTown.CropRenderer","get_Animator","UnityEngine.Animator DolocTown.CropRenderer::get_Animator()","UnityEngine.Animator","","public","False","False","False","False","True","7","0x06003070"
"DolocTown.CropRenderer","set_Animator","System.Void DolocTown.CropRenderer::set_Animator(UnityEngine.Animator)","System.Void","UnityEngine.Animator value","private","False","False","False","False","True","8","0x06003071"
"DolocTown.CropRenderer","get_Collider2D","UnityEngine.BoxCollider2D DolocTown.CropRenderer::get_Collider2D()","UnityEngine.BoxCollider2D","","public","False","False","False","False","True","7","0x06003072"
"DolocTown.CropRenderer","set_Collider2D","System.Void DolocTown.CropRenderer::set_Collider2D(UnityEngine.BoxCollider2D)","System.Void","UnityEngine.BoxCollider2D value","private","False","False","False","False","True","8","0x06003073"
"DolocTown.CropRenderer","get_MoistRenderer","DolocTown.MoistRenderer DolocTown.CropRenderer::get_MoistRenderer()","DolocTown.MoistRenderer","","public","False","False","False","False","True","7","0x06003074"
"DolocTown.CropRenderer","set_MoistRenderer","System.Void DolocTown.CropRenderer::set_MoistRenderer(DolocTown.MoistRenderer)","System.Void","DolocTown.MoistRenderer value","private","False","False","False","False","True","8","0x06003075"
"DolocTown.CropRenderer","get_position","UnityEngine.Vector3 DolocTown.CropRenderer::get_position()","UnityEngine.Vector3","","public","False","True","False","False","True","12","0x06003076"
"DolocTown.CropRenderer","set_position","System.Void DolocTown.CropRenderer::set_position(UnityEngine.Vector3)","System.Void","UnityEngine.Vector3 value","public","False","True","False","False","True","58","0x06003077"
"DolocTown.CropRenderer","get_PositionCenter","UnityEngine.Vector3 DolocTown.CropRenderer::get_PositionCenter()","UnityEngine.Vector3","","public","False","False","False","False","True","44","0x06003078"
"DolocTown.CropRenderer","get_PositionTop","UnityEngine.Vector3 DolocTown.CropRenderer::get_PositionTop()","UnityEngine.Vector3","","public","False","False","False","False","True","38","0x06003079"
"DolocTown.CropRenderer","set_Sprite","System.Void DolocTown.CropRenderer::set_Sprite(UnityEngine.Sprite)","System.Void","UnityEngine.Sprite value","public","False","False","False","False","True","148","0x0600307A"
"DolocTown.CropRenderer","__Init","System.Void DolocTown.CropRenderer::__Init()","System.Void","","protected","False","True","False","False","True","115","0x0600307B"
"DolocTown.CropRenderer","OnRecycle","System.Void DolocTown.CropRenderer::OnRecycle()","System.Void","","public","False","True","False","False","True","142","0x0600307C"
"DolocTown.CropRenderer","OnReuse","System.Void DolocTown.CropRenderer::OnReuse()","System.Void","","public","False","True","False","False","True","43","0x0600307D"
"DolocTown.CropRenderer","ResizeColliderToFitSprite","System.Void DolocTown.CropRenderer::ResizeColliderToFitSprite(UnityEngine.BoxCollider2D,UnityEngine.SpriteRenderer)","System.Void","UnityEngine.BoxCollider2D boxCollider; UnityEngine.SpriteRenderer spriteRenderer","private","False","False","False","False","True","106","0x0600307E"
"DolocTown.CropRenderer","ToNext","System.Void DolocTown.CropRenderer::ToNext(UnityEngine.Sprite)","System.Void","UnityEngine.Sprite sprite","public","False","False","False","False","True","63","0x0600307F"
"DolocTown.CropRenderer","ToNext_","System.Void DolocTown.CropRenderer::ToNext_(UnityEngine.Sprite,UnityEngine.Vector2,DG.Tweening.Ease,System.Single,System.Single)","System.Void","UnityEngine.Sprite sprite; UnityEngine.Vector2 scaleTime; DG.Tweening.Ease ease; System.Single shakeTime; System.Single angle","protected","False","False","False","False","True","269","0x06003080"
"DolocTown.CropRenderer","StopAnimation","System.Void DolocTown.CropRenderer::StopAnimation()","System.Void","","protected","False","False","False","False","True","29","0x06003081"
"DolocTown.CropRenderer","SetMoist","System.Void DolocTown.CropRenderer::SetMoist(System.Boolean,System.Boolean)","System.Void","System.Boolean isMoist; System.Boolean isPolluted","public","False","False","False","False","True","54","0x06003082"
"DolocTown.CropRenderer","UpdateMatureRenderer","System.Void DolocTown.CropRenderer::UpdateMatureRenderer()","System.Void","","public","False","False","False","False","True","112","0x06003083"
"DolocTown.CropRenderer","SwingOnTouch","System.Void DolocTown.CropRenderer::SwingOnTouch()","System.Void","","public","False","False","False","False","True","52","0x06003084"
"DolocTown.CropRenderer","SwingLightOnTouch","System.Void DolocTown.CropRenderer::SwingLightOnTouch()","System.Void","","public","False","False","False","False","True","52","0x06003085"
"DolocTown.CropRenderer","SwingOnBlow","System.Void DolocTown.CropRenderer::SwingOnBlow()","System.Void","","public","False","False","False","False","True","51","0x06003086"
"DolocTown.CropRenderer","OnWindBlow","System.Void DolocTown.CropRenderer::OnWindBlow(UnityEngine.Vector2)","System.Void","UnityEngine.Vector2 position","public","False","True","False","False","True","7","0x06003087"
"DolocTown.CropRenderer","ToggleSweepLight","System.Void DolocTown.CropRenderer::ToggleSweepLight(System.Boolean)","System.Void","System.Boolean value","public","False","False","False","False","True","139","0x06003088"
"DolocTown.CropRenderer","HurtEffects","System.Void DolocTown.CropRenderer::HurtEffects(System.Single)","System.Void","System.Single duration","private","False","False","False","False","True","125","0x06003089"
"DolocTown.CropRenderer","RenderHurt","System.Void DolocTown.CropRenderer::RenderHurt(System.Boolean)","System.Void","System.Boolean shouldDelay","public","False","False","False","False","True","47","0x0600308A"
"DolocTown.CropRenderer","get_ShouldCostEnergy","System.Boolean DolocTown.CropRenderer::get_ShouldCostEnergy()","System.Boolean","","public","False","True","False","False","True","2","0x0600308B"
"DolocTown.CropRenderer","get_ShouldCostChopCounter","System.Boolean DolocTown.CropRenderer::get_ShouldCostChopCounter()","System.Boolean","","public","False","True","False","False","True","2","0x0600308C"
"DolocTown.CropRenderer","OnFell","System.Boolean DolocTown.CropRenderer::OnFell(DolocTown.ItemTool,UnityEngine.Vector2)","System.Boolean","DolocTown.ItemTool tool; UnityEngine.Vector2 hitPosition","public","False","True","False","False","True","20","0x0600308D"
"DolocTown.CropRenderer","get_attackableType","DolocTown.AttackableType DolocTown.CropRenderer::get_attackableType()","DolocTown.AttackableType","","public","False","True","False","False","True","2","0x0600308E"
"DolocTown.CropRenderer","OnAttacked","System.Boolean DolocTown.CropRenderer::OnAttacked(System.Single,System.Boolean,UnityEngine.Vector2,System.Boolean&)","System.Boolean","System.Single attack; System.Boolean isCritical; UnityEngine.Vector2 position; System.Boolean& isDead","public","False","True","False","False","True","6","0x0600308F"
"DolocTown.CropRenderer","OnSwordAttack","System.Boolean DolocTown.CropRenderer::OnSwordAttack(System.Single,System.Boolean,UnityEngine.Vector2,System.Boolean&)","System.Boolean","System.Single atk; System.Boolean isCritical; UnityEngine.Vector2 position; System.Boolean& isDead","public","False","True","False","False","True","40","0x06003090"
"DolocTown.CropRenderer",".ctor","System.Void DolocTown.CropRenderer::.ctor()","System.Void","","public","False","False","False","True","True","19","0x06003091"
"DolocTown.CropRenderer","<HurtEffects>b__48_0","UnityEngine.Color DolocTown.CropRenderer::<HurtEffects>b__48_0()","UnityEngine.Color","","private","False","False","False","False","True","12","0x06003092"
"DolocTown.CropRenderer","<HurtEffects>b__48_1","System.Void DolocTown.CropRenderer::<HurtEffects>b__48_1(UnityEngine.Color)","System.Void","UnityEngine.Color x","private","False","False","False","False","True","13","0x06003093"
"DolocTown.CropRenderer","<RenderHurt>b__49_0","System.Void DolocTown.CropRenderer::<RenderHurt>b__49_0()","System.Void","","private","False","False","False","False","True","12","0x06003094"
"DolocTown.CropRenderer/<>c__DisplayClass42_0",".ctor","System.Void DolocTown.CropRenderer/<>c__DisplayClass42_0::.ctor()","System.Void","","public","False","False","False","True","True","7","0x06009EE3"
"DolocTown.CropRenderer/<>c__DisplayClass42_0","<UpdateMatureRenderer>b__0","System.Void DolocTown.CropRenderer/<>c__DisplayClass42_0::<UpdateMatureRenderer>b__0(DolocTown.GameEntityAnimator)","System.Void","DolocTown.GameEntityAnimator R","internal","False","False","False","False","True","64","0x06009EE4"
"DolocTown.ForageGrassRenderer","get_Crop","DolocTown.ForageGrass DolocTown.ForageGrassRenderer::get_Crop()","DolocTown.ForageGrass","","public","False","False","False","False","True","7","0x06003095"
"DolocTown.ForageGrassRenderer","set_Crop","System.Void DolocTown.ForageGrassRenderer::set_Crop(DolocTown.ForageGrass)","System.Void","DolocTown.ForageGrass value","public","False","False","False","False","True","8","0x06003096"
"DolocTown.TreeCropRenderer","get_sp","UnityEngine.SpriteRenderer DolocTown.TreeCropRenderer::get_sp()","UnityEngine.SpriteRenderer","","public","False","False","False","False","True","7","0x060030B5"
"DolocTown.TreeCropRenderer","set_sp","System.Void DolocTown.TreeCropRenderer::set_sp(UnityEngine.SpriteRenderer)","System.Void","UnityEngine.SpriteRenderer value","protected","False","False","False","False","True","8","0x060030B6"
"DolocTown.TreeCropRenderer","get_crop","DolocTown.TreeCrop DolocTown.TreeCropRenderer::get_crop()","DolocTown.TreeCrop","","public","False","False","False","False","True","7","0x060030B7"
"DolocTown.TreeCropRenderer","set_crop","System.Void DolocTown.TreeCropRenderer::set_crop(DolocTown.TreeCrop)","System.Void","DolocTown.TreeCrop value","public","False","False","False","False","True","8","0x060030B8"
"DolocTown.TreeCropRenderer","get_sprite","UnityEngine.Sprite DolocTown.TreeCropRenderer::get_sprite()","UnityEngine.Sprite","","public","False","False","False","False","True","12","0x060030B9"
"DolocTown.TreeCropRenderer","set_sprite","System.Void DolocTown.TreeCropRenderer::set_sprite(UnityEngine.Sprite)","System.Void","UnityEngine.Sprite value","public","False","False","False","False","True","31","0x060030BA"
"DolocTown.TreeCropRenderer","UpdateColliderPath","System.Void DolocTown.TreeCropRenderer::UpdateColliderPath()","System.Void","","public","False","False","False","False","True","29","0x060030BB"
"DolocTown.TreeCropRenderer","__Init","System.Void DolocTown.TreeCropRenderer::__Init()","System.Void","","protected","False","True","False","False","True","31","0x060030BC"
"DolocTown.TreeCropRenderer","OnRecycle","System.Void DolocTown.TreeCropRenderer::OnRecycle()","System.Void","","public","False","True","False","False","True","34","0x060030BD"
"DolocTown.TreeCropRenderer","Shine","System.Void DolocTown.TreeCropRenderer::Shine(System.Single)","System.Void","System.Single duration","public","False","False","False","False","True","1","0x060030BE"
"DolocTown.TreeCropRenderer","Shake","System.Void DolocTown.TreeCropRenderer::Shake(System.Single,System.Single)","System.Void","System.Single duration; System.Single shakeStrength","public","False","False","False","False","True","62","0x060030BF"
"DolocTown.TreeCropRenderer","OnDestroy","System.Void DolocTown.TreeCropRenderer::OnDestroy()","System.Void","","private","False","False","False","False","True","17","0x060030C0"
"DolocTown.TreeCropRenderer","get_ShouldCostEnergy","System.Boolean DolocTown.TreeCropRenderer::get_ShouldCostEnergy()","System.Boolean","","public","False","True","False","False","True","2","0x060030C1"
"DolocTown.TreeCropRenderer","get_ShouldCostChopCounter","System.Boolean DolocTown.TreeCropRenderer::get_ShouldCostChopCounter()","System.Boolean","","public","False","True","False","False","True","2","0x060030C2"
"DolocTown.TreeCropRenderer","OnFell","System.Boolean DolocTown.TreeCropRenderer::OnFell(DolocTown.ItemTool,UnityEngine.Vector2)","System.Boolean","DolocTown.ItemTool tool; UnityEngine.Vector2 hitPosition","public","False","True","False","False","True","20","0x060030C3"
"DolocTown.TreeCropRenderer",".ctor","System.Void DolocTown.TreeCropRenderer::.ctor()","System.Void","","public","False","False","False","True","True","7","0x060030C4"
"DolocTown.PlatformTileGeneratorUtils","DeriveSeed","System.Int32 DolocTown.PlatformTileGeneratorUtils::DeriveSeed(System.Int32,System.Int32)","System.Int32","System.Int32 baseSeed; System.Int32 index","private","True","False","False","False","True","10","0x060030FA"
"DolocTown.ResourcePreset","get_isGrowth","System.Boolean DolocTown.ResourcePreset::get_isGrowth()","System.Boolean","","private","False","False","False","False","True","15","0x0600319E"
"DolocTown.TemplateRoom","get_GrowthAddition","System.Single DolocTown.TemplateRoom::get_GrowthAddition()","System.Single","","public","False","True","False","False","True","12","0x060031AC"
"DolocTown.TemplateRoom","get_GrowthAdditionFungus","System.Single DolocTown.TemplateRoom::get_GrowthAdditionFungus()","System.Single","","public","False","True","False","False","True","12","0x060031AD"
"DolocTown.WeatherMapGenerator","_EnsureWeatherSeeds","System.Void DolocTown.WeatherMapGenerator::_EnsureWeatherSeeds(System.Int32)","System.Void","System.Int32 totalMonth","private","False","False","False","False","True","60","0x06003256"
"DolocTown.CropShinyRenderer","SetVisible","System.Void DolocTown.CropShinyRenderer::SetVisible(System.Boolean)","System.Void","System.Boolean value","public","False","True","False","False","True","35","0x060033DB"
"DolocTown.CropShinyRenderer",".ctor","System.Void DolocTown.CropShinyRenderer::.ctor()","System.Void","","public","False","False","False","True","True","7","0x060033DC"
"DolocTown.ShaderUtils","RenderAsCropTrafficLight","System.Void DolocTown.ShaderUtils::RenderAsCropTrafficLight(UnityEngine.SpriteRenderer,UnityEngine.Sprite)","System.Void","UnityEngine.SpriteRenderer R; UnityEngine.Sprite maskSprite","public","True","False","False","False","True","162","0x06003717"
"DolocTown.ShaderUtils","UpdateCropTrafficLight","System.Void DolocTown.ShaderUtils::UpdateCropTrafficLight(UnityEngine.SpriteRenderer,System.Boolean,System.Boolean)","System.Void","UnityEngine.SpriteRenderer R; System.Boolean isLeftLightOn; System.Boolean isRightLightOn","public","True","False","False","False","True","87","0x06003718"
"DolocTown.ShaderUtils","RenderAsNormalCrop","System.Void DolocTown.ShaderUtils::RenderAsNormalCrop(UnityEngine.SpriteRenderer)","System.Void","UnityEngine.SpriteRenderer R","public","True","False","False","False","True","38","0x0600371A"
"DolocTown.IDungeonResourceHost","_PlantTree","System.Boolean DolocTown.IDungeonResourceHost::_PlantTree(DolocTown.Config.Resource.ResourceInfo,UnityEngine.Vector2Int)","System.Boolean","DolocTown.Config.Resource.ResourceInfo proto; UnityEngine.Vector2Int point","public","False","True","False","False","True","51","0x06003D07"
"DolocTown.IDungeonResourceHost","CanPlantTree","System.Boolean DolocTown.IDungeonResourceHost::CanPlantTree(UnityEngine.Vector2Int,System.Int32)","System.Boolean","UnityEngine.Vector2Int point; System.Int32 width","public","False","True","False","False","True","34","0x06003D08"
"DolocTown.IDungeonResourceHost","CanPlantTreeConstraintCheck","System.Boolean DolocTown.IDungeonResourceHost::CanPlantTreeConstraintCheck(UnityEngine.Vector2Int,System.Int32)","System.Boolean","UnityEngine.Vector2Int point; System.Int32 width","public","False","True","False","False","True","111","0x06003D09"
"DolocTown.IDungeonResourceHost","CanPlantTreeSpaceCheck","System.Boolean DolocTown.IDungeonResourceHost::CanPlantTreeSpaceCheck(UnityEngine.Vector2Int,System.Int32)","System.Boolean","UnityEngine.Vector2Int point; System.Int32 width","public","False","True","False","False","True","66","0x06003D0A"
"DolocTown.IDungeonResourceHost","IsPlantObstacle","System.Boolean DolocTown.IDungeonResourceHost::IsPlantObstacle(UnityEngine.Vector2Int,System.Int32)","System.Boolean","UnityEngine.Vector2Int point; System.Int32 width","public","False","True","False","False","True","59","0x06003D0B"
"DolocTown.IDungeonResourceHost/<>c__DisplayClass21_0","<IsPlantObstacle>b__0","System.Boolean DolocTown.IDungeonResourceHost/<>c__DisplayClass21_0::<IsPlantObstacle>b__0(UnityEngine.Vector2Int)","System.Boolean","UnityEngine.Vector2Int p","internal","False","False","False","False","True","34","0x0600A0B8"
"DolocTown.EquipmentHostPatch_OfCrop","RenderCrop","System.Void DolocTown.EquipmentHostPatch_OfCrop::RenderCrop(DolocTown.IEquipmentHost,DolocTown.Crop,UnityEngine.Vector3)","System.Void","DolocTown.IEquipmentHost host; DolocTown.Crop crop; UnityEngine.Vector3 positionWS","public","True","False","False","False","True","88","0x06003D56"
"DolocTown.EquipmentHostPatch_OfCrop","RecycleCropRenderer","System.Void DolocTown.EquipmentHostPatch_OfCrop::RecycleCropRenderer(DolocTown.IEquipmentHost,DolocTown.CropRenderer)","System.Void","DolocTown.IEquipmentHost host; DolocTown.CropRenderer renderer","public","True","False","False","False","True","12","0x06003D57"
"DolocTown.Room","get_GrowthAddition","System.Single DolocTown.Room::get_GrowthAddition()","System.Single","","public","False","True","False","False","True","6","0x06003DEB"
"DolocTown.Room","get_GrowthAdditionFungus","System.Single DolocTown.Room::get_GrowthAdditionFungus()","System.Single","","public","False","True","False","False","True","6","0x06003DEC"
"DolocTown.AllDocumentUiState","get_plantDocMgr","DolocTown.PlantDocumentManager DolocTown.AllDocumentUiState::get_plantDocMgr()","DolocTown.PlantDocumentManager","","private","False","False","False","False","True","21","0x06003EB1"
"DolocTown.PlantDocumentUiState","get_plantDocMgr","DolocTown.PlantDocumentManager DolocTown.PlantDocumentUiState::get_plantDocMgr()","DolocTown.PlantDocumentManager","","private","False","False","False","False","True","21","0x06003EBE"
"DolocTown.PlantDocumentUiState","get_totalCapacity","System.Int32 DolocTown.PlantDocumentUiState::get_totalCapacity()","System.Int32","","protected","False","True","False","False","True","17","0x06003EBF"
"DolocTown.PlantDocumentUiState","DataGetter","DolocTown.UI.DocumentData[] DolocTown.PlantDocumentUiState::DataGetter(System.Int32,System.Int32)","DolocTown.UI.DocumentData[]","System.Int32 start; System.Int32 end","protected","False","True","False","False","True","117","0x06003EC0"
"DolocTown.PlantDocumentUiState","Show","System.Void DolocTown.PlantDocumentUiState::Show()","System.Void","","protected","False","True","False","False","True","126","0x06003EC1"
"DolocTown.PlantDocumentUiState",".ctor","System.Void DolocTown.PlantDocumentUiState::.ctor()","System.Void","","public","False","False","False","True","True","7","0x06003EC2"
"DolocTown.PlantSubmitUiState","get_docMgr","DolocTown.DocumentManager DolocTown.PlantSubmitUiState::get_docMgr()","DolocTown.DocumentManager","","private","False","False","False","False","True","16","0x06003EC9"
"DolocTown.PlantSubmitUiState","ItemCountCanSubmit","System.Int32 DolocTown.PlantSubmitUiState::ItemCountCanSubmit(DolocTown.Item)","System.Int32","DolocTown.Item item","protected","False","True","False","False","True","18","0x06003ECA"
"DolocTown.PlantSubmitUiState","ItemFilter","System.Boolean DolocTown.PlantSubmitUiState::ItemFilter(DolocTown.Item)","System.Boolean","DolocTown.Item item","protected","False","True","False","False","True","18","0x06003ECB"
"DolocTown.PlantSubmitUiState","AfterSubmit","System.Void DolocTown.PlantSubmitUiState::AfterSubmit(DolocTown.Item[],DolocTown.Item[])","System.Void","DolocTown.Item[] submitItems; DolocTown.Item[] overflowItems","protected","False","True","False","False","True","25","0x06003ECC"
"DolocTown.PlantSubmitUiState","OnCancel","System.Void DolocTown.PlantSubmitUiState::OnCancel()","System.Void","","protected","False","True","False","False","True","25","0x06003ECD"
"DolocTown.PlantSubmitUiState",".ctor","System.Void DolocTown.PlantSubmitUiState::.ctor()","System.Void","","public","False","False","False","True","True","7","0x06003ECE"
"DolocTown.SubmitItemToNpcUiState","GetLastSubmitItemSeedType","System.String DolocTown.SubmitItemToNpcUiState::GetLastSubmitItemSeedType()","System.String","","public","True","False","False","False","True","42","0x060042A2"
"DolocTown.SubmitItemToNpcUiState","GetLastSubmitItemSeedLifeSpan","System.Int32 DolocTown.SubmitItemToNpcUiState::GetLastSubmitItemSeedLifeSpan()","System.Int32","","public","True","False","False","False","True","28","0x060042A3"
"DolocTown.SubmitItemToNpcUiState/<>c","<GetLastSubmitItemGeneTitles>b__16_0","System.String DolocTown.SubmitItemToNpcUiState/<>c::<GetLastSubmitItemGeneTitles>b__16_0(DolocTown.Config.Plant.CropGeneInfo)","System.String","DolocTown.Config.Plant.CropGeneInfo x","internal","False","False","False","False","True","22","0x0600A17C"
"DolocTown.SeedUnLockUiState","get_totalCapacity","System.Int32 DolocTown.SeedUnLockUiState::get_totalCapacity()","System.Int32","","protected","False","True","False","False","True","12","0x06004348"
"DolocTown.SeedUnLockUiState","get_OnCloseButtonClick","UnityEngine.Events.UnityEvent DolocTown.SeedUnLockUiState::get_OnCloseButtonClick()","UnityEngine.Events.UnityEvent","","protected","False","True","False","False","True","12","0x06004349"
"DolocTown.SeedUnLockUiState","BeforeRegister","System.Void DolocTown.SeedUnLockUiState::BeforeRegister()","System.Void","","protected","False","True","False","False","True","69","0x0600434A"
"DolocTown.SeedUnLockUiState","Register","System.Void DolocTown.SeedUnLockUiState::Register()","System.Void","","protected","False","True","False","False","True","63","0x0600434B"
"DolocTown.SeedUnLockUiState","Unregister","System.Void DolocTown.SeedUnLockUiState::Unregister()","System.Void","","protected","False","True","False","False","True","63","0x0600434C"
"DolocTown.SeedUnLockUiState","DataGetter","DolocTown.UI.SeedUnLockData[] DolocTown.SeedUnLockUiState::DataGetter(System.Int32,System.Int32)","DolocTown.UI.SeedUnLockData[]","System.Int32 start; System.Int32 end","protected","False","True","False","False","True","68","0x0600434D"
"DolocTown.SeedUnLockUiState","OnDataSelect","System.Void DolocTown.SeedUnLockUiState::OnDataSelect(System.Int32)","System.Void","System.Int32 index","private","False","False","False","False","True","6","0x0600434E"
"DolocTown.SeedUnLockUiState","OnDataClick","System.Void DolocTown.SeedUnLockUiState::OnDataClick(System.Int32)","System.Void","System.Int32 index","private","False","False","False","False","True","8","0x0600434F"
"DolocTown.SeedUnLockUiState","UnLockSeed","System.Void DolocTown.SeedUnLockUiState::UnLockSeed(System.Int32)","System.Void","System.Int32 index","private","False","False","False","False","True","185","0x06004350"
"DolocTown.SeedUnLockUiState","Show","System.Void DolocTown.SeedUnLockUiState::Show()","System.Void","","protected","False","True","False","False","True","88","0x06004351"
"DolocTown.SeedUnLockUiState","get_latestUnlockSeed","System.Collections.Generic.List`1<System.String> DolocTown.SeedUnLockUiState::get_latestUnlockSeed()","System.Collections.Generic.List`1<System.String>","","public","True","False","False","False","True","6","0x06004352"
"DolocTown.SeedUnLockUiState","set_latestUnlockSeed","System.Void DolocTown.SeedUnLockUiState::set_latestUnlockSeed(System.Collections.Generic.List`1<System.String>)","System.Void","System.Collections.Generic.List`1<System.String> value","private","True","False","False","False","True","7","0x06004353"
"DolocTown.SeedUnLockUiState",".ctor","System.Void DolocTown.SeedUnLockUiState::.ctor()","System.Void","","public","False","False","False","True","True","7","0x06004354"
"DolocTown.SeedUnLockUiState",".cctor","System.Void DolocTown.SeedUnLockUiState::.cctor()","System.Void","","private","True","False","False","True","True","11","0x06004355"
"DolocTown.SeedUnLockUiState/<>c",".cctor","System.Void DolocTown.SeedUnLockUiState/<>c::.cctor()","System.Void","","private","True","False","False","True","True","11","0x0600A19B"
"DolocTown.SeedUnLockUiState/<>c",".ctor","System.Void DolocTown.SeedUnLockUiState/<>c::.ctor()","System.Void","","public","False","False","False","True","True","7","0x0600A19C"
"DolocTown.SeedUnLockUiState/<>c","<BeforeRegister>b__5_0","System.Boolean DolocTown.SeedUnLockUiState/<>c::<BeforeRegister>b__5_0(DolocTown.Config.Plant.SeedUnlockInfo)","System.Boolean","DolocTown.Config.Plant.SeedUnlockInfo x","internal","False","False","False","False","True","37","0x0600A19D"
"DolocTown.SeedUnLockUiState/<>c__DisplayClass11_0",".ctor","System.Void DolocTown.SeedUnLockUiState/<>c__DisplayClass11_0::.ctor()","System.Void","","public","False","False","False","True","True","7","0x0600A19E"
"DolocTown.SeedUnLockUiState/<>c__DisplayClass11_0","<UnLockSeed>b__0","System.Void DolocTown.SeedUnLockUiState/<>c__DisplayClass11_0::<UnLockSeed>b__0()","System.Void","","internal","False","False","False","False","True","129","0x0600A19F"
"DolocTown.CommandDefines","Command_OpenPlantSubmitPanel","Cysharp.Threading.Tasks.UniTask DolocTown.CommandDefines::Command_OpenPlantSubmitPanel()","Cysharp.Threading.Tasks.UniTask","","private","True","False","False","False","True","12","0x060044E5"
"DolocTown.CommandDefines","Command_GetLastSubmitPlantStatus","System.String DolocTown.CommandDefines::Command_GetLastSubmitPlantStatus()","System.String","","private","True","False","False","False","True","26","0x060044E6"
"DolocTown.CommandDefines","Command_AnalyzePlant","System.Void DolocTown.CommandDefines::Command_AnalyzePlant()","System.Void","","private","True","False","False","False","True","26","0x060044E7"
"DolocTown.CommandDefines","Command_IsAllPlantDocUnlocked","System.Boolean DolocTown.CommandDefines::Command_IsAllPlantDocUnlocked()","System.Boolean","","private","True","False","False","False","True","26","0x060044E8"
"DolocTown.CommandDefines","Command_UnlockPlantDoc","System.Void DolocTown.CommandDefines::Command_UnlockPlantDoc(System.String)","System.Void","System.String plantName","private","True","False","False","False","True","28","0x060044E9"
"DolocTown.CommandDefines","Command_GetUnlockedPlantDocCount","System.Int32 DolocTown.CommandDefines::Command_GetUnlockedPlantDocCount()","System.Int32","","private","True","False","False","False","True","11","0x060044EA"
"DolocTown.CommandDefines","Command_GetLatestPlantTitles","System.String DolocTown.CommandDefines::Command_GetLatestPlantTitles()","System.String","","private","True","False","False","False","True","26","0x060044EB"
"DolocTown.CommandDefines","Command_GetLatestPlantReward","System.Int32 DolocTown.CommandDefines::Command_GetLatestPlantReward()","System.Int32","","private","True","False","False","False","True","26","0x060044EC"
"DolocTown.CommandDefines","Command_GetLatestPlantCount","System.Int32 DolocTown.CommandDefines::Command_GetLatestPlantCount()","System.Int32","","private","True","False","False","False","True","26","0x060044ED"
"DolocTown.FunctionDefines","GenerateAllSeeds","System.Void DolocTown.FunctionDefines::GenerateAllSeeds()","System.Void","","private","True","False","False","False","True","186","0x0600457E"
"DolocTown.FunctionDefines","CheckBackpackHasPlantForArchive","System.Boolean DolocTown.FunctionDefines::CheckBackpackHasPlantForArchive()","System.Boolean","","private","True","False","False","False","True","75","0x060045A2"
"DolocTown.FunctionDefines","AllPlantDocUnlocked","System.Boolean DolocTown.FunctionDefines::AllPlantDocUnlocked()","System.Boolean","","private","True","False","False","False","True","26","0x060045A4"
"DolocTown.DolocPatch","GrowToNext","System.Void DolocTown.DolocPatch::GrowToNext(UnityEngine.SpriteRenderer,UnityEngine.Sprite,UnityEngine.Vector2,DG.Tweening.Ease,System.Single,System.Single)","System.Void","UnityEngine.SpriteRenderer renderer; UnityEngine.Sprite sprite; UnityEngine.Vector2 scaleTime; DG.Tweening.Ease ease; System.Single shakeTime; System.Single angle","public","True","False","False","False","True","221","0x060045DC"
"DolocTown.DolocPatch","GrowToNext","System.Void DolocTown.DolocPatch::GrowToNext(UnityEngine.SpriteRenderer,UnityEngine.Sprite)","System.Void","UnityEngine.SpriteRenderer sr; UnityEngine.Sprite sprite","public","True","False","False","False","True","54","0x060045DD"
"DolocTown.TextureUtils","CropTexture","UnityEngine.Texture2D DolocTown.TextureUtils::CropTexture(UnityEngine.Texture2D,UnityEngine.Rect)","UnityEngine.Texture2D","UnityEngine.Texture2D texture; UnityEngine.Rect rect","public","True","False","False","False","True","102","0x0600460C"
"DolocTown.TextureUtils","CropAndCenterTexture","UnityEngine.Texture2D DolocTown.TextureUtils::CropAndCenterTexture(UnityEngine.Texture2D,UnityEngine.Vector2Int,UnityEngine.Vector2Int,UnityEngine.Vector2Int&)","UnityEngine.Texture2D","UnityEngine.Texture2D texture; UnityEngine.Vector2Int size; UnityEngine.Vector2Int additionOffset; UnityEngine.Vector2Int& paddingOffset","public","True","False","False","False","True","96","0x06004613"
"DolocTown.UI.ResourceDetailData","get_growthPeriod","System.String DolocTown.UI.ResourceDetailData::get_growthPeriod()","System.String","","public","False","False","False","False","True","7","0x06004E28"
"DolocTown.UI.CropInfoData","get_notEmpty","System.Boolean DolocTown.UI.CropInfoData::get_notEmpty()","System.Boolean","","public","False","True","False","False","True","7","0x06004F2E"
"DolocTown.UI.CropInfoData",".ctor","System.Void DolocTown.UI.CropInfoData::.ctor(DolocTown.UI.IHasCropInfo)","System.Void","DolocTown.UI.IHasCropInfo plantBasin","public","False","False","False","True","True","139","0x06004F2F"
"DolocTown.UI.IHasCropInfo","get_HasCrop","System.Boolean DolocTown.UI.IHasCropInfo::get_HasCrop()","System.Boolean","","public","False","True","True","False","False","0","0x06004F30"
"DolocTown.UI.IHasCropInfo","get_CropTitle","System.String DolocTown.UI.IHasCropInfo::get_CropTitle()","System.String","","public","False","True","True","False","False","0","0x06004F31"
"DolocTown.UI.IHasCropInfo","get_GrowthLevelInfo","System.String DolocTown.UI.IHasCropInfo::get_GrowthLevelInfo()","System.String","","public","False","True","True","False","False","0","0x06004F32"
"DolocTown.UI.IHasCropInfo","get_HarvestCountInfo","System.String DolocTown.UI.IHasCropInfo::get_HarvestCountInfo()","System.String","","public","False","True","True","False","False","0","0x06004F33"
"DolocTown.UI.IHasCropInfo","get_GeneInfo","System.String DolocTown.UI.IHasCropInfo::get_GeneInfo()","System.String","","public","False","True","True","False","False","0","0x06004F34"
"DolocTown.UI.IHasCropInfo","get_GrowthProgress","System.Single DolocTown.UI.IHasCropInfo::get_GrowthProgress()","System.Single","","public","False","True","True","False","False","0","0x06004F35"
"DolocTown.UI.IHasCropInfo","get_HealthProgress","System.Single DolocTown.UI.IHasCropInfo::get_HealthProgress()","System.Single","","public","False","True","True","False","False","0","0x06004F36"
"DolocTown.UI.IHasCropInfo","get_WaterProgress","System.Single DolocTown.UI.IHasCropInfo::get_WaterProgress()","System.Single","","public","False","True","True","False","False","0","0x06004F37"
"DolocTown.UI.IHasCropInfo","get_FilmProgress","System.Single DolocTown.UI.IHasCropInfo::get_FilmProgress()","System.Single","","public","False","True","True","False","False","0","0x06004F38"
"DolocTown.UI.IHasCropInfo","get_FertilizerProgress","System.Single DolocTown.UI.IHasCropInfo::get_FertilizerProgress()","System.Single","","public","False","True","True","False","False","0","0x06004F39"
"DolocTown.UI.IHasCropInfo","get_IsLighting","System.Boolean DolocTown.UI.IHasCropInfo::get_IsLighting()","System.Boolean","","public","False","True","True","False","False","0","0x06004F3A"
"DolocTown.UI.CropInfoBox","__Init","System.Void DolocTown.UI.CropInfoBox::__Init()","System.Void","","protected","False","True","False","False","True","36","0x06004FA6"
"DolocTown.UI.CropInfoBox","Render","System.Void DolocTown.UI.CropInfoBox::Render(DolocTown.UI.CropInfoData)","System.Void","DolocTown.UI.CropInfoData data","public","False","False","False","False","True","207","0x06004FA7"
"DolocTown.UI.CropInfoBox","SetProgressBar","System.Void DolocTown.UI.CropInfoBox::SetProgressBar(DolocTown.UI.ProgressBar,System.Single,System.Boolean)","System.Void","DolocTown.UI.ProgressBar progressBar; System.Single value; System.Boolean setGray","private","False","False","False","False","True","45","0x06004FA8"
"DolocTown.UI.CropInfoBox",".ctor","System.Void DolocTown.UI.CropInfoBox::.ctor()","System.Void","","public","False","False","False","True","True","7","0x06004FA9"
"DolocTown.UI.SceneBoxGroup","RenderAndShow","System.Void DolocTown.UI.SceneBoxGroup::RenderAndShow(System.Single,DolocTown.UI.IHasCropInfo,System.Single)","System.Void","System.Single worldX; DolocTown.UI.IHasCropInfo plantBasin; System.Single duration","public","False","False","False","False","True","168","0x06004FB9"
"DolocTown.UI.SceneBoxGroup","UpdateCropInfo","System.Void DolocTown.UI.SceneBoxGroup::UpdateCropInfo()","System.Void","","public","False","False","False","False","True","96","0x06004FC2"
"DolocTown.UI.SeedUnLockData","get_notEmpty","System.Boolean DolocTown.UI.SeedUnLockData::get_notEmpty()","System.Boolean","","public","False","True","False","False","True","7","0x0600548D"
"DolocTown.UI.SeedUnLockData","get_icon","UnityEngine.Sprite DolocTown.UI.SeedUnLockData::get_icon()","UnityEngine.Sprite","","public","False","False","False","False","True","7","0x0600548E"
"DolocTown.UI.SeedUnLockData","get_isUnLock","System.Boolean DolocTown.UI.SeedUnLockData::get_isUnLock()","System.Boolean","","public","False","False","False","False","True","7","0x0600548F"
"DolocTown.UI.SeedUnLockData","get_title","System.String DolocTown.UI.SeedUnLockData::get_title()","System.String","","public","False","False","False","False","True","7","0x06005490"
"DolocTown.UI.SeedUnLockData","get_description","System.String DolocTown.UI.SeedUnLockData::get_description()","System.String","","public","False","False","False","False","True","7","0x06005491"
"DolocTown.UI.SeedUnLockData","get_costInfo","System.String DolocTown.UI.SeedUnLockData::get_costInfo()","System.String","","public","False","False","False","False","True","7","0x06005492"
"DolocTown.UI.SeedUnLockData","get_enough","System.Boolean DolocTown.UI.SeedUnLockData::get_enough()","System.Boolean","","public","False","False","False","False","True","7","0x06005493"
"DolocTown.UI.SeedUnLockData","get_locked","System.Boolean DolocTown.UI.SeedUnLockData::get_locked()","System.Boolean","","public","False","False","False","False","True","7","0x06005494"
"DolocTown.UI.SeedUnLockData",".ctor","System.Void DolocTown.UI.SeedUnLockData::.ctor(DolocTown.Config.Plant.SeedUnlockInfo)","System.Void","DolocTown.Config.Plant.SeedUnlockInfo proto","public","False","False","False","True","True","266","0x06005495"
"DolocTown.UI.SeedUnLockData/<>c",".cctor","System.Void DolocTown.UI.SeedUnLockData/<>c::.cctor()","System.Void","","private","True","False","False","True","True","11","0x0600A45E"
"DolocTown.UI.SeedUnLockData/<>c",".ctor","System.Void DolocTown.UI.SeedUnLockData/<>c::.ctor()","System.Void","","public","False","False","False","True","True","7","0x0600A45F"
"DolocTown.UI.SeedUnLockData/<>c","<.ctor>b__24_0","System.String DolocTown.UI.SeedUnLockData/<>c::<.ctor>b__24_0(DolocTown.CountItem)","System.String","DolocTown.CountItem x","internal","False","False","False","False","True","12","0x0600A460"
"DolocTown.UI.SeedUnLockData/<>c","<.ctor>b__24_1","System.Int32 DolocTown.UI.SeedUnLockData/<>c::<.ctor>b__24_1(DolocTown.CountItem)","System.Int32","DolocTown.CountItem x","internal","False","False","False","False","True","7","0x0600A461"
"DolocTown.UI.SeedUINode","set_Selected","System.Void DolocTown.UI.SeedUINode::set_Selected(System.Boolean)","System.Void","System.Boolean value","public","False","False","False","False","True","52","0x06005496"
"DolocTown.UI.SeedUINode","get_hoveredRect","UnityEngine.RectTransform DolocTown.UI.SeedUINode::get_hoveredRect()","UnityEngine.RectTransform","","public","False","False","False","False","True","12","0x06005497"
"DolocTown.UI.SeedUINode","Render","System.Void DolocTown.UI.SeedUINode::Render(DolocTown.UI.SeedUnLockData)","System.Void","DolocTown.UI.SeedUnLockData data","public","False","False","False","False","True","125","0x06005498"
"DolocTown.UI.SeedUINode",".ctor","System.Void DolocTown.UI.SeedUINode::.ctor()","System.Void","","public","False","False","False","True","True","51","0x06005499"
"DolocTown.UI.SeedUnLockPanel","GetSlots","DolocTown.UI.SeedUINode[] DolocTown.UI.SeedUnLockPanel::GetSlots()","DolocTown.UI.SeedUINode[]","","protected","False","True","False","False","True","13","0x0600549A"
"DolocTown.UI.SeedUnLockPanel","OnInitSlot","System.Void DolocTown.UI.SeedUnLockPanel::OnInitSlot(DolocTown.UI.SeedUINode)","System.Void","DolocTown.UI.SeedUINode slot","protected","False","True","False","False","True","70","0x0600549B"
"DolocTown.UI.SeedUnLockPanel","RenderSlot","System.Void DolocTown.UI.SeedUnLockPanel::RenderSlot(DolocTown.UI.SeedUINode,DolocTown.UI.SeedUnLockData)","System.Void","DolocTown.UI.SeedUINode slot; DolocTown.UI.SeedUnLockData data","protected","False","True","False","False","True","8","0x0600549C"
"DolocTown.UI.SeedUnLockPanel","OnStartHide","System.Void DolocTown.UI.SeedUnLockPanel::OnStartHide()","System.Void","","protected","False","True","False","False","True","12","0x0600549D"
"DolocTown.UI.SeedUnLockPanel",".ctor","System.Void DolocTown.UI.SeedUnLockPanel::.ctor()","System.Void","","public","False","False","False","True","True","7","0x0600549E"
"DolocTown.UI.SeedUnLockPanel/<>c__DisplayClass1_0",".ctor","System.Void DolocTown.UI.SeedUnLockPanel/<>c__DisplayClass1_0::.ctor()","System.Void","","public","False","False","False","True","True","7","0x0600A462"
"DolocTown.UI.SeedUnLockPanel/<>c__DisplayClass1_0","<OnInitSlot>b__0","System.Void DolocTown.UI.SeedUnLockPanel/<>c__DisplayClass1_0::<OnInitSlot>b__0(System.Int32)","System.Void","System.Int32 _","internal","False","False","False","False","True","13","0x0600A463"
"DolocTown.UI.SeedUnLockPanel/<>c__DisplayClass1_0","<OnInitSlot>b__1","System.Void DolocTown.UI.SeedUnLockPanel/<>c__DisplayClass1_0::<OnInitSlot>b__1(System.Int32)","System.Void","System.Int32 _","internal","False","False","False","False","True","13","0x0600A464"
"DolocTown.NodeCanvas.DialogueTask_CheckBackpackStatusSpecial","HasPlant","System.Boolean DolocTown.NodeCanvas.DialogueTask_CheckBackpackStatusSpecial::HasPlant()","System.Boolean","","private","False","False","False","False","True","69","0x060059CA"
"DolocTown.GameData.NpcScheduleWorkPlant","get_Type","DolocTown.GameData.NpcScheduleWorkType DolocTown.GameData.NpcScheduleWorkPlant::get_Type()","DolocTown.GameData.NpcScheduleWorkType","","public","False","True","False","False","True","2","0x06005CAE"
"DolocTown.GameData.NpcScheduleWorkPlant","CreateTask","RedSaw.AI.LinearTask.LinearTask DolocTown.GameData.NpcScheduleWorkPlant::CreateTask(DolocTown.Npc)","RedSaw.AI.LinearTask.LinearTask","DolocTown.Npc npc","public","False","True","False","False","True","134","0x06005CAF"
"DolocTown.GameData.NpcScheduleWorkPlant","TryGetSeedProto","System.Boolean DolocTown.GameData.NpcScheduleWorkPlant::TryGetSeedProto(DolocTown.Config.Plant.SeedInfo&)","System.Boolean","DolocTown.Config.Plant.SeedInfo& seed","private","False","False","False","False","True","194","0x06005CB0"
"DolocTown.GameData.NpcScheduleWorkPlant","PlantSeed","RedSaw.AI.LinearTask.LinearTask DolocTown.GameData.NpcScheduleWorkPlant::PlantSeed(DolocTown.ItemSeed,DolocTown.PlantBasin)","RedSaw.AI.LinearTask.LinearTask","DolocTown.ItemSeed seed; DolocTown.PlantBasin basin","private","False","False","False","False","True","85","0x06005CB1"
"DolocTown.GameData.NpcScheduleWorkPlant","TryBuildPlantBasin","System.Boolean DolocTown.GameData.NpcScheduleWorkPlant::TryBuildPlantBasin(DolocTown.Room,RedSaw.AI.LinearTask.LinearTask&)","System.Boolean","DolocTown.Room room; RedSaw.AI.LinearTask.LinearTask& task","private","False","False","False","False","True","76","0x06005CB2"
"DolocTown.GameData.NpcScheduleWorkPlant","BuildPlantBasin","RedSaw.AI.LinearTask.LinearTask DolocTown.GameData.NpcScheduleWorkPlant::BuildPlantBasin(DolocTown.IEquipmentHost,DolocTown.Config.Equipment.EquipmentInfo,UnityEngine.Vector2Int)","RedSaw.AI.LinearTask.LinearTask","DolocTown.IEquipmentHost host; DolocTown.Config.Equipment.EquipmentInfo proto; UnityEngine.Vector2Int pos","private","False","False","False","False","True","178","0x06005CB3"
"DolocTown.GameData.NpcScheduleWorkPlant",".ctor","System.Void DolocTown.GameData.NpcScheduleWorkPlant::.ctor()","System.Void","","public","False","False","False","True","True","7","0x06005CB4"
"DolocTown.GameData.NpcScheduleWorkPlant/<>c",".cctor","System.Void DolocTown.GameData.NpcScheduleWorkPlant/<>c::.cctor()","System.Void","","private","True","False","False","True","True","11","0x0600A60E"
"DolocTown.GameData.NpcScheduleWorkPlant/<>c",".ctor","System.Void DolocTown.GameData.NpcScheduleWorkPlant/<>c::.ctor()","System.Void","","public","False","False","False","True","True","7","0x0600A60F"
"DolocTown.GameData.NpcScheduleWorkPlant/<>c","<CreateTask>b__9_0","System.Boolean DolocTown.GameData.NpcScheduleWorkPlant/<>c::<CreateTask>b__9_0(DolocTown.PlantBasin)","System.Boolean","DolocTown.PlantBasin x","internal","False","False","False","False","True","10","0x0600A610"
"DolocTown.GameData.NpcScheduleWorkPlant/<>c__DisplayClass11_0",".ctor","System.Void DolocTown.GameData.NpcScheduleWorkPlant/<>c__DisplayClass11_0::.ctor()","System.Void","","public","False","False","False","True","True","7","0x0600A611"
"DolocTown.GameData.NpcScheduleWorkPlant/<>c__DisplayClass11_0","<PlantSeed>b__0","System.Void DolocTown.GameData.NpcScheduleWorkPlant/<>c__DisplayClass11_0::<PlantSeed>b__0(DolocTown.Npc)","System.Void","DolocTown.Npc npc","internal","False","False","False","False","True","132","0x0600A612"
"DolocTown.GameData.NpcScheduleWorkPlant/<>c__DisplayClass13_0",".ctor","System.Void DolocTown.GameData.NpcScheduleWorkPlant/<>c__DisplayClass13_0::.ctor()","System.Void","","public","False","False","False","True","True","7","0x0600A613"
"DolocTown.GameData.NpcScheduleWorkPlant/<>c__DisplayClass13_0","<BuildPlantBasin>b__0","System.Void DolocTown.GameData.NpcScheduleWorkPlant/<>c__DisplayClass13_0::<BuildPlantBasin>b__0(DolocTown.Npc)","System.Void","DolocTown.Npc npc","internal","False","False","False","False","True","121","0x0600A614"
"DolocTown.GameData.NpcScheduleWorkPlant/<>c__DisplayClass13_1",".ctor","System.Void DolocTown.GameData.NpcScheduleWorkPlant/<>c__DisplayClass13_1::.ctor()","System.Void","","public","False","False","False","True","True","7","0x0600A615"
"DolocTown.GameData.NpcScheduleWorkPlant/<>c__DisplayClass13_1","<BuildPlantBasin>b__1","System.Void DolocTown.GameData.NpcScheduleWorkPlant/<>c__DisplayClass13_1::<BuildPlantBasin>b__1()","System.Void","","internal","False","False","False","False","True","166","0x0600A616"
"DolocTown.GameData.TimeArchiveData","ValidateRandomSeed","System.Int32 DolocTown.GameData.TimeArchiveData::ValidateRandomSeed(System.Int32)","System.Int32","System.Int32 randomSeed","private","False","False","False","False","True","17","0x06005FC5"
"DolocTown.GameData.ArchiveOperationCity","UnlockSeedItemInStore","System.Void DolocTown.GameData.ArchiveOperationCity::UnlockSeedItemInStore(DolocTown.GameData.ArchiveDataHandle)","System.Void","DolocTown.GameData.ArchiveDataHandle handle","public","True","False","False","False","True","130","0x0600604A"
"DolocTown.GameData.ArchiveOperationCity","GetUnlockedPlantDocumentCount","System.Int32 DolocTown.GameData.ArchiveOperationCity::GetUnlockedPlantDocumentCount(DolocTown.GameData.ArchiveDataHandle)","System.Int32","DolocTown.GameData.ArchiveDataHandle handle","public","True","False","False","False","True","27","0x06006051"
"DolocTown.GameData.ArchiveOperationFarm","UnlockSeedNode","System.Boolean DolocTown.GameData.ArchiveOperationFarm::UnlockSeedNode(DolocTown.GameData.ArchiveDataHandle,System.String)","System.Boolean","DolocTown.GameData.ArchiveDataHandle handle; System.String id","public","True","False","False","False","True","82","0x0600605C"
"DolocTown.GameData.ArchiveOperationFarm","IsSeedNodeUnlocked","System.Boolean DolocTown.GameData.ArchiveOperationFarm::IsSeedNodeUnlocked(DolocTown.GameData.ArchiveDataHandle,System.String)","System.Boolean","DolocTown.GameData.ArchiveDataHandle handle; System.String id","public","True","False","False","False","True","18","0x0600605D"
"DolocTown.GameData.ArchiveOperationFarm","GetUnlockedSeedCount","System.Int32 DolocTown.GameData.ArchiveOperationFarm::GetUnlockedSeedCount(DolocTown.GameData.ArchiveDataHandle)","System.Int32","DolocTown.GameData.ArchiveDataHandle handle","public","True","False","False","False","True","17","0x0600605E"
"DolocTown.GameData.ArchiveOperationFarm","IsSeedNodeAvailableToUnlock","System.Boolean DolocTown.GameData.ArchiveOperationFarm::IsSeedNodeAvailableToUnlock(DolocTown.GameData.ArchiveDataHandle,System.String)","System.Boolean","DolocTown.GameData.ArchiveDataHandle handle; System.String id","public","True","False","False","False","True","71","0x0600605F"
"DolocTown.Config.Tables","get_TbPlantDocument","DolocTown.Config.Archives.TbPlantDocument DolocTown.Config.Tables::get_TbPlantDocument()","DolocTown.Config.Archives.TbPlantDocument","","public","False","False","False","False","True","7","0x06006285"
"DolocTown.Config.Tables","get_TbSeed","DolocTown.Config.Plant.TbSeed DolocTown.Config.Tables::get_TbSeed()","DolocTown.Config.Plant.TbSeed","","public","False","False","False","False","True","7","0x060062D5"
"DolocTown.Config.Tables","get_TbSeedType","DolocTown.Config.Plant.TbSeedType DolocTown.Config.Tables::get_TbSeedType()","DolocTown.Config.Plant.TbSeedType","","public","False","False","False","False","True","7","0x060062D6"
"DolocTown.Config.Tables","get_TbSeedUnlock","DolocTown.Config.Plant.TbSeedUnlock DolocTown.Config.Tables::get_TbSeedUnlock()","DolocTown.Config.Plant.TbSeedUnlock","","public","False","False","False","False","True","7","0x060062D7"
"DolocTown.Config.Tables","get_TbTreeSeed","DolocTown.Config.Plant.TbTreeSeed DolocTown.Config.Tables::get_TbTreeSeed()","DolocTown.Config.Plant.TbTreeSeed","","public","False","False","False","False","True","7","0x060062D8"
"DolocTown.Config.Tables","get_TbCropGene","DolocTown.Config.Plant.TbCropGene DolocTown.Config.Tables::get_TbCropGene()","DolocTown.Config.Plant.TbCropGene","","public","False","False","False","False","True","7","0x060062D9"
"DolocTown.Config.Tables","get_TbCropGeneMatrix","DolocTown.Config.Plant.TbCropGeneMatrix DolocTown.Config.Tables::get_TbCropGeneMatrix()","DolocTown.Config.Plant.TbCropGeneMatrix","","public","False","False","False","False","True","7","0x060062DA"
"DolocTown.Config.Time.SeasonInfo","get_ResourceGrowInterval","System.Int32 DolocTown.Config.Time.SeasonInfo::get_ResourceGrowInterval()","System.Int32","","public","False","False","False","False","True","7","0x06006546"
"DolocTown.Config.Time.SeasonInfo","set_ResourceGrowInterval","System.Void DolocTown.Config.Time.SeasonInfo::set_ResourceGrowInterval(System.Int32)","System.Void","System.Int32 value","private","False","False","False","False","True","8","0x06006547"
"DolocTown.Config.Time.SeasonInfo","get_VegetationGrowInterval","System.Int32 DolocTown.Config.Time.SeasonInfo::get_VegetationGrowInterval()","System.Int32","","public","False","False","False","False","True","7","0x0600654A"
"DolocTown.Config.Time.SeasonInfo","set_VegetationGrowInterval","System.Void DolocTown.Config.Time.SeasonInfo::set_VegetationGrowInterval(System.Int32)","System.Void","System.Int32 value","private","False","False","False","False","True","8","0x0600654B"
"DolocTown.Config.Settings.GlobalParameterInfo","get_SeedStoreIds","System.String[] DolocTown.Config.Settings.GlobalParameterInfo::get_SeedStoreIds()","System.String[]","","public","False","False","False","False","True","7","0x060067A9"
"DolocTown.Config.Settings.GlobalParameterInfo","set_SeedStoreIds","System.Void DolocTown.Config.Settings.GlobalParameterInfo::set_SeedStoreIds(System.String[])","System.Void","System.String[] value","private","False","False","False","False","True","8","0x060067AA"
"DolocTown.Config.Settings.GlobalParameterInfo","get_SeedStoreIds_Ref","DolocTown.Config.Store.StoreInfo[] DolocTown.Config.Settings.GlobalParameterInfo::get_SeedStoreIds_Ref()","DolocTown.Config.Store.StoreInfo[]","","public","False","False","False","False","True","7","0x060067AB"
"DolocTown.Config.Settings.GlobalParameterInfo","set_SeedStoreIds_Ref","System.Void DolocTown.Config.Settings.GlobalParameterInfo::set_SeedStoreIds_Ref(DolocTown.Config.Store.StoreInfo[])","System.Void","DolocTown.Config.Store.StoreInfo[] value","private","False","False","False","False","True","8","0x060067AC"
"DolocTown.Config.Settings.GlobalParameterInfo","get_SunGrowthAddition","System.Single DolocTown.Config.Settings.GlobalParameterInfo::get_SunGrowthAddition()","System.Single","","public","False","False","False","False","True","7","0x06006850"
"DolocTown.Config.Settings.GlobalParameterInfo","set_SunGrowthAddition","System.Void DolocTown.Config.Settings.GlobalParameterInfo::set_SunGrowthAddition(System.Single)","System.Void","System.Single value","private","False","False","False","False","True","8","0x06006851"
"DolocTown.Config.Settings.GlobalParameterInfo","get_ClonedCropGeneGroup","System.String[] DolocTown.Config.Settings.GlobalParameterInfo::get_ClonedCropGeneGroup()","System.String[]","","public","False","False","False","False","True","7","0x06006852"
"DolocTown.Config.Settings.GlobalParameterInfo","set_ClonedCropGeneGroup","System.Void DolocTown.Config.Settings.GlobalParameterInfo::set_ClonedCropGeneGroup(System.String[])","System.Void","System.String[] value","private","False","False","False","False","True","8","0x06006853"
"DolocTown.Config.Settings.GlobalParameterInfo","get_ClonedCropGeneGroup_Ref","DolocTown.Config.Plant.CropGeneInfo[] DolocTown.Config.Settings.GlobalParameterInfo::get_ClonedCropGeneGroup_Ref()","DolocTown.Config.Plant.CropGeneInfo[]","","public","False","False","False","False","True","7","0x06006854"
"DolocTown.Config.Settings.GlobalParameterInfo","set_ClonedCropGeneGroup_Ref","System.Void DolocTown.Config.Settings.GlobalParameterInfo::set_ClonedCropGeneGroup_Ref(DolocTown.Config.Plant.CropGeneInfo[])","System.Void","DolocTown.Config.Plant.CropGeneInfo[] value","private","False","False","False","False","True","8","0x06006855"
"DolocTown.Config.Settings.GlobalParameterInfo","get_CompressGeneFixed_Ref","DolocTown.Config.Plant.CropGeneInfo[] DolocTown.Config.Settings.GlobalParameterInfo::get_CompressGeneFixed_Ref()","DolocTown.Config.Plant.CropGeneInfo[]","","public","False","False","False","False","True","7","0x06006858"
"DolocTown.Config.Settings.GlobalParameterInfo","set_CompressGeneFixed_Ref","System.Void DolocTown.Config.Settings.GlobalParameterInfo::set_CompressGeneFixed_Ref(DolocTown.Config.Plant.CropGeneInfo[])","System.Void","DolocTown.Config.Plant.CropGeneInfo[] value","private","False","False","False","False","True","8","0x06006859"
"DolocTown.Config.Settings.GlobalParameterInfo","get_ThunderDamgeToCrop","System.Single DolocTown.Config.Settings.GlobalParameterInfo::get_ThunderDamgeToCrop()","System.Single","","public","False","False","False","False","True","7","0x060068A4"
"DolocTown.Config.Settings.GlobalParameterInfo","set_ThunderDamgeToCrop","System.Void DolocTown.Config.Settings.GlobalParameterInfo::set_ThunderDamgeToCrop(System.Single)","System.Void","System.Single value","private","False","False","False","False","True","8","0x060068A5"
"DolocTown.Config.Settings.GlobalParameterInfo","get_ItemRefSeedEndyam","System.String DolocTown.Config.Settings.GlobalParameterInfo::get_ItemRefSeedEndyam()","System.String","","public","False","False","False","False","True","7","0x0600695E"
"DolocTown.Config.Settings.GlobalParameterInfo","set_ItemRefSeedEndyam","System.Void DolocTown.Config.Settings.GlobalParameterInfo::set_ItemRefSeedEndyam(System.String)","System.Void","System.String value","private","False","False","False","False","True","8","0x0600695F"
"DolocTown.Config.Settings.GlobalParameterInfo","get_ItemRefSeedEndyam_Ref","DolocTown.Config.Item.ItemInfo DolocTown.Config.Settings.GlobalParameterInfo::get_ItemRefSeedEndyam_Ref()","DolocTown.Config.Item.ItemInfo","","public","False","False","False","False","True","7","0x06006960"
"DolocTown.Config.Settings.GlobalParameterInfo","set_ItemRefSeedEndyam_Ref","System.Void DolocTown.Config.Settings.GlobalParameterInfo::set_ItemRefSeedEndyam_Ref(DolocTown.Config.Item.ItemInfo)","System.Void","DolocTown.Config.Item.ItemInfo value","private","False","False","False","False","True","8","0x06006961"
"DolocTown.Config.Settings.TbGlobalParameter","get_SeedStoreIds","System.String[] DolocTown.Config.Settings.TbGlobalParameter::get_SeedStoreIds()","System.String[]","","public","False","False","False","False","True","12","0x06006A04"
"DolocTown.Config.Settings.TbGlobalParameter","get_SunGrowthAddition","System.Single DolocTown.Config.Settings.TbGlobalParameter::get_SunGrowthAddition()","System.Single","","public","False","False","False","False","True","12","0x06006A4F"
"DolocTown.Config.Settings.TbGlobalParameter","get_ClonedCropGeneGroup","System.String[] DolocTown.Config.Settings.TbGlobalParameter::get_ClonedCropGeneGroup()","System.String[]","","public","False","False","False","False","True","12","0x06006A50"
"DolocTown.Config.Settings.TbGlobalParameter","get_ThunderDamgeToCrop","System.Single DolocTown.Config.Settings.TbGlobalParameter::get_ThunderDamgeToCrop()","System.Single","","public","False","False","False","False","True","12","0x06006A76"
"DolocTown.Config.Settings.TbGlobalParameter","get_ItemRefSeedEndyam","System.String DolocTown.Config.Settings.TbGlobalParameter::get_ItemRefSeedEndyam()","System.String","","public","False","False","False","False","True","12","0x06006AC6"
"DolocTown.Config.Room.RoomEffectInfo","get_GrowthAddition","System.Single DolocTown.Config.Room.RoomEffectInfo::get_GrowthAddition()","System.Single","","public","False","False","False","False","True","7","0x06006C2C"
"DolocTown.Config.Room.RoomEffectInfo","set_GrowthAddition","System.Void DolocTown.Config.Room.RoomEffectInfo::set_GrowthAddition(System.Single)","System.Void","System.Single value","private","False","False","False","False","True","8","0x06006C2D"
"DolocTown.Config.Room.RoomEffectInfo","get_GrowthAdditionFungus","System.Single DolocTown.Config.Room.RoomEffectInfo::get_GrowthAdditionFungus()","System.Single","","public","False","False","False","False","True","7","0x06006C2E"
"DolocTown.Config.Room.RoomEffectInfo","set_GrowthAdditionFungus","System.Void DolocTown.Config.Room.RoomEffectInfo::set_GrowthAdditionFungus(System.Single)","System.Void","System.Single value","private","False","False","False","False","True","8","0x06006C2F"
"DolocTown.Config.Resource.ResourceDocumentInfo","get_IsPlant","System.Boolean DolocTown.Config.Resource.ResourceDocumentInfo::get_IsPlant()","System.Boolean","","public","False","False","False","False","True","7","0x06006D93"
"DolocTown.Config.Resource.ResourceDocumentInfo","set_IsPlant","System.Void DolocTown.Config.Resource.ResourceDocumentInfo::set_IsPlant(System.Boolean)","System.Void","System.Boolean value","private","False","False","False","False","True","8","0x06006D94"
"DolocTown.Config.Resource.ResourceLevelData","get_GrowthValue","UnityEngine.Vector2Int DolocTown.Config.Resource.ResourceLevelData::get_GrowthValue()","UnityEngine.Vector2Int","","public","False","False","False","False","True","7","0x06006DD3"
"DolocTown.Config.Resource.ResourceLevelData","set_GrowthValue","System.Void DolocTown.Config.Resource.ResourceLevelData::set_GrowthValue(UnityEngine.Vector2Int)","System.Void","UnityEngine.Vector2Int value","private","False","False","False","False","True","8","0x06006DD4"
"DolocTown.Config.Resource.ResourceLevelData","get_CanGrow","System.Boolean DolocTown.Config.Resource.ResourceLevelData::get_CanGrow()","System.Boolean","","public","False","False","False","False","True","18","0x06006DE5"
"DolocTown.Config.Resource.VegetationFuncCrop",".ctor","System.Void DolocTown.Config.Resource.VegetationFuncCrop::.ctor(SimpleJSON.JSONNode)","System.Void","SimpleJSON.JSONNode _json","public","False","False","False","True","True","8","0x06006E81"
"DolocTown.Config.Resource.VegetationFuncCrop",".ctor","System.Void DolocTown.Config.Resource.VegetationFuncCrop::.ctor(UnityEngine.Vector2Int,DolocTown.SpriteAssetArray)","System.Void","UnityEngine.Vector2Int growth_value; DolocTown.SpriteAssetArray level_sprites","public","False","False","False","True","True","9","0x06006E82"
"DolocTown.Config.Resource.VegetationFuncCrop","DeserializeVegetationFuncCrop","DolocTown.Config.Resource.VegetationFuncCrop DolocTown.Config.Resource.VegetationFuncCrop::DeserializeVegetationFuncCrop(SimpleJSON.JSONNode)","DolocTown.Config.Resource.VegetationFuncCrop","SimpleJSON.JSONNode _json","public","True","False","False","False","True","7","0x06006E83"
"DolocTown.Config.Resource.VegetationFuncCrop","GetTypeId","System.Int32 DolocTown.Config.Resource.VegetationFuncCrop::GetTypeId()","System.Int32","","public","False","True","False","False","True","6","0x06006E84"
"DolocTown.Config.Resource.VegetationFuncCrop","Resolve","System.Void DolocTown.Config.Resource.VegetationFuncCrop::Resolve(System.Collections.Generic.Dictionary`2<System.String,System.Object>)","System.Void","System.Collections.Generic.Dictionary`2<System.String,System.Object> _tables","public","False","True","False","False","True","8","0x06006E85"
"DolocTown.Config.Resource.VegetationFuncCrop","TranslateText","System.Void DolocTown.Config.Resource.VegetationFuncCrop::TranslateText(System.Func`3<System.String,System.String,System.String>)","System.Void","System.Func`3<System.String,System.String,System.String> translator","public","False","True","False","False","True","8","0x06006E86"
"DolocTown.Config.Resource.VegetationFuncCrop","ToString","System.String DolocTown.Config.Resource.VegetationFuncCrop::ToString()","System.String","","public","False","True","False","False","True","80","0x06006E87"
"DolocTown.Config.Resource.VegetationFuncGrow",".ctor","System.Void DolocTown.Config.Resource.VegetationFuncGrow::.ctor(SimpleJSON.JSONNode)","System.Void","SimpleJSON.JSONNode _json","public","False","False","False","True","True","8","0x06006E9C"
"DolocTown.Config.Resource.VegetationFuncGrow",".ctor","System.Void DolocTown.Config.Resource.VegetationFuncGrow::.ctor(UnityEngine.Vector2Int,DolocTown.SpriteAssetArray)","System.Void","UnityEngine.Vector2Int growth_value; DolocTown.SpriteAssetArray level_sprites","public","False","False","False","True","True","9","0x06006E9D"
"DolocTown.Config.Resource.VegetationFuncGrow","DeserializeVegetationFuncGrow","DolocTown.Config.Resource.VegetationFuncGrow DolocTown.Config.Resource.VegetationFuncGrow::DeserializeVegetationFuncGrow(SimpleJSON.JSONNode)","DolocTown.Config.Resource.VegetationFuncGrow","SimpleJSON.JSONNode _json","public","True","False","False","False","True","7","0x06006E9E"
"DolocTown.Config.Resource.VegetationFuncGrow","GetTypeId","System.Int32 DolocTown.Config.Resource.VegetationFuncGrow::GetTypeId()","System.Int32","","public","False","True","False","False","True","6","0x06006E9F"
"DolocTown.Config.Resource.VegetationFuncGrow","Resolve","System.Void DolocTown.Config.Resource.VegetationFuncGrow::Resolve(System.Collections.Generic.Dictionary`2<System.String,System.Object>)","System.Void","System.Collections.Generic.Dictionary`2<System.String,System.Object> _tables","public","False","True","False","False","True","8","0x06006EA0"
"DolocTown.Config.Resource.VegetationFuncGrow","TranslateText","System.Void DolocTown.Config.Resource.VegetationFuncGrow::TranslateText(System.Func`3<System.String,System.String,System.String>)","System.Void","System.Func`3<System.String,System.String,System.String> translator","public","False","True","False","False","True","8","0x06006EA1"
"DolocTown.Config.Resource.VegetationFuncGrow","ToString","System.String DolocTown.Config.Resource.VegetationFuncGrow::ToString()","System.String","","public","False","True","False","False","True","80","0x06006EA2"
"DolocTown.Config.Resource.VegetationFuncGrowBase",".ctor","System.Void DolocTown.Config.Resource.VegetationFuncGrowBase::.ctor(SimpleJSON.JSONNode)","System.Void","SimpleJSON.JSONNode _json","public","False","False","False","True","True","110","0x06006EA3"
"DolocTown.Config.Resource.VegetationFuncGrowBase",".ctor","System.Void DolocTown.Config.Resource.VegetationFuncGrowBase::.ctor(UnityEngine.Vector2Int,DolocTown.SpriteAssetArray)","System.Void","UnityEngine.Vector2Int growth_value; DolocTown.SpriteAssetArray level_sprites","public","False","False","False","True","True","21","0x06006EA4"
"DolocTown.Config.Resource.VegetationFuncGrowBase","DeserializeVegetationFuncGrowBase","DolocTown.Config.Resource.VegetationFuncGrowBase DolocTown.Config.Resource.VegetationFuncGrowBase::DeserializeVegetationFuncGrowBase(SimpleJSON.JSONNode)","DolocTown.Config.Resource.VegetationFuncGrowBase","SimpleJSON.JSONNode _json","public","True","False","False","False","True","125","0x06006EA5"
"DolocTown.Config.Resource.VegetationFuncGrowBase","get_GrowthValue","UnityEngine.Vector2Int DolocTown.Config.Resource.VegetationFuncGrowBase::get_GrowthValue()","UnityEngine.Vector2Int","","public","False","False","False","False","True","7","0x06006EA6"
"DolocTown.Config.Resource.VegetationFuncGrowBase","set_GrowthValue","System.Void DolocTown.Config.Resource.VegetationFuncGrowBase::set_GrowthValue(UnityEngine.Vector2Int)","System.Void","UnityEngine.Vector2Int value","private","False","False","False","False","True","8","0x06006EA7"
"DolocTown.Config.Resource.VegetationFuncGrowBase","get_LevelSprites","DolocTown.SpriteAssetArray DolocTown.Config.Resource.VegetationFuncGrowBase::get_LevelSprites()","DolocTown.SpriteAssetArray","","public","False","False","False","False","True","7","0x06006EA8"
"DolocTown.Config.Resource.VegetationFuncGrowBase","set_LevelSprites","System.Void DolocTown.Config.Resource.VegetationFuncGrowBase::set_LevelSprites(DolocTown.SpriteAssetArray)","System.Void","DolocTown.SpriteAssetArray value","private","False","False","False","False","True","8","0x06006EA9"
"DolocTown.Config.Resource.VegetationFuncGrowBase","Resolve","System.Void DolocTown.Config.Resource.VegetationFuncGrowBase::Resolve(System.Collections.Generic.Dictionary`2<System.String,System.Object>)","System.Void","System.Collections.Generic.Dictionary`2<System.String,System.Object> _tables","public","False","True","False","False","True","8","0x06006EAA"
"DolocTown.Config.Resource.VegetationFuncGrowBase","TranslateText","System.Void DolocTown.Config.Resource.VegetationFuncGrowBase::TranslateText(System.Func`3<System.String,System.String,System.String>)","System.Void","System.Func`3<System.String,System.String,System.String> translator","public","False","True","False","False","True","8","0x06006EAB"
"DolocTown.Config.Resource.VegetationFuncGrowBase","ToString","System.String DolocTown.Config.Resource.VegetationFuncGrowBase::ToString()","System.String","","public","False","True","False","False","True","80","0x06006EAC"
"DolocTown.Config.Resource.VegetationFuncGrowLuminous",".ctor","System.Void DolocTown.Config.Resource.VegetationFuncGrowLuminous::.ctor(SimpleJSON.JSONNode)","System.Void","SimpleJSON.JSONNode _json","public","False","False","False","True","True","105","0x06006EAD"
"DolocTown.Config.Resource.VegetationFuncGrowLuminous",".ctor","System.Void DolocTown.Config.Resource.VegetationFuncGrowLuminous::.ctor(UnityEngine.Vector2Int,DolocTown.SpriteAssetArray,System.String,DolocTown.SwitchScheduleAsset)","System.Void","UnityEngine.Vector2Int growth_value; DolocTown.SpriteAssetArray level_sprites; System.String lamp; DolocTown.SwitchScheduleAsset switch_schedule_asseet","public","False","False","False","True","True","24","0x06006EAE"
"DolocTown.Config.Resource.VegetationFuncGrowLuminous","DeserializeVegetationFuncGrowLuminous","DolocTown.Config.Resource.VegetationFuncGrowLuminous DolocTown.Config.Resource.VegetationFuncGrowLuminous::DeserializeVegetationFuncGrowLuminous(SimpleJSON.JSONNode)","DolocTown.Config.Resource.VegetationFuncGrowLuminous","SimpleJSON.JSONNode _json","public","True","False","False","False","True","7","0x06006EAF"
"DolocTown.Config.Resource.VegetationFuncGrowLuminous","get_Lamp","System.String DolocTown.Config.Resource.VegetationFuncGrowLuminous::get_Lamp()","System.String","","public","False","False","False","False","True","7","0x06006EB0"
"DolocTown.Config.Resource.VegetationFuncGrowLuminous","set_Lamp","System.Void DolocTown.Config.Resource.VegetationFuncGrowLuminous::set_Lamp(System.String)","System.Void","System.String value","private","False","False","False","False","True","8","0x06006EB1"
"DolocTown.Config.Resource.VegetationFuncGrowLuminous","get_Lamp_Ref","DolocTown.Config.Equipment.LampInfo DolocTown.Config.Resource.VegetationFuncGrowLuminous::get_Lamp_Ref()","DolocTown.Config.Equipment.LampInfo","","public","False","False","False","False","True","7","0x06006EB2"
"DolocTown.Config.Resource.VegetationFuncGrowLuminous","set_Lamp_Ref","System.Void DolocTown.Config.Resource.VegetationFuncGrowLuminous::set_Lamp_Ref(DolocTown.Config.Equipment.LampInfo)","System.Void","DolocTown.Config.Equipment.LampInfo value","private","False","False","False","False","True","8","0x06006EB3"
"DolocTown.Config.Resource.VegetationFuncGrowLuminous","get_SwitchScheduleAsseet","DolocTown.SwitchScheduleAsset DolocTown.Config.Resource.VegetationFuncGrowLuminous::get_SwitchScheduleAsseet()","DolocTown.SwitchScheduleAsset","","public","False","False","False","False","True","7","0x06006EB4"
"DolocTown.Config.Resource.VegetationFuncGrowLuminous","set_SwitchScheduleAsseet","System.Void DolocTown.Config.Resource.VegetationFuncGrowLuminous::set_SwitchScheduleAsseet(DolocTown.SwitchScheduleAsset)","System.Void","DolocTown.SwitchScheduleAsset value","private","False","False","False","False","True","8","0x06006EB5"
"DolocTown.Config.Resource.VegetationFuncGrowLuminous","GetTypeId","System.Int32 DolocTown.Config.Resource.VegetationFuncGrowLuminous::GetTypeId()","System.Int32","","public","False","True","False","False","True","6","0x06006EB6"
"DolocTown.Config.Resource.VegetationFuncGrowLuminous","Resolve","System.Void DolocTown.Config.Resource.VegetationFuncGrowLuminous::Resolve(System.Collections.Generic.Dictionary`2<System.String,System.Object>)","System.Void","System.Collections.Generic.Dictionary`2<System.String,System.Object> _tables","public","False","True","False","False","True","41","0x06006EB7"
"DolocTown.Config.Resource.VegetationFuncGrowLuminous","TranslateText","System.Void DolocTown.Config.Resource.VegetationFuncGrowLuminous::TranslateText(System.Func`3<System.String,System.String,System.String>)","System.Void","System.Func`3<System.String,System.String,System.String> translator","public","False","True","False","False","True","8","0x06006EB8"
"DolocTown.Config.Resource.VegetationFuncGrowLuminous","ToString","System.String DolocTown.Config.Resource.VegetationFuncGrowLuminous::ToString()","System.String","","public","False","True","False","False","True","127","0x06006EB9"
"DolocTown.Config.Resource.VegetationInfo","get_GrowingMonths","System.Int32[] DolocTown.Config.Resource.VegetationInfo::get_GrowingMonths()","System.Int32[]","","public","False","False","False","False","True","7","0x06006EDC"
"DolocTown.Config.Resource.VegetationInfo","set_GrowingMonths","System.Void DolocTown.Config.Resource.VegetationInfo::set_GrowingMonths(System.Int32[])","System.Void","System.Int32[] value","private","False","False","False","False","True","8","0x06006EDD"
"DolocTown.Config.Plant.CropGeneFuncProto",".ctor","System.Void DolocTown.Config.Plant.CropGeneFuncProto::.ctor(SimpleJSON.JSONNode)","System.Void","SimpleJSON.JSONNode _json","public","False","False","False","True","True","7","0x060071E3"
"DolocTown.Config.Plant.CropGeneFuncProto",".ctor","System.Void DolocTown.Config.Plant.CropGeneFuncProto::.ctor()","System.Void","","public","False","False","False","True","True","7","0x060071E4"
"DolocTown.Config.Plant.CropGeneFuncProto","DeserializeCropGeneFuncProto","DolocTown.Config.Plant.CropGeneFuncProto DolocTown.Config.Plant.CropGeneFuncProto::DeserializeCropGeneFuncProto(SimpleJSON.JSONNode)","DolocTown.Config.Plant.CropGeneFuncProto","SimpleJSON.JSONNode _json","public","True","False","False","False","True","1020","0x060071E5"
"DolocTown.Config.Plant.CropGeneFuncProto","Resolve","System.Void DolocTown.Config.Plant.CropGeneFuncProto::Resolve(System.Collections.Generic.Dictionary`2<System.String,System.Object>)","System.Void","System.Collections.Generic.Dictionary`2<System.String,System.Object> _tables","public","False","True","False","False","True","1","0x060071E6"
"DolocTown.Config.Plant.CropGeneFuncProto","TranslateText","System.Void DolocTown.Config.Plant.CropGeneFuncProto::TranslateText(System.Func`3<System.String,System.String,System.String>)","System.Void","System.Func`3<System.String,System.String,System.String> translator","public","False","True","False","False","True","1","0x060071E7"
"DolocTown.Config.Plant.CropGeneFuncProto","ToString","System.String DolocTown.Config.Plant.CropGeneFuncProto::ToString()","System.String","","public","False","True","False","False","True","6","0x060071E8"
"DolocTown.Config.Plant.CropGeneFuncProtoAerialRoot",".ctor","System.Void DolocTown.Config.Plant.CropGeneFuncProtoAerialRoot::.ctor(SimpleJSON.JSONNode)","System.Void","SimpleJSON.JSONNode _json","public","False","False","False","True","True","8","0x060071E9"
"DolocTown.Config.Plant.CropGeneFuncProtoAerialRoot",".ctor","System.Void DolocTown.Config.Plant.CropGeneFuncProtoAerialRoot::.ctor()","System.Void","","public","False","False","False","True","True","7","0x060071EA"
"DolocTown.Config.Plant.CropGeneFuncProtoAerialRoot","DeserializeCropGeneFuncProtoAerialRoot","DolocTown.Config.Plant.CropGeneFuncProtoAerialRoot DolocTown.Config.Plant.CropGeneFuncProtoAerialRoot::DeserializeCropGeneFuncProtoAerialRoot(SimpleJSON.JSONNode)","DolocTown.Config.Plant.CropGeneFuncProtoAerialRoot","SimpleJSON.JSONNode _json","public","True","False","False","False","True","7","0x060071EB"
"DolocTown.Config.Plant.CropGeneFuncProtoAerialRoot","GetTypeId","System.Int32 DolocTown.Config.Plant.CropGeneFuncProtoAerialRoot::GetTypeId()","System.Int32","","public","False","True","False","False","True","6","0x060071EC"
"DolocTown.Config.Plant.CropGeneFuncProtoAerialRoot","Resolve","System.Void DolocTown.Config.Plant.CropGeneFuncProtoAerialRoot::Resolve(System.Collections.Generic.Dictionary`2<System.String,System.Object>)","System.Void","System.Collections.Generic.Dictionary`2<System.String,System.Object> _tables","public","False","True","False","False","True","8","0x060071ED"
"DolocTown.Config.Plant.CropGeneFuncProtoAerialRoot","TranslateText","System.Void DolocTown.Config.Plant.CropGeneFuncProtoAerialRoot::TranslateText(System.Func`3<System.String,System.String,System.String>)","System.Void","System.Func`3<System.String,System.String,System.String> translator","public","False","True","False","False","True","8","0x060071EE"
"DolocTown.Config.Plant.CropGeneFuncProtoAerialRoot","ToString","System.String DolocTown.Config.Plant.CropGeneFuncProtoAerialRoot::ToString()","System.String","","public","False","True","False","False","True","6","0x060071EF"
"DolocTown.Config.Plant.CropGeneFuncProtoAntiAcidRain",".ctor","System.Void DolocTown.Config.Plant.CropGeneFuncProtoAntiAcidRain::.ctor(SimpleJSON.JSONNode)","System.Void","SimpleJSON.JSONNode _json","public","False","False","False","True","True","8","0x060071F0"
"DolocTown.Config.Plant.CropGeneFuncProtoAntiAcidRain",".ctor","System.Void DolocTown.Config.Plant.CropGeneFuncProtoAntiAcidRain::.ctor()","System.Void","","public","False","False","False","True","True","7","0x060071F1"
"DolocTown.Config.Plant.CropGeneFuncProtoAntiAcidRain","DeserializeCropGeneFuncProtoAntiAcidRain","DolocTown.Config.Plant.CropGeneFuncProtoAntiAcidRain DolocTown.Config.Plant.CropGeneFuncProtoAntiAcidRain::DeserializeCropGeneFuncProtoAntiAcidRain(SimpleJSON.JSONNode)","DolocTown.Config.Plant.CropGeneFuncProtoAntiAcidRain","SimpleJSON.JSONNode _json","public","True","False","False","False","True","7","0x060071F2"
"DolocTown.Config.Plant.CropGeneFuncProtoAntiAcidRain","GetTypeId","System.Int32 DolocTown.Config.Plant.CropGeneFuncProtoAntiAcidRain::GetTypeId()","System.Int32","","public","False","True","False","False","True","6","0x060071F3"
"DolocTown.Config.Plant.CropGeneFuncProtoAntiAcidRain","Resolve","System.Void DolocTown.Config.Plant.CropGeneFuncProtoAntiAcidRain::Resolve(System.Collections.Generic.Dictionary`2<System.String,System.Object>)","System.Void","System.Collections.Generic.Dictionary`2<System.String,System.Object> _tables","public","False","True","False","False","True","8","0x060071F4"
"DolocTown.Config.Plant.CropGeneFuncProtoAntiAcidRain","TranslateText","System.Void DolocTown.Config.Plant.CropGeneFuncProtoAntiAcidRain::TranslateText(System.Func`3<System.String,System.String,System.String>)","System.Void","System.Func`3<System.String,System.String,System.String> translator","public","False","True","False","False","True","8","0x060071F5"
"DolocTown.Config.Plant.CropGeneFuncProtoAntiAcidRain","ToString","System.String DolocTown.Config.Plant.CropGeneFuncProtoAntiAcidRain::ToString()","System.String","","public","False","True","False","False","True","6","0x060071F6"
"DolocTown.Config.Plant.CropGeneFuncProtoBonsai",".ctor","System.Void DolocTown.Config.Plant.CropGeneFuncProtoBonsai::.ctor(SimpleJSON.JSONNode)","System.Void","SimpleJSON.JSONNode _json","public","False","False","False","True","True","100","0x060071F7"
"DolocTown.Config.Plant.CropGeneFuncProtoBonsai",".ctor","System.Void DolocTown.Config.Plant.CropGeneFuncProtoBonsai::.ctor(System.Int32,System.Int32)","System.Void","System.Int32 level_threshold; System.Int32 mood_contribution","public","False","False","False","True","True","21","0x060071F8"
"DolocTown.Config.Plant.CropGeneFuncProtoBonsai","DeserializeCropGeneFuncProtoBonsai","DolocTown.Config.Plant.CropGeneFuncProtoBonsai DolocTown.Config.Plant.CropGeneFuncProtoBonsai::DeserializeCropGeneFuncProtoBonsai(SimpleJSON.JSONNode)","DolocTown.Config.Plant.CropGeneFuncProtoBonsai","SimpleJSON.JSONNode _json","public","True","False","False","False","True","7","0x060071F9"
"DolocTown.Config.Plant.CropGeneFuncProtoBonsai","get_LevelThreshold","System.Int32 DolocTown.Config.Plant.CropGeneFuncProtoBonsai::get_LevelThreshold()","System.Int32","","public","False","False","False","False","True","7","0x060071FA"
"DolocTown.Config.Plant.CropGeneFuncProtoBonsai","set_LevelThreshold","System.Void DolocTown.Config.Plant.CropGeneFuncProtoBonsai::set_LevelThreshold(System.Int32)","System.Void","System.Int32 value","private","False","False","False","False","True","8","0x060071FB"
"DolocTown.Config.Plant.CropGeneFuncProtoBonsai","get_MoodContribution","System.Int32 DolocTown.Config.Plant.CropGeneFuncProtoBonsai::get_MoodContribution()","System.Int32","","public","False","False","False","False","True","7","0x060071FC"
"DolocTown.Config.Plant.CropGeneFuncProtoBonsai","set_MoodContribution","System.Void DolocTown.Config.Plant.CropGeneFuncProtoBonsai::set_MoodContribution(System.Int32)","System.Void","System.Int32 value","private","False","False","False","False","True","8","0x060071FD"
"DolocTown.Config.Plant.CropGeneFuncProtoBonsai","GetTypeId","System.Int32 DolocTown.Config.Plant.CropGeneFuncProtoBonsai::GetTypeId()","System.Int32","","public","False","True","False","False","True","6","0x060071FE"
"DolocTown.Config.Plant.CropGeneFuncProtoBonsai","Resolve","System.Void DolocTown.Config.Plant.CropGeneFuncProtoBonsai::Resolve(System.Collections.Generic.Dictionary`2<System.String,System.Object>)","System.Void","System.Collections.Generic.Dictionary`2<System.String,System.Object> _tables","public","False","True","False","False","True","8","0x060071FF"
"DolocTown.Config.Plant.CropGeneFuncProtoBonsai","TranslateText","System.Void DolocTown.Config.Plant.CropGeneFuncProtoBonsai::TranslateText(System.Func`3<System.String,System.String,System.String>)","System.Void","System.Func`3<System.String,System.String,System.String> translator","public","False","True","False","False","True","8","0x06007200"
"DolocTown.Config.Plant.CropGeneFuncProtoBonsai","ToString","System.String DolocTown.Config.Plant.CropGeneFuncProtoBonsai::ToString()","System.String","","public","False","True","False","False","True","70","0x06007201"
"DolocTown.Config.Plant.CropGeneFuncProtoCharge",".ctor","System.Void DolocTown.Config.Plant.CropGeneFuncProtoCharge::.ctor(SimpleJSON.JSONNode)","System.Void","SimpleJSON.JSONNode _json","public","False","False","False","True","True","8","0x06007202"
"DolocTown.Config.Plant.CropGeneFuncProtoCharge",".ctor","System.Void DolocTown.Config.Plant.CropGeneFuncProtoCharge::.ctor()","System.Void","","public","False","False","False","True","True","7","0x06007203"
"DolocTown.Config.Plant.CropGeneFuncProtoCharge","DeserializeCropGeneFuncProtoCharge","DolocTown.Config.Plant.CropGeneFuncProtoCharge DolocTown.Config.Plant.CropGeneFuncProtoCharge::DeserializeCropGeneFuncProtoCharge(SimpleJSON.JSONNode)","DolocTown.Config.Plant.CropGeneFuncProtoCharge","SimpleJSON.JSONNode _json","public","True","False","False","False","True","7","0x06007204"
"DolocTown.Config.Plant.CropGeneFuncProtoCharge","GetTypeId","System.Int32 DolocTown.Config.Plant.CropGeneFuncProtoCharge::GetTypeId()","System.Int32","","public","False","True","False","False","True","6","0x06007205"
"DolocTown.Config.Plant.CropGeneFuncProtoCharge","Resolve","System.Void DolocTown.Config.Plant.CropGeneFuncProtoCharge::Resolve(System.Collections.Generic.Dictionary`2<System.String,System.Object>)","System.Void","System.Collections.Generic.Dictionary`2<System.String,System.Object> _tables","public","False","True","False","False","True","8","0x06007206"
"DolocTown.Config.Plant.CropGeneFuncProtoCharge","TranslateText","System.Void DolocTown.Config.Plant.CropGeneFuncProtoCharge::TranslateText(System.Func`3<System.String,System.String,System.String>)","System.Void","System.Func`3<System.String,System.String,System.String> translator","public","False","True","False","False","True","8","0x06007207"
"DolocTown.Config.Plant.CropGeneFuncProtoCharge","ToString","System.String DolocTown.Config.Plant.CropGeneFuncProtoCharge::ToString()","System.String","","public","False","True","False","False","True","6","0x06007208"
"DolocTown.Config.Plant.CropGeneFuncProtoConiferLeaf",".ctor","System.Void DolocTown.Config.Plant.CropGeneFuncProtoConiferLeaf::.ctor(SimpleJSON.JSONNode)","System.Void","SimpleJSON.JSONNode _json","public","False","False","False","True","True","54","0x06007209"
"DolocTown.Config.Plant.CropGeneFuncProtoConiferLeaf",".ctor","System.Void DolocTown.Config.Plant.CropGeneFuncProtoConiferLeaf::.ctor(System.Single)","System.Void","System.Single growth_decrease","public","False","False","False","True","True","14","0x0600720A"
"DolocTown.Config.Plant.CropGeneFuncProtoConiferLeaf","DeserializeCropGeneFuncProtoConiferLeaf","DolocTown.Config.Plant.CropGeneFuncProtoConiferLeaf DolocTown.Config.Plant.CropGeneFuncProtoConiferLeaf::DeserializeCropGeneFuncProtoConiferLeaf(SimpleJSON.JSONNode)","DolocTown.Config.Plant.CropGeneFuncProtoConiferLeaf","SimpleJSON.JSONNode _json","public","True","False","False","False","True","7","0x0600720B"
"DolocTown.Config.Plant.CropGeneFuncProtoConiferLeaf","get_GrowthDecrease","System.Single DolocTown.Config.Plant.CropGeneFuncProtoConiferLeaf::get_GrowthDecrease()","System.Single","","public","False","False","False","False","True","7","0x0600720C"
"DolocTown.Config.Plant.CropGeneFuncProtoConiferLeaf","set_GrowthDecrease","System.Void DolocTown.Config.Plant.CropGeneFuncProtoConiferLeaf::set_GrowthDecrease(System.Single)","System.Void","System.Single value","private","False","False","False","False","True","8","0x0600720D"
"DolocTown.Config.Plant.CropGeneFuncProtoConiferLeaf","GetTypeId","System.Int32 DolocTown.Config.Plant.CropGeneFuncProtoConiferLeaf::GetTypeId()","System.Int32","","public","False","True","False","False","True","6","0x0600720E"
"DolocTown.Config.Plant.CropGeneFuncProtoConiferLeaf","Resolve","System.Void DolocTown.Config.Plant.CropGeneFuncProtoConiferLeaf::Resolve(System.Collections.Generic.Dictionary`2<System.String,System.Object>)","System.Void","System.Collections.Generic.Dictionary`2<System.String,System.Object> _tables","public","False","True","False","False","True","8","0x0600720F"
"DolocTown.Config.Plant.CropGeneFuncProtoConiferLeaf","TranslateText","System.Void DolocTown.Config.Plant.CropGeneFuncProtoConiferLeaf::TranslateText(System.Func`3<System.String,System.String,System.String>)","System.Void","System.Func`3<System.String,System.String,System.String> translator","public","False","True","False","False","True","8","0x06007210"
"DolocTown.Config.Plant.CropGeneFuncProtoConiferLeaf","ToString","System.String DolocTown.Config.Plant.CropGeneFuncProtoConiferLeaf::ToString()","System.String","","public","False","True","False","False","True","30","0x06007211"
"DolocTown.Config.Plant.CropGeneFuncProtoFertilityEnhance",".ctor","System.Void DolocTown.Config.Plant.CropGeneFuncProtoFertilityEnhance::.ctor(SimpleJSON.JSONNode)","System.Void","SimpleJSON.JSONNode _json","public","False","False","False","True","True","54","0x06007212"
"DolocTown.Config.Plant.CropGeneFuncProtoFertilityEnhance",".ctor","System.Void DolocTown.Config.Plant.CropGeneFuncProtoFertilityEnhance::.ctor(System.String)","System.Void","System.String fertilizer_item","public","False","False","False","True","True","14","0x06007213"
"DolocTown.Config.Plant.CropGeneFuncProtoFertilityEnhance","DeserializeCropGeneFuncProtoFertilityEnhance","DolocTown.Config.Plant.CropGeneFuncProtoFertilityEnhance DolocTown.Config.Plant.CropGeneFuncProtoFertilityEnhance::DeserializeCropGeneFuncProtoFertilityEnhance(SimpleJSON.JSONNode)","DolocTown.Config.Plant.CropGeneFuncProtoFertilityEnhance","SimpleJSON.JSONNode _json","public","True","False","False","False","True","7","0x06007214"
"DolocTown.Config.Plant.CropGeneFuncProtoFertilityEnhance","get_FertilizerItem","System.String DolocTown.Config.Plant.CropGeneFuncProtoFertilityEnhance::get_FertilizerItem()","System.String","","public","False","False","False","False","True","7","0x06007215"
"DolocTown.Config.Plant.CropGeneFuncProtoFertilityEnhance","set_FertilizerItem","System.Void DolocTown.Config.Plant.CropGeneFuncProtoFertilityEnhance::set_FertilizerItem(System.String)","System.Void","System.String value","private","False","False","False","False","True","8","0x06007216"
"DolocTown.Config.Plant.CropGeneFuncProtoFertilityEnhance","get_FertilizerItem_Ref","DolocTown.Config.Item.ItemInfo DolocTown.Config.Plant.CropGeneFuncProtoFertilityEnhance::get_FertilizerItem_Ref()","DolocTown.Config.Item.ItemInfo","","public","False","False","False","False","True","7","0x06007217"
"DolocTown.Config.Plant.CropGeneFuncProtoFertilityEnhance","set_FertilizerItem_Ref","System.Void DolocTown.Config.Plant.CropGeneFuncProtoFertilityEnhance::set_FertilizerItem_Ref(DolocTown.Config.Item.ItemInfo)","System.Void","DolocTown.Config.Item.ItemInfo value","private","False","False","False","False","True","8","0x06007218"
"DolocTown.Config.Plant.CropGeneFuncProtoFertilityEnhance","GetTypeId","System.Int32 DolocTown.Config.Plant.CropGeneFuncProtoFertilityEnhance::GetTypeId()","System.Int32","","public","False","True","False","False","True","6","0x06007219"
"DolocTown.Config.Plant.CropGeneFuncProtoFertilityEnhance","Resolve","System.Void DolocTown.Config.Plant.CropGeneFuncProtoFertilityEnhance::Resolve(System.Collections.Generic.Dictionary`2<System.String,System.Object>)","System.Void","System.Collections.Generic.Dictionary`2<System.String,System.Object> _tables","public","False","True","False","False","True","41","0x0600721A"
"DolocTown.Config.Plant.CropGeneFuncProtoFertilityEnhance","TranslateText","System.Void DolocTown.Config.Plant.CropGeneFuncProtoFertilityEnhance::TranslateText(System.Func`3<System.String,System.String,System.String>)","System.Void","System.Func`3<System.String,System.String,System.String> translator","public","False","True","False","False","True","8","0x0600721B"
"DolocTown.Config.Plant.CropGeneFuncProtoFertilityEnhance","ToString","System.String DolocTown.Config.Plant.CropGeneFuncProtoFertilityEnhance::ToString()","System.String","","public","False","True","False","False","True","22","0x0600721C"
"DolocTown.Config.Plant.CropGeneFuncProtoFirefly",".ctor","System.Void DolocTown.Config.Plant.CropGeneFuncProtoFirefly::.ctor(SimpleJSON.JSONNode)","System.Void","SimpleJSON.JSONNode _json","public","False","False","False","True","True","8","0x0600721D"
"DolocTown.Config.Plant.CropGeneFuncProtoFirefly",".ctor","System.Void DolocTown.Config.Plant.CropGeneFuncProtoFirefly::.ctor()","System.Void","","public","False","False","False","True","True","7","0x0600721E"
"DolocTown.Config.Plant.CropGeneFuncProtoFirefly","DeserializeCropGeneFuncProtoFirefly","DolocTown.Config.Plant.CropGeneFuncProtoFirefly DolocTown.Config.Plant.CropGeneFuncProtoFirefly::DeserializeCropGeneFuncProtoFirefly(SimpleJSON.JSONNode)","DolocTown.Config.Plant.CropGeneFuncProtoFirefly","SimpleJSON.JSONNode _json","public","True","False","False","False","True","7","0x0600721F"
"DolocTown.Config.Plant.CropGeneFuncProtoFirefly","GetTypeId","System.Int32 DolocTown.Config.Plant.CropGeneFuncProtoFirefly::GetTypeId()","System.Int32","","public","False","True","False","False","True","6","0x06007220"
"DolocTown.Config.Plant.CropGeneFuncProtoFirefly","Resolve","System.Void DolocTown.Config.Plant.CropGeneFuncProtoFirefly::Resolve(System.Collections.Generic.Dictionary`2<System.String,System.Object>)","System.Void","System.Collections.Generic.Dictionary`2<System.String,System.Object> _tables","public","False","True","False","False","True","8","0x06007221"
"DolocTown.Config.Plant.CropGeneFuncProtoFirefly","TranslateText","System.Void DolocTown.Config.Plant.CropGeneFuncProtoFirefly::TranslateText(System.Func`3<System.String,System.String,System.String>)","System.Void","System.Func`3<System.String,System.String,System.String> translator","public","False","True","False","False","True","8","0x06007222"
"DolocTown.Config.Plant.CropGeneFuncProtoFirefly","ToString","System.String DolocTown.Config.Plant.CropGeneFuncProtoFirefly::ToString()","System.String","","public","False","True","False","False","True","6","0x06007223"
"DolocTown.Config.Plant.CropGeneFuncProtoFlorescenceExtend",".ctor","System.Void DolocTown.Config.Plant.CropGeneFuncProtoFlorescenceExtend::.ctor(SimpleJSON.JSONNode)","System.Void","SimpleJSON.JSONNode _json","public","False","False","False","True","True","100","0x06007224"
"DolocTown.Config.Plant.CropGeneFuncProtoFlorescenceExtend",".ctor","System.Void DolocTown.Config.Plant.CropGeneFuncProtoFlorescenceExtend::.ctor(System.Int32,System.Single)","System.Void","System.Int32 lifespan_addition; System.Single growth_decrease","public","False","False","False","True","True","21","0x06007225"
"DolocTown.Config.Plant.CropGeneFuncProtoFlorescenceExtend","DeserializeCropGeneFuncProtoFlorescenceExtend","DolocTown.Config.Plant.CropGeneFuncProtoFlorescenceExtend DolocTown.Config.Plant.CropGeneFuncProtoFlorescenceExtend::DeserializeCropGeneFuncProtoFlorescenceExtend(SimpleJSON.JSONNode)","DolocTown.Config.Plant.CropGeneFuncProtoFlorescenceExtend","SimpleJSON.JSONNode _json","public","True","False","False","False","True","7","0x06007226"
"DolocTown.Config.Plant.CropGeneFuncProtoFlorescenceExtend","get_LifespanAddition","System.Int32 DolocTown.Config.Plant.CropGeneFuncProtoFlorescenceExtend::get_LifespanAddition()","System.Int32","","public","False","False","False","False","True","7","0x06007227"
"DolocTown.Config.Plant.CropGeneFuncProtoFlorescenceExtend","set_LifespanAddition","System.Void DolocTown.Config.Plant.CropGeneFuncProtoFlorescenceExtend::set_LifespanAddition(System.Int32)","System.Void","System.Int32 value","private","False","False","False","False","True","8","0x06007228"
"DolocTown.Config.Plant.CropGeneFuncProtoFlorescenceExtend","get_GrowthDecrease","System.Single DolocTown.Config.Plant.CropGeneFuncProtoFlorescenceExtend::get_GrowthDecrease()","System.Single","","public","False","False","False","False","True","7","0x06007229"
"DolocTown.Config.Plant.CropGeneFuncProtoFlorescenceExtend","set_GrowthDecrease","System.Void DolocTown.Config.Plant.CropGeneFuncProtoFlorescenceExtend::set_GrowthDecrease(System.Single)","System.Void","System.Single value","private","False","False","False","False","True","8","0x0600722A"
"DolocTown.Config.Plant.CropGeneFuncProtoFlorescenceExtend","GetTypeId","System.Int32 DolocTown.Config.Plant.CropGeneFuncProtoFlorescenceExtend::GetTypeId()","System.Int32","","public","False","True","False","False","True","6","0x0600722B"
"DolocTown.Config.Plant.CropGeneFuncProtoFlorescenceExtend","Resolve","System.Void DolocTown.Config.Plant.CropGeneFuncProtoFlorescenceExtend::Resolve(System.Collections.Generic.Dictionary`2<System.String,System.Object>)","System.Void","System.Collections.Generic.Dictionary`2<System.String,System.Object> _tables","public","False","True","False","False","True","8","0x0600722C"
"DolocTown.Config.Plant.CropGeneFuncProtoFlorescenceExtend","TranslateText","System.Void DolocTown.Config.Plant.CropGeneFuncProtoFlorescenceExtend::TranslateText(System.Func`3<System.String,System.String,System.String>)","System.Void","System.Func`3<System.String,System.String,System.String> translator","public","False","True","False","False","True","8","0x0600722D"
"DolocTown.Config.Plant.CropGeneFuncProtoFlorescenceExtend","ToString","System.String DolocTown.Config.Plant.CropGeneFuncProtoFlorescenceExtend::ToString()","System.String","","public","False","True","False","False","True","70","0x0600722E"
"DolocTown.Config.Plant.CropGeneFuncProtoFractalCrop",".ctor","System.Void DolocTown.Config.Plant.CropGeneFuncProtoFractalCrop::.ctor(SimpleJSON.JSONNode)","System.Void","SimpleJSON.JSONNode _json","public","False","False","False","True","True","54","0x0600722F"
"DolocTown.Config.Plant.CropGeneFuncProtoFractalCrop",".ctor","System.Void DolocTown.Config.Plant.CropGeneFuncProtoFractalCrop::.ctor(System.Single)","System.Void","System.Single crop_output_addition","public","False","False","False","True","True","14","0x06007230"
"DolocTown.Config.Plant.CropGeneFuncProtoFractalCrop","DeserializeCropGeneFuncProtoFractalCrop","DolocTown.Config.Plant.CropGeneFuncProtoFractalCrop DolocTown.Config.Plant.CropGeneFuncProtoFractalCrop::DeserializeCropGeneFuncProtoFractalCrop(SimpleJSON.JSONNode)","DolocTown.Config.Plant.CropGeneFuncProtoFractalCrop","SimpleJSON.JSONNode _json","public","True","False","False","False","True","7","0x06007231"
"DolocTown.Config.Plant.CropGeneFuncProtoFractalCrop","get_CropOutputAddition","System.Single DolocTown.Config.Plant.CropGeneFuncProtoFractalCrop::get_CropOutputAddition()","System.Single","","public","False","False","False","False","True","7","0x06007232"
"DolocTown.Config.Plant.CropGeneFuncProtoFractalCrop","set_CropOutputAddition","System.Void DolocTown.Config.Plant.CropGeneFuncProtoFractalCrop::set_CropOutputAddition(System.Single)","System.Void","System.Single value","private","False","False","False","False","True","8","0x06007233"
"DolocTown.Config.Plant.CropGeneFuncProtoFractalCrop","GetTypeId","System.Int32 DolocTown.Config.Plant.CropGeneFuncProtoFractalCrop::GetTypeId()","System.Int32","","public","False","True","False","False","True","6","0x06007234"
"DolocTown.Config.Plant.CropGeneFuncProtoFractalCrop","Resolve","System.Void DolocTown.Config.Plant.CropGeneFuncProtoFractalCrop::Resolve(System.Collections.Generic.Dictionary`2<System.String,System.Object>)","System.Void","System.Collections.Generic.Dictionary`2<System.String,System.Object> _tables","public","False","True","False","False","True","8","0x06007235"
"DolocTown.Config.Plant.CropGeneFuncProtoFractalCrop","TranslateText","System.Void DolocTown.Config.Plant.CropGeneFuncProtoFractalCrop::TranslateText(System.Func`3<System.String,System.String,System.String>)","System.Void","System.Func`3<System.String,System.String,System.String> translator","public","False","True","False","False","True","8","0x06007236"
"DolocTown.Config.Plant.CropGeneFuncProtoFractalCrop","ToString","System.String DolocTown.Config.Plant.CropGeneFuncProtoFractalCrop::ToString()","System.String","","public","False","True","False","False","True","30","0x06007237"
"DolocTown.Config.Plant.CropGeneFuncProtoGrowUnchecked",".ctor","System.Void DolocTown.Config.Plant.CropGeneFuncProtoGrowUnchecked::.ctor(SimpleJSON.JSONNode)","System.Void","SimpleJSON.JSONNode _json","public","False","False","False","True","True","54","0x06007238"
"DolocTown.Config.Plant.CropGeneFuncProtoGrowUnchecked",".ctor","System.Void DolocTown.Config.Plant.CropGeneFuncProtoGrowUnchecked::.ctor(System.Single)","System.Void","System.Single growth_increase","public","False","False","False","True","True","14","0x06007239"
"DolocTown.Config.Plant.CropGeneFuncProtoGrowUnchecked","DeserializeCropGeneFuncProtoGrowUnchecked","DolocTown.Config.Plant.CropGeneFuncProtoGrowUnchecked DolocTown.Config.Plant.CropGeneFuncProtoGrowUnchecked::DeserializeCropGeneFuncProtoGrowUnchecked(SimpleJSON.JSONNode)","DolocTown.Config.Plant.CropGeneFuncProtoGrowUnchecked","SimpleJSON.JSONNode _json","public","True","False","False","False","True","7","0x0600723A"
"DolocTown.Config.Plant.CropGeneFuncProtoGrowUnchecked","get_GrowthIncrease","System.Single DolocTown.Config.Plant.CropGeneFuncProtoGrowUnchecked::get_GrowthIncrease()","System.Single","","public","False","False","False","False","True","7","0x0600723B"
"DolocTown.Config.Plant.CropGeneFuncProtoGrowUnchecked","set_GrowthIncrease","System.Void DolocTown.Config.Plant.CropGeneFuncProtoGrowUnchecked::set_GrowthIncrease(System.Single)","System.Void","System.Single value","private","False","False","False","False","True","8","0x0600723C"
"DolocTown.Config.Plant.CropGeneFuncProtoGrowUnchecked","GetTypeId","System.Int32 DolocTown.Config.Plant.CropGeneFuncProtoGrowUnchecked::GetTypeId()","System.Int32","","public","False","True","False","False","True","6","0x0600723D"
"DolocTown.Config.Plant.CropGeneFuncProtoGrowUnchecked","Resolve","System.Void DolocTown.Config.Plant.CropGeneFuncProtoGrowUnchecked::Resolve(System.Collections.Generic.Dictionary`2<System.String,System.Object>)","System.Void","System.Collections.Generic.Dictionary`2<System.String,System.Object> _tables","public","False","True","False","False","True","8","0x0600723E"
"DolocTown.Config.Plant.CropGeneFuncProtoGrowUnchecked","TranslateText","System.Void DolocTown.Config.Plant.CropGeneFuncProtoGrowUnchecked::TranslateText(System.Func`3<System.String,System.String,System.String>)","System.Void","System.Func`3<System.String,System.String,System.String> translator","public","False","True","False","False","True","8","0x0600723F"
"DolocTown.Config.Plant.CropGeneFuncProtoGrowUnchecked","ToString","System.String DolocTown.Config.Plant.CropGeneFuncProtoGrowUnchecked::ToString()","System.String","","public","False","True","False","False","True","30","0x06007240"
"DolocTown.Config.Plant.CropGeneFuncProtoHanabi",".ctor","System.Void DolocTown.Config.Plant.CropGeneFuncProtoHanabi::.ctor(SimpleJSON.JSONNode)","System.Void","SimpleJSON.JSONNode _json","public","False","False","False","True","True","192","0x06007241"
"DolocTown.Config.Plant.CropGeneFuncProtoHanabi",".ctor","System.Void DolocTown.Config.Plant.CropGeneFuncProtoHanabi::.ctor(System.Int32,System.Int32,System.Single,System.Int32)","System.Void","System.Int32 start_time; System.Int32 end_time; System.Single probability; System.Int32 crop_output_addition","public","False","False","False","True","True","36","0x06007242"
"DolocTown.Config.Plant.CropGeneFuncProtoHanabi","DeserializeCropGeneFuncProtoHanabi","DolocTown.Config.Plant.CropGeneFuncProtoHanabi DolocTown.Config.Plant.CropGeneFuncProtoHanabi::DeserializeCropGeneFuncProtoHanabi(SimpleJSON.JSONNode)","DolocTown.Config.Plant.CropGeneFuncProtoHanabi","SimpleJSON.JSONNode _json","public","True","False","False","False","True","7","0x06007243"
"DolocTown.Config.Plant.CropGeneFuncProtoHanabi","get_StartTime","System.Int32 DolocTown.Config.Plant.CropGeneFuncProtoHanabi::get_StartTime()","System.Int32","","public","False","False","False","False","True","7","0x06007244"
"DolocTown.Config.Plant.CropGeneFuncProtoHanabi","set_StartTime","System.Void DolocTown.Config.Plant.CropGeneFuncProtoHanabi::set_StartTime(System.Int32)","System.Void","System.Int32 value","private","False","False","False","False","True","8","0x06007245"
"DolocTown.Config.Plant.CropGeneFuncProtoHanabi","get_EndTime","System.Int32 DolocTown.Config.Plant.CropGeneFuncProtoHanabi::get_EndTime()","System.Int32","","public","False","False","False","False","True","7","0x06007246"
"DolocTown.Config.Plant.CropGeneFuncProtoHanabi","set_EndTime","System.Void DolocTown.Config.Plant.CropGeneFuncProtoHanabi::set_EndTime(System.Int32)","System.Void","System.Int32 value","private","False","False","False","False","True","8","0x06007247"
"DolocTown.Config.Plant.CropGeneFuncProtoHanabi","get_Probability","System.Single DolocTown.Config.Plant.CropGeneFuncProtoHanabi::get_Probability()","System.Single","","public","False","False","False","False","True","7","0x06007248"
"DolocTown.Config.Plant.CropGeneFuncProtoHanabi","set_Probability","System.Void DolocTown.Config.Plant.CropGeneFuncProtoHanabi::set_Probability(System.Single)","System.Void","System.Single value","private","False","False","False","False","True","8","0x06007249"
"DolocTown.Config.Plant.CropGeneFuncProtoHanabi","get_CropOutputAddition","System.Int32 DolocTown.Config.Plant.CropGeneFuncProtoHanabi::get_CropOutputAddition()","System.Int32","","public","False","False","False","False","True","7","0x0600724A"
"DolocTown.Config.Plant.CropGeneFuncProtoHanabi","set_CropOutputAddition","System.Void DolocTown.Config.Plant.CropGeneFuncProtoHanabi::set_CropOutputAddition(System.Int32)","System.Void","System.Int32 value","private","False","False","False","False","True","8","0x0600724B"
"DolocTown.Config.Plant.CropGeneFuncProtoHanabi","GetTypeId","System.Int32 DolocTown.Config.Plant.CropGeneFuncProtoHanabi::GetTypeId()","System.Int32","","public","False","True","False","False","True","6","0x0600724C"
"DolocTown.Config.Plant.CropGeneFuncProtoHanabi","Resolve","System.Void DolocTown.Config.Plant.CropGeneFuncProtoHanabi::Resolve(System.Collections.Generic.Dictionary`2<System.String,System.Object>)","System.Void","System.Collections.Generic.Dictionary`2<System.String,System.Object> _tables","public","False","True","False","False","True","8","0x0600724D"
"DolocTown.Config.Plant.CropGeneFuncProtoHanabi","TranslateText","System.Void DolocTown.Config.Plant.CropGeneFuncProtoHanabi::TranslateText(System.Func`3<System.String,System.String,System.String>)","System.Void","System.Func`3<System.String,System.String,System.String> translator","public","False","True","False","False","True","8","0x0600724E"
"DolocTown.Config.Plant.CropGeneFuncProtoHanabi","ToString","System.String DolocTown.Config.Plant.CropGeneFuncProtoHanabi::ToString()","System.String","","public","False","True","False","False","True","121","0x0600724F"
"DolocTown.Config.Plant.CropGeneFuncProtoHope",".ctor","System.Void DolocTown.Config.Plant.CropGeneFuncProtoHope::.ctor(SimpleJSON.JSONNode)","System.Void","SimpleJSON.JSONNode _json","public","False","False","False","True","True","54","0x06007250"
"DolocTown.Config.Plant.CropGeneFuncProtoHope",".ctor","System.Void DolocTown.Config.Plant.CropGeneFuncProtoHope::.ctor(System.Int32)","System.Void","System.Int32 seed_drop_count","public","False","False","False","True","True","14","0x06007251"
"DolocTown.Config.Plant.CropGeneFuncProtoHope","DeserializeCropGeneFuncProtoHope","DolocTown.Config.Plant.CropGeneFuncProtoHope DolocTown.Config.Plant.CropGeneFuncProtoHope::DeserializeCropGeneFuncProtoHope(SimpleJSON.JSONNode)","DolocTown.Config.Plant.CropGeneFuncProtoHope","SimpleJSON.JSONNode _json","public","True","False","False","False","True","7","0x06007252"
"DolocTown.Config.Plant.CropGeneFuncProtoHope","get_SeedDropCount","System.Int32 DolocTown.Config.Plant.CropGeneFuncProtoHope::get_SeedDropCount()","System.Int32","","public","False","False","False","False","True","7","0x06007253"
"DolocTown.Config.Plant.CropGeneFuncProtoHope","set_SeedDropCount","System.Void DolocTown.Config.Plant.CropGeneFuncProtoHope::set_SeedDropCount(System.Int32)","System.Void","System.Int32 value","private","False","False","False","False","True","8","0x06007254"
"DolocTown.Config.Plant.CropGeneFuncProtoHope","GetTypeId","System.Int32 DolocTown.Config.Plant.CropGeneFuncProtoHope::GetTypeId()","System.Int32","","public","False","True","False","False","True","6","0x06007255"
"DolocTown.Config.Plant.CropGeneFuncProtoHope","Resolve","System.Void DolocTown.Config.Plant.CropGeneFuncProtoHope::Resolve(System.Collections.Generic.Dictionary`2<System.String,System.Object>)","System.Void","System.Collections.Generic.Dictionary`2<System.String,System.Object> _tables","public","False","True","False","False","True","8","0x06007256"
"DolocTown.Config.Plant.CropGeneFuncProtoHope","TranslateText","System.Void DolocTown.Config.Plant.CropGeneFuncProtoHope::TranslateText(System.Func`3<System.String,System.String,System.String>)","System.Void","System.Func`3<System.String,System.String,System.String> translator","public","False","True","False","False","True","8","0x06007257"
"DolocTown.Config.Plant.CropGeneFuncProtoHope","ToString","System.String DolocTown.Config.Plant.CropGeneFuncProtoHope::ToString()","System.String","","public","False","True","False","False","True","30","0x06007258"
"DolocTown.Config.Plant.CropGeneFuncProtoImmortalJellyfish",".ctor","System.Void DolocTown.Config.Plant.CropGeneFuncProtoImmortalJellyfish::.ctor(SimpleJSON.JSONNode)","System.Void","SimpleJSON.JSONNode _json","public","False","False","False","True","True","54","0x06007259"
"DolocTown.Config.Plant.CropGeneFuncProtoImmortalJellyfish",".ctor","System.Void DolocTown.Config.Plant.CropGeneFuncProtoImmortalJellyfish::.ctor(System.Single)","System.Void","System.Single rebirth_probability","public","False","False","False","True","True","14","0x0600725A"
"DolocTown.Config.Plant.CropGeneFuncProtoImmortalJellyfish","DeserializeCropGeneFuncProtoImmortalJellyfish","DolocTown.Config.Plant.CropGeneFuncProtoImmortalJellyfish DolocTown.Config.Plant.CropGeneFuncProtoImmortalJellyfish::DeserializeCropGeneFuncProtoImmortalJellyfish(SimpleJSON.JSONNode)","DolocTown.Config.Plant.CropGeneFuncProtoImmortalJellyfish","SimpleJSON.JSONNode _json","public","True","False","False","False","True","7","0x0600725B"
"DolocTown.Config.Plant.CropGeneFuncProtoImmortalJellyfish","get_RebirthProbability","System.Single DolocTown.Config.Plant.CropGeneFuncProtoImmortalJellyfish::get_RebirthProbability()","System.Single","","public","False","False","False","False","True","7","0x0600725C"
"DolocTown.Config.Plant.CropGeneFuncProtoImmortalJellyfish","set_RebirthProbability","System.Void DolocTown.Config.Plant.CropGeneFuncProtoImmortalJellyfish::set_RebirthProbability(System.Single)","System.Void","System.Single value","private","False","False","False","False","True","8","0x0600725D"
"DolocTown.Config.Plant.CropGeneFuncProtoImmortalJellyfish","GetTypeId","System.Int32 DolocTown.Config.Plant.CropGeneFuncProtoImmortalJellyfish::GetTypeId()","System.Int32","","public","False","True","False","False","True","6","0x0600725E"
"DolocTown.Config.Plant.CropGeneFuncProtoImmortalJellyfish","Resolve","System.Void DolocTown.Config.Plant.CropGeneFuncProtoImmortalJellyfish::Resolve(System.Collections.Generic.Dictionary`2<System.String,System.Object>)","System.Void","System.Collections.Generic.Dictionary`2<System.String,System.Object> _tables","public","False","True","False","False","True","8","0x0600725F"
"DolocTown.Config.Plant.CropGeneFuncProtoImmortalJellyfish","TranslateText","System.Void DolocTown.Config.Plant.CropGeneFuncProtoImmortalJellyfish::TranslateText(System.Func`3<System.String,System.String,System.String>)","System.Void","System.Func`3<System.String,System.String,System.String> translator","public","False","True","False","False","True","8","0x06007260"
"DolocTown.Config.Plant.CropGeneFuncProtoImmortalJellyfish","ToString","System.String DolocTown.Config.Plant.CropGeneFuncProtoImmortalJellyfish::ToString()","System.String","","public","False","True","False","False","True","30","0x06007261"
"DolocTown.Config.Plant.CropGeneFuncProtoInfertility",".ctor","System.Void DolocTown.Config.Plant.CropGeneFuncProtoInfertility::.ctor(SimpleJSON.JSONNode)","System.Void","SimpleJSON.JSONNode _json","public","False","False","False","True","True","8","0x06007262"
"DolocTown.Config.Plant.CropGeneFuncProtoInfertility",".ctor","System.Void DolocTown.Config.Plant.CropGeneFuncProtoInfertility::.ctor()","System.Void","","public","False","False","False","True","True","7","0x06007263"
"DolocTown.Config.Plant.CropGeneFuncProtoInfertility","DeserializeCropGeneFuncProtoInfertility","DolocTown.Config.Plant.CropGeneFuncProtoInfertility DolocTown.Config.Plant.CropGeneFuncProtoInfertility::DeserializeCropGeneFuncProtoInfertility(SimpleJSON.JSONNode)","DolocTown.Config.Plant.CropGeneFuncProtoInfertility","SimpleJSON.JSONNode _json","public","True","False","False","False","True","7","0x06007264"
"DolocTown.Config.Plant.CropGeneFuncProtoInfertility","GetTypeId","System.Int32 DolocTown.Config.Plant.CropGeneFuncProtoInfertility::GetTypeId()","System.Int32","","public","False","True","False","False","True","6","0x06007265"
"DolocTown.Config.Plant.CropGeneFuncProtoInfertility","Resolve","System.Void DolocTown.Config.Plant.CropGeneFuncProtoInfertility::Resolve(System.Collections.Generic.Dictionary`2<System.String,System.Object>)","System.Void","System.Collections.Generic.Dictionary`2<System.String,System.Object> _tables","public","False","True","False","False","True","8","0x06007266"
"DolocTown.Config.Plant.CropGeneFuncProtoInfertility","TranslateText","System.Void DolocTown.Config.Plant.CropGeneFuncProtoInfertility::TranslateText(System.Func`3<System.String,System.String,System.String>)","System.Void","System.Func`3<System.String,System.String,System.String> translator","public","False","True","False","False","True","8","0x06007267"
"DolocTown.Config.Plant.CropGeneFuncProtoInfertility","ToString","System.String DolocTown.Config.Plant.CropGeneFuncProtoInfertility::ToString()","System.String","","public","False","True","False","False","True","6","0x06007268"
"DolocTown.Config.Plant.CropGeneFuncProtoNutritionEnrich",".ctor","System.Void DolocTown.Config.Plant.CropGeneFuncProtoNutritionEnrich::.ctor(SimpleJSON.JSONNode)","System.Void","SimpleJSON.JSONNode _json","public","False","False","False","True","True","54","0x06007269"
"DolocTown.Config.Plant.CropGeneFuncProtoNutritionEnrich",".ctor","System.Void DolocTown.Config.Plant.CropGeneFuncProtoNutritionEnrich::.ctor(System.Single)","System.Void","System.Single crop_output_addition","public","False","False","False","True","True","14","0x0600726A"
"DolocTown.Config.Plant.CropGeneFuncProtoNutritionEnrich","DeserializeCropGeneFuncProtoNutritionEnrich","DolocTown.Config.Plant.CropGeneFuncProtoNutritionEnrich DolocTown.Config.Plant.CropGeneFuncProtoNutritionEnrich::DeserializeCropGeneFuncProtoNutritionEnrich(SimpleJSON.JSONNode)","DolocTown.Config.Plant.CropGeneFuncProtoNutritionEnrich","SimpleJSON.JSONNode _json","public","True","False","False","False","True","7","0x0600726B"
"DolocTown.Config.Plant.CropGeneFuncProtoNutritionEnrich","get_CropOutputAddition","System.Single DolocTown.Config.Plant.CropGeneFuncProtoNutritionEnrich::get_CropOutputAddition()","System.Single","","public","False","False","False","False","True","7","0x0600726C"
"DolocTown.Config.Plant.CropGeneFuncProtoNutritionEnrich","set_CropOutputAddition","System.Void DolocTown.Config.Plant.CropGeneFuncProtoNutritionEnrich::set_CropOutputAddition(System.Single)","System.Void","System.Single value","private","False","False","False","False","True","8","0x0600726D"
"DolocTown.Config.Plant.CropGeneFuncProtoNutritionEnrich","GetTypeId","System.Int32 DolocTown.Config.Plant.CropGeneFuncProtoNutritionEnrich::GetTypeId()","System.Int32","","public","False","True","False","False","True","6","0x0600726E"
"DolocTown.Config.Plant.CropGeneFuncProtoNutritionEnrich","Resolve","System.Void DolocTown.Config.Plant.CropGeneFuncProtoNutritionEnrich::Resolve(System.Collections.Generic.Dictionary`2<System.String,System.Object>)","System.Void","System.Collections.Generic.Dictionary`2<System.String,System.Object> _tables","public","False","True","False","False","True","8","0x0600726F"
"DolocTown.Config.Plant.CropGeneFuncProtoNutritionEnrich","TranslateText","System.Void DolocTown.Config.Plant.CropGeneFuncProtoNutritionEnrich::TranslateText(System.Func`3<System.String,System.String,System.String>)","System.Void","System.Func`3<System.String,System.String,System.String> translator","public","False","True","False","False","True","8","0x06007270"
"DolocTown.Config.Plant.CropGeneFuncProtoNutritionEnrich","ToString","System.String DolocTown.Config.Plant.CropGeneFuncProtoNutritionEnrich::ToString()","System.String","","public","False","True","False","False","True","30","0x06007271"
"DolocTown.Config.Plant.CropGeneFuncProtoOxygen",".ctor","System.Void DolocTown.Config.Plant.CropGeneFuncProtoOxygen::.ctor(SimpleJSON.JSONNode)","System.Void","SimpleJSON.JSONNode _json","public","False","False","False","True","True","100","0x06007272"
"DolocTown.Config.Plant.CropGeneFuncProtoOxygen",".ctor","System.Void DolocTown.Config.Plant.CropGeneFuncProtoOxygen::.ctor(System.Int32,System.Int32,System.Int32,System.Int32,System.Int32)","System.Void","System.Int32 horizontal_range; System.Int32 vertical_range_top; System.Int32 vertical_range_bottom; System.Int32 interval; System.Int32 level_threshold","public","False","False","False","True","True","26","0x06007273"
"DolocTown.Config.Plant.CropGeneFuncProtoOxygen","DeserializeCropGeneFuncProtoOxygen","DolocTown.Config.Plant.CropGeneFuncProtoOxygen DolocTown.Config.Plant.CropGeneFuncProtoOxygen::DeserializeCropGeneFuncProtoOxygen(SimpleJSON.JSONNode)","DolocTown.Config.Plant.CropGeneFuncProtoOxygen","SimpleJSON.JSONNode _json","public","True","False","False","False","True","7","0x06007274"
"DolocTown.Config.Plant.CropGeneFuncProtoOxygen","get_Interval","System.Int32 DolocTown.Config.Plant.CropGeneFuncProtoOxygen::get_Interval()","System.Int32","","public","False","False","False","False","True","7","0x06007275"
"DolocTown.Config.Plant.CropGeneFuncProtoOxygen","set_Interval","System.Void DolocTown.Config.Plant.CropGeneFuncProtoOxygen::set_Interval(System.Int32)","System.Void","System.Int32 value","private","False","False","False","False","True","8","0x06007276"
"DolocTown.Config.Plant.CropGeneFuncProtoOxygen","get_LevelThreshold","System.Int32 DolocTown.Config.Plant.CropGeneFuncProtoOxygen::get_LevelThreshold()","System.Int32","","public","False","False","False","False","True","7","0x06007277"
"DolocTown.Config.Plant.CropGeneFuncProtoOxygen","set_LevelThreshold","System.Void DolocTown.Config.Plant.CropGeneFuncProtoOxygen::set_LevelThreshold(System.Int32)","System.Void","System.Int32 value","private","False","False","False","False","True","8","0x06007278"
"DolocTown.Config.Plant.CropGeneFuncProtoOxygen","GetTypeId","System.Int32 DolocTown.Config.Plant.CropGeneFuncProtoOxygen::GetTypeId()","System.Int32","","public","False","True","False","False","True","6","0x06007279"
"DolocTown.Config.Plant.CropGeneFuncProtoOxygen","Resolve","System.Void DolocTown.Config.Plant.CropGeneFuncProtoOxygen::Resolve(System.Collections.Generic.Dictionary`2<System.String,System.Object>)","System.Void","System.Collections.Generic.Dictionary`2<System.String,System.Object> _tables","public","False","True","False","False","True","8","0x0600727A"
"DolocTown.Config.Plant.CropGeneFuncProtoOxygen","TranslateText","System.Void DolocTown.Config.Plant.CropGeneFuncProtoOxygen::TranslateText(System.Func`3<System.String,System.String,System.String>)","System.Void","System.Func`3<System.String,System.String,System.String> translator","public","False","True","False","False","True","8","0x0600727B"
"DolocTown.Config.Plant.CropGeneFuncProtoOxygen","ToString","System.String DolocTown.Config.Plant.CropGeneFuncProtoOxygen::ToString()","System.String","","public","False","True","False","False","True","148","0x0600727C"
"DolocTown.Config.Plant.CropGeneFuncProtoParasite",".ctor","System.Void DolocTown.Config.Plant.CropGeneFuncProtoParasite::.ctor(SimpleJSON.JSONNode)","System.Void","SimpleJSON.JSONNode _json","public","False","False","False","True","True","100","0x0600727D"
"DolocTown.Config.Plant.CropGeneFuncProtoParasite",".ctor","System.Void DolocTown.Config.Plant.CropGeneFuncProtoParasite::.ctor(System.Int32,System.Int32,System.Int32,System.Single,System.Int32)","System.Void","System.Int32 horizontal_range; System.Int32 vertical_range_top; System.Int32 vertical_range_bottom; System.Single growth_stolen_value; System.Int32 steal_interval","public","False","False","False","True","True","26","0x0600727E"
"DolocTown.Config.Plant.CropGeneFuncProtoParasite","DeserializeCropGeneFuncProtoParasite","DolocTown.Config.Plant.CropGeneFuncProtoParasite DolocTown.Config.Plant.CropGeneFuncProtoParasite::DeserializeCropGeneFuncProtoParasite(SimpleJSON.JSONNode)","DolocTown.Config.Plant.CropGeneFuncProtoParasite","SimpleJSON.JSONNode _json","public","True","False","False","False","True","7","0x0600727F"
"DolocTown.Config.Plant.CropGeneFuncProtoParasite","get_GrowthStolenValue","System.Single DolocTown.Config.Plant.CropGeneFuncProtoParasite::get_GrowthStolenValue()","System.Single","","public","False","False","False","False","True","7","0x06007280"
"DolocTown.Config.Plant.CropGeneFuncProtoParasite","set_GrowthStolenValue","System.Void DolocTown.Config.Plant.CropGeneFuncProtoParasite::set_GrowthStolenValue(System.Single)","System.Void","System.Single value","private","False","False","False","False","True","8","0x06007281"
"DolocTown.Config.Plant.CropGeneFuncProtoParasite","get_StealInterval","System.Int32 DolocTown.Config.Plant.CropGeneFuncProtoParasite::get_StealInterval()","System.Int32","","public","False","False","False","False","True","7","0x06007282"
"DolocTown.Config.Plant.CropGeneFuncProtoParasite","set_StealInterval","System.Void DolocTown.Config.Plant.CropGeneFuncProtoParasite::set_StealInterval(System.Int32)","System.Void","System.Int32 value","private","False","False","False","False","True","8","0x06007283"
"DolocTown.Config.Plant.CropGeneFuncProtoParasite","GetTypeId","System.Int32 DolocTown.Config.Plant.CropGeneFuncProtoParasite::GetTypeId()","System.Int32","","public","False","True","False","False","True","6","0x06007284"
"DolocTown.Config.Plant.CropGeneFuncProtoParasite","Resolve","System.Void DolocTown.Config.Plant.CropGeneFuncProtoParasite::Resolve(System.Collections.Generic.Dictionary`2<System.String,System.Object>)","System.Void","System.Collections.Generic.Dictionary`2<System.String,System.Object> _tables","public","False","True","False","False","True","8","0x06007285"
"DolocTown.Config.Plant.CropGeneFuncProtoParasite","TranslateText","System.Void DolocTown.Config.Plant.CropGeneFuncProtoParasite::TranslateText(System.Func`3<System.String,System.String,System.String>)","System.Void","System.Func`3<System.String,System.String,System.String> translator","public","False","True","False","False","True","8","0x06007286"
"DolocTown.Config.Plant.CropGeneFuncProtoParasite","ToString","System.String DolocTown.Config.Plant.CropGeneFuncProtoParasite::ToString()","System.String","","public","False","True","False","False","True","148","0x06007287"
"DolocTown.Config.Plant.CropGeneFuncProtoRange",".ctor","System.Void DolocTown.Config.Plant.CropGeneFuncProtoRange::.ctor(SimpleJSON.JSONNode)","System.Void","SimpleJSON.JSONNode _json","public","False","False","False","True","True","146","0x06007288"
"DolocTown.Config.Plant.CropGeneFuncProtoRange",".ctor","System.Void DolocTown.Config.Plant.CropGeneFuncProtoRange::.ctor(System.Int32,System.Int32,System.Int32)","System.Void","System.Int32 horizontal_range; System.Int32 vertical_range_top; System.Int32 vertical_range_bottom","public","False","False","False","True","True","28","0x06007289"
"DolocTown.Config.Plant.CropGeneFuncProtoRange","DeserializeCropGeneFuncProtoRange","DolocTown.Config.Plant.CropGeneFuncProtoRange DolocTown.Config.Plant.CropGeneFuncProtoRange::DeserializeCropGeneFuncProtoRange(SimpleJSON.JSONNode)","DolocTown.Config.Plant.CropGeneFuncProtoRange","SimpleJSON.JSONNode _json","public","True","False","False","False","True","125","0x0600728A"
"DolocTown.Config.Plant.CropGeneFuncProtoRange","get_HorizontalRange","System.Int32 DolocTown.Config.Plant.CropGeneFuncProtoRange::get_HorizontalRange()","System.Int32","","public","False","False","False","False","True","7","0x0600728B"
"DolocTown.Config.Plant.CropGeneFuncProtoRange","set_HorizontalRange","System.Void DolocTown.Config.Plant.CropGeneFuncProtoRange::set_HorizontalRange(System.Int32)","System.Void","System.Int32 value","private","False","False","False","False","True","8","0x0600728C"
"DolocTown.Config.Plant.CropGeneFuncProtoRange","get_VerticalRangeTop","System.Int32 DolocTown.Config.Plant.CropGeneFuncProtoRange::get_VerticalRangeTop()","System.Int32","","public","False","False","False","False","True","7","0x0600728D"
"DolocTown.Config.Plant.CropGeneFuncProtoRange","set_VerticalRangeTop","System.Void DolocTown.Config.Plant.CropGeneFuncProtoRange::set_VerticalRangeTop(System.Int32)","System.Void","System.Int32 value","private","False","False","False","False","True","8","0x0600728E"
"DolocTown.Config.Plant.CropGeneFuncProtoRange","get_VerticalRangeBottom","System.Int32 DolocTown.Config.Plant.CropGeneFuncProtoRange::get_VerticalRangeBottom()","System.Int32","","public","False","False","False","False","True","7","0x0600728F"
"DolocTown.Config.Plant.CropGeneFuncProtoRange","set_VerticalRangeBottom","System.Void DolocTown.Config.Plant.CropGeneFuncProtoRange::set_VerticalRangeBottom(System.Int32)","System.Void","System.Int32 value","private","False","False","False","False","True","8","0x06007290"
"DolocTown.Config.Plant.CropGeneFuncProtoRange","Resolve","System.Void DolocTown.Config.Plant.CropGeneFuncProtoRange::Resolve(System.Collections.Generic.Dictionary`2<System.String,System.Object>)","System.Void","System.Collections.Generic.Dictionary`2<System.String,System.Object> _tables","public","False","True","False","False","True","8","0x06007291"
"DolocTown.Config.Plant.CropGeneFuncProtoRange","TranslateText","System.Void DolocTown.Config.Plant.CropGeneFuncProtoRange::TranslateText(System.Func`3<System.String,System.String,System.String>)","System.Void","System.Func`3<System.String,System.String,System.String> translator","public","False","True","False","False","True","8","0x06007292"
"DolocTown.Config.Plant.CropGeneFuncProtoRange","ToString","System.String DolocTown.Config.Plant.CropGeneFuncProtoRange::ToString()","System.String","","public","False","True","False","False","True","95","0x06007293"
"DolocTown.Config.Plant.CropGeneFuncProtoRobustHealth",".ctor","System.Void DolocTown.Config.Plant.CropGeneFuncProtoRobustHealth::.ctor(SimpleJSON.JSONNode)","System.Void","SimpleJSON.JSONNode _json","public","False","False","False","True","True","54","0x06007294"
"DolocTown.Config.Plant.CropGeneFuncProtoRobustHealth",".ctor","System.Void DolocTown.Config.Plant.CropGeneFuncProtoRobustHealth::.ctor(System.Single)","System.Void","System.Single growth_decrease","public","False","False","False","True","True","14","0x06007295"
"DolocTown.Config.Plant.CropGeneFuncProtoRobustHealth","DeserializeCropGeneFuncProtoRobustHealth","DolocTown.Config.Plant.CropGeneFuncProtoRobustHealth DolocTown.Config.Plant.CropGeneFuncProtoRobustHealth::DeserializeCropGeneFuncProtoRobustHealth(SimpleJSON.JSONNode)","DolocTown.Config.Plant.CropGeneFuncProtoRobustHealth","SimpleJSON.JSONNode _json","public","True","False","False","False","True","7","0x06007296"
"DolocTown.Config.Plant.CropGeneFuncProtoRobustHealth","get_GrowthDecrease","System.Single DolocTown.Config.Plant.CropGeneFuncProtoRobustHealth::get_GrowthDecrease()","System.Single","","public","False","False","False","False","True","7","0x06007297"
"DolocTown.Config.Plant.CropGeneFuncProtoRobustHealth","set_GrowthDecrease","System.Void DolocTown.Config.Plant.CropGeneFuncProtoRobustHealth::set_GrowthDecrease(System.Single)","System.Void","System.Single value","private","False","False","False","False","True","8","0x06007298"
"DolocTown.Config.Plant.CropGeneFuncProtoRobustHealth","GetTypeId","System.Int32 DolocTown.Config.Plant.CropGeneFuncProtoRobustHealth::GetTypeId()","System.Int32","","public","False","True","False","False","True","6","0x06007299"
"DolocTown.Config.Plant.CropGeneFuncProtoRobustHealth","Resolve","System.Void DolocTown.Config.Plant.CropGeneFuncProtoRobustHealth::Resolve(System.Collections.Generic.Dictionary`2<System.String,System.Object>)","System.Void","System.Collections.Generic.Dictionary`2<System.String,System.Object> _tables","public","False","True","False","False","True","8","0x0600729A"
"DolocTown.Config.Plant.CropGeneFuncProtoRobustHealth","TranslateText","System.Void DolocTown.Config.Plant.CropGeneFuncProtoRobustHealth::TranslateText(System.Func`3<System.String,System.String,System.String>)","System.Void","System.Func`3<System.String,System.String,System.String> translator","public","False","True","False","False","True","8","0x0600729B"
"DolocTown.Config.Plant.CropGeneFuncProtoRobustHealth","ToString","System.String DolocTown.Config.Plant.CropGeneFuncProtoRobustHealth::ToString()","System.String","","public","False","True","False","False","True","30","0x0600729C"
"DolocTown.Config.Plant.CropGeneFuncProtoSporeSpray",".ctor","System.Void DolocTown.Config.Plant.CropGeneFuncProtoSporeSpray::.ctor(SimpleJSON.JSONNode)","System.Void","SimpleJSON.JSONNode _json","public","False","False","False","True","True","8","0x0600729D"
"DolocTown.Config.Plant.CropGeneFuncProtoSporeSpray",".ctor","System.Void DolocTown.Config.Plant.CropGeneFuncProtoSporeSpray::.ctor()","System.Void","","public","False","False","False","True","True","7","0x0600729E"
"DolocTown.Config.Plant.CropGeneFuncProtoSporeSpray","DeserializeCropGeneFuncProtoSporeSpray","DolocTown.Config.Plant.CropGeneFuncProtoSporeSpray DolocTown.Config.Plant.CropGeneFuncProtoSporeSpray::DeserializeCropGeneFuncProtoSporeSpray(SimpleJSON.JSONNode)","DolocTown.Config.Plant.CropGeneFuncProtoSporeSpray","SimpleJSON.JSONNode _json","public","True","False","False","False","True","7","0x0600729F"
"DolocTown.Config.Plant.CropGeneFuncProtoSporeSpray","GetTypeId","System.Int32 DolocTown.Config.Plant.CropGeneFuncProtoSporeSpray::GetTypeId()","System.Int32","","public","False","True","False","False","True","6","0x060072A0"
"DolocTown.Config.Plant.CropGeneFuncProtoSporeSpray","Resolve","System.Void DolocTown.Config.Plant.CropGeneFuncProtoSporeSpray::Resolve(System.Collections.Generic.Dictionary`2<System.String,System.Object>)","System.Void","System.Collections.Generic.Dictionary`2<System.String,System.Object> _tables","public","False","True","False","False","True","8","0x060072A1"
"DolocTown.Config.Plant.CropGeneFuncProtoSporeSpray","TranslateText","System.Void DolocTown.Config.Plant.CropGeneFuncProtoSporeSpray::TranslateText(System.Func`3<System.String,System.String,System.String>)","System.Void","System.Func`3<System.String,System.String,System.String> translator","public","False","True","False","False","True","8","0x060072A2"
"DolocTown.Config.Plant.CropGeneFuncProtoSporeSpray","ToString","System.String DolocTown.Config.Plant.CropGeneFuncProtoSporeSpray::ToString()","System.String","","public","False","True","False","False","True","6","0x060072A3"
"DolocTown.Config.Plant.CropGeneFuncProtoSprinkler",".ctor","System.Void DolocTown.Config.Plant.CropGeneFuncProtoSprinkler::.ctor(SimpleJSON.JSONNode)","System.Void","SimpleJSON.JSONNode _json","public","False","False","False","True","True","146","0x060072A4"
"DolocTown.Config.Plant.CropGeneFuncProtoSprinkler",".ctor","System.Void DolocTown.Config.Plant.CropGeneFuncProtoSprinkler::.ctor(System.Int32,System.Int32,System.Int32,System.Int32,System.Int32,System.Int32)","System.Void","System.Int32 horizontal_range; System.Int32 vertical_range_top; System.Int32 vertical_range_bottom; System.Int32 interval; System.Int32 water_cost; System.Int32 water_addition","public","False","False","False","True","True","34","0x060072A5"
"DolocTown.Config.Plant.CropGeneFuncProtoSprinkler","DeserializeCropGeneFuncProtoSprinkler","DolocTown.Config.Plant.CropGeneFuncProtoSprinkler DolocTown.Config.Plant.CropGeneFuncProtoSprinkler::DeserializeCropGeneFuncProtoSprinkler(SimpleJSON.JSONNode)","DolocTown.Config.Plant.CropGeneFuncProtoSprinkler","SimpleJSON.JSONNode _json","public","True","False","False","False","True","7","0x060072A6"
"DolocTown.Config.Plant.CropGeneFuncProtoSprinkler","get_Interval","System.Int32 DolocTown.Config.Plant.CropGeneFuncProtoSprinkler::get_Interval()","System.Int32","","public","False","False","False","False","True","7","0x060072A7"
"DolocTown.Config.Plant.CropGeneFuncProtoSprinkler","set_Interval","System.Void DolocTown.Config.Plant.CropGeneFuncProtoSprinkler::set_Interval(System.Int32)","System.Void","System.Int32 value","private","False","False","False","False","True","8","0x060072A8"
"DolocTown.Config.Plant.CropGeneFuncProtoSprinkler","get_WaterCost","System.Int32 DolocTown.Config.Plant.CropGeneFuncProtoSprinkler::get_WaterCost()","System.Int32","","public","False","False","False","False","True","7","0x060072A9"
"DolocTown.Config.Plant.CropGeneFuncProtoSprinkler","set_WaterCost","System.Void DolocTown.Config.Plant.CropGeneFuncProtoSprinkler::set_WaterCost(System.Int32)","System.Void","System.Int32 value","private","False","False","False","False","True","8","0x060072AA"
"DolocTown.Config.Plant.CropGeneFuncProtoSprinkler","get_WaterAddition","System.Int32 DolocTown.Config.Plant.CropGeneFuncProtoSprinkler::get_WaterAddition()","System.Int32","","public","False","False","False","False","True","7","0x060072AB"
"DolocTown.Config.Plant.CropGeneFuncProtoSprinkler","set_WaterAddition","System.Void DolocTown.Config.Plant.CropGeneFuncProtoSprinkler::set_WaterAddition(System.Int32)","System.Void","System.Int32 value","private","False","False","False","False","True","8","0x060072AC"
"DolocTown.Config.Plant.CropGeneFuncProtoSprinkler","GetTypeId","System.Int32 DolocTown.Config.Plant.CropGeneFuncProtoSprinkler::GetTypeId()","System.Int32","","public","False","True","False","False","True","6","0x060072AD"
"DolocTown.Config.Plant.CropGeneFuncProtoSprinkler","Resolve","System.Void DolocTown.Config.Plant.CropGeneFuncProtoSprinkler::Resolve(System.Collections.Generic.Dictionary`2<System.String,System.Object>)","System.Void","System.Collections.Generic.Dictionary`2<System.String,System.Object> _tables","public","False","True","False","False","True","8","0x060072AE"
"DolocTown.Config.Plant.CropGeneFuncProtoSprinkler","TranslateText","System.Void DolocTown.Config.Plant.CropGeneFuncProtoSprinkler::TranslateText(System.Func`3<System.String,System.String,System.String>)","System.Void","System.Func`3<System.String,System.String,System.String> translator","public","False","True","False","False","True","8","0x060072AF"
"DolocTown.Config.Plant.CropGeneFuncProtoSprinkler","ToString","System.String DolocTown.Config.Plant.CropGeneFuncProtoSprinkler::ToString()","System.String","","public","False","True","False","False","True","175","0x060072B0"
"DolocTown.Config.Plant.CropGeneFuncProtoSymbioticSupply",".ctor","System.Void DolocTown.Config.Plant.CropGeneFuncProtoSymbioticSupply::.ctor(SimpleJSON.JSONNode)","System.Void","SimpleJSON.JSONNode _json","public","False","False","False","True","True","54","0x060072B1"
"DolocTown.Config.Plant.CropGeneFuncProtoSymbioticSupply",".ctor","System.Void DolocTown.Config.Plant.CropGeneFuncProtoSymbioticSupply::.ctor(System.Int32,System.Int32,System.Int32,System.Single)","System.Void","System.Int32 horizontal_range; System.Int32 vertical_range_top; System.Int32 vertical_range_bottom; System.Single growth_value","public","False","False","False","True","True","18","0x060072B2"
"DolocTown.Config.Plant.CropGeneFuncProtoSymbioticSupply","DeserializeCropGeneFuncProtoSymbioticSupply","DolocTown.Config.Plant.CropGeneFuncProtoSymbioticSupply DolocTown.Config.Plant.CropGeneFuncProtoSymbioticSupply::DeserializeCropGeneFuncProtoSymbioticSupply(SimpleJSON.JSONNode)","DolocTown.Config.Plant.CropGeneFuncProtoSymbioticSupply","SimpleJSON.JSONNode _json","public","True","False","False","False","True","7","0x060072B3"
"DolocTown.Config.Plant.CropGeneFuncProtoSymbioticSupply","get_GrowthValue","System.Single DolocTown.Config.Plant.CropGeneFuncProtoSymbioticSupply::get_GrowthValue()","System.Single","","public","False","False","False","False","True","7","0x060072B4"
"DolocTown.Config.Plant.CropGeneFuncProtoSymbioticSupply","set_GrowthValue","System.Void DolocTown.Config.Plant.CropGeneFuncProtoSymbioticSupply::set_GrowthValue(System.Single)","System.Void","System.Single value","private","False","False","False","False","True","8","0x060072B5"
"DolocTown.Config.Plant.CropGeneFuncProtoSymbioticSupply","GetTypeId","System.Int32 DolocTown.Config.Plant.CropGeneFuncProtoSymbioticSupply::GetTypeId()","System.Int32","","public","False","True","False","False","True","6","0x060072B6"
"DolocTown.Config.Plant.CropGeneFuncProtoSymbioticSupply","Resolve","System.Void DolocTown.Config.Plant.CropGeneFuncProtoSymbioticSupply::Resolve(System.Collections.Generic.Dictionary`2<System.String,System.Object>)","System.Void","System.Collections.Generic.Dictionary`2<System.String,System.Object> _tables","public","False","True","False","False","True","8","0x060072B7"
"DolocTown.Config.Plant.CropGeneFuncProtoSymbioticSupply","TranslateText","System.Void DolocTown.Config.Plant.CropGeneFuncProtoSymbioticSupply::TranslateText(System.Func`3<System.String,System.String,System.String>)","System.Void","System.Func`3<System.String,System.String,System.String> translator","public","False","True","False","False","True","8","0x060072B8"
"DolocTown.Config.Plant.CropGeneFuncProtoSymbioticSupply","ToString","System.String DolocTown.Config.Plant.CropGeneFuncProtoSymbioticSupply::ToString()","System.String","","public","False","True","False","False","True","121","0x060072B9"
"DolocTown.Config.Plant.CropGeneFuncProtoTimeGift",".ctor","System.Void DolocTown.Config.Plant.CropGeneFuncProtoTimeGift::.ctor(SimpleJSON.JSONNode)","System.Void","SimpleJSON.JSONNode _json","public","False","False","False","True","True","100","0x060072BA"
"DolocTown.Config.Plant.CropGeneFuncProtoTimeGift",".ctor","System.Void DolocTown.Config.Plant.CropGeneFuncProtoTimeGift::.ctor(System.Int32,System.Int32)","System.Void","System.Int32 day_threshold; System.Int32 crop_output_addition","public","False","False","False","True","True","21","0x060072BB"
"DolocTown.Config.Plant.CropGeneFuncProtoTimeGift","DeserializeCropGeneFuncProtoTimeGift","DolocTown.Config.Plant.CropGeneFuncProtoTimeGift DolocTown.Config.Plant.CropGeneFuncProtoTimeGift::DeserializeCropGeneFuncProtoTimeGift(SimpleJSON.JSONNode)","DolocTown.Config.Plant.CropGeneFuncProtoTimeGift","SimpleJSON.JSONNode _json","public","True","False","False","False","True","7","0x060072BC"
"DolocTown.Config.Plant.CropGeneFuncProtoTimeGift","get_DayThreshold","System.Int32 DolocTown.Config.Plant.CropGeneFuncProtoTimeGift::get_DayThreshold()","System.Int32","","public","False","False","False","False","True","7","0x060072BD"
"DolocTown.Config.Plant.CropGeneFuncProtoTimeGift","set_DayThreshold","System.Void DolocTown.Config.Plant.CropGeneFuncProtoTimeGift::set_DayThreshold(System.Int32)","System.Void","System.Int32 value","private","False","False","False","False","True","8","0x060072BE"
"DolocTown.Config.Plant.CropGeneFuncProtoTimeGift","get_CropOutputAddition","System.Int32 DolocTown.Config.Plant.CropGeneFuncProtoTimeGift::get_CropOutputAddition()","System.Int32","","public","False","False","False","False","True","7","0x060072BF"
"DolocTown.Config.Plant.CropGeneFuncProtoTimeGift","set_CropOutputAddition","System.Void DolocTown.Config.Plant.CropGeneFuncProtoTimeGift::set_CropOutputAddition(System.Int32)","System.Void","System.Int32 value","private","False","False","False","False","True","8","0x060072C0"
"DolocTown.Config.Plant.CropGeneFuncProtoTimeGift","GetTypeId","System.Int32 DolocTown.Config.Plant.CropGeneFuncProtoTimeGift::GetTypeId()","System.Int32","","public","False","True","False","False","True","6","0x060072C1"
"DolocTown.Config.Plant.CropGeneFuncProtoTimeGift","Resolve","System.Void DolocTown.Config.Plant.CropGeneFuncProtoTimeGift::Resolve(System.Collections.Generic.Dictionary`2<System.String,System.Object>)","System.Void","System.Collections.Generic.Dictionary`2<System.String,System.Object> _tables","public","False","True","False","False","True","8","0x060072C2"
"DolocTown.Config.Plant.CropGeneFuncProtoTimeGift","TranslateText","System.Void DolocTown.Config.Plant.CropGeneFuncProtoTimeGift::TranslateText(System.Func`3<System.String,System.String,System.String>)","System.Void","System.Func`3<System.String,System.String,System.String> translator","public","False","True","False","False","True","8","0x060072C3"
"DolocTown.Config.Plant.CropGeneFuncProtoTimeGift","ToString","System.String DolocTown.Config.Plant.CropGeneFuncProtoTimeGift::ToString()","System.String","","public","False","True","False","False","True","70","0x060072C4"
"DolocTown.Config.Plant.CropGeneFuncProtoWindSow",".ctor","System.Void DolocTown.Config.Plant.CropGeneFuncProtoWindSow::.ctor(SimpleJSON.JSONNode)","System.Void","SimpleJSON.JSONNode _json","public","False","False","False","True","True","54","0x060072C5"
"DolocTown.Config.Plant.CropGeneFuncProtoWindSow",".ctor","System.Void DolocTown.Config.Plant.CropGeneFuncProtoWindSow::.ctor(System.Int32,System.Int32,System.Int32,System.Int32)","System.Void","System.Int32 horizontal_range; System.Int32 vertical_range_top; System.Int32 vertical_range_bottom; System.Int32 sow_interval","public","False","False","False","True","True","18","0x060072C6"
"DolocTown.Config.Plant.CropGeneFuncProtoWindSow","DeserializeCropGeneFuncProtoWindSow","DolocTown.Config.Plant.CropGeneFuncProtoWindSow DolocTown.Config.Plant.CropGeneFuncProtoWindSow::DeserializeCropGeneFuncProtoWindSow(SimpleJSON.JSONNode)","DolocTown.Config.Plant.CropGeneFuncProtoWindSow","SimpleJSON.JSONNode _json","public","True","False","False","False","True","7","0x060072C7"
"DolocTown.Config.Plant.CropGeneFuncProtoWindSow","get_SowInterval","System.Int32 DolocTown.Config.Plant.CropGeneFuncProtoWindSow::get_SowInterval()","System.Int32","","public","False","False","False","False","True","7","0x060072C8"
"DolocTown.Config.Plant.CropGeneFuncProtoWindSow","set_SowInterval","System.Void DolocTown.Config.Plant.CropGeneFuncProtoWindSow::set_SowInterval(System.Int32)","System.Void","System.Int32 value","private","False","False","False","False","True","8","0x060072C9"
"DolocTown.Config.Plant.CropGeneFuncProtoWindSow","GetTypeId","System.Int32 DolocTown.Config.Plant.CropGeneFuncProtoWindSow::GetTypeId()","System.Int32","","public","False","True","False","False","True","6","0x060072CA"
"DolocTown.Config.Plant.CropGeneFuncProtoWindSow","Resolve","System.Void DolocTown.Config.Plant.CropGeneFuncProtoWindSow::Resolve(System.Collections.Generic.Dictionary`2<System.String,System.Object>)","System.Void","System.Collections.Generic.Dictionary`2<System.String,System.Object> _tables","public","False","True","False","False","True","8","0x060072CB"
"DolocTown.Config.Plant.CropGeneFuncProtoWindSow","TranslateText","System.Void DolocTown.Config.Plant.CropGeneFuncProtoWindSow::TranslateText(System.Func`3<System.String,System.String,System.String>)","System.Void","System.Func`3<System.String,System.String,System.String> translator","public","False","True","False","False","True","8","0x060072CC"
"DolocTown.Config.Plant.CropGeneFuncProtoWindSow","ToString","System.String DolocTown.Config.Plant.CropGeneFuncProtoWindSow::ToString()","System.String","","public","False","True","False","False","True","121","0x060072CD"
"DolocTown.Config.Plant.CropGeneInfo",".ctor","System.Void DolocTown.Config.Plant.CropGeneInfo::.ctor(SimpleJSON.JSONNode)","System.Void","SimpleJSON.JSONNode _json","public","False","False","False","True","True","547","0x060072CE"
"DolocTown.Config.Plant.CropGeneInfo",".ctor","System.Void DolocTown.Config.Plant.CropGeneInfo::.ctor(System.String,System.String,System.Boolean,System.String,System.String,System.Int32,System.Int32,DolocTown.Config.Plant.CropGeneFuncProto)","System.Void","System.String id; System.String capsule_item; System.Boolean default_unlock; System.String title; System.String description; System.Int32 compress_inherit_weight; System.Int32 synthesize_inherit_weight; DolocTown.Config.Plant.CropGeneFuncProto function","public","False","False","False","True","True","68","0x060072CF"
"DolocTown.Config.Plant.CropGeneInfo","DeserializeCropGeneInfo","DolocTown.Config.Plant.CropGeneInfo DolocTown.Config.Plant.CropGeneInfo::DeserializeCropGeneInfo(SimpleJSON.JSONNode)","DolocTown.Config.Plant.CropGeneInfo","SimpleJSON.JSONNode _json","public","True","False","False","False","True","7","0x060072D0"
"DolocTown.Config.Plant.CropGeneInfo","get_Id","System.String DolocTown.Config.Plant.CropGeneInfo::get_Id()","System.String","","public","False","False","False","False","True","7","0x060072D1"
"DolocTown.Config.Plant.CropGeneInfo","set_Id","System.Void DolocTown.Config.Plant.CropGeneInfo::set_Id(System.String)","System.Void","System.String value","private","False","False","False","False","True","8","0x060072D2"
"DolocTown.Config.Plant.CropGeneInfo","get_CapsuleItem","System.String DolocTown.Config.Plant.CropGeneInfo::get_CapsuleItem()","System.String","","public","False","False","False","False","True","7","0x060072D3"
"DolocTown.Config.Plant.CropGeneInfo","set_CapsuleItem","System.Void DolocTown.Config.Plant.CropGeneInfo::set_CapsuleItem(System.String)","System.Void","System.String value","private","False","False","False","False","True","8","0x060072D4"
"DolocTown.Config.Plant.CropGeneInfo","get_CapsuleItem_Ref","DolocTown.Config.Item.ItemInfo DolocTown.Config.Plant.CropGeneInfo::get_CapsuleItem_Ref()","DolocTown.Config.Item.ItemInfo","","public","False","False","False","False","True","7","0x060072D5"
"DolocTown.Config.Plant.CropGeneInfo","set_CapsuleItem_Ref","System.Void DolocTown.Config.Plant.CropGeneInfo::set_CapsuleItem_Ref(DolocTown.Config.Item.ItemInfo)","System.Void","DolocTown.Config.Item.ItemInfo value","private","False","False","False","False","True","8","0x060072D6"
"DolocTown.Config.Plant.CropGeneInfo","get_DefaultUnlock","System.Boolean DolocTown.Config.Plant.CropGeneInfo::get_DefaultUnlock()","System.Boolean","","public","False","False","False","False","True","7","0x060072D7"
"DolocTown.Config.Plant.CropGeneInfo","set_DefaultUnlock","System.Void DolocTown.Config.Plant.CropGeneInfo::set_DefaultUnlock(System.Boolean)","System.Void","System.Boolean value","private","False","False","False","False","True","8","0x060072D8"
"DolocTown.Config.Plant.CropGeneInfo","get_Title","System.String DolocTown.Config.Plant.CropGeneInfo::get_Title()","System.String","","public","False","False","False","False","True","7","0x060072D9"
"DolocTown.Config.Plant.CropGeneInfo","set_Title","System.Void DolocTown.Config.Plant.CropGeneInfo::set_Title(System.String)","System.Void","System.String value","private","False","False","False","False","True","8","0x060072DA"
"DolocTown.Config.Plant.CropGeneInfo","get_Title_l10n_key","System.String DolocTown.Config.Plant.CropGeneInfo::get_Title_l10n_key()","System.String","","public","False","False","False","False","True","7","0x060072DB"
"DolocTown.Config.Plant.CropGeneInfo","get_Description","System.String DolocTown.Config.Plant.CropGeneInfo::get_Description()","System.String","","public","False","False","False","False","True","7","0x060072DC"
"DolocTown.Config.Plant.CropGeneInfo","set_Description","System.Void DolocTown.Config.Plant.CropGeneInfo::set_Description(System.String)","System.Void","System.String value","private","False","False","False","False","True","8","0x060072DD"
"DolocTown.Config.Plant.CropGeneInfo","get_Description_l10n_key","System.String DolocTown.Config.Plant.CropGeneInfo::get_Description_l10n_key()","System.String","","public","False","False","False","False","True","7","0x060072DE"
"DolocTown.Config.Plant.CropGeneInfo","get_CompressInheritWeight","System.Int32 DolocTown.Config.Plant.CropGeneInfo::get_CompressInheritWeight()","System.Int32","","public","False","False","False","False","True","7","0x060072DF"
"DolocTown.Config.Plant.CropGeneInfo","set_CompressInheritWeight","System.Void DolocTown.Config.Plant.CropGeneInfo::set_CompressInheritWeight(System.Int32)","System.Void","System.Int32 value","private","False","False","False","False","True","8","0x060072E0"
"DolocTown.Config.Plant.CropGeneInfo","get_SynthesizeInheritWeight","System.Int32 DolocTown.Config.Plant.CropGeneInfo::get_SynthesizeInheritWeight()","System.Int32","","public","False","False","False","False","True","7","0x060072E1"
"DolocTown.Config.Plant.CropGeneInfo","set_SynthesizeInheritWeight","System.Void DolocTown.Config.Plant.CropGeneInfo::set_SynthesizeInheritWeight(System.Int32)","System.Void","System.Int32 value","private","False","False","False","False","True","8","0x060072E2"
"DolocTown.Config.Plant.CropGeneInfo","get_Function","DolocTown.Config.Plant.CropGeneFuncProto DolocTown.Config.Plant.CropGeneInfo::get_Function()","DolocTown.Config.Plant.CropGeneFuncProto","","public","False","False","False","False","True","7","0x060072E3"
"DolocTown.Config.Plant.CropGeneInfo","set_Function","System.Void DolocTown.Config.Plant.CropGeneInfo::set_Function(DolocTown.Config.Plant.CropGeneFuncProto)","System.Void","DolocTown.Config.Plant.CropGeneFuncProto value","private","False","False","False","False","True","8","0x060072E4"
"DolocTown.Config.Plant.CropGeneInfo","GetTypeId","System.Int32 DolocTown.Config.Plant.CropGeneInfo::GetTypeId()","System.Int32","","public","False","True","False","False","True","6","0x060072E5"
"DolocTown.Config.Plant.CropGeneInfo","Resolve","System.Void DolocTown.Config.Plant.CropGeneInfo::Resolve(System.Collections.Generic.Dictionary`2<System.String,System.Object>)","System.Void","System.Collections.Generic.Dictionary`2<System.String,System.Object> _tables","public","False","False","False","False","True","51","0x060072E6"
"DolocTown.Config.Plant.CropGeneInfo","TranslateText","System.Void DolocTown.Config.Plant.CropGeneInfo::TranslateText(System.Func`3<System.String,System.String,System.String>)","System.Void","System.Func`3<System.String,System.String,System.String> translator","public","False","False","False","False","True","66","0x060072E7"
"DolocTown.Config.Plant.CropGeneInfo","ToString","System.String DolocTown.Config.Plant.CropGeneInfo::ToString()","System.String","","public","False","True","False","False","True","201","0x060072E8"
"DolocTown.Config.Plant.CropGeneMatrixInfo",".ctor","System.Void DolocTown.Config.Plant.CropGeneMatrixInfo::.ctor(SimpleJSON.JSONNode)","System.Void","SimpleJSON.JSONNode _json","public","False","False","False","True","True","214","0x060072E9"
"DolocTown.Config.Plant.CropGeneMatrixInfo",".ctor","System.Void DolocTown.Config.Plant.CropGeneMatrixInfo::.ctor(System.String,System.Collections.Generic.Dictionary`2<System.String,System.Int32>)","System.Void","System.String id; System.Collections.Generic.Dictionary`2<System.String,System.Int32> gene_map","public","False","False","False","True","True","21","0x060072EA"
"DolocTown.Config.Plant.CropGeneMatrixInfo","DeserializeCropGeneMatrixInfo","DolocTown.Config.Plant.CropGeneMatrixInfo DolocTown.Config.Plant.CropGeneMatrixInfo::DeserializeCropGeneMatrixInfo(SimpleJSON.JSONNode)","DolocTown.Config.Plant.CropGeneMatrixInfo","SimpleJSON.JSONNode _json","public","True","False","False","False","True","7","0x060072EB"
"DolocTown.Config.Plant.CropGeneMatrixInfo","get_Id","System.String DolocTown.Config.Plant.CropGeneMatrixInfo::get_Id()","System.String","","public","False","False","False","False","True","7","0x060072EC"
"DolocTown.Config.Plant.CropGeneMatrixInfo","set_Id","System.Void DolocTown.Config.Plant.CropGeneMatrixInfo::set_Id(System.String)","System.Void","System.String value","private","False","False","False","False","True","8","0x060072ED"
"DolocTown.Config.Plant.CropGeneMatrixInfo","get_Id_Ref","DolocTown.Config.Item.ItemInfo DolocTown.Config.Plant.CropGeneMatrixInfo::get_Id_Ref()","DolocTown.Config.Item.ItemInfo","","public","False","False","False","False","True","7","0x060072EE"
"DolocTown.Config.Plant.CropGeneMatrixInfo","set_Id_Ref","System.Void DolocTown.Config.Plant.CropGeneMatrixInfo::set_Id_Ref(DolocTown.Config.Item.ItemInfo)","System.Void","DolocTown.Config.Item.ItemInfo value","private","False","False","False","False","True","8","0x060072EF"
"DolocTown.Config.Plant.CropGeneMatrixInfo","get_GeneMap","System.Collections.Generic.Dictionary`2<System.String,System.Int32> DolocTown.Config.Plant.CropGeneMatrixInfo::get_GeneMap()","System.Collections.Generic.Dictionary`2<System.String,System.Int32>","","public","False","False","False","False","True","7","0x060072F0"
"DolocTown.Config.Plant.CropGeneMatrixInfo","set_GeneMap","System.Void DolocTown.Config.Plant.CropGeneMatrixInfo::set_GeneMap(System.Collections.Generic.Dictionary`2<System.String,System.Int32>)","System.Void","System.Collections.Generic.Dictionary`2<System.String,System.Int32> value","private","False","False","False","False","True","8","0x060072F1"
"DolocTown.Config.Plant.CropGeneMatrixInfo","GetTypeId","System.Int32 DolocTown.Config.Plant.CropGeneMatrixInfo::GetTypeId()","System.Int32","","public","False","True","False","False","True","6","0x060072F2"
"DolocTown.Config.Plant.CropGeneMatrixInfo","Resolve","System.Void DolocTown.Config.Plant.CropGeneMatrixInfo::Resolve(System.Collections.Generic.Dictionary`2<System.String,System.Object>)","System.Void","System.Collections.Generic.Dictionary`2<System.String,System.Object> _tables","public","False","False","False","False","True","34","0x060072F3"
"DolocTown.Config.Plant.CropGeneMatrixInfo","TranslateText","System.Void DolocTown.Config.Plant.CropGeneMatrixInfo::TranslateText(System.Func`3<System.String,System.String,System.String>)","System.Void","System.Func`3<System.String,System.String,System.String> translator","public","False","False","False","False","True","1","0x060072F4"
"DolocTown.Config.Plant.CropGeneMatrixInfo","ToString","System.String DolocTown.Config.Plant.CropGeneMatrixInfo::ToString()","System.String","","public","False","True","False","False","True","59","0x060072F5"
"DolocTown.Config.Plant.CropGeneMatrixInfo","TryRollGene","System.Boolean DolocTown.Config.Plant.CropGeneMatrixInfo::TryRollGene(System.String&)","System.Boolean","System.String& geneId","public","False","False","False","False","True","67","0x060072F6"
"DolocTown.Config.Plant.CropGeneMatrixInfo","TryRollGene","System.Boolean DolocTown.Config.Plant.CropGeneMatrixInfo::TryRollGene(System.String&,System.String[])","System.Boolean","System.String& geneId; System.String[] availableGeneNames","public","False","False","False","False","True","182","0x060072F7"
"DolocTown.Config.Plant.CropGeneMatrixInfo/<>c__DisplayClass23_0",".ctor","System.Void DolocTown.Config.Plant.CropGeneMatrixInfo/<>c__DisplayClass23_0::.ctor()","System.Void","","public","False","False","False","True","True","7","0x0600A6DB"
"DolocTown.Config.Plant.CropGeneMatrixInfo/<>c__DisplayClass23_0","<TryRollGene>b__0","System.Boolean DolocTown.Config.Plant.CropGeneMatrixInfo/<>c__DisplayClass23_0::<TryRollGene>b__0(System.Collections.Generic.KeyValuePair`2<System.String,System.Int32>)","System.Boolean","System.Collections.Generic.KeyValuePair`2<System.String,System.Int32> kv","internal","False","False","False","False","True","19","0x0600A6DC"
"DolocTown.Config.Plant.CropGeneMatrixInfo/<>c",".cctor","System.Void DolocTown.Config.Plant.CropGeneMatrixInfo/<>c::.cctor()","System.Void","","private","True","False","False","True","True","11","0x0600A6DD"
"DolocTown.Config.Plant.CropGeneMatrixInfo/<>c",".ctor","System.Void DolocTown.Config.Plant.CropGeneMatrixInfo/<>c::.ctor()","System.Void","","public","False","False","False","True","True","7","0x0600A6DE"
"DolocTown.Config.Plant.CropGeneMatrixInfo/<>c","<TryRollGene>b__23_1","System.String DolocTown.Config.Plant.CropGeneMatrixInfo/<>c::<TryRollGene>b__23_1(System.Collections.Generic.KeyValuePair`2<System.String,System.Int32>)","System.String","System.Collections.Generic.KeyValuePair`2<System.String,System.Int32> kv","internal","False","False","False","False","True","8","0x0600A6DF"
"DolocTown.Config.Plant.CropGeneMatrixInfo/<>c","<TryRollGene>b__23_2","System.Int32 DolocTown.Config.Plant.CropGeneMatrixInfo/<>c::<TryRollGene>b__23_2(System.Collections.Generic.KeyValuePair`2<System.String,System.Int32>)","System.Int32","System.Collections.Generic.KeyValuePair`2<System.String,System.Int32> kv","internal","False","False","False","False","True","8","0x0600A6E0"
"DolocTown.Config.Plant.CropLevelData",".ctor","System.Void DolocTown.Config.Plant.CropLevelData::.ctor(SimpleJSON.JSONNode)","System.Void","SimpleJSON.JSONNode _json","public","False","False","False","True","True","176","0x060072F8"
"DolocTown.Config.Plant.CropLevelData",".ctor","System.Void DolocTown.Config.Plant.CropLevelData::.ctor(System.Int32,DolocTown.SpriteAsset[])","System.Void","System.Int32 growth_value; DolocTown.SpriteAsset[] skins","public","False","False","False","True","True","21","0x060072F9"
"DolocTown.Config.Plant.CropLevelData","DeserializeCropLevelData","DolocTown.Config.Plant.CropLevelData DolocTown.Config.Plant.CropLevelData::DeserializeCropLevelData(SimpleJSON.JSONNode)","DolocTown.Config.Plant.CropLevelData","SimpleJSON.JSONNode _json","public","True","False","False","False","True","7","0x060072FA"
"DolocTown.Config.Plant.CropLevelData","get_GrowthValue","System.Int32 DolocTown.Config.Plant.CropLevelData::get_GrowthValue()","System.Int32","","public","False","False","False","False","True","7","0x060072FB"
"DolocTown.Config.Plant.CropLevelData","set_GrowthValue","System.Void DolocTown.Config.Plant.CropLevelData::set_GrowthValue(System.Int32)","System.Void","System.Int32 value","private","False","False","False","False","True","8","0x060072FC"
"DolocTown.Config.Plant.CropLevelData","get_Skins","DolocTown.SpriteAsset[] DolocTown.Config.Plant.CropLevelData::get_Skins()","DolocTown.SpriteAsset[]","","public","False","False","False","False","True","7","0x060072FD"
"DolocTown.Config.Plant.CropLevelData","set_Skins","System.Void DolocTown.Config.Plant.CropLevelData::set_Skins(DolocTown.SpriteAsset[])","System.Void","DolocTown.SpriteAsset[] value","private","False","False","False","False","True","8","0x060072FE"
"DolocTown.Config.Plant.CropLevelData","GetTypeId","System.Int32 DolocTown.Config.Plant.CropLevelData::GetTypeId()","System.Int32","","public","False","True","False","False","True","6","0x060072FF"
"DolocTown.Config.Plant.CropLevelData","Resolve","System.Void DolocTown.Config.Plant.CropLevelData::Resolve(System.Collections.Generic.Dictionary`2<System.String,System.Object>)","System.Void","System.Collections.Generic.Dictionary`2<System.String,System.Object> _tables","public","False","False","False","False","True","1","0x06007300"
"DolocTown.Config.Plant.CropLevelData","TranslateText","System.Void DolocTown.Config.Plant.CropLevelData::TranslateText(System.Func`3<System.String,System.String,System.String>)","System.Void","System.Func`3<System.String,System.String,System.String> translator","public","False","False","False","False","True","1","0x06007301"
"DolocTown.Config.Plant.CropLevelData","ToString","System.String DolocTown.Config.Plant.CropLevelData::ToString()","System.String","","public","False","True","False","False","True","67","0x06007302"
"DolocTown.Config.Plant.SeedInfo",".ctor","System.Void DolocTown.Config.Plant.SeedInfo::.ctor(SimpleJSON.JSONNode)","System.Void","SimpleJSON.JSONNode _json","public","False","False","False","True","True","831","0x06007303"
"DolocTown.Config.Plant.SeedInfo",".ctor","System.Void DolocTown.Config.Plant.SeedInfo::.ctor(System.String,System.String,System.String[],System.Single,System.Single,System.Int32[],System.Int32,DolocTown.RangedItem[],System.Int32,System.Int32,DolocTown.Config.Plant.CropLevelData[])","System.Void","System.String id; System.String seed_type; System.String[] nature_genes; System.Single health_value; System.Single damage_rate; System.Int32[] growth_months; System.Int32 tech_point; DolocTown.RangedItem[] crop_outputs; System.Int32 lifespan; System.Int32 repeat_level; DolocTown.Config.Plant.CropLevelData[] level_datas","public","False","False","False","True","True","92","0x06007304"
"DolocTown.Config.Plant.SeedInfo","DeserializeSeedInfo","DolocTown.Config.Plant.SeedInfo DolocTown.Config.Plant.SeedInfo::DeserializeSeedInfo(SimpleJSON.JSONNode)","DolocTown.Config.Plant.SeedInfo","SimpleJSON.JSONNode _json","public","True","False","False","False","True","7","0x06007305"
"DolocTown.Config.Plant.SeedInfo","get_Id","System.String DolocTown.Config.Plant.SeedInfo::get_Id()","System.String","","public","False","False","False","False","True","7","0x06007306"
"DolocTown.Config.Plant.SeedInfo","set_Id","System.Void DolocTown.Config.Plant.SeedInfo::set_Id(System.String)","System.Void","System.String value","private","False","False","False","False","True","8","0x06007307"
"DolocTown.Config.Plant.SeedInfo","get_Id_Ref","DolocTown.Config.Item.ItemInfo DolocTown.Config.Plant.SeedInfo::get_Id_Ref()","DolocTown.Config.Item.ItemInfo","","public","False","False","False","False","True","7","0x06007308"
"DolocTown.Config.Plant.SeedInfo","set_Id_Ref","System.Void DolocTown.Config.Plant.SeedInfo::set_Id_Ref(DolocTown.Config.Item.ItemInfo)","System.Void","DolocTown.Config.Item.ItemInfo value","private","False","False","False","False","True","8","0x06007309"
"DolocTown.Config.Plant.SeedInfo","get_SeedType","System.String DolocTown.Config.Plant.SeedInfo::get_SeedType()","System.String","","public","False","False","False","False","True","7","0x0600730A"
"DolocTown.Config.Plant.SeedInfo","set_SeedType","System.Void DolocTown.Config.Plant.SeedInfo::set_SeedType(System.String)","System.Void","System.String value","private","False","False","False","False","True","8","0x0600730B"
"DolocTown.Config.Plant.SeedInfo","get_SeedType_Ref","DolocTown.Config.Plant.SeedTypeInfo DolocTown.Config.Plant.SeedInfo::get_SeedType_Ref()","DolocTown.Config.Plant.SeedTypeInfo","","public","False","False","False","False","True","7","0x0600730C"
"DolocTown.Config.Plant.SeedInfo","set_SeedType_Ref","System.Void DolocTown.Config.Plant.SeedInfo::set_SeedType_Ref(DolocTown.Config.Plant.SeedTypeInfo)","System.Void","DolocTown.Config.Plant.SeedTypeInfo value","private","False","False","False","False","True","8","0x0600730D"
"DolocTown.Config.Plant.SeedInfo","get_NatureGenes","System.String[] DolocTown.Config.Plant.SeedInfo::get_NatureGenes()","System.String[]","","public","False","False","False","False","True","7","0x0600730E"
"DolocTown.Config.Plant.SeedInfo","set_NatureGenes","System.Void DolocTown.Config.Plant.SeedInfo::set_NatureGenes(System.String[])","System.Void","System.String[] value","private","False","False","False","False","True","8","0x0600730F"
"DolocTown.Config.Plant.SeedInfo","get_NatureGenes_Ref","DolocTown.Config.Plant.CropGeneInfo[] DolocTown.Config.Plant.SeedInfo::get_NatureGenes_Ref()","DolocTown.Config.Plant.CropGeneInfo[]","","public","False","False","False","False","True","7","0x06007310"
"DolocTown.Config.Plant.SeedInfo","set_NatureGenes_Ref","System.Void DolocTown.Config.Plant.SeedInfo::set_NatureGenes_Ref(DolocTown.Config.Plant.CropGeneInfo[])","System.Void","DolocTown.Config.Plant.CropGeneInfo[] value","private","False","False","False","False","True","8","0x06007311"
"DolocTown.Config.Plant.SeedInfo","get_HealthValue","System.Single DolocTown.Config.Plant.SeedInfo::get_HealthValue()","System.Single","","public","False","False","False","False","True","7","0x06007312"
"DolocTown.Config.Plant.SeedInfo","set_HealthValue","System.Void DolocTown.Config.Plant.SeedInfo::set_HealthValue(System.Single)","System.Void","System.Single value","private","False","False","False","False","True","8","0x06007313"
"DolocTown.Config.Plant.SeedInfo","get_DamageRate","System.Single DolocTown.Config.Plant.SeedInfo::get_DamageRate()","System.Single","","public","False","False","False","False","True","7","0x06007314"
"DolocTown.Config.Plant.SeedInfo","set_DamageRate","System.Void DolocTown.Config.Plant.SeedInfo::set_DamageRate(System.Single)","System.Void","System.Single value","private","False","False","False","False","True","8","0x06007315"
"DolocTown.Config.Plant.SeedInfo","get_GrowthMonths","System.Int32[] DolocTown.Config.Plant.SeedInfo::get_GrowthMonths()","System.Int32[]","","public","False","False","False","False","True","7","0x06007316"
"DolocTown.Config.Plant.SeedInfo","set_GrowthMonths","System.Void DolocTown.Config.Plant.SeedInfo::set_GrowthMonths(System.Int32[])","System.Void","System.Int32[] value","private","False","False","False","False","True","8","0x06007317"
"DolocTown.Config.Plant.SeedInfo","get_TechPoint","System.Int32 DolocTown.Config.Plant.SeedInfo::get_TechPoint()","System.Int32","","public","False","False","False","False","True","7","0x06007318"
"DolocTown.Config.Plant.SeedInfo","set_TechPoint","System.Void DolocTown.Config.Plant.SeedInfo::set_TechPoint(System.Int32)","System.Void","System.Int32 value","private","False","False","False","False","True","8","0x06007319"
"DolocTown.Config.Plant.SeedInfo","get_CropOutputs","DolocTown.RangedItem[] DolocTown.Config.Plant.SeedInfo::get_CropOutputs()","DolocTown.RangedItem[]","","public","False","False","False","False","True","7","0x0600731A"
"DolocTown.Config.Plant.SeedInfo","set_CropOutputs","System.Void DolocTown.Config.Plant.SeedInfo::set_CropOutputs(DolocTown.RangedItem[])","System.Void","DolocTown.RangedItem[] value","private","False","False","False","False","True","8","0x0600731B"
"DolocTown.Config.Plant.SeedInfo","get_Lifespan","System.Int32 DolocTown.Config.Plant.SeedInfo::get_Lifespan()","System.Int32","","public","False","False","False","False","True","7","0x0600731C"
"DolocTown.Config.Plant.SeedInfo","set_Lifespan","System.Void DolocTown.Config.Plant.SeedInfo::set_Lifespan(System.Int32)","System.Void","System.Int32 value","private","False","False","False","False","True","8","0x0600731D"
"DolocTown.Config.Plant.SeedInfo","get_RepeatLevel","System.Int32 DolocTown.Config.Plant.SeedInfo::get_RepeatLevel()","System.Int32","","public","False","False","False","False","True","7","0x0600731E"
"DolocTown.Config.Plant.SeedInfo","set_RepeatLevel","System.Void DolocTown.Config.Plant.SeedInfo::set_RepeatLevel(System.Int32)","System.Void","System.Int32 value","private","False","False","False","False","True","8","0x0600731F"
"DolocTown.Config.Plant.SeedInfo","get_LevelDatas","DolocTown.Config.Plant.CropLevelData[] DolocTown.Config.Plant.SeedInfo::get_LevelDatas()","DolocTown.Config.Plant.CropLevelData[]","","public","False","False","False","False","True","7","0x06007320"
"DolocTown.Config.Plant.SeedInfo","set_LevelDatas","System.Void DolocTown.Config.Plant.SeedInfo::set_LevelDatas(DolocTown.Config.Plant.CropLevelData[])","System.Void","DolocTown.Config.Plant.CropLevelData[] value","private","False","False","False","False","True","8","0x06007321"
"DolocTown.Config.Plant.SeedInfo","GetTypeId","System.Int32 DolocTown.Config.Plant.SeedInfo::GetTypeId()","System.Int32","","public","False","True","False","False","True","6","0x06007322"
"DolocTown.Config.Plant.SeedInfo","Resolve","System.Void DolocTown.Config.Plant.SeedInfo::Resolve(System.Collections.Generic.Dictionary`2<System.String,System.Object>)","System.Void","System.Collections.Generic.Dictionary`2<System.String,System.Object> _tables","public","False","False","False","False","True","180","0x06007323"
"DolocTown.Config.Plant.SeedInfo","TranslateText","System.Void DolocTown.Config.Plant.SeedInfo::TranslateText(System.Func`3<System.String,System.String,System.String>)","System.Void","System.Func`3<System.String,System.String,System.String> translator","public","False","False","False","False","True","37","0x06007324"
"DolocTown.Config.Plant.SeedInfo","ToString","System.String DolocTown.Config.Plant.SeedInfo::ToString()","System.String","","public","False","True","False","False","True","282","0x06007325"
"DolocTown.Config.Plant.SeedInfo","get_LevelCount","System.Int32 DolocTown.Config.Plant.SeedInfo::get_LevelCount()","System.Int32","","public","False","False","False","False","True","9","0x06007326"
"DolocTown.Config.Plant.SeedInfo","get_MatureLevel","System.Int32 DolocTown.Config.Plant.SeedInfo::get_MatureLevel()","System.Int32","","public","False","False","False","False","True","9","0x06007327"
"DolocTown.Config.Plant.SeedInfo","GetLevelData","DolocTown.Config.Plant.CropLevelData DolocTown.Config.Plant.SeedInfo::GetLevelData(System.Int32)","DolocTown.Config.Plant.CropLevelData","System.Int32 level","public","False","False","False","False","True","25","0x06007328"
"DolocTown.Config.Plant.SeedInfo","GetLevelSprite","UnityEngine.Sprite DolocTown.Config.Plant.SeedInfo::GetLevelSprite(System.Int32,System.Int32)","UnityEngine.Sprite","System.Int32 levelIndex; System.Int32 skinIndex","public","False","False","False","False","True","33","0x06007329"
"DolocTown.Config.Plant.SeedTypeInfo",".ctor","System.Void DolocTown.Config.Plant.SeedTypeInfo::.ctor(SimpleJSON.JSONNode)","System.Void","SimpleJSON.JSONNode _json","public","False","False","False","True","True","293","0x0600732A"
"DolocTown.Config.Plant.SeedTypeInfo",".ctor","System.Void DolocTown.Config.Plant.SeedTypeInfo::.ctor(System.String,DolocTown.SpriteAsset,DolocTown.SpriteAsset,System.Boolean,System.String,System.Boolean)","System.Void","System.String id; DolocTown.SpriteAsset seed_wither_asset; DolocTown.SpriteAsset plant_wither_asset; System.Boolean random_swing; System.String acidification_seed; System.Boolean use_room_effect","public","False","False","False","True","True","52","0x0600732B"
"DolocTown.Config.Plant.SeedTypeInfo","DeserializeSeedTypeInfo","DolocTown.Config.Plant.SeedTypeInfo DolocTown.Config.Plant.SeedTypeInfo::DeserializeSeedTypeInfo(SimpleJSON.JSONNode)","DolocTown.Config.Plant.SeedTypeInfo","SimpleJSON.JSONNode _json","public","True","False","False","False","True","7","0x0600732C"
"DolocTown.Config.Plant.SeedTypeInfo","get_Id","System.String DolocTown.Config.Plant.SeedTypeInfo::get_Id()","System.String","","public","False","False","False","False","True","7","0x0600732D"
"DolocTown.Config.Plant.SeedTypeInfo","set_Id","System.Void DolocTown.Config.Plant.SeedTypeInfo::set_Id(System.String)","System.Void","System.String value","private","False","False","False","False","True","8","0x0600732E"
"DolocTown.Config.Plant.SeedTypeInfo","get_SeedWitherAsset","DolocTown.SpriteAsset DolocTown.Config.Plant.SeedTypeInfo::get_SeedWitherAsset()","DolocTown.SpriteAsset","","public","False","False","False","False","True","7","0x0600732F"
"DolocTown.Config.Plant.SeedTypeInfo","set_SeedWitherAsset","System.Void DolocTown.Config.Plant.SeedTypeInfo::set_SeedWitherAsset(DolocTown.SpriteAsset)","System.Void","DolocTown.SpriteAsset value","private","False","False","False","False","True","8","0x06007330"
"DolocTown.Config.Plant.SeedTypeInfo","get_PlantWitherAsset","DolocTown.SpriteAsset DolocTown.Config.Plant.SeedTypeInfo::get_PlantWitherAsset()","DolocTown.SpriteAsset","","public","False","False","False","False","True","7","0x06007331"
"DolocTown.Config.Plant.SeedTypeInfo","set_PlantWitherAsset","System.Void DolocTown.Config.Plant.SeedTypeInfo::set_PlantWitherAsset(DolocTown.SpriteAsset)","System.Void","DolocTown.SpriteAsset value","private","False","False","False","False","True","8","0x06007332"
"DolocTown.Config.Plant.SeedTypeInfo","get_RandomSwing","System.Boolean DolocTown.Config.Plant.SeedTypeInfo::get_RandomSwing()","System.Boolean","","public","False","False","False","False","True","7","0x06007333"
"DolocTown.Config.Plant.SeedTypeInfo","set_RandomSwing","System.Void DolocTown.Config.Plant.SeedTypeInfo::set_RandomSwing(System.Boolean)","System.Void","System.Boolean value","private","False","False","False","False","True","8","0x06007334"
"DolocTown.Config.Plant.SeedTypeInfo","get_AcidificationSeed","System.String DolocTown.Config.Plant.SeedTypeInfo::get_AcidificationSeed()","System.String","","public","False","False","False","False","True","7","0x06007335"
"DolocTown.Config.Plant.SeedTypeInfo","set_AcidificationSeed","System.Void DolocTown.Config.Plant.SeedTypeInfo::set_AcidificationSeed(System.String)","System.Void","System.String value","private","False","False","False","False","True","8","0x06007336"
"DolocTown.Config.Plant.SeedTypeInfo","get_AcidificationSeed_Ref","DolocTown.Config.Plant.SeedInfo DolocTown.Config.Plant.SeedTypeInfo::get_AcidificationSeed_Ref()","DolocTown.Config.Plant.SeedInfo","","public","False","False","False","False","True","7","0x06007337"
"DolocTown.Config.Plant.SeedTypeInfo","set_AcidificationSeed_Ref","System.Void DolocTown.Config.Plant.SeedTypeInfo::set_AcidificationSeed_Ref(DolocTown.Config.Plant.SeedInfo)","System.Void","DolocTown.Config.Plant.SeedInfo value","private","False","False","False","False","True","8","0x06007338"
"DolocTown.Config.Plant.SeedTypeInfo","get_UseRoomEffect","System.Boolean DolocTown.Config.Plant.SeedTypeInfo::get_UseRoomEffect()","System.Boolean","","public","False","False","False","False","True","7","0x06007339"
"DolocTown.Config.Plant.SeedTypeInfo","set_UseRoomEffect","System.Void DolocTown.Config.Plant.SeedTypeInfo::set_UseRoomEffect(System.Boolean)","System.Void","System.Boolean value","private","False","False","False","False","True","8","0x0600733A"
"DolocTown.Config.Plant.SeedTypeInfo","GetTypeId","System.Int32 DolocTown.Config.Plant.SeedTypeInfo::GetTypeId()","System.Int32","","public","False","True","False","False","True","6","0x0600733B"
"DolocTown.Config.Plant.SeedTypeInfo","Resolve","System.Void DolocTown.Config.Plant.SeedTypeInfo::Resolve(System.Collections.Generic.Dictionary`2<System.String,System.Object>)","System.Void","System.Collections.Generic.Dictionary`2<System.String,System.Object> _tables","public","False","False","False","False","True","34","0x0600733C"
"DolocTown.Config.Plant.SeedTypeInfo","TranslateText","System.Void DolocTown.Config.Plant.SeedTypeInfo::TranslateText(System.Func`3<System.String,System.String,System.String>)","System.Void","System.Func`3<System.String,System.String,System.String> translator","public","False","False","False","False","True","1","0x0600733D"
"DolocTown.Config.Plant.SeedTypeInfo","ToString","System.String DolocTown.Config.Plant.SeedTypeInfo::ToString()","System.String","","public","False","True","False","False","True","167","0x0600733E"
"DolocTown.Config.Plant.SeedUnlockInfo",".ctor","System.Void DolocTown.Config.Plant.SeedUnlockInfo::.ctor(SimpleJSON.JSONNode)","System.Void","SimpleJSON.JSONNode _json","public","False","False","False","True","True","272","0x0600733F"
"DolocTown.Config.Plant.SeedUnlockInfo",".ctor","System.Void DolocTown.Config.Plant.SeedUnlockInfo::.ctor(System.String,DolocTown.CountItem[],System.String,System.Boolean)","System.Void","System.String id; DolocTown.CountItem[] costs; System.String email_id; System.Boolean default_unlock","public","False","False","False","True","True","36","0x06007340"
"DolocTown.Config.Plant.SeedUnlockInfo","DeserializeSeedUnlockInfo","DolocTown.Config.Plant.SeedUnlockInfo DolocTown.Config.Plant.SeedUnlockInfo::DeserializeSeedUnlockInfo(SimpleJSON.JSONNode)","DolocTown.Config.Plant.SeedUnlockInfo","SimpleJSON.JSONNode _json","public","True","False","False","False","True","7","0x06007341"
"DolocTown.Config.Plant.SeedUnlockInfo","get_Id","System.String DolocTown.Config.Plant.SeedUnlockInfo::get_Id()","System.String","","public","False","False","False","False","True","7","0x06007342"
"DolocTown.Config.Plant.SeedUnlockInfo","set_Id","System.Void DolocTown.Config.Plant.SeedUnlockInfo::set_Id(System.String)","System.Void","System.String value","private","False","False","False","False","True","8","0x06007343"
"DolocTown.Config.Plant.SeedUnlockInfo","get_Id_Ref","DolocTown.Config.Item.ItemInfo DolocTown.Config.Plant.SeedUnlockInfo::get_Id_Ref()","DolocTown.Config.Item.ItemInfo","","public","False","False","False","False","True","7","0x06007344"
"DolocTown.Config.Plant.SeedUnlockInfo","set_Id_Ref","System.Void DolocTown.Config.Plant.SeedUnlockInfo::set_Id_Ref(DolocTown.Config.Item.ItemInfo)","System.Void","DolocTown.Config.Item.ItemInfo value","private","False","False","False","False","True","8","0x06007345"
"DolocTown.Config.Plant.SeedUnlockInfo","get_Costs","DolocTown.CountItem[] DolocTown.Config.Plant.SeedUnlockInfo::get_Costs()","DolocTown.CountItem[]","","public","False","False","False","False","True","7","0x06007346"
"DolocTown.Config.Plant.SeedUnlockInfo","set_Costs","System.Void DolocTown.Config.Plant.SeedUnlockInfo::set_Costs(DolocTown.CountItem[])","System.Void","DolocTown.CountItem[] value","private","False","False","False","False","True","8","0x06007347"
"DolocTown.Config.Plant.SeedUnlockInfo","get_EmailId","System.String DolocTown.Config.Plant.SeedUnlockInfo::get_EmailId()","System.String","","public","False","False","False","False","True","7","0x06007348"
"DolocTown.Config.Plant.SeedUnlockInfo","set_EmailId","System.Void DolocTown.Config.Plant.SeedUnlockInfo::set_EmailId(System.String)","System.Void","System.String value","private","False","False","False","False","True","8","0x06007349"
"DolocTown.Config.Plant.SeedUnlockInfo","get_DefaultUnlock","System.Boolean DolocTown.Config.Plant.SeedUnlockInfo::get_DefaultUnlock()","System.Boolean","","public","False","False","False","False","True","7","0x0600734A"
"DolocTown.Config.Plant.SeedUnlockInfo","set_DefaultUnlock","System.Void DolocTown.Config.Plant.SeedUnlockInfo::set_DefaultUnlock(System.Boolean)","System.Void","System.Boolean value","private","False","False","False","False","True","8","0x0600734B"
"DolocTown.Config.Plant.SeedUnlockInfo","GetTypeId","System.Int32 DolocTown.Config.Plant.SeedUnlockInfo::GetTypeId()","System.Int32","","public","False","True","False","False","True","6","0x0600734C"
"DolocTown.Config.Plant.SeedUnlockInfo","Resolve","System.Void DolocTown.Config.Plant.SeedUnlockInfo::Resolve(System.Collections.Generic.Dictionary`2<System.String,System.Object>)","System.Void","System.Collections.Generic.Dictionary`2<System.String,System.Object> _tables","public","False","False","False","False","True","34","0x0600734D"
"DolocTown.Config.Plant.SeedUnlockInfo","TranslateText","System.Void DolocTown.Config.Plant.SeedUnlockInfo::TranslateText(System.Func`3<System.String,System.String,System.String>)","System.Void","System.Func`3<System.String,System.String,System.String> translator","public","False","False","False","False","True","1","0x0600734E"
"DolocTown.Config.Plant.SeedUnlockInfo","ToString","System.String DolocTown.Config.Plant.SeedUnlockInfo::ToString()","System.String","","public","False","True","False","False","True","102","0x0600734F"
"DolocTown.Config.Plant.TbCropGene",".ctor","System.Void DolocTown.Config.Plant.TbCropGene::.ctor(SimpleJSON.JSONNode)","System.Void","SimpleJSON.JSONNode _json","public","False","False","False","True","True","135","0x06007350"
"DolocTown.Config.Plant.TbCropGene","get_DataMap","System.Collections.Generic.Dictionary`2<System.String,DolocTown.Config.Plant.CropGeneInfo> DolocTown.Config.Plant.TbCropGene::get_DataMap()","System.Collections.Generic.Dictionary`2<System.String,DolocTown.Config.Plant.CropGeneInfo>","","public","False","False","False","False","True","7","0x06007351"
"DolocTown.Config.Plant.TbCropGene","get_DataList","System.Collections.Generic.List`1<DolocTown.Config.Plant.CropGeneInfo> DolocTown.Config.Plant.TbCropGene::get_DataList()","System.Collections.Generic.List`1<DolocTown.Config.Plant.CropGeneInfo>","","public","False","False","False","False","True","7","0x06007352"
"DolocTown.Config.Plant.TbCropGene","GetOrDefault","DolocTown.Config.Plant.CropGeneInfo DolocTown.Config.Plant.TbCropGene::GetOrDefault(System.String)","DolocTown.Config.Plant.CropGeneInfo","System.String key","public","False","False","False","False","True","20","0x06007353"
"DolocTown.Config.Plant.TbCropGene","Get","DolocTown.Config.Plant.CropGeneInfo DolocTown.Config.Plant.TbCropGene::Get(System.String)","DolocTown.Config.Plant.CropGeneInfo","System.String key","public","False","False","False","False","True","13","0x06007354"
"DolocTown.Config.Plant.TbCropGene","get_Item","DolocTown.Config.Plant.CropGeneInfo DolocTown.Config.Plant.TbCropGene::get_Item(System.String)","DolocTown.Config.Plant.CropGeneInfo","System.String key","public","False","False","False","False","True","13","0x06007355"
"DolocTown.Config.Plant.TbCropGene","Resolve","System.Void DolocTown.Config.Plant.TbCropGene::Resolve(System.Collections.Generic.Dictionary`2<System.String,System.Object>)","System.Void","System.Collections.Generic.Dictionary`2<System.String,System.Object> _tables","public","False","False","False","False","True","59","0x06007356"
"DolocTown.Config.Plant.TbCropGene","TranslateText","System.Void DolocTown.Config.Plant.TbCropGene::TranslateText(System.Func`3<System.String,System.String,System.String>)","System.Void","System.Func`3<System.String,System.String,System.String> translator","public","False","False","False","False","True","53","0x06007357"
"DolocTown.Config.Plant.TbCropGene","PostResolve","System.Void DolocTown.Config.Plant.TbCropGene::PostResolve()","System.Void","","private","False","False","False","False","True","90","0x06007358"
"DolocTown.Config.Plant.TbCropGene","get_DefaultUnlockedGenes","System.String[] DolocTown.Config.Plant.TbCropGene::get_DefaultUnlockedGenes()","System.String[]","","public","False","False","False","False","True","7","0x06007359"
"DolocTown.Config.Plant.TbCropGene","set_DefaultUnlockedGenes","System.Void DolocTown.Config.Plant.TbCropGene::set_DefaultUnlockedGenes(System.String[])","System.Void","System.String[] value","private","False","False","False","False","True","8","0x0600735A"
"DolocTown.Config.Plant.TbCropGene/<>c",".cctor","System.Void DolocTown.Config.Plant.TbCropGene/<>c::.cctor()","System.Void","","private","True","False","False","True","True","11","0x0600A6E1"
"DolocTown.Config.Plant.TbCropGene/<>c",".ctor","System.Void DolocTown.Config.Plant.TbCropGene/<>c::.ctor()","System.Void","","public","False","False","False","True","True","7","0x0600A6E2"
"DolocTown.Config.Plant.TbCropGene/<>c","<PostResolve>b__14_0","System.Boolean DolocTown.Config.Plant.TbCropGene/<>c::<PostResolve>b__14_0(DolocTown.Config.Plant.CropGeneInfo)","System.Boolean","DolocTown.Config.Plant.CropGeneInfo x","internal","False","False","False","False","True","7","0x0600A6E3"
"DolocTown.Config.Plant.TbCropGene/<>c","<PostResolve>b__14_1","System.String DolocTown.Config.Plant.TbCropGene/<>c::<PostResolve>b__14_1(DolocTown.Config.Plant.CropGeneInfo)","System.String","DolocTown.Config.Plant.CropGeneInfo x","internal","False","False","False","False","True","7","0x0600A6E4"
"DolocTown.Config.Plant.TbCropGeneMatrix",".ctor","System.Void DolocTown.Config.Plant.TbCropGeneMatrix::.ctor(SimpleJSON.JSONNode)","System.Void","SimpleJSON.JSONNode _json","public","False","False","False","True","True","135","0x0600735B"
"DolocTown.Config.Plant.TbCropGeneMatrix","get_DataMap","System.Collections.Generic.Dictionary`2<System.String,DolocTown.Config.Plant.CropGeneMatrixInfo> DolocTown.Config.Plant.TbCropGeneMatrix::get_DataMap()","System.Collections.Generic.Dictionary`2<System.String,DolocTown.Config.Plant.CropGeneMatrixInfo>","","public","False","False","False","False","True","7","0x0600735C"
"DolocTown.Config.Plant.TbCropGeneMatrix","get_DataList","System.Collections.Generic.List`1<DolocTown.Config.Plant.CropGeneMatrixInfo> DolocTown.Config.Plant.TbCropGeneMatrix::get_DataList()","System.Collections.Generic.List`1<DolocTown.Config.Plant.CropGeneMatrixInfo>","","public","False","False","False","False","True","7","0x0600735D"
"DolocTown.Config.Plant.TbCropGeneMatrix","GetOrDefault","DolocTown.Config.Plant.CropGeneMatrixInfo DolocTown.Config.Plant.TbCropGeneMatrix::GetOrDefault(System.String)","DolocTown.Config.Plant.CropGeneMatrixInfo","System.String key","public","False","False","False","False","True","20","0x0600735E"
"DolocTown.Config.Plant.TbCropGeneMatrix","Get","DolocTown.Config.Plant.CropGeneMatrixInfo DolocTown.Config.Plant.TbCropGeneMatrix::Get(System.String)","DolocTown.Config.Plant.CropGeneMatrixInfo","System.String key","public","False","False","False","False","True","13","0x0600735F"
"DolocTown.Config.Plant.TbCropGeneMatrix","get_Item","DolocTown.Config.Plant.CropGeneMatrixInfo DolocTown.Config.Plant.TbCropGeneMatrix::get_Item(System.String)","DolocTown.Config.Plant.CropGeneMatrixInfo","System.String key","public","False","False","False","False","True","13","0x06007360"
"DolocTown.Config.Plant.TbCropGeneMatrix","Resolve","System.Void DolocTown.Config.Plant.TbCropGeneMatrix::Resolve(System.Collections.Generic.Dictionary`2<System.String,System.Object>)","System.Void","System.Collections.Generic.Dictionary`2<System.String,System.Object> _tables","public","False","False","False","False","True","53","0x06007361"
"DolocTown.Config.Plant.TbCropGeneMatrix","TranslateText","System.Void DolocTown.Config.Plant.TbCropGeneMatrix::TranslateText(System.Func`3<System.String,System.String,System.String>)","System.Void","System.Func`3<System.String,System.String,System.String> translator","public","False","False","False","False","True","53","0x06007362"
"DolocTown.Config.Plant.TbCropGeneMatrix","TryRollGene","System.Boolean DolocTown.Config.Plant.TbCropGeneMatrix::TryRollGene(System.String,System.String&)","System.Boolean","System.String seedName; System.String& geneId","public","False","False","False","False","True","33","0x06007363"
"DolocTown.Config.Plant.TbCropGeneMatrix","TryRollGene","System.Boolean DolocTown.Config.Plant.TbCropGeneMatrix::TryRollGene(System.String,System.String&,System.String[])","System.Boolean","System.String seedName; System.String& geneId; System.String[] availableGeneNames","public","False","False","False","False","True","34","0x06007364"
"DolocTown.Config.Plant.TbSeed",".ctor","System.Void DolocTown.Config.Plant.TbSeed::.ctor(SimpleJSON.JSONNode)","System.Void","SimpleJSON.JSONNode _json","public","False","False","False","True","True","135","0x06007365"
"DolocTown.Config.Plant.TbSeed","get_DataMap","System.Collections.Generic.Dictionary`2<System.String,DolocTown.Config.Plant.SeedInfo> DolocTown.Config.Plant.TbSeed::get_DataMap()","System.Collections.Generic.Dictionary`2<System.String,DolocTown.Config.Plant.SeedInfo>","","public","False","False","False","False","True","7","0x06007366"
"DolocTown.Config.Plant.TbSeed","get_DataList","System.Collections.Generic.List`1<DolocTown.Config.Plant.SeedInfo> DolocTown.Config.Plant.TbSeed::get_DataList()","System.Collections.Generic.List`1<DolocTown.Config.Plant.SeedInfo>","","public","False","False","False","False","True","7","0x06007367"
"DolocTown.Config.Plant.TbSeed","GetOrDefault","DolocTown.Config.Plant.SeedInfo DolocTown.Config.Plant.TbSeed::GetOrDefault(System.String)","DolocTown.Config.Plant.SeedInfo","System.String key","public","False","False","False","False","True","20","0x06007368"
"DolocTown.Config.Plant.TbSeed","Get","DolocTown.Config.Plant.SeedInfo DolocTown.Config.Plant.TbSeed::Get(System.String)","DolocTown.Config.Plant.SeedInfo","System.String key","public","False","False","False","False","True","13","0x06007369"
"DolocTown.Config.Plant.TbSeed","get_Item","DolocTown.Config.Plant.SeedInfo DolocTown.Config.Plant.TbSeed::get_Item(System.String)","DolocTown.Config.Plant.SeedInfo","System.String key","public","False","False","False","False","True","13","0x0600736A"
"DolocTown.Config.Plant.TbSeed","Resolve","System.Void DolocTown.Config.Plant.TbSeed::Resolve(System.Collections.Generic.Dictionary`2<System.String,System.Object>)","System.Void","System.Collections.Generic.Dictionary`2<System.String,System.Object> _tables","public","False","False","False","False","True","53","0x0600736B"
"DolocTown.Config.Plant.TbSeed","TranslateText","System.Void DolocTown.Config.Plant.TbSeed::TranslateText(System.Func`3<System.String,System.String,System.String>)","System.Void","System.Func`3<System.String,System.String,System.String> translator","public","False","False","False","False","True","53","0x0600736C"
"DolocTown.Config.Plant.TbSeedType",".ctor","System.Void DolocTown.Config.Plant.TbSeedType::.ctor(SimpleJSON.JSONNode)","System.Void","SimpleJSON.JSONNode _json","public","False","False","False","True","True","135","0x0600736D"
"DolocTown.Config.Plant.TbSeedType","get_DataMap","System.Collections.Generic.Dictionary`2<System.String,DolocTown.Config.Plant.SeedTypeInfo> DolocTown.Config.Plant.TbSeedType::get_DataMap()","System.Collections.Generic.Dictionary`2<System.String,DolocTown.Config.Plant.SeedTypeInfo>","","public","False","False","False","False","True","7","0x0600736E"
"DolocTown.Config.Plant.TbSeedType","get_DataList","System.Collections.Generic.List`1<DolocTown.Config.Plant.SeedTypeInfo> DolocTown.Config.Plant.TbSeedType::get_DataList()","System.Collections.Generic.List`1<DolocTown.Config.Plant.SeedTypeInfo>","","public","False","False","False","False","True","7","0x0600736F"
"DolocTown.Config.Plant.TbSeedType","GetOrDefault","DolocTown.Config.Plant.SeedTypeInfo DolocTown.Config.Plant.TbSeedType::GetOrDefault(System.String)","DolocTown.Config.Plant.SeedTypeInfo","System.String key","public","False","False","False","False","True","20","0x06007370"
"DolocTown.Config.Plant.TbSeedType","Get","DolocTown.Config.Plant.SeedTypeInfo DolocTown.Config.Plant.TbSeedType::Get(System.String)","DolocTown.Config.Plant.SeedTypeInfo","System.String key","public","False","False","False","False","True","13","0x06007371"
"DolocTown.Config.Plant.TbSeedType","get_Item","DolocTown.Config.Plant.SeedTypeInfo DolocTown.Config.Plant.TbSeedType::get_Item(System.String)","DolocTown.Config.Plant.SeedTypeInfo","System.String key","public","False","False","False","False","True","13","0x06007372"
"DolocTown.Config.Plant.TbSeedType","Resolve","System.Void DolocTown.Config.Plant.TbSeedType::Resolve(System.Collections.Generic.Dictionary`2<System.String,System.Object>)","System.Void","System.Collections.Generic.Dictionary`2<System.String,System.Object> _tables","public","False","False","False","False","True","53","0x06007373"
"DolocTown.Config.Plant.TbSeedType","TranslateText","System.Void DolocTown.Config.Plant.TbSeedType::TranslateText(System.Func`3<System.String,System.String,System.String>)","System.Void","System.Func`3<System.String,System.String,System.String> translator","public","False","False","False","False","True","53","0x06007374"
"DolocTown.Config.Plant.TbSeedUnlock",".ctor","System.Void DolocTown.Config.Plant.TbSeedUnlock::.ctor(SimpleJSON.JSONNode)","System.Void","SimpleJSON.JSONNode _json","public","False","False","False","True","True","135","0x06007375"
"DolocTown.Config.Plant.TbSeedUnlock","get_DataMap","System.Collections.Generic.Dictionary`2<System.String,DolocTown.Config.Plant.SeedUnlockInfo> DolocTown.Config.Plant.TbSeedUnlock::get_DataMap()","System.Collections.Generic.Dictionary`2<System.String,DolocTown.Config.Plant.SeedUnlockInfo>","","public","False","False","False","False","True","7","0x06007376"
"DolocTown.Config.Plant.TbSeedUnlock","get_DataList","System.Collections.Generic.List`1<DolocTown.Config.Plant.SeedUnlockInfo> DolocTown.Config.Plant.TbSeedUnlock::get_DataList()","System.Collections.Generic.List`1<DolocTown.Config.Plant.SeedUnlockInfo>","","public","False","False","False","False","True","7","0x06007377"
"DolocTown.Config.Plant.TbSeedUnlock","GetOrDefault","DolocTown.Config.Plant.SeedUnlockInfo DolocTown.Config.Plant.TbSeedUnlock::GetOrDefault(System.String)","DolocTown.Config.Plant.SeedUnlockInfo","System.String key","public","False","False","False","False","True","20","0x06007378"
"DolocTown.Config.Plant.TbSeedUnlock","Get","DolocTown.Config.Plant.SeedUnlockInfo DolocTown.Config.Plant.TbSeedUnlock::Get(System.String)","DolocTown.Config.Plant.SeedUnlockInfo","System.String key","public","False","False","False","False","True","13","0x06007379"
"DolocTown.Config.Plant.TbSeedUnlock","get_Item","DolocTown.Config.Plant.SeedUnlockInfo DolocTown.Config.Plant.TbSeedUnlock::get_Item(System.String)","DolocTown.Config.Plant.SeedUnlockInfo","System.String key","public","False","False","False","False","True","13","0x0600737A"
"DolocTown.Config.Plant.TbSeedUnlock","Resolve","System.Void DolocTown.Config.Plant.TbSeedUnlock::Resolve(System.Collections.Generic.Dictionary`2<System.String,System.Object>)","System.Void","System.Collections.Generic.Dictionary`2<System.String,System.Object> _tables","public","False","False","False","False","True","53","0x0600737B"
"DolocTown.Config.Plant.TbSeedUnlock","TranslateText","System.Void DolocTown.Config.Plant.TbSeedUnlock::TranslateText(System.Func`3<System.String,System.String,System.String>)","System.Void","System.Func`3<System.String,System.String,System.String> translator","public","False","False","False","False","True","53","0x0600737C"
"DolocTown.Config.Plant.TbTreeSeed",".ctor","System.Void DolocTown.Config.Plant.TbTreeSeed::.ctor(SimpleJSON.JSONNode)","System.Void","SimpleJSON.JSONNode _json","public","False","False","False","True","True","135","0x0600737D"
"DolocTown.Config.Plant.TbTreeSeed","get_DataMap","System.Collections.Generic.Dictionary`2<System.String,DolocTown.Config.Plant.TreeSeedInfo> DolocTown.Config.Plant.TbTreeSeed::get_DataMap()","System.Collections.Generic.Dictionary`2<System.String,DolocTown.Config.Plant.TreeSeedInfo>","","public","False","False","False","False","True","7","0x0600737E"
"DolocTown.Config.Plant.TbTreeSeed","get_DataList","System.Collections.Generic.List`1<DolocTown.Config.Plant.TreeSeedInfo> DolocTown.Config.Plant.TbTreeSeed::get_DataList()","System.Collections.Generic.List`1<DolocTown.Config.Plant.TreeSeedInfo>","","public","False","False","False","False","True","7","0x0600737F"
"DolocTown.Config.Plant.TbTreeSeed","GetOrDefault","DolocTown.Config.Plant.TreeSeedInfo DolocTown.Config.Plant.TbTreeSeed::GetOrDefault(System.String)","DolocTown.Config.Plant.TreeSeedInfo","System.String key","public","False","False","False","False","True","20","0x06007380"
"DolocTown.Config.Plant.TbTreeSeed","Get","DolocTown.Config.Plant.TreeSeedInfo DolocTown.Config.Plant.TbTreeSeed::Get(System.String)","DolocTown.Config.Plant.TreeSeedInfo","System.String key","public","False","False","False","False","True","13","0x06007381"
"DolocTown.Config.Plant.TbTreeSeed","get_Item","DolocTown.Config.Plant.TreeSeedInfo DolocTown.Config.Plant.TbTreeSeed::get_Item(System.String)","DolocTown.Config.Plant.TreeSeedInfo","System.String key","public","False","False","False","False","True","13","0x06007382"
"DolocTown.Config.Plant.TbTreeSeed","Resolve","System.Void DolocTown.Config.Plant.TbTreeSeed::Resolve(System.Collections.Generic.Dictionary`2<System.String,System.Object>)","System.Void","System.Collections.Generic.Dictionary`2<System.String,System.Object> _tables","public","False","False","False","False","True","53","0x06007383"
"DolocTown.Config.Plant.TbTreeSeed","TranslateText","System.Void DolocTown.Config.Plant.TbTreeSeed::TranslateText(System.Func`3<System.String,System.String,System.String>)","System.Void","System.Func`3<System.String,System.String,System.String> translator","public","False","False","False","False","True","53","0x06007384"
"DolocTown.Config.Plant.TreeSeedInfo",".ctor","System.Void DolocTown.Config.Plant.TreeSeedInfo::.ctor(SimpleJSON.JSONNode)","System.Void","SimpleJSON.JSONNode _json","public","False","False","False","True","True","441","0x06007385"
"DolocTown.Config.Plant.TreeSeedInfo",".ctor","System.Void DolocTown.Config.Plant.TreeSeedInfo::.ctor(System.String,System.String,System.String,DolocTown.Config.Resource.ResourceLevelData[],System.Int32,System.String)","System.Void","System.String id; System.String title; System.String resource_id; DolocTown.Config.Resource.ResourceLevelData[] level_datas; System.Int32 repeat_level; System.String resin_collector_output","public","False","False","False","True","True","52","0x06007386"
"DolocTown.Config.Plant.TreeSeedInfo","DeserializeTreeSeedInfo","DolocTown.Config.Plant.TreeSeedInfo DolocTown.Config.Plant.TreeSeedInfo::DeserializeTreeSeedInfo(SimpleJSON.JSONNode)","DolocTown.Config.Plant.TreeSeedInfo","SimpleJSON.JSONNode _json","public","True","False","False","False","True","7","0x06007387"
"DolocTown.Config.Plant.TreeSeedInfo","get_Id","System.String DolocTown.Config.Plant.TreeSeedInfo::get_Id()","System.String","","public","False","False","False","False","True","7","0x06007388"
"DolocTown.Config.Plant.TreeSeedInfo","set_Id","System.Void DolocTown.Config.Plant.TreeSeedInfo::set_Id(System.String)","System.Void","System.String value","private","False","False","False","False","True","8","0x06007389"
"DolocTown.Config.Plant.TreeSeedInfo","get_Title","System.String DolocTown.Config.Plant.TreeSeedInfo::get_Title()","System.String","","public","False","False","False","False","True","7","0x0600738A"
"DolocTown.Config.Plant.TreeSeedInfo","set_Title","System.Void DolocTown.Config.Plant.TreeSeedInfo::set_Title(System.String)","System.Void","System.String value","private","False","False","False","False","True","8","0x0600738B"
"DolocTown.Config.Plant.TreeSeedInfo","get_Title_l10n_key","System.String DolocTown.Config.Plant.TreeSeedInfo::get_Title_l10n_key()","System.String","","public","False","False","False","False","True","7","0x0600738C"
"DolocTown.Config.Plant.TreeSeedInfo","get_ResourceId","System.String DolocTown.Config.Plant.TreeSeedInfo::get_ResourceId()","System.String","","public","False","False","False","False","True","7","0x0600738D"
"DolocTown.Config.Plant.TreeSeedInfo","set_ResourceId","System.Void DolocTown.Config.Plant.TreeSeedInfo::set_ResourceId(System.String)","System.Void","System.String value","private","False","False","False","False","True","8","0x0600738E"
"DolocTown.Config.Plant.TreeSeedInfo","get_ResourceId_Ref","DolocTown.Config.Resource.ResourceInfo DolocTown.Config.Plant.TreeSeedInfo::get_ResourceId_Ref()","DolocTown.Config.Resource.ResourceInfo","","public","False","False","False","False","True","7","0x0600738F"
"DolocTown.Config.Plant.TreeSeedInfo","set_ResourceId_Ref","System.Void DolocTown.Config.Plant.TreeSeedInfo::set_ResourceId_Ref(DolocTown.Config.Resource.ResourceInfo)","System.Void","DolocTown.Config.Resource.ResourceInfo value","private","False","False","False","False","True","8","0x06007390"
"DolocTown.Config.Plant.TreeSeedInfo","get_LevelDatas","DolocTown.Config.Resource.ResourceLevelData[] DolocTown.Config.Plant.TreeSeedInfo::get_LevelDatas()","DolocTown.Config.Resource.ResourceLevelData[]","","public","False","False","False","False","True","7","0x06007391"
"DolocTown.Config.Plant.TreeSeedInfo","set_LevelDatas","System.Void DolocTown.Config.Plant.TreeSeedInfo::set_LevelDatas(DolocTown.Config.Resource.ResourceLevelData[])","System.Void","DolocTown.Config.Resource.ResourceLevelData[] value","private","False","False","False","False","True","8","0x06007392"
"DolocTown.Config.Plant.TreeSeedInfo","get_RepeatLevel","System.Int32 DolocTown.Config.Plant.TreeSeedInfo::get_RepeatLevel()","System.Int32","","public","False","False","False","False","True","7","0x06007393"
"DolocTown.Config.Plant.TreeSeedInfo","set_RepeatLevel","System.Void DolocTown.Config.Plant.TreeSeedInfo::set_RepeatLevel(System.Int32)","System.Void","System.Int32 value","private","False","False","False","False","True","8","0x06007394"
"DolocTown.Config.Plant.TreeSeedInfo","get_ResinCollectorOutput","System.String DolocTown.Config.Plant.TreeSeedInfo::get_ResinCollectorOutput()","System.String","","public","False","False","False","False","True","7","0x06007395"
"DolocTown.Config.Plant.TreeSeedInfo","set_ResinCollectorOutput","System.Void DolocTown.Config.Plant.TreeSeedInfo::set_ResinCollectorOutput(System.String)","System.Void","System.String value","private","False","False","False","False","True","8","0x06007396"
"DolocTown.Config.Plant.TreeSeedInfo","get_ResinCollectorOutput_Ref","DolocTown.Config.Resource.ResinCollectorOutputInfo DolocTown.Config.Plant.TreeSeedInfo::get_ResinCollectorOutput_Ref()","DolocTown.Config.Resource.ResinCollectorOutputInfo","","public","False","False","False","False","True","7","0x06007397"
"DolocTown.Config.Plant.TreeSeedInfo","set_ResinCollectorOutput_Ref","System.Void DolocTown.Config.Plant.TreeSeedInfo::set_ResinCollectorOutput_Ref(DolocTown.Config.Resource.ResinCollectorOutputInfo)","System.Void","DolocTown.Config.Resource.ResinCollectorOutputInfo value","private","False","False","False","False","True","8","0x06007398"
"DolocTown.Config.Plant.TreeSeedInfo","GetTypeId","System.Int32 DolocTown.Config.Plant.TreeSeedInfo::GetTypeId()","System.Int32","","public","False","True","False","False","True","6","0x06007399"
"DolocTown.Config.Plant.TreeSeedInfo","Resolve","System.Void DolocTown.Config.Plant.TreeSeedInfo::Resolve(System.Collections.Generic.Dictionary`2<System.String,System.Object>)","System.Void","System.Collections.Generic.Dictionary`2<System.String,System.Object> _tables","public","False","False","False","False","True","103","0x0600739A"
"DolocTown.Config.Plant.TreeSeedInfo","TranslateText","System.Void DolocTown.Config.Plant.TreeSeedInfo::TranslateText(System.Func`3<System.String,System.String,System.String>)","System.Void","System.Func`3<System.String,System.String,System.String> translator","public","False","False","False","False","True","61","0x0600739B"
"DolocTown.Config.Plant.TreeSeedInfo","ToString","System.String DolocTown.Config.Plant.TreeSeedInfo::ToString()","System.String","","public","False","True","False","False","True","140","0x0600739C"
"DolocTown.Config.Plant.TreeSeedInfo","get_MaxLevel","System.Int32 DolocTown.Config.Plant.TreeSeedInfo::get_MaxLevel()","System.Int32","","public","False","False","False","False","True","11","0x0600739D"
"DolocTown.Config.Plant.TreeSeedInfo","GetLevelData","DolocTown.Config.Resource.ResourceLevelData DolocTown.Config.Plant.TreeSeedInfo::GetLevelData(System.Int32)","DolocTown.Config.Resource.ResourceLevelData","System.Int32 level","public","False","False","False","False","True","55","0x0600739E"
"DolocTown.Config.Plant.TreeSeedInfo","RandomSkinIndex","System.Int32 DolocTown.Config.Plant.TreeSeedInfo::RandomSkinIndex(System.Int32)","System.Int32","System.Int32 randomSeed","public","False","False","False","False","True","29","0x0600739F"
"DolocTown.Config.Plant.TreeSeedInfo","GetRandomMaxGrowthValues","System.Int32[] DolocTown.Config.Plant.TreeSeedInfo::GetRandomMaxGrowthValues(System.Int32)","System.Int32[]","System.Int32 randomSeed","public","False","False","False","False","True","79","0x060073A0"
"DolocTown.Config.Plant.TreeSeedInfo","ValidateSkinIdx","System.Int32 DolocTown.Config.Plant.TreeSeedInfo::ValidateSkinIdx(System.Int32)","System.Int32","System.Int32 skinIdx","public","False","False","False","False","True","26","0x060073A1"
"DolocTown.Config.Mission.ItemGeneConditionInfo","get_GeneFilter_Ref","DolocTown.Config.Plant.CropGeneInfo[] DolocTown.Config.Mission.ItemGeneConditionInfo::get_GeneFilter_Ref()","DolocTown.Config.Plant.CropGeneInfo[]","","public","False","False","False","False","True","7","0x06007619"
"DolocTown.Config.Mission.ItemGeneConditionInfo","set_GeneFilter_Ref","System.Void DolocTown.Config.Mission.ItemGeneConditionInfo::set_GeneFilter_Ref(DolocTown.Config.Plant.CropGeneInfo[])","System.Void","DolocTown.Config.Plant.CropGeneInfo[] value","private","False","False","False","False","True","8","0x0600761A"
"DolocTown.Config.Localization.StaticTextInfo","get_UiUnlockSeed","System.String DolocTown.Config.Localization.StaticTextInfo::get_UiUnlockSeed()","System.String","","public","False","False","False","False","True","7","0x060077E6"
"DolocTown.Config.Localization.StaticTextInfo","set_UiUnlockSeed","System.Void DolocTown.Config.Localization.StaticTextInfo::set_UiUnlockSeed(System.String)","System.Void","System.String value","private","False","False","False","False","True","8","0x060077E7"
"DolocTown.Config.Localization.StaticTextInfo","get_UiUnlockSeed_l10n_key","System.String DolocTown.Config.Localization.StaticTextInfo::get_UiUnlockSeed_l10n_key()","System.String","","public","False","False","False","False","True","7","0x060077E8"
"DolocTown.Config.Localization.StaticTextInfo","get_UiTipPlantErr","System.String DolocTown.Config.Localization.StaticTextInfo::get_UiTipPlantErr()","System.String","","public","False","False","False","False","True","7","0x0600780A"
"DolocTown.Config.Localization.StaticTextInfo","set_UiTipPlantErr","System.Void DolocTown.Config.Localization.StaticTextInfo::set_UiTipPlantErr(System.String)","System.Void","System.String value","private","False","False","False","False","True","8","0x0600780B"
"DolocTown.Config.Localization.StaticTextInfo","get_UiTipPlantErr_l10n_key","System.String DolocTown.Config.Localization.StaticTextInfo::get_UiTipPlantErr_l10n_key()","System.String","","public","False","False","False","False","True","7","0x0600780C"
"DolocTown.Config.Localization.StaticTextInfo","get_UiTipUnlockSeed","System.String DolocTown.Config.Localization.StaticTextInfo::get_UiTipUnlockSeed()","System.String","","public","False","False","False","False","True","7","0x06007870"
"DolocTown.Config.Localization.StaticTextInfo","set_UiTipUnlockSeed","System.Void DolocTown.Config.Localization.StaticTextInfo::set_UiTipUnlockSeed(System.String)","System.Void","System.String value","private","False","False","False","False","True","8","0x06007871"
"DolocTown.Config.Localization.StaticTextInfo","get_UiTipUnlockSeed_l10n_key","System.String DolocTown.Config.Localization.StaticTextInfo::get_UiTipUnlockSeed_l10n_key()","System.String","","public","False","False","False","False","True","7","0x06007872"
"DolocTown.Config.Localization.StaticTextInfo","get_UiOperationHarvest","System.String DolocTown.Config.Localization.StaticTextInfo::get_UiOperationHarvest()","System.String","","public","False","False","False","False","True","7","0x0600794E"
"DolocTown.Config.Localization.StaticTextInfo","set_UiOperationHarvest","System.Void DolocTown.Config.Localization.StaticTextInfo::set_UiOperationHarvest(System.String)","System.Void","System.String value","private","False","False","False","False","True","8","0x0600794F"
"DolocTown.Config.Localization.StaticTextInfo","get_UiOperationHarvest_l10n_key","System.String DolocTown.Config.Localization.StaticTextInfo::get_UiOperationHarvest_l10n_key()","System.String","","public","False","False","False","False","True","7","0x06007950"
"DolocTown.Config.Localization.StaticTextInfo","get_UiOperationErrNotSeed","System.String DolocTown.Config.Localization.StaticTextInfo::get_UiOperationErrNotSeed()","System.String","","public","False","False","False","False","True","7","0x0600799C"
"DolocTown.Config.Localization.StaticTextInfo","set_UiOperationErrNotSeed","System.Void DolocTown.Config.Localization.StaticTextInfo::set_UiOperationErrNotSeed(System.String)","System.Void","System.String value","private","False","False","False","False","True","8","0x0600799D"
"DolocTown.Config.Localization.StaticTextInfo","get_UiOperationErrNotSeed_l10n_key","System.String DolocTown.Config.Localization.StaticTextInfo::get_UiOperationErrNotSeed_l10n_key()","System.String","","public","False","False","False","False","True","7","0x0600799E"
"DolocTown.Config.Localization.StaticTextInfo","get_UiOperationErrInvalidPlantbasin","System.String DolocTown.Config.Localization.StaticTextInfo::get_UiOperationErrInvalidPlantbasin()","System.String","","public","False","False","False","False","True","7","0x0600799F"
"DolocTown.Config.Localization.StaticTextInfo","set_UiOperationErrInvalidPlantbasin","System.Void DolocTown.Config.Localization.StaticTextInfo::set_UiOperationErrInvalidPlantbasin(System.String)","System.Void","System.String value","private","False","False","False","False","True","8","0x060079A0"
"DolocTown.Config.Localization.StaticTextInfo","get_UiOperationErrInvalidPlantbasin_l10n_key","System.String DolocTown.Config.Localization.StaticTextInfo::get_UiOperationErrInvalidPlantbasin_l10n_key()","System.String","","public","False","False","False","False","True","7","0x060079A1"
"DolocTown.Config.Localization.StaticTextInfo","get_UiOperationErrCannotPlantTree","System.String DolocTown.Config.Localization.StaticTextInfo::get_UiOperationErrCannotPlantTree()","System.String","","public","False","False","False","False","True","7","0x060079AB"
"DolocTown.Config.Localization.StaticTextInfo","set_UiOperationErrCannotPlantTree","System.Void DolocTown.Config.Localization.StaticTextInfo::set_UiOperationErrCannotPlantTree(System.String)","System.Void","System.String value","private","False","False","False","False","True","8","0x060079AC"
"DolocTown.Config.Localization.StaticTextInfo","get_UiOperationErrCannotPlantTree_l10n_key","System.String DolocTown.Config.Localization.StaticTextInfo::get_UiOperationErrCannotPlantTree_l10n_key()","System.String","","public","False","False","False","False","True","7","0x060079AD"
"DolocTown.Config.Localization.StaticTextInfo","get_UiOperationErrCannotPlantOnGround","System.String DolocTown.Config.Localization.StaticTextInfo::get_UiOperationErrCannotPlantOnGround()","System.String","","public","False","False","False","False","True","7","0x060079AE"
"DolocTown.Config.Localization.StaticTextInfo","set_UiOperationErrCannotPlantOnGround","System.Void DolocTown.Config.Localization.StaticTextInfo::set_UiOperationErrCannotPlantOnGround(System.String)","System.Void","System.String value","private","False","False","False","False","True","8","0x060079AF"
"DolocTown.Config.Localization.StaticTextInfo","get_UiOperationErrCannotPlantOnGround_l10n_key","System.String DolocTown.Config.Localization.StaticTextInfo::get_UiOperationErrCannotPlantOnGround_l10n_key()","System.String","","public","False","False","False","False","True","7","0x060079B0"
"DolocTown.Config.Localization.StaticTextInfo","get_UiOperationErrNoPlantBasin","System.String DolocTown.Config.Localization.StaticTextInfo::get_UiOperationErrNoPlantBasin()","System.String","","public","False","False","False","False","True","7","0x06007A1A"
"DolocTown.Config.Localization.StaticTextInfo","set_UiOperationErrNoPlantBasin","System.Void DolocTown.Config.Localization.StaticTextInfo::set_UiOperationErrNoPlantBasin(System.String)","System.Void","System.String value","private","False","False","False","False","True","8","0x06007A1B"
"DolocTown.Config.Localization.StaticTextInfo","get_UiOperationErrNoPlantBasin_l10n_key","System.String DolocTown.Config.Localization.StaticTextInfo::get_UiOperationErrNoPlantBasin_l10n_key()","System.String","","public","False","False","False","False","True","7","0x06007A1C"
"DolocTown.Config.Localization.StaticTextInfo","get_StoreItemTipPlantbasinLocked","System.String DolocTown.Config.Localization.StaticTextInfo::get_StoreItemTipPlantbasinLocked()","System.String","","public","False","False","False","False","True","7","0x06007A62"
"DolocTown.Config.Localization.StaticTextInfo","set_StoreItemTipPlantbasinLocked","System.Void DolocTown.Config.Localization.StaticTextInfo::set_StoreItemTipPlantbasinLocked(System.String)","System.Void","System.String value","private","False","False","False","False","True","8","0x06007A63"
"DolocTown.Config.Localization.StaticTextInfo","get_StoreItemTipPlantbasinLocked_l10n_key","System.String DolocTown.Config.Localization.StaticTextInfo::get_StoreItemTipPlantbasinLocked_l10n_key()","System.String","","public","False","False","False","False","True","7","0x06007A64"
"DolocTown.Config.Localization.StaticTextInfo","get_FarmbuilderErrPlantbasinTreeOccupied","System.String DolocTown.Config.Localization.StaticTextInfo::get_FarmbuilderErrPlantbasinTreeOccupied()","System.String","","public","False","False","False","False","True","7","0x06007A86"
"DolocTown.Config.Localization.StaticTextInfo","set_FarmbuilderErrPlantbasinTreeOccupied","System.Void DolocTown.Config.Localization.StaticTextInfo::set_FarmbuilderErrPlantbasinTreeOccupied(System.String)","System.Void","System.String value","private","False","False","False","False","True","8","0x06007A87"
"DolocTown.Config.Localization.StaticTextInfo","get_FarmbuilderErrPlantbasinTreeOccupied_l10n_key","System.String DolocTown.Config.Localization.StaticTextInfo::get_FarmbuilderErrPlantbasinTreeOccupied_l10n_key()","System.String","","public","False","False","False","False","True","7","0x06007A88"
"DolocTown.Config.Localization.StaticTextInfo","get_SeedPanelTitle","System.String DolocTown.Config.Localization.StaticTextInfo::get_SeedPanelTitle()","System.String","","public","False","False","False","False","True","7","0x06007AFE"
"DolocTown.Config.Localization.StaticTextInfo","set_SeedPanelTitle","System.Void DolocTown.Config.Localization.StaticTextInfo::set_SeedPanelTitle(System.String)","System.Void","System.String value","private","False","False","False","False","True","8","0x06007AFF"
"DolocTown.Config.Localization.StaticTextInfo","get_SeedPanelTitle_l10n_key","System.String DolocTown.Config.Localization.StaticTextInfo::get_SeedPanelTitle_l10n_key()","System.String","","public","False","False","False","False","True","7","0x06007B00"
"DolocTown.Config.Localization.StaticTextInfo","get_SeedNodeAlreadyUnlock","System.String DolocTown.Config.Localization.StaticTextInfo::get_SeedNodeAlreadyUnlock()","System.String","","public","False","False","False","False","True","7","0x06007B01"
"DolocTown.Config.Localization.StaticTextInfo","set_SeedNodeAlreadyUnlock","System.Void DolocTown.Config.Localization.StaticTextInfo::set_SeedNodeAlreadyUnlock(System.String)","System.Void","System.String value","private","False","False","False","False","True","8","0x06007B02"
"DolocTown.Config.Localization.StaticTextInfo","get_SeedNodeAlreadyUnlock_l10n_key","System.String DolocTown.Config.Localization.StaticTextInfo::get_SeedNodeAlreadyUnlock_l10n_key()","System.String","","public","False","False","False","False","True","7","0x06007B03"
"DolocTown.Config.Localization.StaticTextInfo","get_SeedNodeSucceedUnlock","System.String DolocTown.Config.Localization.StaticTextInfo::get_SeedNodeSucceedUnlock()","System.String","","public","False","False","False","False","True","7","0x06007B04"
"DolocTown.Config.Localization.StaticTextInfo","set_SeedNodeSucceedUnlock","System.Void DolocTown.Config.Localization.StaticTextInfo::set_SeedNodeSucceedUnlock(System.String)","System.Void","System.String value","private","False","False","False","False","True","8","0x06007B05"
"DolocTown.Config.Localization.StaticTextInfo","get_SeedNodeSucceedUnlock_l10n_key","System.String DolocTown.Config.Localization.StaticTextInfo::get_SeedNodeSucceedUnlock_l10n_key()","System.String","","public","False","False","False","False","True","7","0x06007B06"
"DolocTown.Config.Localization.StaticTextInfo","get_ItemSeedCloned","System.String DolocTown.Config.Localization.StaticTextInfo::get_ItemSeedCloned()","System.String","","public","False","False","False","False","True","7","0x06007C03"
"DolocTown.Config.Localization.StaticTextInfo","set_ItemSeedCloned","System.Void DolocTown.Config.Localization.StaticTextInfo::set_ItemSeedCloned(System.String)","System.Void","System.String value","private","False","False","False","False","True","8","0x06007C04"
"DolocTown.Config.Localization.StaticTextInfo","get_ItemSeedCloned_l10n_key","System.String DolocTown.Config.Localization.StaticTextInfo::get_ItemSeedCloned_l10n_key()","System.String","","public","False","False","False","False","True","7","0x06007C05"
"DolocTown.Config.Localization.StaticTextInfo","get_UiTipSeedEnd","System.String DolocTown.Config.Localization.StaticTextInfo::get_UiTipSeedEnd()","System.String","","public","False","False","False","False","True","7","0x06007D3E"
"DolocTown.Config.Localization.StaticTextInfo","set_UiTipSeedEnd","System.Void DolocTown.Config.Localization.StaticTextInfo::set_UiTipSeedEnd(System.String)","System.Void","System.String value","private","False","False","False","False","True","8","0x06007D3F"
"DolocTown.Config.Localization.StaticTextInfo","get_UiTipSeedEnd_l10n_key","System.String DolocTown.Config.Localization.StaticTextInfo::get_UiTipSeedEnd_l10n_key()","System.String","","public","False","False","False","False","True","7","0x06007D40"
"DolocTown.Config.Localization.StaticTextInfo","get_PlantDocumentTitle","System.String DolocTown.Config.Localization.StaticTextInfo::get_PlantDocumentTitle()","System.String","","public","False","False","False","False","True","7","0x06007D4D"
"DolocTown.Config.Localization.StaticTextInfo","set_PlantDocumentTitle","System.Void DolocTown.Config.Localization.StaticTextInfo::set_PlantDocumentTitle(System.String)","System.Void","System.String value","private","False","False","False","False","True","8","0x06007D4E"
"DolocTown.Config.Localization.StaticTextInfo","get_PlantDocumentTitle_l10n_key","System.String DolocTown.Config.Localization.StaticTextInfo::get_PlantDocumentTitle_l10n_key()","System.String","","public","False","False","False","False","True","7","0x06007D4F"
"DolocTown.Config.Localization.StaticTextInfo","get_CollectionPanelResourceGrowthPeriod","System.String DolocTown.Config.Localization.StaticTextInfo::get_CollectionPanelResourceGrowthPeriod()","System.String","","public","False","False","False","False","True","7","0x06007ECA"
"DolocTown.Config.Localization.StaticTextInfo","set_CollectionPanelResourceGrowthPeriod","System.Void DolocTown.Config.Localization.StaticTextInfo::set_CollectionPanelResourceGrowthPeriod(System.String)","System.Void","System.String value","private","False","False","False","False","True","8","0x06007ECB"
"DolocTown.Config.Localization.StaticTextInfo","get_CollectionPanelResourceGrowthPeriod_l10n_key","System.String DolocTown.Config.Localization.StaticTextInfo::get_CollectionPanelResourceGrowthPeriod_l10n_key()","System.String","","public","False","False","False","False","True","7","0x06007ECC"
"DolocTown.Config.Localization.StaticTextInfo","get_CollectionPanelResourceYearRoundGrowth","System.String DolocTown.Config.Localization.StaticTextInfo::get_CollectionPanelResourceYearRoundGrowth()","System.String","","public","False","False","False","False","True","7","0x06007ECD"
"DolocTown.Config.Localization.StaticTextInfo","set_CollectionPanelResourceYearRoundGrowth","System.Void DolocTown.Config.Localization.StaticTextInfo::set_CollectionPanelResourceYearRoundGrowth(System.String)","System.Void","System.String value","private","False","False","False","False","True","8","0x06007ECE"
"DolocTown.Config.Localization.StaticTextInfo","get_CollectionPanelResourceYearRoundGrowth_l10n_key","System.String DolocTown.Config.Localization.StaticTextInfo::get_CollectionPanelResourceYearRoundGrowth_l10n_key()","System.String","","public","False","False","False","False","True","7","0x06007ECF"
"DolocTown.Config.Localization.StaticTextInfo","get_UiCropInfoGrowthLevel","System.String DolocTown.Config.Localization.StaticTextInfo::get_UiCropInfoGrowthLevel()","System.String","","public","False","False","False","False","True","7","0x06007F9C"
"DolocTown.Config.Localization.StaticTextInfo","set_UiCropInfoGrowthLevel","System.Void DolocTown.Config.Localization.StaticTextInfo::set_UiCropInfoGrowthLevel(System.String)","System.Void","System.String value","private","False","False","False","False","True","8","0x06007F9D"
"DolocTown.Config.Localization.StaticTextInfo","get_UiCropInfoGrowthLevel_l10n_key","System.String DolocTown.Config.Localization.StaticTextInfo::get_UiCropInfoGrowthLevel_l10n_key()","System.String","","public","False","False","False","False","True","7","0x06007F9E"
"DolocTown.Config.Localization.StaticTextInfo","get_UiCropInfoHarvestCount","System.String DolocTown.Config.Localization.StaticTextInfo::get_UiCropInfoHarvestCount()","System.String","","public","False","False","False","False","True","7","0x06007F9F"
"DolocTown.Config.Localization.StaticTextInfo","set_UiCropInfoHarvestCount","System.Void DolocTown.Config.Localization.StaticTextInfo::set_UiCropInfoHarvestCount(System.String)","System.Void","System.String value","private","False","False","False","False","True","8","0x06007FA0"
"DolocTown.Config.Localization.StaticTextInfo","get_UiCropInfoHarvestCount_l10n_key","System.String DolocTown.Config.Localization.StaticTextInfo::get_UiCropInfoHarvestCount_l10n_key()","System.String","","public","False","False","False","False","True","7","0x06007FA1"
"DolocTown.Config.Localization.TbStaticText","get_UiUnlockSeed","System.String DolocTown.Config.Localization.TbStaticText::get_UiUnlockSeed()","System.String","","public","False","False","False","False","True","12","0x0600808C"
"DolocTown.Config.Localization.TbStaticText","get_UiTipPlantErr","System.String DolocTown.Config.Localization.TbStaticText::get_UiTipPlantErr()","System.String","","public","False","False","False","False","True","12","0x06008098"
"DolocTown.Config.Localization.TbStaticText","get_UiTipUnlockSeed","System.String DolocTown.Config.Localization.TbStaticText::get_UiTipUnlockSeed()","System.String","","public","False","False","False","False","True","12","0x060080BA"
"DolocTown.Config.Localization.TbStaticText","get_UiOperationHarvest","System.String DolocTown.Config.Localization.TbStaticText::get_UiOperationHarvest()","System.String","","public","False","False","False","False","True","12","0x06008104"
"DolocTown.Config.Localization.TbStaticText","get_UiOperationErrNotSeed","System.String DolocTown.Config.Localization.TbStaticText::get_UiOperationErrNotSeed()","System.String","","public","False","False","False","False","True","12","0x0600811E"
"DolocTown.Config.Localization.TbStaticText","get_UiOperationErrInvalidPlantbasin","System.String DolocTown.Config.Localization.TbStaticText::get_UiOperationErrInvalidPlantbasin()","System.String","","public","False","False","False","False","True","12","0x0600811F"
"DolocTown.Config.Localization.TbStaticText","get_UiOperationErrCannotPlantTree","System.String DolocTown.Config.Localization.TbStaticText::get_UiOperationErrCannotPlantTree()","System.String","","public","False","False","False","False","True","12","0x06008123"
"DolocTown.Config.Localization.TbStaticText","get_UiOperationErrCannotPlantOnGround","System.String DolocTown.Config.Localization.TbStaticText::get_UiOperationErrCannotPlantOnGround()","System.String","","public","False","False","False","False","True","12","0x06008124"
"DolocTown.Config.Localization.TbStaticText","get_UiOperationErrNoPlantBasin","System.String DolocTown.Config.Localization.TbStaticText::get_UiOperationErrNoPlantBasin()","System.String","","public","False","False","False","False","True","12","0x06008148"
"DolocTown.Config.Localization.TbStaticText","get_StoreItemTipPlantbasinLocked","System.String DolocTown.Config.Localization.TbStaticText::get_StoreItemTipPlantbasinLocked()","System.String","","public","False","False","False","False","True","12","0x06008160"
"DolocTown.Config.Localization.TbStaticText","get_FarmbuilderErrPlantbasinTreeOccupied","System.String DolocTown.Config.Localization.TbStaticText::get_FarmbuilderErrPlantbasinTreeOccupied()","System.String","","public","False","False","False","False","True","12","0x0600816C"
"DolocTown.Config.Localization.TbStaticText","get_SeedPanelTitle","System.String DolocTown.Config.Localization.TbStaticText::get_SeedPanelTitle()","System.String","","public","False","False","False","False","True","12","0x06008194"
"DolocTown.Config.Localization.TbStaticText","get_SeedNodeAlreadyUnlock","System.String DolocTown.Config.Localization.TbStaticText::get_SeedNodeAlreadyUnlock()","System.String","","public","False","False","False","False","True","12","0x06008195"
"DolocTown.Config.Localization.TbStaticText","get_SeedNodeSucceedUnlock","System.String DolocTown.Config.Localization.TbStaticText::get_SeedNodeSucceedUnlock()","System.String","","public","False","False","False","False","True","12","0x06008196"
"DolocTown.Config.Localization.TbStaticText","get_ItemSeedCloned","System.String DolocTown.Config.Localization.TbStaticText::get_ItemSeedCloned()","System.String","","public","False","False","False","False","True","12","0x060081EB"
"DolocTown.Config.Localization.TbStaticText","get_UiTipSeedEnd","System.String DolocTown.Config.Localization.TbStaticText::get_UiTipSeedEnd()","System.String","","public","False","False","False","False","True","12","0x06008254"
"DolocTown.Config.Localization.TbStaticText","get_PlantDocumentTitle","System.String DolocTown.Config.Localization.TbStaticText::get_PlantDocumentTitle()","System.String","","public","False","False","False","False","True","12","0x06008259"
"DolocTown.Config.Localization.TbStaticText","get_CollectionPanelResourceGrowthPeriod","System.String DolocTown.Config.Localization.TbStaticText::get_CollectionPanelResourceGrowthPeriod()","System.String","","public","False","False","False","False","True","12","0x060082D8"
"DolocTown.Config.Localization.TbStaticText","get_CollectionPanelResourceYearRoundGrowth","System.String DolocTown.Config.Localization.TbStaticText::get_CollectionPanelResourceYearRoundGrowth()","System.String","","public","False","False","False","False","True","12","0x060082D9"
"DolocTown.Config.Localization.TbStaticText","get_UiCropInfoGrowthLevel","System.String DolocTown.Config.Localization.TbStaticText::get_UiCropInfoGrowthLevel()","System.String","","public","False","False","False","False","True","12","0x0600831E"
"DolocTown.Config.Localization.TbStaticText","get_UiCropInfoHarvestCount","System.String DolocTown.Config.Localization.TbStaticText::get_UiCropInfoHarvestCount()","System.String","","public","False","False","False","False","True","12","0x0600831F"
"DolocTown.Config.Item.ItemFunctionCrop",".ctor","System.Void DolocTown.Config.Item.ItemFunctionCrop::.ctor(SimpleJSON.JSONNode)","System.Void","SimpleJSON.JSONNode _json","public","False","False","False","True","True","100","0x0600854D"
"DolocTown.Config.Item.ItemFunctionCrop",".ctor","System.Void DolocTown.Config.Item.ItemFunctionCrop::.ctor(System.String,System.String)","System.Void","System.String seed_item; System.String eating_effect","public","False","False","False","True","True","21","0x0600854E"
"DolocTown.Config.Item.ItemFunctionCrop","DeserializeItemFunctionCrop","DolocTown.Config.Item.ItemFunctionCrop DolocTown.Config.Item.ItemFunctionCrop::DeserializeItemFunctionCrop(SimpleJSON.JSONNode)","DolocTown.Config.Item.ItemFunctionCrop","SimpleJSON.JSONNode _json","public","True","False","False","False","True","7","0x0600854F"
"DolocTown.Config.Item.ItemFunctionCrop","get_SeedItem","System.String DolocTown.Config.Item.ItemFunctionCrop::get_SeedItem()","System.String","","public","False","False","False","False","True","7","0x06008550"
"DolocTown.Config.Item.ItemFunctionCrop","set_SeedItem","System.Void DolocTown.Config.Item.ItemFunctionCrop::set_SeedItem(System.String)","System.Void","System.String value","private","False","False","False","False","True","8","0x06008551"
"DolocTown.Config.Item.ItemFunctionCrop","get_SeedItem_Ref","DolocTown.Config.Item.ItemInfo DolocTown.Config.Item.ItemFunctionCrop::get_SeedItem_Ref()","DolocTown.Config.Item.ItemInfo","","public","False","False","False","False","True","7","0x06008552"
"DolocTown.Config.Item.ItemFunctionCrop","set_SeedItem_Ref","System.Void DolocTown.Config.Item.ItemFunctionCrop::set_SeedItem_Ref(DolocTown.Config.Item.ItemInfo)","System.Void","DolocTown.Config.Item.ItemInfo value","private","False","False","False","False","True","8","0x06008553"
"DolocTown.Config.Item.ItemFunctionCrop","get_EatingEffect","System.String DolocTown.Config.Item.ItemFunctionCrop::get_EatingEffect()","System.String","","public","False","False","False","False","True","7","0x06008554"
"DolocTown.Config.Item.ItemFunctionCrop","set_EatingEffect","System.Void DolocTown.Config.Item.ItemFunctionCrop::set_EatingEffect(System.String)","System.Void","System.String value","private","False","False","False","False","True","8","0x06008555"
"DolocTown.Config.Item.ItemFunctionCrop","get_EatingEffect_Ref","DolocTown.Config.Item.EatingEffectInfo DolocTown.Config.Item.ItemFunctionCrop::get_EatingEffect_Ref()","DolocTown.Config.Item.EatingEffectInfo","","public","False","False","False","False","True","7","0x06008556"
"DolocTown.Config.Item.ItemFunctionCrop","set_EatingEffect_Ref","System.Void DolocTown.Config.Item.ItemFunctionCrop::set_EatingEffect_Ref(DolocTown.Config.Item.EatingEffectInfo)","System.Void","DolocTown.Config.Item.EatingEffectInfo value","private","False","False","False","False","True","8","0x06008557"
"DolocTown.Config.Item.ItemFunctionCrop","GetTypeId","System.Int32 DolocTown.Config.Item.ItemFunctionCrop::GetTypeId()","System.Int32","","public","False","True","False","False","True","6","0x06008558"
"DolocTown.Config.Item.ItemFunctionCrop","Resolve","System.Void DolocTown.Config.Item.ItemFunctionCrop::Resolve(System.Collections.Generic.Dictionary`2<System.String,System.Object>)","System.Void","System.Collections.Generic.Dictionary`2<System.String,System.Object> _tables","public","False","True","False","False","True","74","0x06008559"
"DolocTown.Config.Item.ItemFunctionCrop","TranslateText","System.Void DolocTown.Config.Item.ItemFunctionCrop::TranslateText(System.Func`3<System.String,System.String,System.String>)","System.Void","System.Func`3<System.String,System.String,System.String> translator","public","False","True","False","False","True","8","0x0600855A"
"DolocTown.Config.Item.ItemFunctionCrop","ToString","System.String DolocTown.Config.Item.ItemFunctionCrop::ToString()","System.String","","public","False","True","False","False","True","54","0x0600855B"
"DolocTown.Config.Item.ItemFunctionGeneCapsule","get_Genes_Ref","DolocTown.Config.Plant.CropGeneInfo[] DolocTown.Config.Item.ItemFunctionGeneCapsule::get_Genes_Ref()","DolocTown.Config.Plant.CropGeneInfo[]","","public","False","False","False","False","True","7","0x060085FB"
"DolocTown.Config.Item.ItemFunctionGeneCapsule","set_Genes_Ref","System.Void DolocTown.Config.Item.ItemFunctionGeneCapsule::set_Genes_Ref(DolocTown.Config.Plant.CropGeneInfo[])","System.Void","DolocTown.Config.Plant.CropGeneInfo[] value","private","False","False","False","False","True","8","0x060085FC"
"DolocTown.Config.Item.ItemFunctionSeed",".ctor","System.Void DolocTown.Config.Item.ItemFunctionSeed::.ctor(SimpleJSON.JSONNode)","System.Void","SimpleJSON.JSONNode _json","public","False","False","False","True","True","54","0x06008683"
"DolocTown.Config.Item.ItemFunctionSeed",".ctor","System.Void DolocTown.Config.Item.ItemFunctionSeed::.ctor(System.String)","System.Void","System.String seed_id","public","False","False","False","True","True","14","0x06008684"
"DolocTown.Config.Item.ItemFunctionSeed","DeserializeItemFunctionSeed","DolocTown.Config.Item.ItemFunctionSeed DolocTown.Config.Item.ItemFunctionSeed::DeserializeItemFunctionSeed(SimpleJSON.JSONNode)","DolocTown.Config.Item.ItemFunctionSeed","SimpleJSON.JSONNode _json","public","True","False","False","False","True","7","0x06008685"
"DolocTown.Config.Item.ItemFunctionSeed","get_SeedId","System.String DolocTown.Config.Item.ItemFunctionSeed::get_SeedId()","System.String","","public","False","False","False","False","True","7","0x06008686"
"DolocTown.Config.Item.ItemFunctionSeed","set_SeedId","System.Void DolocTown.Config.Item.ItemFunctionSeed::set_SeedId(System.String)","System.Void","System.String value","private","False","False","False","False","True","8","0x06008687"
"DolocTown.Config.Item.ItemFunctionSeed","get_SeedId_Ref","DolocTown.Config.Plant.SeedInfo DolocTown.Config.Item.ItemFunctionSeed::get_SeedId_Ref()","DolocTown.Config.Plant.SeedInfo","","public","False","False","False","False","True","7","0x06008688"
"DolocTown.Config.Item.ItemFunctionSeed","set_SeedId_Ref","System.Void DolocTown.Config.Item.ItemFunctionSeed::set_SeedId_Ref(DolocTown.Config.Plant.SeedInfo)","System.Void","DolocTown.Config.Plant.SeedInfo value","private","False","False","False","False","True","8","0x06008689"
"DolocTown.Config.Item.ItemFunctionSeed","GetTypeId","System.Int32 DolocTown.Config.Item.ItemFunctionSeed::GetTypeId()","System.Int32","","public","False","True","False","False","True","6","0x0600868A"
"DolocTown.Config.Item.ItemFunctionSeed","Resolve","System.Void DolocTown.Config.Item.ItemFunctionSeed::Resolve(System.Collections.Generic.Dictionary`2<System.String,System.Object>)","System.Void","System.Collections.Generic.Dictionary`2<System.String,System.Object> _tables","public","False","True","False","False","True","41","0x0600868B"
"DolocTown.Config.Item.ItemFunctionSeed","TranslateText","System.Void DolocTown.Config.Item.ItemFunctionSeed::TranslateText(System.Func`3<System.String,System.String,System.String>)","System.Void","System.Func`3<System.String,System.String,System.String> translator","public","False","True","False","False","True","8","0x0600868C"
"DolocTown.Config.Item.ItemFunctionSeed","ToString","System.String DolocTown.Config.Item.ItemFunctionSeed::ToString()","System.String","","public","False","True","False","False","True","22","0x0600868D"
"DolocTown.Config.Item.ItemFunctionSeedMaternal",".ctor","System.Void DolocTown.Config.Item.ItemFunctionSeedMaternal::.ctor(SimpleJSON.JSONNode)","System.Void","SimpleJSON.JSONNode _json","public","False","False","False","True","True","54","0x0600868E"
"DolocTown.Config.Item.ItemFunctionSeedMaternal",".ctor","System.Void DolocTown.Config.Item.ItemFunctionSeedMaternal::.ctor(System.String)","System.Void","System.String seed_item_id","public","False","False","False","True","True","14","0x0600868F"
"DolocTown.Config.Item.ItemFunctionSeedMaternal","DeserializeItemFunctionSeedMaternal","DolocTown.Config.Item.ItemFunctionSeedMaternal DolocTown.Config.Item.ItemFunctionSeedMaternal::DeserializeItemFunctionSeedMaternal(SimpleJSON.JSONNode)","DolocTown.Config.Item.ItemFunctionSeedMaternal","SimpleJSON.JSONNode _json","public","True","False","False","False","True","7","0x06008690"
"DolocTown.Config.Item.ItemFunctionSeedMaternal","get_SeedItemId","System.String DolocTown.Config.Item.ItemFunctionSeedMaternal::get_SeedItemId()","System.String","","public","False","False","False","False","True","7","0x06008691"
"DolocTown.Config.Item.ItemFunctionSeedMaternal","set_SeedItemId","System.Void DolocTown.Config.Item.ItemFunctionSeedMaternal::set_SeedItemId(System.String)","System.Void","System.String value","private","False","False","False","False","True","8","0x06008692"
"DolocTown.Config.Item.ItemFunctionSeedMaternal","get_SeedItemId_Ref","DolocTown.Config.Item.ItemInfo DolocTown.Config.Item.ItemFunctionSeedMaternal::get_SeedItemId_Ref()","DolocTown.Config.Item.ItemInfo","","public","False","False","False","False","True","7","0x06008693"
"DolocTown.Config.Item.ItemFunctionSeedMaternal","set_SeedItemId_Ref","System.Void DolocTown.Config.Item.ItemFunctionSeedMaternal::set_SeedItemId_Ref(DolocTown.Config.Item.ItemInfo)","System.Void","DolocTown.Config.Item.ItemInfo value","private","False","False","False","False","True","8","0x06008694"
"DolocTown.Config.Item.ItemFunctionSeedMaternal","GetTypeId","System.Int32 DolocTown.Config.Item.ItemFunctionSeedMaternal::GetTypeId()","System.Int32","","public","False","True","False","False","True","6","0x06008695"
"DolocTown.Config.Item.ItemFunctionSeedMaternal","Resolve","System.Void DolocTown.Config.Item.ItemFunctionSeedMaternal::Resolve(System.Collections.Generic.Dictionary`2<System.String,System.Object>)","System.Void","System.Collections.Generic.Dictionary`2<System.String,System.Object> _tables","public","False","True","False","False","True","41","0x06008696"
"DolocTown.Config.Item.ItemFunctionSeedMaternal","TranslateText","System.Void DolocTown.Config.Item.ItemFunctionSeedMaternal::TranslateText(System.Func`3<System.String,System.String,System.String>)","System.Void","System.Func`3<System.String,System.String,System.String> translator","public","False","True","False","False","True","8","0x06008697"
"DolocTown.Config.Item.ItemFunctionSeedMaternal","ToString","System.String DolocTown.Config.Item.ItemFunctionSeedMaternal::ToString()","System.String","","public","False","True","False","False","True","22","0x06008698"
"DolocTown.Config.Item.ItemFunctionSeedTree",".ctor","System.Void DolocTown.Config.Item.ItemFunctionSeedTree::.ctor(SimpleJSON.JSONNode)","System.Void","SimpleJSON.JSONNode _json","public","False","False","False","True","True","54","0x06008699"
"DolocTown.Config.Item.ItemFunctionSeedTree",".ctor","System.Void DolocTown.Config.Item.ItemFunctionSeedTree::.ctor(System.String)","System.Void","System.String tree_seed_id","public","False","False","False","True","True","14","0x0600869A"
"DolocTown.Config.Item.ItemFunctionSeedTree","DeserializeItemFunctionSeedTree","DolocTown.Config.Item.ItemFunctionSeedTree DolocTown.Config.Item.ItemFunctionSeedTree::DeserializeItemFunctionSeedTree(SimpleJSON.JSONNode)","DolocTown.Config.Item.ItemFunctionSeedTree","SimpleJSON.JSONNode _json","public","True","False","False","False","True","7","0x0600869B"
"DolocTown.Config.Item.ItemFunctionSeedTree","get_TreeSeedId","System.String DolocTown.Config.Item.ItemFunctionSeedTree::get_TreeSeedId()","System.String","","public","False","False","False","False","True","7","0x0600869C"
"DolocTown.Config.Item.ItemFunctionSeedTree","set_TreeSeedId","System.Void DolocTown.Config.Item.ItemFunctionSeedTree::set_TreeSeedId(System.String)","System.Void","System.String value","private","False","False","False","False","True","8","0x0600869D"
"DolocTown.Config.Item.ItemFunctionSeedTree","get_TreeSeedId_Ref","DolocTown.Config.Plant.TreeSeedInfo DolocTown.Config.Item.ItemFunctionSeedTree::get_TreeSeedId_Ref()","DolocTown.Config.Plant.TreeSeedInfo","","public","False","False","False","False","True","7","0x0600869E"
"DolocTown.Config.Item.ItemFunctionSeedTree","set_TreeSeedId_Ref","System.Void DolocTown.Config.Item.ItemFunctionSeedTree::set_TreeSeedId_Ref(DolocTown.Config.Plant.TreeSeedInfo)","System.Void","DolocTown.Config.Plant.TreeSeedInfo value","private","False","False","False","False","True","8","0x0600869F"
"DolocTown.Config.Item.ItemFunctionSeedTree","GetTypeId","System.Int32 DolocTown.Config.Item.ItemFunctionSeedTree::GetTypeId()","System.Int32","","public","False","True","False","False","True","6","0x060086A0"
"DolocTown.Config.Item.ItemFunctionSeedTree","Resolve","System.Void DolocTown.Config.Item.ItemFunctionSeedTree::Resolve(System.Collections.Generic.Dictionary`2<System.String,System.Object>)","System.Void","System.Collections.Generic.Dictionary`2<System.String,System.Object> _tables","public","False","True","False","False","True","41","0x060086A1"
"DolocTown.Config.Item.ItemFunctionSeedTree","TranslateText","System.Void DolocTown.Config.Item.ItemFunctionSeedTree::TranslateText(System.Func`3<System.String,System.String,System.String>)","System.Void","System.Func`3<System.String,System.String,System.String> translator","public","False","True","False","False","True","8","0x060086A2"
"DolocTown.Config.Item.ItemFunctionSeedTree","ToString","System.String DolocTown.Config.Item.ItemFunctionSeedTree::ToString()","System.String","","public","False","True","False","False","True","22","0x060086A3"
"DolocTown.Config.Fishing.FarmFishInfo","get_GrowDuration","System.Int32 DolocTown.Config.Fishing.FarmFishInfo::get_GrowDuration()","System.Int32","","public","False","False","False","False","True","7","0x060088D0"
"DolocTown.Config.Fishing.FarmFishInfo","set_GrowDuration","System.Void DolocTown.Config.Fishing.FarmFishInfo::set_GrowDuration(System.Int32)","System.Void","System.Int32 value","private","False","False","False","False","True","8","0x060088D1"
"DolocTown.Config.Equipment.EquipmentFuncCropTrafficLight",".ctor","System.Void DolocTown.Config.Equipment.EquipmentFuncCropTrafficLight::.ctor(SimpleJSON.JSONNode)","System.Void","SimpleJSON.JSONNode _json","public","False","False","False","True","True","59","0x06008AB7"
"DolocTown.Config.Equipment.EquipmentFuncCropTrafficLight",".ctor","System.Void DolocTown.Config.Equipment.EquipmentFuncCropTrafficLight::.ctor(DolocTown.SpriteAsset)","System.Void","DolocTown.SpriteAsset mask_sprite","public","False","False","False","True","True","14","0x06008AB8"
"DolocTown.Config.Equipment.EquipmentFuncCropTrafficLight","DeserializeEquipmentFuncCropTrafficLight","DolocTown.Config.Equipment.EquipmentFuncCropTrafficLight DolocTown.Config.Equipment.EquipmentFuncCropTrafficLight::DeserializeEquipmentFuncCropTrafficLight(SimpleJSON.JSONNode)","DolocTown.Config.Equipment.EquipmentFuncCropTrafficLight","SimpleJSON.JSONNode _json","public","True","False","False","False","True","7","0x06008AB9"
"DolocTown.Config.Equipment.EquipmentFuncCropTrafficLight","get_MaskSprite","DolocTown.SpriteAsset DolocTown.Config.Equipment.EquipmentFuncCropTrafficLight::get_MaskSprite()","DolocTown.SpriteAsset","","public","False","False","False","False","True","7","0x06008ABA"
"DolocTown.Config.Equipment.EquipmentFuncCropTrafficLight","set_MaskSprite","System.Void DolocTown.Config.Equipment.EquipmentFuncCropTrafficLight::set_MaskSprite(DolocTown.SpriteAsset)","System.Void","DolocTown.SpriteAsset value","private","False","False","False","False","True","8","0x06008ABB"
"DolocTown.Config.Equipment.EquipmentFuncCropTrafficLight","GetTypeId","System.Int32 DolocTown.Config.Equipment.EquipmentFuncCropTrafficLight::GetTypeId()","System.Int32","","public","False","True","False","False","True","6","0x06008ABC"
"DolocTown.Config.Equipment.EquipmentFuncCropTrafficLight","Resolve","System.Void DolocTown.Config.Equipment.EquipmentFuncCropTrafficLight::Resolve(System.Collections.Generic.Dictionary`2<System.String,System.Object>)","System.Void","System.Collections.Generic.Dictionary`2<System.String,System.Object> _tables","public","False","True","False","False","True","8","0x06008ABD"
"DolocTown.Config.Equipment.EquipmentFuncCropTrafficLight","TranslateText","System.Void DolocTown.Config.Equipment.EquipmentFuncCropTrafficLight::TranslateText(System.Func`3<System.String,System.String,System.String>)","System.Void","System.Func`3<System.String,System.String,System.String> translator","public","False","True","False","False","True","8","0x06008ABE"
"DolocTown.Config.Equipment.EquipmentFuncCropTrafficLight","ToString","System.String DolocTown.Config.Equipment.EquipmentFuncCropTrafficLight::ToString()","System.String","","public","False","True","False","False","True","34","0x06008ABF"
"DolocTown.Config.Equipment.EquipmentFuncPlantAnalyzer",".ctor","System.Void DolocTown.Config.Equipment.EquipmentFuncPlantAnalyzer::.ctor(SimpleJSON.JSONNode)","System.Void","SimpleJSON.JSONNode _json","public","False","False","False","True","True","8","0x06008C16"
"DolocTown.Config.Equipment.EquipmentFuncPlantAnalyzer",".ctor","System.Void DolocTown.Config.Equipment.EquipmentFuncPlantAnalyzer::.ctor(System.Int32,System.Int32)","System.Void","System.Int32 total_capacity; System.Int32 line_capacity","public","False","False","False","True","True","9","0x06008C17"
"DolocTown.Config.Equipment.EquipmentFuncPlantAnalyzer","DeserializeEquipmentFuncPlantAnalyzer","DolocTown.Config.Equipment.EquipmentFuncPlantAnalyzer DolocTown.Config.Equipment.EquipmentFuncPlantAnalyzer::DeserializeEquipmentFuncPlantAnalyzer(SimpleJSON.JSONNode)","DolocTown.Config.Equipment.EquipmentFuncPlantAnalyzer","SimpleJSON.JSONNode _json","public","True","False","False","False","True","7","0x06008C18"
"DolocTown.Config.Equipment.EquipmentFuncPlantAnalyzer","GetTypeId","System.Int32 DolocTown.Config.Equipment.EquipmentFuncPlantAnalyzer::GetTypeId()","System.Int32","","public","False","True","False","False","True","6","0x06008C19"
"DolocTown.Config.Equipment.EquipmentFuncPlantAnalyzer","Resolve","System.Void DolocTown.Config.Equipment.EquipmentFuncPlantAnalyzer::Resolve(System.Collections.Generic.Dictionary`2<System.String,System.Object>)","System.Void","System.Collections.Generic.Dictionary`2<System.String,System.Object> _tables","public","False","True","False","False","True","8","0x06008C1A"
"DolocTown.Config.Equipment.EquipmentFuncPlantAnalyzer","TranslateText","System.Void DolocTown.Config.Equipment.EquipmentFuncPlantAnalyzer::TranslateText(System.Func`3<System.String,System.String,System.String>)","System.Void","System.Func`3<System.String,System.String,System.String> translator","public","False","True","False","False","True","8","0x06008C1B"
"DolocTown.Config.Equipment.EquipmentFuncPlantAnalyzer","ToString","System.String DolocTown.Config.Equipment.EquipmentFuncPlantAnalyzer::ToString()","System.String","","public","False","True","False","False","True","70","0x06008C1C"
"DolocTown.Config.Equipment.EquipmentFuncPlantBasin",".ctor","System.Void DolocTown.Config.Equipment.EquipmentFuncPlantBasin::.ctor(SimpleJSON.JSONNode)","System.Void","SimpleJSON.JSONNode _json","public","False","False","False","True","True","8","0x06008C1D"
"DolocTown.Config.Equipment.EquipmentFuncPlantBasin",".ctor","System.Void DolocTown.Config.Equipment.EquipmentFuncPlantBasin::.ctor(System.String,UnityEngine.Vector2Int,UnityEngine.Vector2,DolocTown.SpriteAsset)","System.Void","System.String seed_type; UnityEngine.Vector2Int supply_capacity; UnityEngine.Vector2 center_offset; DolocTown.SpriteAsset sprite_wet_asset","public","False","False","False","True","True","12","0x06008C1E"
"DolocTown.Config.Equipment.EquipmentFuncPlantBasin","DeserializeEquipmentFuncPlantBasin","DolocTown.Config.Equipment.EquipmentFuncPlantBasin DolocTown.Config.Equipment.EquipmentFuncPlantBasin::DeserializeEquipmentFuncPlantBasin(SimpleJSON.JSONNode)","DolocTown.Config.Equipment.EquipmentFuncPlantBasin","SimpleJSON.JSONNode _json","public","True","False","False","False","True","7","0x06008C1F"
"DolocTown.Config.Equipment.EquipmentFuncPlantBasin","GetTypeId","System.Int32 DolocTown.Config.Equipment.EquipmentFuncPlantBasin::GetTypeId()","System.Int32","","public","False","True","False","False","True","6","0x06008C20"
"DolocTown.Config.Equipment.EquipmentFuncPlantBasin","Resolve","System.Void DolocTown.Config.Equipment.EquipmentFuncPlantBasin::Resolve(System.Collections.Generic.Dictionary`2<System.String,System.Object>)","System.Void","System.Collections.Generic.Dictionary`2<System.String,System.Object> _tables","public","False","True","False","False","True","8","0x06008C21"
"DolocTown.Config.Equipment.EquipmentFuncPlantBasin","TranslateText","System.Void DolocTown.Config.Equipment.EquipmentFuncPlantBasin::TranslateText(System.Func`3<System.String,System.String,System.String>)","System.Void","System.Func`3<System.String,System.String,System.String> translator","public","False","True","False","False","True","8","0x06008C22"
"DolocTown.Config.Equipment.EquipmentFuncPlantBasin","ToString","System.String DolocTown.Config.Equipment.EquipmentFuncPlantBasin::ToString()","System.String","","public","False","True","False","False","True","129","0x06008C23"
"DolocTown.Config.Equipment.EquipmentFuncPlantBasinBase",".ctor","System.Void DolocTown.Config.Equipment.EquipmentFuncPlantBasinBase::.ctor(SimpleJSON.JSONNode)","System.Void","SimpleJSON.JSONNode _json","public","False","False","False","True","True","275","0x06008C24"
"DolocTown.Config.Equipment.EquipmentFuncPlantBasinBase",".ctor","System.Void DolocTown.Config.Equipment.EquipmentFuncPlantBasinBase::.ctor(System.String,UnityEngine.Vector2Int,UnityEngine.Vector2,DolocTown.SpriteAsset)","System.Void","System.String seed_type; UnityEngine.Vector2Int supply_capacity; UnityEngine.Vector2 center_offset; DolocTown.SpriteAsset sprite_wet_asset","public","False","False","False","True","True","36","0x06008C25"
"DolocTown.Config.Equipment.EquipmentFuncPlantBasinBase","DeserializeEquipmentFuncPlantBasinBase","DolocTown.Config.Equipment.EquipmentFuncPlantBasinBase DolocTown.Config.Equipment.EquipmentFuncPlantBasinBase::DeserializeEquipmentFuncPlantBasinBase(SimpleJSON.JSONNode)","DolocTown.Config.Equipment.EquipmentFuncPlantBasinBase","SimpleJSON.JSONNode _json","public","True","False","False","False","True","65","0x06008C26"
"DolocTown.Config.Equipment.EquipmentFuncPlantBasinBase","get_SeedType","System.String DolocTown.Config.Equipment.EquipmentFuncPlantBasinBase::get_SeedType()","System.String","","public","False","False","False","False","True","7","0x06008C27"
"DolocTown.Config.Equipment.EquipmentFuncPlantBasinBase","set_SeedType","System.Void DolocTown.Config.Equipment.EquipmentFuncPlantBasinBase::set_SeedType(System.String)","System.Void","System.String value","private","False","False","False","False","True","8","0x06008C28"
"DolocTown.Config.Equipment.EquipmentFuncPlantBasinBase","get_SeedType_Ref","DolocTown.Config.Plant.SeedTypeInfo DolocTown.Config.Equipment.EquipmentFuncPlantBasinBase::get_SeedType_Ref()","DolocTown.Config.Plant.SeedTypeInfo","","public","False","False","False","False","True","7","0x06008C29"
"DolocTown.Config.Equipment.EquipmentFuncPlantBasinBase","set_SeedType_Ref","System.Void DolocTown.Config.Equipment.EquipmentFuncPlantBasinBase::set_SeedType_Ref(DolocTown.Config.Plant.SeedTypeInfo)","System.Void","DolocTown.Config.Plant.SeedTypeInfo value","private","False","False","False","False","True","8","0x06008C2A"
"DolocTown.Config.Equipment.EquipmentFuncPlantBasinBase","get_SupplyCapacity","UnityEngine.Vector2Int DolocTown.Config.Equipment.EquipmentFuncPlantBasinBase::get_SupplyCapacity()","UnityEngine.Vector2Int","","public","False","False","False","False","True","7","0x06008C2B"
"DolocTown.Config.Equipment.EquipmentFuncPlantBasinBase","set_SupplyCapacity","System.Void DolocTown.Config.Equipment.EquipmentFuncPlantBasinBase::set_SupplyCapacity(UnityEngine.Vector2Int)","System.Void","UnityEngine.Vector2Int value","private","False","False","False","False","True","8","0x06008C2C"
"DolocTown.Config.Equipment.EquipmentFuncPlantBasinBase","get_CenterOffset","UnityEngine.Vector2 DolocTown.Config.Equipment.EquipmentFuncPlantBasinBase::get_CenterOffset()","UnityEngine.Vector2","","public","False","False","False","False","True","7","0x06008C2D"
"DolocTown.Config.Equipment.EquipmentFuncPlantBasinBase","set_CenterOffset","System.Void DolocTown.Config.Equipment.EquipmentFuncPlantBasinBase::set_CenterOffset(UnityEngine.Vector2)","System.Void","UnityEngine.Vector2 value","private","False","False","False","False","True","8","0x06008C2E"
"DolocTown.Config.Equipment.EquipmentFuncPlantBasinBase","get_SpriteWetAsset","DolocTown.SpriteAsset DolocTown.Config.Equipment.EquipmentFuncPlantBasinBase::get_SpriteWetAsset()","DolocTown.SpriteAsset","","public","False","False","False","False","True","7","0x06008C2F"
"DolocTown.Config.Equipment.EquipmentFuncPlantBasinBase","set_SpriteWetAsset","System.Void DolocTown.Config.Equipment.EquipmentFuncPlantBasinBase::set_SpriteWetAsset(DolocTown.SpriteAsset)","System.Void","DolocTown.SpriteAsset value","private","False","False","False","False","True","8","0x06008C30"
"DolocTown.Config.Equipment.EquipmentFuncPlantBasinBase","Resolve","System.Void DolocTown.Config.Equipment.EquipmentFuncPlantBasinBase::Resolve(System.Collections.Generic.Dictionary`2<System.String,System.Object>)","System.Void","System.Collections.Generic.Dictionary`2<System.String,System.Object> _tables","public","False","True","False","False","True","41","0x06008C31"
"DolocTown.Config.Equipment.EquipmentFuncPlantBasinBase","TranslateText","System.Void DolocTown.Config.Equipment.EquipmentFuncPlantBasinBase::TranslateText(System.Func`3<System.String,System.String,System.String>)","System.Void","System.Func`3<System.String,System.String,System.String> translator","public","False","True","False","False","True","8","0x06008C32"
"DolocTown.Config.Equipment.EquipmentFuncPlantBasinBase","ToString","System.String DolocTown.Config.Equipment.EquipmentFuncPlantBasinBase::ToString()","System.String","","public","False","True","False","False","True","129","0x06008C33"
"DolocTown.Config.Equipment.EquipmentFuncPlantBasinGrass",".ctor","System.Void DolocTown.Config.Equipment.EquipmentFuncPlantBasinGrass::.ctor(SimpleJSON.JSONNode)","System.Void","SimpleJSON.JSONNode _json","public","False","False","False","True","True","192","0x06008C34"
"DolocTown.Config.Equipment.EquipmentFuncPlantBasinGrass",".ctor","System.Void DolocTown.Config.Equipment.EquipmentFuncPlantBasinGrass::.ctor(System.Int32,System.String,System.Int32,System.Int32)","System.Void","System.Int32 grass_count; System.String crop_name; System.Int32 crop_skin_index; System.Int32 update_interval","public","False","False","False","True","True","36","0x06008C35"
"DolocTown.Config.Equipment.EquipmentFuncPlantBasinGrass","DeserializeEquipmentFuncPlantBasinGrass","DolocTown.Config.Equipment.EquipmentFuncPlantBasinGrass DolocTown.Config.Equipment.EquipmentFuncPlantBasinGrass::DeserializeEquipmentFuncPlantBasinGrass(SimpleJSON.JSONNode)","DolocTown.Config.Equipment.EquipmentFuncPlantBasinGrass","SimpleJSON.JSONNode _json","public","True","False","False","False","True","7","0x06008C36"
"DolocTown.Config.Equipment.EquipmentFuncPlantBasinGrass","get_GrassCount","System.Int32 DolocTown.Config.Equipment.EquipmentFuncPlantBasinGrass::get_GrassCount()","System.Int32","","public","False","False","False","False","True","7","0x06008C37"
"DolocTown.Config.Equipment.EquipmentFuncPlantBasinGrass","set_GrassCount","System.Void DolocTown.Config.Equipment.EquipmentFuncPlantBasinGrass::set_GrassCount(System.Int32)","System.Void","System.Int32 value","private","False","False","False","False","True","8","0x06008C38"
"DolocTown.Config.Equipment.EquipmentFuncPlantBasinGrass","get_CropName","System.String DolocTown.Config.Equipment.EquipmentFuncPlantBasinGrass::get_CropName()","System.String","","public","False","False","False","False","True","7","0x06008C39"
"DolocTown.Config.Equipment.EquipmentFuncPlantBasinGrass","set_CropName","System.Void DolocTown.Config.Equipment.EquipmentFuncPlantBasinGrass::set_CropName(System.String)","System.Void","System.String value","private","False","False","False","False","True","8","0x06008C3A"
"DolocTown.Config.Equipment.EquipmentFuncPlantBasinGrass","get_CropSkinIndex","System.Int32 DolocTown.Config.Equipment.EquipmentFuncPlantBasinGrass::get_CropSkinIndex()","System.Int32","","public","False","False","False","False","True","7","0x06008C3B"
"DolocTown.Config.Equipment.EquipmentFuncPlantBasinGrass","set_CropSkinIndex","System.Void DolocTown.Config.Equipment.EquipmentFuncPlantBasinGrass::set_CropSkinIndex(System.Int32)","System.Void","System.Int32 value","private","False","False","False","False","True","8","0x06008C3C"
"DolocTown.Config.Equipment.EquipmentFuncPlantBasinGrass","get_UpdateInterval","System.Int32 DolocTown.Config.Equipment.EquipmentFuncPlantBasinGrass::get_UpdateInterval()","System.Int32","","public","False","False","False","False","True","7","0x06008C3D"
"DolocTown.Config.Equipment.EquipmentFuncPlantBasinGrass","set_UpdateInterval","System.Void DolocTown.Config.Equipment.EquipmentFuncPlantBasinGrass::set_UpdateInterval(System.Int32)","System.Void","System.Int32 value","private","False","False","False","False","True","8","0x06008C3E"
"DolocTown.Config.Equipment.EquipmentFuncPlantBasinGrass","GetTypeId","System.Int32 DolocTown.Config.Equipment.EquipmentFuncPlantBasinGrass::GetTypeId()","System.Int32","","public","False","True","False","False","True","6","0x06008C3F"
"DolocTown.Config.Equipment.EquipmentFuncPlantBasinGrass","Resolve","System.Void DolocTown.Config.Equipment.EquipmentFuncPlantBasinGrass::Resolve(System.Collections.Generic.Dictionary`2<System.String,System.Object>)","System.Void","System.Collections.Generic.Dictionary`2<System.String,System.Object> _tables","public","False","True","False","False","True","8","0x06008C40"
"DolocTown.Config.Equipment.EquipmentFuncPlantBasinGrass","TranslateText","System.Void DolocTown.Config.Equipment.EquipmentFuncPlantBasinGrass::TranslateText(System.Func`3<System.String,System.String,System.String>)","System.Void","System.Func`3<System.String,System.String,System.String> translator","public","False","True","False","False","True","8","0x06008C41"
"DolocTown.Config.Equipment.EquipmentFuncPlantBasinGrass","ToString","System.String DolocTown.Config.Equipment.EquipmentFuncPlantBasinGrass::ToString()","System.String","","public","False","True","False","False","True","113","0x06008C42"
"DolocTown.Config.Equipment.EquipmentFuncPlantBasinGrass","get_SeedProto","DolocTown.Config.Plant.SeedInfo DolocTown.Config.Equipment.EquipmentFuncPlantBasinGrass::get_SeedProto()","DolocTown.Config.Plant.SeedInfo","","public","False","False","False","False","True","101","0x06008C43"
"DolocTown.Config.Equipment.EquipmentFuncPlantBasinSimple",".ctor","System.Void DolocTown.Config.Equipment.EquipmentFuncPlantBasinSimple::.ctor(SimpleJSON.JSONNode)","System.Void","SimpleJSON.JSONNode _json","public","False","False","False","True","True","54","0x06008C44"
"DolocTown.Config.Equipment.EquipmentFuncPlantBasinSimple",".ctor","System.Void DolocTown.Config.Equipment.EquipmentFuncPlantBasinSimple::.ctor(System.String,UnityEngine.Vector2Int,UnityEngine.Vector2,DolocTown.SpriteAsset,System.Int32)","System.Void","System.String seed_type; UnityEngine.Vector2Int supply_capacity; UnityEngine.Vector2 center_offset; DolocTown.SpriteAsset sprite_wet_asset; System.Int32 use_times","public","False","False","False","True","True","20","0x06008C45"
"DolocTown.Config.Equipment.EquipmentFuncPlantBasinSimple","DeserializeEquipmentFuncPlantBasinSimple","DolocTown.Config.Equipment.EquipmentFuncPlantBasinSimple DolocTown.Config.Equipment.EquipmentFuncPlantBasinSimple::DeserializeEquipmentFuncPlantBasinSimple(SimpleJSON.JSONNode)","DolocTown.Config.Equipment.EquipmentFuncPlantBasinSimple","SimpleJSON.JSONNode _json","public","True","False","False","False","True","7","0x06008C46"
"DolocTown.Config.Equipment.EquipmentFuncPlantBasinSimple","get_UseTimes","System.Int32 DolocTown.Config.Equipment.EquipmentFuncPlantBasinSimple::get_UseTimes()","System.Int32","","public","False","False","False","False","True","7","0x06008C47"
"DolocTown.Config.Equipment.EquipmentFuncPlantBasinSimple","set_UseTimes","System.Void DolocTown.Config.Equipment.EquipmentFuncPlantBasinSimple::set_UseTimes(System.Int32)","System.Void","System.Int32 value","private","False","False","False","False","True","8","0x06008C48"
"DolocTown.Config.Equipment.EquipmentFuncPlantBasinSimple","GetTypeId","System.Int32 DolocTown.Config.Equipment.EquipmentFuncPlantBasinSimple::GetTypeId()","System.Int32","","public","False","True","False","False","True","6","0x06008C49"
"DolocTown.Config.Equipment.EquipmentFuncPlantBasinSimple","Resolve","System.Void DolocTown.Config.Equipment.EquipmentFuncPlantBasinSimple::Resolve(System.Collections.Generic.Dictionary`2<System.String,System.Object>)","System.Void","System.Collections.Generic.Dictionary`2<System.String,System.Object> _tables","public","False","True","False","False","True","8","0x06008C4A"
"DolocTown.Config.Equipment.EquipmentFuncPlantBasinSimple","TranslateText","System.Void DolocTown.Config.Equipment.EquipmentFuncPlantBasinSimple::TranslateText(System.Func`3<System.String,System.String,System.String>)","System.Void","System.Func`3<System.String,System.String,System.String> translator","public","False","True","False","False","True","8","0x06008C4B"
"DolocTown.Config.Equipment.EquipmentFuncPlantBasinSimple","ToString","System.String DolocTown.Config.Equipment.EquipmentFuncPlantBasinSimple::ToString()","System.String","","public","False","True","False","False","True","156","0x06008C4C"
"DolocTown.Config.Equipment.EquipmentFuncPlantBasinTree",".ctor","System.Void DolocTown.Config.Equipment.EquipmentFuncPlantBasinTree::.ctor(SimpleJSON.JSONNode)","System.Void","SimpleJSON.JSONNode _json","public","False","False","False","True","True","54","0x06008C4D"
"DolocTown.Config.Equipment.EquipmentFuncPlantBasinTree",".ctor","System.Void DolocTown.Config.Equipment.EquipmentFuncPlantBasinTree::.ctor(System.Single)","System.Void","System.Single fertilizer_offset","public","False","False","False","True","True","14","0x06008C4E"
"DolocTown.Config.Equipment.EquipmentFuncPlantBasinTree","DeserializeEquipmentFuncPlantBasinTree","DolocTown.Config.Equipment.EquipmentFuncPlantBasinTree DolocTown.Config.Equipment.EquipmentFuncPlantBasinTree::DeserializeEquipmentFuncPlantBasinTree(SimpleJSON.JSONNode)","DolocTown.Config.Equipment.EquipmentFuncPlantBasinTree","SimpleJSON.JSONNode _json","public","True","False","False","False","True","7","0x06008C4F"
"DolocTown.Config.Equipment.EquipmentFuncPlantBasinTree","get_FertilizerOffset","System.Single DolocTown.Config.Equipment.EquipmentFuncPlantBasinTree::get_FertilizerOffset()","System.Single","","public","False","False","False","False","True","7","0x06008C50"
"DolocTown.Config.Equipment.EquipmentFuncPlantBasinTree","set_FertilizerOffset","System.Void DolocTown.Config.Equipment.EquipmentFuncPlantBasinTree::set_FertilizerOffset(System.Single)","System.Void","System.Single value","private","False","False","False","False","True","8","0x06008C51"
"DolocTown.Config.Equipment.EquipmentFuncPlantBasinTree","GetTypeId","System.Int32 DolocTown.Config.Equipment.EquipmentFuncPlantBasinTree::GetTypeId()","System.Int32","","public","False","True","False","False","True","6","0x06008C52"
"DolocTown.Config.Equipment.EquipmentFuncPlantBasinTree","Resolve","System.Void DolocTown.Config.Equipment.EquipmentFuncPlantBasinTree::Resolve(System.Collections.Generic.Dictionary`2<System.String,System.Object>)","System.Void","System.Collections.Generic.Dictionary`2<System.String,System.Object> _tables","public","False","True","False","False","True","8","0x06008C53"
"DolocTown.Config.Equipment.EquipmentFuncPlantBasinTree","TranslateText","System.Void DolocTown.Config.Equipment.EquipmentFuncPlantBasinTree::TranslateText(System.Func`3<System.String,System.String,System.String>)","System.Void","System.Func`3<System.String,System.String,System.String> translator","public","False","True","False","False","True","8","0x06008C54"
"DolocTown.Config.Equipment.EquipmentFuncPlantBasinTree","ToString","System.String DolocTown.Config.Equipment.EquipmentFuncPlantBasinTree::ToString()","System.String","","public","False","True","False","False","True","30","0x06008C55"
"DolocTown.Config.Equipment.EquipmentFuncSeedCompressor",".ctor","System.Void DolocTown.Config.Equipment.EquipmentFuncSeedCompressor::.ctor(SimpleJSON.JSONNode)","System.Void","SimpleJSON.JSONNode _json","public","False","False","False","True","True","8","0x06008C88"
"DolocTown.Config.Equipment.EquipmentFuncSeedCompressor",".ctor","System.Void DolocTown.Config.Equipment.EquipmentFuncSeedCompressor::.ctor(DolocTown.Config.Equipment.WorkerRendererName,DolocTown.Config.Equipment.WorkerRendererName,DolocTown.Config.Equipment.WorkerRendererName,DolocTown.SpriteAssetArray,DolocTown.SpriteAsset,System.String,System.String,System.Boolean)","System.Void","DolocTown.Config.Equipment.WorkerRendererName worker_renderer_name; DolocTown.Config.Equipment.WorkerRendererName worker_renderer_name_ex; DolocTown.Config.Equipment.WorkerRendererName worker_renderer_name_lowpower; DolocTown.SpriteAssetArray work_sprites; DolocTown.SpriteAsset idle_sprite; System.String recipe_group_name; System.String dish_group_name; System.Boolean use_conversion_mode","public","False","False","False","True","True","20","0x06008C89"
"DolocTown.Config.Equipment.EquipmentFuncSeedCompressor","DeserializeEquipmentFuncSeedCompressor","DolocTown.Config.Equipment.EquipmentFuncSeedCompressor DolocTown.Config.Equipment.EquipmentFuncSeedCompressor::DeserializeEquipmentFuncSeedCompressor(SimpleJSON.JSONNode)","DolocTown.Config.Equipment.EquipmentFuncSeedCompressor","SimpleJSON.JSONNode _json","public","True","False","False","False","True","7","0x06008C8A"
"DolocTown.Config.Equipment.EquipmentFuncSeedCompressor","GetTypeId","System.Int32 DolocTown.Config.Equipment.EquipmentFuncSeedCompressor::GetTypeId()","System.Int32","","public","False","True","False","False","True","6","0x06008C8B"
"DolocTown.Config.Equipment.EquipmentFuncSeedCompressor","Resolve","System.Void DolocTown.Config.Equipment.EquipmentFuncSeedCompressor::Resolve(System.Collections.Generic.Dictionary`2<System.String,System.Object>)","System.Void","System.Collections.Generic.Dictionary`2<System.String,System.Object> _tables","public","False","True","False","False","True","8","0x06008C8C"
"DolocTown.Config.Equipment.EquipmentFuncSeedCompressor","TranslateText","System.Void DolocTown.Config.Equipment.EquipmentFuncSeedCompressor::TranslateText(System.Func`3<System.String,System.String,System.String>)","System.Void","System.Func`3<System.String,System.String,System.String> translator","public","False","True","False","False","True","8","0x06008C8D"
"DolocTown.Config.Equipment.EquipmentFuncSeedCompressor","ToString","System.String DolocTown.Config.Equipment.EquipmentFuncSeedCompressor::ToString()","System.String","","public","False","True","False","False","True","239","0x06008C8E"
"DolocTown.Config.Equipment.WDP_AcidRain_PlantBasin",".ctor","System.Void DolocTown.Config.Equipment.WDP_AcidRain_PlantBasin::.ctor(SimpleJSON.JSONNode)","System.Void","SimpleJSON.JSONNode _json","public","False","False","False","True","True","8","0x06008DD2"
"DolocTown.Config.Equipment.WDP_AcidRain_PlantBasin",".ctor","System.Void DolocTown.Config.Equipment.WDP_AcidRain_PlantBasin::.ctor()","System.Void","","public","False","False","False","True","True","7","0x06008DD3"
"DolocTown.Config.Equipment.WDP_AcidRain_PlantBasin","DeserializeWDP_AcidRain_PlantBasin","DolocTown.Config.Equipment.WDP_AcidRain_PlantBasin DolocTown.Config.Equipment.WDP_AcidRain_PlantBasin::DeserializeWDP_AcidRain_PlantBasin(SimpleJSON.JSONNode)","DolocTown.Config.Equipment.WDP_AcidRain_PlantBasin","SimpleJSON.JSONNode _json","public","True","False","False","False","True","7","0x06008DD4"
"DolocTown.Config.Equipment.WDP_AcidRain_PlantBasin","GetTypeId","System.Int32 DolocTown.Config.Equipment.WDP_AcidRain_PlantBasin::GetTypeId()","System.Int32","","public","False","True","False","False","True","6","0x06008DD5"
"DolocTown.Config.Equipment.WDP_AcidRain_PlantBasin","Resolve","System.Void DolocTown.Config.Equipment.WDP_AcidRain_PlantBasin::Resolve(System.Collections.Generic.Dictionary`2<System.String,System.Object>)","System.Void","System.Collections.Generic.Dictionary`2<System.String,System.Object> _tables","public","False","True","False","False","True","8","0x06008DD6"
"DolocTown.Config.Equipment.WDP_AcidRain_PlantBasin","TranslateText","System.Void DolocTown.Config.Equipment.WDP_AcidRain_PlantBasin::TranslateText(System.Func`3<System.String,System.String,System.String>)","System.Void","System.Func`3<System.String,System.String,System.String> translator","public","False","True","False","False","True","8","0x06008DD7"
"DolocTown.Config.Equipment.WDP_AcidRain_PlantBasin","ToString","System.String DolocTown.Config.Equipment.WDP_AcidRain_PlantBasin::ToString()","System.String","","public","False","True","False","False","True","6","0x06008DD8"
"DolocTown.Config.Equipment.WDP_ScorchSun_PlantBasin",".ctor","System.Void DolocTown.Config.Equipment.WDP_ScorchSun_PlantBasin::.ctor(SimpleJSON.JSONNode)","System.Void","SimpleJSON.JSONNode _json","public","False","False","False","True","True","8","0x06008DFD"
"DolocTown.Config.Equipment.WDP_ScorchSun_PlantBasin",".ctor","System.Void DolocTown.Config.Equipment.WDP_ScorchSun_PlantBasin::.ctor()","System.Void","","public","False","False","False","True","True","7","0x06008DFE"
"DolocTown.Config.Equipment.WDP_ScorchSun_PlantBasin","DeserializeWDP_ScorchSun_PlantBasin","DolocTown.Config.Equipment.WDP_ScorchSun_PlantBasin DolocTown.Config.Equipment.WDP_ScorchSun_PlantBasin::DeserializeWDP_ScorchSun_PlantBasin(SimpleJSON.JSONNode)","DolocTown.Config.Equipment.WDP_ScorchSun_PlantBasin","SimpleJSON.JSONNode _json","public","True","False","False","False","True","7","0x06008DFF"
"DolocTown.Config.Equipment.WDP_ScorchSun_PlantBasin","GetTypeId","System.Int32 DolocTown.Config.Equipment.WDP_ScorchSun_PlantBasin::GetTypeId()","System.Int32","","public","False","True","False","False","True","6","0x06008E00"
"DolocTown.Config.Equipment.WDP_ScorchSun_PlantBasin","Resolve","System.Void DolocTown.Config.Equipment.WDP_ScorchSun_PlantBasin::Resolve(System.Collections.Generic.Dictionary`2<System.String,System.Object>)","System.Void","System.Collections.Generic.Dictionary`2<System.String,System.Object> _tables","public","False","True","False","False","True","8","0x06008E01"
"DolocTown.Config.Equipment.WDP_ScorchSun_PlantBasin","TranslateText","System.Void DolocTown.Config.Equipment.WDP_ScorchSun_PlantBasin::TranslateText(System.Func`3<System.String,System.String,System.String>)","System.Void","System.Func`3<System.String,System.String,System.String> translator","public","False","True","False","False","True","8","0x06008E02"
"DolocTown.Config.Equipment.WDP_ScorchSun_PlantBasin","ToString","System.String DolocTown.Config.Equipment.WDP_ScorchSun_PlantBasin::ToString()","System.String","","public","False","True","False","False","True","6","0x06008E03"
"DolocTown.Config.Archives.PlantDocumentInfo",".ctor","System.Void DolocTown.Config.Archives.PlantDocumentInfo::.ctor(SimpleJSON.JSONNode)","System.Void","SimpleJSON.JSONNode _json","public","False","False","False","True","True","495","0x06009389"
"DolocTown.Config.Archives.PlantDocumentInfo",".ctor","System.Void DolocTown.Config.Archives.PlantDocumentInfo::.ctor(System.String,System.String,System.String,System.String,System.Int32)","System.Void","System.String id; System.String title; System.String author; System.String content; System.Int32 reward","public","False","False","False","True","True","44","0x0600938A"
"DolocTown.Config.Archives.PlantDocumentInfo","DeserializePlantDocumentInfo","DolocTown.Config.Archives.PlantDocumentInfo DolocTown.Config.Archives.PlantDocumentInfo::DeserializePlantDocumentInfo(SimpleJSON.JSONNode)","DolocTown.Config.Archives.PlantDocumentInfo","SimpleJSON.JSONNode _json","public","True","False","False","False","True","7","0x0600938B"
"DolocTown.Config.Archives.PlantDocumentInfo","get_Id","System.String DolocTown.Config.Archives.PlantDocumentInfo::get_Id()","System.String","","public","False","False","False","False","True","7","0x0600938C"
"DolocTown.Config.Archives.PlantDocumentInfo","set_Id","System.Void DolocTown.Config.Archives.PlantDocumentInfo::set_Id(System.String)","System.Void","System.String value","private","False","False","False","False","True","8","0x0600938D"
"DolocTown.Config.Archives.PlantDocumentInfo","get_Id_Ref","DolocTown.Config.Item.ItemInfo DolocTown.Config.Archives.PlantDocumentInfo::get_Id_Ref()","DolocTown.Config.Item.ItemInfo","","public","False","False","False","False","True","7","0x0600938E"
"DolocTown.Config.Archives.PlantDocumentInfo","set_Id_Ref","System.Void DolocTown.Config.Archives.PlantDocumentInfo::set_Id_Ref(DolocTown.Config.Item.ItemInfo)","System.Void","DolocTown.Config.Item.ItemInfo value","private","False","False","False","False","True","8","0x0600938F"
"DolocTown.Config.Archives.PlantDocumentInfo","get_Title","System.String DolocTown.Config.Archives.PlantDocumentInfo::get_Title()","System.String","","public","False","False","False","False","True","7","0x06009390"
"DolocTown.Config.Archives.PlantDocumentInfo","set_Title","System.Void DolocTown.Config.Archives.PlantDocumentInfo::set_Title(System.String)","System.Void","System.String value","private","False","False","False","False","True","8","0x06009391"
"DolocTown.Config.Archives.PlantDocumentInfo","get_Title_l10n_key","System.String DolocTown.Config.Archives.PlantDocumentInfo::get_Title_l10n_key()","System.String","","public","False","False","False","False","True","7","0x06009392"
"DolocTown.Config.Archives.PlantDocumentInfo","get_Author","System.String DolocTown.Config.Archives.PlantDocumentInfo::get_Author()","System.String","","public","False","False","False","False","True","7","0x06009393"
"DolocTown.Config.Archives.PlantDocumentInfo","set_Author","System.Void DolocTown.Config.Archives.PlantDocumentInfo::set_Author(System.String)","System.Void","System.String value","private","False","False","False","False","True","8","0x06009394"
"DolocTown.Config.Archives.PlantDocumentInfo","get_Author_l10n_key","System.String DolocTown.Config.Archives.PlantDocumentInfo::get_Author_l10n_key()","System.String","","public","False","False","False","False","True","7","0x06009395"
"DolocTown.Config.Archives.PlantDocumentInfo","get_Content","System.String DolocTown.Config.Archives.PlantDocumentInfo::get_Content()","System.String","","public","False","False","False","False","True","7","0x06009396"
"DolocTown.Config.Archives.PlantDocumentInfo","set_Content","System.Void DolocTown.Config.Archives.PlantDocumentInfo::set_Content(System.String)","System.Void","System.String value","private","False","False","False","False","True","8","0x06009397"
"DolocTown.Config.Archives.PlantDocumentInfo","get_Content_l10n_key","System.String DolocTown.Config.Archives.PlantDocumentInfo::get_Content_l10n_key()","System.String","","public","False","False","False","False","True","7","0x06009398"
"DolocTown.Config.Archives.PlantDocumentInfo","get_Reward","System.Int32 DolocTown.Config.Archives.PlantDocumentInfo::get_Reward()","System.Int32","","public","False","False","False","False","True","7","0x06009399"
"DolocTown.Config.Archives.PlantDocumentInfo","set_Reward","System.Void DolocTown.Config.Archives.PlantDocumentInfo::set_Reward(System.Int32)","System.Void","System.Int32 value","private","False","False","False","False","True","8","0x0600939A"
"DolocTown.Config.Archives.PlantDocumentInfo","GetTypeId","System.Int32 DolocTown.Config.Archives.PlantDocumentInfo::GetTypeId()","System.Int32","","public","False","True","False","False","True","6","0x0600939B"
"DolocTown.Config.Archives.PlantDocumentInfo","Resolve","System.Void DolocTown.Config.Archives.PlantDocumentInfo::Resolve(System.Collections.Generic.Dictionary`2<System.String,System.Object>)","System.Void","System.Collections.Generic.Dictionary`2<System.String,System.Object> _tables","public","False","False","False","False","True","34","0x0600939C"
"DolocTown.Config.Archives.PlantDocumentInfo","TranslateText","System.Void DolocTown.Config.Archives.PlantDocumentInfo::TranslateText(System.Func`3<System.String,System.String,System.String>)","System.Void","System.Func`3<System.String,System.String,System.String> translator","public","False","False","False","False","True","73","0x0600939D"
"DolocTown.Config.Archives.PlantDocumentInfo","ToString","System.String DolocTown.Config.Archives.PlantDocumentInfo::ToString()","System.String","","public","False","True","False","False","True","116","0x0600939E"
"DolocTown.Config.Archives.TbPlantDocument",".ctor","System.Void DolocTown.Config.Archives.TbPlantDocument::.ctor(SimpleJSON.JSONNode)","System.Void","SimpleJSON.JSONNode _json","public","False","False","False","True","True","135","0x060093BA"
"DolocTown.Config.Archives.TbPlantDocument","get_DataMap","System.Collections.Generic.Dictionary`2<System.String,DolocTown.Config.Archives.PlantDocumentInfo> DolocTown.Config.Archives.TbPlantDocument::get_DataMap()","System.Collections.Generic.Dictionary`2<System.String,DolocTown.Config.Archives.PlantDocumentInfo>","","public","False","False","False","False","True","7","0x060093BB"
"DolocTown.Config.Archives.TbPlantDocument","get_DataList","System.Collections.Generic.List`1<DolocTown.Config.Archives.PlantDocumentInfo> DolocTown.Config.Archives.TbPlantDocument::get_DataList()","System.Collections.Generic.List`1<DolocTown.Config.Archives.PlantDocumentInfo>","","public","False","False","False","False","True","7","0x060093BC"
"DolocTown.Config.Archives.TbPlantDocument","GetOrDefault","DolocTown.Config.Archives.PlantDocumentInfo DolocTown.Config.Archives.TbPlantDocument::GetOrDefault(System.String)","DolocTown.Config.Archives.PlantDocumentInfo","System.String key","public","False","False","False","False","True","20","0x060093BD"
"DolocTown.Config.Archives.TbPlantDocument","Get","DolocTown.Config.Archives.PlantDocumentInfo DolocTown.Config.Archives.TbPlantDocument::Get(System.String)","DolocTown.Config.Archives.PlantDocumentInfo","System.String key","public","False","False","False","False","True","13","0x060093BE"
"DolocTown.Config.Archives.TbPlantDocument","get_Item","DolocTown.Config.Archives.PlantDocumentInfo DolocTown.Config.Archives.TbPlantDocument::get_Item(System.String)","DolocTown.Config.Archives.PlantDocumentInfo","System.String key","public","False","False","False","False","True","13","0x060093BF"
"DolocTown.Config.Archives.TbPlantDocument","Resolve","System.Void DolocTown.Config.Archives.TbPlantDocument::Resolve(System.Collections.Generic.Dictionary`2<System.String,System.Object>)","System.Void","System.Collections.Generic.Dictionary`2<System.String,System.Object> _tables","public","False","False","False","False","True","53","0x060093C0"
"DolocTown.Config.Archives.TbPlantDocument","TranslateText","System.Void DolocTown.Config.Archives.TbPlantDocument::TranslateText(System.Func`3<System.String,System.String,System.String>)","System.Void","System.Func`3<System.String,System.String,System.String> translator","public","False","False","False","False","True","53","0x060093C1"
"DolocTown.Config.Animal.AnimalInfo","get_GrowInterval","System.Int32 DolocTown.Config.Animal.AnimalInfo::get_GrowInterval()","System.Int32","","public","False","False","False","False","True","7","0x06009413"
"DolocTown.Config.Animal.AnimalInfo","set_GrowInterval","System.Void DolocTown.Config.Animal.AnimalInfo::set_GrowInterval(System.Int32)","System.Void","System.Int32 value","private","False","False","False","False","True","8","0x06009414"
"DolocTown.Config.Animal.AnimalInfo","get_GrowCost","System.Single DolocTown.Config.Animal.AnimalInfo::get_GrowCost()","System.Single","","public","False","False","False","False","True","7","0x06009415"
"DolocTown.Config.Animal.AnimalInfo","set_GrowCost","System.Void DolocTown.Config.Animal.AnimalInfo::set_GrowCost(System.Single)","System.Void","System.Single value","private","False","False","False","False","True","8","0x06009416"
"DolocTown.Config.Animal.AnimalInfo","get_GrowIncrease","System.Single DolocTown.Config.Animal.AnimalInfo::get_GrowIncrease()","System.Single","","public","False","False","False","False","True","7","0x06009417"
"DolocTown.Config.Animal.AnimalInfo","set_GrowIncrease","System.Void DolocTown.Config.Animal.AnimalInfo::set_GrowIncrease(System.Single)","System.Void","System.Single value","private","False","False","False","False","True","8","0x06009418"
