"type","name","full_name","return_type","parameters","visibility","is_static","is_virtual","is_abstract","is_constructor","has_body","body_code_size","token"
"DolocAPI","QueryFishDocument","System.Boolean DolocAPI::QueryFishDocument(System.String,DolocTown.Config.Fishing.FishDocumentInfo&)","System.Boolean","System.String fishName; DolocTown.Config.Fishing.FishDocumentInfo& document","public","True","False","False","False","True","36","0x060000D3"
"DolocAPI","GetAnimalAllProduce","System.Collections.Generic.IEnumerable`1<System.String> DolocAPI::GetAnimalAllProduce(System.String)","System.Collections.Generic.IEnumerable`1<System.String>","System.String animalName","public","True","False","False","False","True","15","0x060000D4"
"DolocAPI","RollFish","DolocTown.Config.Fishing.FishInfo DolocAPI::RollFish(System.String,System.Int32)","DolocTown.Config.Fishing.FishInfo","System.String poolName; System.Int32 toolLv","public","True","False","False","False","True","423","0x06000135"
"DolocAPI","RollFishByRarity","DolocTown.Config.Fishing.FishInfo DolocAPI::RollFishByRarity(System.String,System.Int32)","DolocTown.Config.Fishing.FishInfo","System.String poolName; System.Int32 rarity","public","True","False","False","False","True","255","0x06000136"
"DolocAPI","SendCatchFishEvent","System.Void DolocAPI::SendCatchFishEvent(DolocTown.Config.Fishing.FishInfo)","System.Void","DolocTown.Config.Fishing.FishInfo fish","public","True","False","False","False","True","53","0x06000137"
"DolocAPI","CheckFishUnlocked","System.Boolean DolocAPI::CheckFishUnlocked(System.String)","System.Boolean","System.String fishId","public","True","False","False","False","True","22","0x06000223"
"DolocAPI","Command_UnlockFish","System.Void DolocAPI::Command_UnlockFish(System.String)","System.Void","System.String fishId","private","True","False","False","False","True","22","0x060002A3"
"DolocAPI","Command_LockFish","System.Void DolocAPI::Command_LockFish(System.String)","System.Void","System.String fishId","private","True","False","False","False","True","22","0x060002A4"
"DolocAPI","Command_GetObtainedUniqueFishCount","System.Int32 DolocAPI::Command_GetObtainedUniqueFishCount()","System.Int32","","private","True","False","False","False","True","26","0x060002A5"
"DolocAPI","Command_UnlockAllFish","System.Void DolocAPI::Command_UnlockAllFish()","System.Void","","private","True","False","False","False","True","83","0x060002A8"
"DolocAPI","Command_SetProduceRequireMood","System.Void DolocAPI::Command_SetProduceRequireMood(System.Boolean)","System.Void","System.Boolean value","private","True","False","False","False","True","41","0x060002D7"
"DolocAPI/<>c","<RollFish>b__364_0","System.Boolean DolocAPI/<>c::<RollFish>b__364_0(DolocTown.Config.Fishing.FishInfo)","System.Boolean","DolocTown.Config.Fishing.FishInfo x","internal","False","False","False","False","True","7","0x060094F8"
"DolocAPI/<>c","<RollFish>b__364_2","System.Boolean DolocAPI/<>c::<RollFish>b__364_2(DolocTown.Config.Fishing.FishInfo)","System.Boolean","DolocTown.Config.Fishing.FishInfo fish","internal","False","False","False","False","True","12","0x060094F9"
"DolocAPI/<>c","<RollFish>b__364_3","System.Int32 DolocAPI/<>c::<RollFish>b__364_3(DolocTown.Config.Fishing.FishInfo)","System.Int32","DolocTown.Config.Fishing.FishInfo fish","internal","False","False","False","False","True","7","0x060094FA"
"DolocAPI/<>c","<RollFishByRarity>b__365_0","System.Boolean DolocAPI/<>c::<RollFishByRarity>b__365_0(DolocTown.Config.Fishing.FishInfo)","System.Boolean","DolocTown.Config.Fishing.FishInfo x","internal","False","False","False","False","True","7","0x060094FB"
"DolocAPI/<>c","<RollFishByRarity>b__365_2","System.Boolean DolocAPI/<>c::<RollFishByRarity>b__365_2(DolocTown.Config.Fishing.FishInfo)","System.Boolean","DolocTown.Config.Fishing.FishInfo fish","internal","False","False","False","False","True","12","0x060094FC"
"DolocAPI/<GetAnimalAllProduce>d__262",".ctor","System.Void DolocAPI/<GetAnimalAllProduce>d__262::.ctor(System.Int32)","System.Void","System.Int32 <>1__state","public","False","False","False","True","True","25","0x06009518"
"DolocAPI/<GetAnimalAllProduce>d__262","System.IDisposable.Dispose","System.Void DolocAPI/<GetAnimalAllProduce>d__262::System.IDisposable.Dispose()","System.Void","","private","False","True","False","False","True","66","0x06009519"
"DolocAPI/<GetAnimalAllProduce>d__262","MoveNext","System.Boolean DolocAPI/<GetAnimalAllProduce>d__262::MoveNext()","System.Boolean","","private","False","True","False","False","True","350","0x0600951A"
"DolocAPI/<GetAnimalAllProduce>d__262","<>m__Finally1","System.Void DolocAPI/<GetAnimalAllProduce>d__262::<>m__Finally1()","System.Void","","private","False","False","False","False","True","25","0x0600951B"
"DolocAPI/<GetAnimalAllProduce>d__262","<>m__Finally2","System.Void DolocAPI/<GetAnimalAllProduce>d__262::<>m__Finally2()","System.Void","","private","False","False","False","False","True","25","0x0600951C"
"DolocAPI/<GetAnimalAllProduce>d__262","System.Collections.Generic.IEnumerator<System.String>.get_Current","System.String DolocAPI/<GetAnimalAllProduce>d__262::System.Collections.Generic.IEnumerator<System.String>.get_Current()","System.String","","private","False","True","False","False","True","7","0x0600951D"
"DolocAPI/<GetAnimalAllProduce>d__262","System.Collections.IEnumerator.Reset","System.Void DolocAPI/<GetAnimalAllProduce>d__262::System.Collections.IEnumerator.Reset()","System.Void","","private","False","True","False","False","True","6","0x0600951E"
"DolocAPI/<GetAnimalAllProduce>d__262","System.Collections.IEnumerator.get_Current","System.Object DolocAPI/<GetAnimalAllProduce>d__262::System.Collections.IEnumerator.get_Current()","System.Object","","private","False","True","False","False","True","7","0x0600951F"
"DolocAPI/<GetAnimalAllProduce>d__262","System.Collections.Generic.IEnumerable<System.String>.GetEnumerator","System.Collections.Generic.IEnumerator`1<System.String> DolocAPI/<GetAnimalAllProduce>d__262::System.Collections.Generic.IEnumerable<System.String>.GetEnumerator()","System.Collections.Generic.IEnumerator`1<System.String>","","private","False","True","False","False","True","55","0x06009520"
"DolocAPI/<GetAnimalAllProduce>d__262","System.Collections.IEnumerable.GetEnumerator","System.Collections.IEnumerator DolocAPI/<GetAnimalAllProduce>d__262::System.Collections.IEnumerable.GetEnumerator()","System.Collections.IEnumerator","","private","False","True","False","False","True","7","0x06009521"
"DolocAPI/<>c__DisplayClass364_0","<RollFish>b__1","System.Boolean DolocAPI/<>c__DisplayClass364_0::<RollFish>b__1(DolocTown.Config.Fishing.FishInfo)","System.Boolean","DolocTown.Config.Fishing.FishInfo fish","internal","False","False","False","False","True","45","0x0600953B"
"DolocAPI/<>c__DisplayClass364_0","<RollFish>b__4","System.Int32 DolocAPI/<>c__DisplayClass364_0::<RollFish>b__4(System.Int32)","System.Int32","System.Int32 rarity","internal","False","False","False","False","True","14","0x0600953C"
"DolocAPI/<>c__DisplayClass364_0","<RollFish>b__5","System.Boolean DolocAPI/<>c__DisplayClass364_0::<RollFish>b__5(DolocTown.Config.Fishing.FishInfo)","System.Boolean","DolocTown.Config.Fishing.FishInfo fish","internal","False","False","False","False","True","15","0x0600953D"
"DolocAPI/<>c__DisplayClass364_0","<RollFish>g__TryGetFishingPoolInfo|6","System.Boolean DolocAPI/<>c__DisplayClass364_0::<RollFish>g__TryGetFishingPoolInfo|6(DolocTown.Config.Fishing.FishingPoolInfo&)","System.Boolean","DolocTown.Config.Fishing.FishingPoolInfo& info","internal","False","False","False","False","True","47","0x0600953E"
"DolocAPI/<>c__DisplayClass365_0","<RollFishByRarity>b__1","System.Boolean DolocAPI/<>c__DisplayClass365_0::<RollFishByRarity>b__1(DolocTown.Config.Fishing.FishInfo)","System.Boolean","DolocTown.Config.Fishing.FishInfo fish","internal","False","False","False","False","True","39","0x06009540"
"DolocInputSource/NormalInputActions","get_Fishing","UnityEngine.InputSystem.InputAction DolocInputSource/NormalInputActions::get_Fishing()","UnityEngine.InputSystem.InputAction","","public","False","False","False","False","True","12","0x060095FE"
"DolocInputSource/INormalInputActions","OnFishing","System.Void DolocInputSource/INormalInputActions::OnFishing(UnityEngine.InputSystem.InputAction/CallbackContext)","System.Void","UnityEngine.InputSystem.InputAction/CallbackContext context","public","False","True","True","False","False","0","0x0600967C"
"LocMaterials","get_GAME_MAT_FISH_TANK","UnityEngine.Material LocMaterials::get_GAME_MAT_FISH_TANK()","UnityEngine.Material","","public","True","False","False","False","True","11","0x06000577"
"LocMaterials","get_GAME_MAT_FISH_INCUBATOR","UnityEngine.Material LocMaterials::get_GAME_MAT_FISH_INCUBATOR()","UnityEngine.Material","","public","True","False","False","False","True","11","0x06000578"
"LocMaterials","get_GAME_MAT_FISH_TANK_ECOLOGICAL","UnityEngine.Material LocMaterials::get_GAME_MAT_FISH_TANK_ECOLOGICAL()","UnityEngine.Material","","public","True","False","False","False","True","11","0x06000579"
"SteamManager","SteamAPIDebugTextHook","System.Void SteamManager::SteamAPIDebugTextHook(System.Int32,System.Text.StringBuilder)","System.Void","System.Int32 nSeverity; System.Text.StringBuilder pchDebugText","protected","True","False","False","False","True","7","0x0600068B"
"DolocTown.DocumentManager","get_fishDocMgr","DolocTown.FishDocumentManager DolocTown.DocumentManager::get_fishDocMgr()","DolocTown.FishDocumentManager","","public","False","False","False","False","True","7","0x06001247"
"DolocTown.DocumentManager","set_fishDocMgr","System.Void DolocTown.DocumentManager::set_fishDocMgr(DolocTown.FishDocumentManager)","System.Void","DolocTown.FishDocumentManager value","private","False","False","False","False","True","8","0x06001248"
"DolocTown.DocumentManager",".ctor","System.Void DolocTown.DocumentManager::.ctor(DolocTown.ChipDocumentManager,DolocTown.PlantDocumentManager,DolocTown.CharacterDocumentManager,DolocTown.FishDocumentManager,System.Boolean,System.Boolean)","System.Void","DolocTown.ChipDocumentManager chipDocMgr; DolocTown.PlantDocumentManager plantDocMgr; DolocTown.CharacterDocumentManager characterDocMgr; DolocTown.FishDocumentManager fishDocMgr; System.Boolean isSynchronizePlantDoc; System.Boolean isSynchronizeChipDoc","public","False","False","False","True","True","88","0x0600124D"
"DolocTown.FishDocumentManager","get_table","DolocTown.Config.Fishing.TbFish DolocTown.FishDocumentManager::get_table()","DolocTown.Config.Fishing.TbFish","","private","False","False","False","False","True","11","0x06001250"
"DolocTown.FishDocumentManager",".ctor","System.Void DolocTown.FishDocumentManager::.ctor()","System.Void","","public","False","False","False","True","True","7","0x06001251"
"DolocTown.FishDocumentManager","GetObtainedUniqueFishCount","System.Int32 DolocTown.FishDocumentManager::GetObtainedUniqueFishCount()","System.Int32","","public","False","False","False","False","True","252","0x06001252"
"DolocTown.FishDocumentManager","CheckFishDocumentUnlocked","System.Boolean DolocTown.FishDocumentManager::CheckFishDocumentUnlocked(System.String)","System.Boolean","System.String fishName","public","False","False","False","False","True","36","0x06001253"
"DolocTown.NpcTaskRenderController_Lightman","FindFishingPool","System.String DolocTown.NpcTaskRenderController_Lightman::FindFishingPool()","System.String","","private","False","False","False","False","True","161","0x06001454"
"DolocTown.NpcTaskRenderController_Lightman","OnUseFishingRope","System.Void DolocTown.NpcTaskRenderController_Lightman::OnUseFishingRope()","System.Void","","private","False","False","False","False","True","165","0x06001455"
"DolocTown.NpcTaskRenderController_Lightman","TryGetFishIcon","System.Boolean DolocTown.NpcTaskRenderController_Lightman::TryGetFishIcon(DolocTown.Config.Fishing.FishInfo,UnityEngine.Sprite&)","System.Boolean","DolocTown.Config.Fishing.FishInfo proto; UnityEngine.Sprite& icon","private","False","False","False","False","True","113","0x06001456"
"DolocTown.NpcTaskRenderController_Lightman","CatchFish","System.Void DolocTown.NpcTaskRenderController_Lightman::CatchFish()","System.Void","","private","False","False","False","False","True","220","0x06001457"
"DolocTown.NpcTaskRenderController_Lightman","OnStopUseFishingRope","System.Void DolocTown.NpcTaskRenderController_Lightman::OnStopUseFishingRope()","System.Void","","private","False","False","False","False","True","54","0x06001458"
"DolocTown.LightManFishingRope","__Init","System.Void DolocTown.LightManFishingRope::__Init()","System.Void","","protected","False","True","False","False","True","26","0x06001460"
"DolocTown.LightManFishingRope",".ctor","System.Void DolocTown.LightManFishingRope::.ctor()","System.Void","","public","False","False","False","True","True","7","0x06001461"
"DolocTown.ResourceManager","get_unlockFishes","System.Collections.Generic.HashSet`1<System.String> DolocTown.ResourceManager::get_unlockFishes()","System.Collections.Generic.HashSet`1<System.String>","","public","False","False","False","False","True","7","0x06001CFA"
"DolocTown.ResourceManager","set_unlockFishes","System.Void DolocTown.ResourceManager::set_unlockFishes(System.Collections.Generic.HashSet`1<System.String>)","System.Void","System.Collections.Generic.HashSet`1<System.String> value","private","False","False","False","False","True","8","0x06001CFB"
"DolocTown.ResourceManager","UnlockFish","System.Void DolocTown.ResourceManager::UnlockFish(System.String)","System.Void","System.String name","public","False","False","False","False","True","14","0x06001D00"
"DolocTown.ResourceManager","LockFish","System.Void DolocTown.ResourceManager::LockFish(System.String)","System.Void","System.String name","public","False","False","False","False","True","14","0x06001D01"
"DolocTown.ResourceManager","CheckFishUnlocked","System.Boolean DolocTown.ResourceManager::CheckFishUnlocked(System.String)","System.Boolean","System.String name","public","False","False","False","False","True","102","0x06001D05"
"DolocTown.Animal","get_IsMoodSatisfiedProduce","System.Boolean DolocTown.Animal::get_IsMoodSatisfiedProduce()","System.Boolean","","public","False","False","False","False","True","42","0x06001DD9"
"DolocTown.Animal","_BaseProduce","DolocTown.CountItem[] DolocTown.Animal::_BaseProduce()","DolocTown.CountItem[]","","private","False","False","False","False","True","81","0x06001E40"
"DolocTown.Animal","_SpecialProduce","DolocTown.CountItem[] DolocTown.Animal::_SpecialProduce()","DolocTown.CountItem[]","","private","False","False","False","False","True","305","0x06001E41"
"DolocTown.Animal","_SimulateSpecialProduce","DolocTown.CountItem[] DolocTown.Animal::_SimulateSpecialProduce()","DolocTown.CountItem[]","","private","False","False","False","False","True","181","0x06001E42"
"DolocTown.Animal","ProduceAsItems","DolocTown.CountItem[] DolocTown.Animal::ProduceAsItems()","DolocTown.CountItem[]","","public","False","False","False","False","True","142","0x06001E43"
"DolocTown.Animal","SimulateProduceAsItems","DolocTown.CountItem[] DolocTown.Animal::SimulateProduceAsItems()","DolocTown.CountItem[]","","public","False","False","False","False","True","35","0x06001E44"
"DolocTown.Animal","Produce","System.Void DolocTown.Animal::Produce()","System.Void","","public","False","False","False","False","True","32","0x06001E45"
"DolocTown.IAnimalHoneyComb","ProduceHoney","System.Void DolocTown.IAnimalHoneyComb::ProduceHoney(DolocTown.CountItem[])","System.Void","DolocTown.CountItem[] items","public","False","True","True","False","False","0","0x06001EA5"
"DolocTown.IAnimalLintRoller","Produce","System.Void DolocTown.IAnimalLintRoller::Produce(DolocTown.CountItem[])","System.Void","DolocTown.CountItem[] items","public","False","True","True","False","False","0","0x06001EAE"
"DolocTown.IAnimalMilkingMachine","Produce","System.Void DolocTown.IAnimalMilkingMachine::Produce(DolocTown.CountItem[])","System.Void","DolocTown.CountItem[] items","public","False","True","True","False","False","0","0x06001EB3"
"DolocTown.AnimalRenderer","_HandleAnimalProduct","System.Boolean DolocTown.AnimalRenderer::_HandleAnimalProduct(DolocTown.ItemTool,UnityEngine.Vector2)","System.Boolean","DolocTown.ItemTool tool; UnityEngine.Vector2 hitPosition","private","False","False","False","False","True","70","0x06001F29"
"DolocTown.AnimalAI/AnimalAIState","FindMilkingMachineToProduce","System.Boolean DolocTown.AnimalAI/AnimalAIState::FindMilkingMachineToProduce(DolocTown.Animal,RedSaw.AI.LinearTask.LinearTask&)","System.Boolean","DolocTown.Animal animal; RedSaw.AI.LinearTask.LinearTask& task","protected","False","False","False","False","True","211","0x06009BCF"
"DolocTown.AnimalAI/AnimalAIState","FindLintRollerToProduce","System.Boolean DolocTown.AnimalAI/AnimalAIState::FindLintRollerToProduce(DolocTown.Animal,RedSaw.AI.LinearTask.LinearTask&)","System.Boolean","DolocTown.Animal animal; RedSaw.AI.LinearTask.LinearTask& task","protected","False","False","False","False","True","211","0x06009BD0"
"DolocTown.AnimalAI/AnimalAIState","FindChickenNestToProduce","System.Boolean DolocTown.AnimalAI/AnimalAIState::FindChickenNestToProduce(DolocTown.Animal,RedSaw.AI.LinearTask.LinearTask&)","System.Boolean","DolocTown.Animal animal; RedSaw.AI.LinearTask.LinearTask& task","protected","False","False","False","False","True","211","0x06009BD1"
"DolocTown.AnimalAI/AnimalAIState","FindHoneyCombToProduce","System.Boolean DolocTown.AnimalAI/AnimalAIState::FindHoneyCombToProduce(DolocTown.Animal,RedSaw.AI.LinearTask.LinearTask&)","System.Boolean","DolocTown.Animal animal; RedSaw.AI.LinearTask.LinearTask& task","protected","False","False","False","False","True","287","0x06009BD3"
"DolocTown.AnimalAI/AnimalAIState","<FindHoneyCombToProduce>g__Produce|18_2","System.Void DolocTown.AnimalAI/AnimalAIState::<FindHoneyCombToProduce>g__Produce|18_2(DolocTown.IAnimalHoneyComb,DolocTown.Animal)","System.Void","DolocTown.IAnimalHoneyComb honeyComb; DolocTown.Animal animal","internal","True","False","False","False","True","40","0x06009BE3"
"DolocTown.AnimalAI/AnimalAIState/<>c","<FindMilkingMachineToProduce>b__14_0","System.Boolean DolocTown.AnimalAI/AnimalAIState/<>c::<FindMilkingMachineToProduce>b__14_0(DolocTown.IAnimalMilkingMachine)","System.Boolean","DolocTown.IAnimalMilkingMachine x","internal","False","False","False","False","True","10","0x0600A72B"
"DolocTown.AnimalAI/AnimalAIState/<>c","<FindLintRollerToProduce>b__15_0","System.Boolean DolocTown.AnimalAI/AnimalAIState/<>c::<FindLintRollerToProduce>b__15_0(DolocTown.IAnimalLintRoller)","System.Boolean","DolocTown.IAnimalLintRoller x","internal","False","False","False","False","True","10","0x0600A72C"
"DolocTown.AnimalAI/AnimalAIState/<>c","<FindChickenNestToProduce>b__16_0","System.Boolean DolocTown.AnimalAI/AnimalAIState/<>c::<FindChickenNestToProduce>b__16_0(DolocTown.ChickenNest)","System.Boolean","DolocTown.ChickenNest x","internal","False","False","False","False","True","10","0x0600A72D"
"DolocTown.AnimalAI/AnimalAIState/<>c","<FindHoneyCombToProduce>b__18_0","System.Boolean DolocTown.AnimalAI/AnimalAIState/<>c::<FindHoneyCombToProduce>b__18_0(DolocTown.IAnimalHoneyComb)","System.Boolean","DolocTown.IAnimalHoneyComb x","internal","False","False","False","False","True","10","0x0600A72E"
"DolocTown.AnimalAI/AnimalAIState/<>c__DisplayClass14_0","<FindMilkingMachineToProduce>b__1","System.Int32 DolocTown.AnimalAI/AnimalAIState/<>c__DisplayClass14_0::<FindMilkingMachineToProduce>b__1(DolocTown.IAnimalMilkingMachine,DolocTown.IAnimalMilkingMachine)","System.Int32","DolocTown.IAnimalMilkingMachine a; DolocTown.IAnimalMilkingMachine b","internal","False","False","False","False","True","46","0x0600A739"
"DolocTown.AnimalAI/AnimalAIState/<>c__DisplayClass14_1","<FindMilkingMachineToProduce>b__2","System.Void DolocTown.AnimalAI/AnimalAIState/<>c__DisplayClass14_1::<FindMilkingMachineToProduce>b__2()","System.Void","","internal","False","False","False","False","True","42","0x0600A73B"
"DolocTown.AnimalAI/AnimalAIState/<>c__DisplayClass15_0","<FindLintRollerToProduce>b__1","System.Int32 DolocTown.AnimalAI/AnimalAIState/<>c__DisplayClass15_0::<FindLintRollerToProduce>b__1(DolocTown.IAnimalLintRoller,DolocTown.IAnimalLintRoller)","System.Int32","DolocTown.IAnimalLintRoller a; DolocTown.IAnimalLintRoller b","internal","False","False","False","False","True","46","0x0600A73D"
"DolocTown.AnimalAI/AnimalAIState/<>c__DisplayClass15_1","<FindLintRollerToProduce>b__2","System.Void DolocTown.AnimalAI/AnimalAIState/<>c__DisplayClass15_1::<FindLintRollerToProduce>b__2()","System.Void","","internal","False","False","False","False","True","42","0x0600A73F"
"DolocTown.AnimalAI/AnimalAIState/<>c__DisplayClass16_0","<FindChickenNestToProduce>b__1","System.Int32 DolocTown.AnimalAI/AnimalAIState/<>c__DisplayClass16_0::<FindChickenNestToProduce>b__1(DolocTown.ChickenNest,DolocTown.ChickenNest)","System.Int32","DolocTown.ChickenNest a; DolocTown.ChickenNest b","internal","False","False","False","False","True","46","0x0600A741"
"DolocTown.AnimalAI/AnimalAIState/<>c__DisplayClass16_1","<FindChickenNestToProduce>b__2","System.Void DolocTown.AnimalAI/AnimalAIState/<>c__DisplayClass16_1::<FindChickenNestToProduce>b__2()","System.Void","","internal","False","False","False","False","True","42","0x0600A743"
"DolocTown.AnimalAI/AnimalAIState/<>c__DisplayClass18_0","<FindHoneyCombToProduce>b__1","System.Int32 DolocTown.AnimalAI/AnimalAIState/<>c__DisplayClass18_0::<FindHoneyCombToProduce>b__1(DolocTown.IAnimalHoneyComb,DolocTown.IAnimalHoneyComb)","System.Int32","DolocTown.IAnimalHoneyComb a; DolocTown.IAnimalHoneyComb b","internal","False","False","False","False","True","50","0x0600A747"
"DolocTown.AnimalAI/AnimalAIState/<>c__DisplayClass18_1","<FindHoneyCombToProduce>b__3","System.Void DolocTown.AnimalAI/AnimalAIState/<>c__DisplayClass18_1::<FindHoneyCombToProduce>b__3()","System.Void","","internal","False","False","False","False","True","23","0x0600A749"
"DolocTown.AnimalWork_SearchChickenNestToProduce","get_Title","System.String DolocTown.AnimalWork_SearchChickenNestToProduce::get_Title()","System.String","","public","False","True","False","False","True","6","0x06001F5C"
"DolocTown.AnimalWork_SearchChickenNestToProduce","GenTask","System.Boolean DolocTown.AnimalWork_SearchChickenNestToProduce::GenTask(DolocTown.Animal,RedSaw.AI.LinearTask.LinearTask&)","System.Boolean","DolocTown.Animal animal; RedSaw.AI.LinearTask.LinearTask& task","public","False","True","False","False","True","5","0x06001F5D"
"DolocTown.AnimalWork_SearchChickenNestToProduce",".ctor","System.Void DolocTown.AnimalWork_SearchChickenNestToProduce::.ctor()","System.Void","","public","False","False","False","True","True","7","0x06001F5E"
"DolocTown.AnimalWork_SearchHoneyCombToProduce","get_Title","System.String DolocTown.AnimalWork_SearchHoneyCombToProduce::get_Title()","System.String","","public","False","True","False","False","True","6","0x06001F63"
"DolocTown.AnimalWork_SearchHoneyCombToProduce","GenTask","System.Boolean DolocTown.AnimalWork_SearchHoneyCombToProduce::GenTask(DolocTown.Animal,RedSaw.AI.LinearTask.LinearTask&)","System.Boolean","DolocTown.Animal animal; RedSaw.AI.LinearTask.LinearTask& task","public","False","True","False","False","True","304","0x06001F64"
"DolocTown.AnimalWork_SearchHoneyCombToProduce","Produce","System.Void DolocTown.AnimalWork_SearchHoneyCombToProduce::Produce(DolocTown.IAnimalHoneyComb,DolocTown.Animal)","System.Void","DolocTown.IAnimalHoneyComb honeyComb; DolocTown.Animal animal","private","False","False","False","False","True","58","0x06001F65"
"DolocTown.AnimalWork_SearchHoneyCombToProduce",".ctor","System.Void DolocTown.AnimalWork_SearchHoneyCombToProduce::.ctor()","System.Void","","public","False","False","False","True","True","7","0x06001F66"
"DolocTown.AnimalWork_SearchHoneyCombToProduce/<>c__DisplayClass3_0",".ctor","System.Void DolocTown.AnimalWork_SearchHoneyCombToProduce/<>c__DisplayClass3_0::.ctor()","System.Void","","public","False","False","False","True","True","7","0x06009C11"
"DolocTown.AnimalWork_SearchHoneyCombToProduce/<>c__DisplayClass3_0","<GenTask>b__1","System.Int32 DolocTown.AnimalWork_SearchHoneyCombToProduce/<>c__DisplayClass3_0::<GenTask>b__1(DolocTown.IAnimalHoneyComb,DolocTown.IAnimalHoneyComb)","System.Int32","DolocTown.IAnimalHoneyComb a; DolocTown.IAnimalHoneyComb b","internal","False","False","False","False","True","36","0x06009C12"
"DolocTown.AnimalWork_SearchHoneyCombToProduce/<>c__DisplayClass3_1",".ctor","System.Void DolocTown.AnimalWork_SearchHoneyCombToProduce/<>c__DisplayClass3_1::.ctor()","System.Void","","public","False","False","False","True","True","7","0x06009C13"
"DolocTown.AnimalWork_SearchHoneyCombToProduce/<>c__DisplayClass3_1","<GenTask>b__2","System.Void DolocTown.AnimalWork_SearchHoneyCombToProduce/<>c__DisplayClass3_1::<GenTask>b__2()","System.Void","","internal","False","False","False","False","True","34","0x06009C14"
"DolocTown.AnimalWork_SearchHoneyCombToProduce/<>c",".cctor","System.Void DolocTown.AnimalWork_SearchHoneyCombToProduce/<>c::.cctor()","System.Void","","private","True","False","False","True","True","11","0x06009C15"
"DolocTown.AnimalWork_SearchHoneyCombToProduce/<>c",".ctor","System.Void DolocTown.AnimalWork_SearchHoneyCombToProduce/<>c::.ctor()","System.Void","","public","False","False","False","True","True","7","0x06009C16"
"DolocTown.AnimalWork_SearchHoneyCombToProduce/<>c","<GenTask>b__3_0","System.Boolean DolocTown.AnimalWork_SearchHoneyCombToProduce/<>c::<GenTask>b__3_0(DolocTown.IAnimalHoneyComb)","System.Boolean","DolocTown.IAnimalHoneyComb x","internal","False","False","False","False","True","10","0x06009C17"
"DolocTown.AutomateBotDecisionMakerFilling","TryBuildTaskOfFillFishFeeder","System.Boolean DolocTown.AutomateBotDecisionMakerFilling::TryBuildTaskOfFillFishFeeder(RedSaw.AI.LinearTask.LinearTask&)","System.Boolean","RedSaw.AI.LinearTask.LinearTask& task","private","False","False","False","False","True","207","0x0600209C"
"DolocTown.AutomateBotDecisionMakerFilling","LowFishFeederCondition","System.Boolean DolocTown.AutomateBotDecisionMakerFilling::LowFishFeederCondition(DolocTown.IFishTank)","System.Boolean","DolocTown.IFishTank feeder","private","False","False","False","False","True","20","0x0600209D"
"DolocTown.AutomateBotDecisionMakerFilling","TryGetEmptyFishFeeder","DolocTown.IFishTank DolocTown.AutomateBotDecisionMakerFilling::TryGetEmptyFishFeeder()","DolocTown.IFishTank","","private","False","False","False","False","True","129","0x0600209E"
"DolocTown.AutomateBotDecisionMakerFilling","TryGetFishFeedsContainer","System.Boolean DolocTown.AutomateBotDecisionMakerFilling::TryGetFishFeedsContainer(DolocTown.Case&)","System.Boolean","DolocTown.Case& container","private","False","False","False","False","True","142","0x0600209F"
"DolocTown.AutomateBotDecisionMakerFilling","<TryBuildTaskOfFillFishFeeder>b__14_0","System.Boolean DolocTown.AutomateBotDecisionMakerFilling::<TryBuildTaskOfFillFishFeeder>b__14_0(DolocTown.Item)","System.Boolean","DolocTown.Item x","private","False","False","False","False","True","16","0x060020A3"
"DolocTown.AutomateBotDecisionMakerFilling","<TryGetEmptyFishFeeder>b__16_0","System.Boolean DolocTown.AutomateBotDecisionMakerFilling::<TryGetEmptyFishFeeder>b__16_0(DolocTown.IFishTank)","System.Boolean","DolocTown.IFishTank x","private","False","False","False","False","True","29","0x060020A4"
"DolocTown.AutomateParamFilling","get_LowFishFeederThreshold","System.Single DolocTown.AutomateParamFilling::get_LowFishFeederThreshold()","System.Single","","public","False","False","False","False","True","12","0x06002125"
"DolocTown.AutomateParamFilling","set_LowFishFeederThreshold","System.Void DolocTown.AutomateParamFilling::set_LowFishFeederThreshold(System.Single)","System.Void","System.Single value","public","False","False","False","False","True","18","0x06002126"
"DolocTown.AutomateParamFilling","get_FilterFishFeedsContainerSkin","System.Boolean DolocTown.AutomateParamFilling::get_FilterFishFeedsContainerSkin()","System.Boolean","","public","False","False","False","False","True","12","0x06002127"
"DolocTown.AutomateParamFilling","set_FilterFishFeedsContainerSkin","System.Void DolocTown.AutomateParamFilling::set_FilterFishFeedsContainerSkin(System.Boolean)","System.Void","System.Boolean value","public","False","False","False","False","True","13","0x06002128"
"DolocTown.AutomateParamFilling","get_FishFeedsContainerSkinIdx","System.Collections.Generic.HashSet`1<System.Int32> DolocTown.AutomateParamFilling::get_FishFeedsContainerSkinIdx()","System.Collections.Generic.HashSet`1<System.Int32>","","public","False","False","False","False","True","12","0x06002129"
"DolocTown.AutomateParamFilling","IsFishFeeds","System.Boolean DolocTown.AutomateParamFilling::IsFishFeeds(DolocTown.Item)","System.Boolean","DolocTown.Item item","public","False","False","False","False","True","58","0x06002132"
"DolocTown.AutomateParamFilling","IsFishFeedsContainer","System.Boolean DolocTown.AutomateParamFilling::IsFishFeedsContainer(DolocTown.Case)","System.Boolean","DolocTown.Case container","public","False","False","False","False","True","61","0x06002133"
"DolocTown.LinearMissionPatch","AutomateFillFishFeeds","RedSaw.AI.LinearTask.LinearTask DolocTown.LinearMissionPatch::AutomateFillFishFeeds(RedSaw.AI.LinearTask.LinearTask,DolocTown.IFishTank,System.Func`2<DolocTown.IFishTank,System.Boolean>)","RedSaw.AI.LinearTask.LinearTask","RedSaw.AI.LinearTask.LinearTask task; DolocTown.IFishTank fishTank; System.Func`2<DolocTown.IFishTank,System.Boolean> isLowFeedsCondition","public","True","False","False","False","True","39","0x06002189"
"DolocTown.LinearMissionPatch/<>c__DisplayClass16_0","<AutomateFillFishFeeds>b__0","System.Void DolocTown.LinearMissionPatch/<>c__DisplayClass16_0::<AutomateFillFishFeeds>b__0(DolocTown.AutomateBot)","System.Void","DolocTown.AutomateBot bot","internal","False","False","False","False","True","123","0x06009D15"
"DolocTown.ChickenNest","Produce","System.Void DolocTown.ChickenNest::Produce(DolocTown.CountItem[])","System.Void","DolocTown.CountItem[] inputItems","public","False","False","False","False","True","111","0x060021B1"
"DolocTown.FishTank","get_IsGatherable","System.Boolean DolocTown.FishTank::get_IsGatherable()","System.Boolean","","public","False","True","False","False","True","12","0x060021B2"
"DolocTown.FishTank","Gather","DolocTown.Item[] DolocTown.FishTank::Gather()","DolocTown.Item[]","","public","False","True","False","False","True","36","0x060021B3"
"DolocTown.FishTank","get_IsDirty","System.Boolean DolocTown.FishTank::get_IsDirty()","System.Boolean","","public","False","True","False","False","True","25","0x060021B4"
"DolocTown.FishTank","get_CanInteractContinues","System.Boolean DolocTown.FishTank::get_CanInteractContinues()","System.Boolean","","public","False","True","False","False","True","22","0x060021B5"
"DolocTown.FishTank","get_tank","DolocTown.FarmFishTank DolocTown.FishTank::get_tank()","DolocTown.FarmFishTank","","public","False","True","False","False","True","7","0x060021B6"
"DolocTown.FishTank","set_tank","System.Void DolocTown.FishTank::set_tank(DolocTown.FarmFishTank)","System.Void","DolocTown.FarmFishTank value","private","False","False","False","False","True","8","0x060021B7"
"DolocTown.FishTank","get_metabolismCounterProgress","System.Single DolocTown.FishTank::get_metabolismCounterProgress()","System.Single","","private","False","False","False","False","True","12","0x060021B8"
"DolocTown.FishTank","get_metabolismProgress","System.Single DolocTown.FishTank::get_metabolismProgress()","System.Single","","private","False","False","False","False","True","26","0x060021B9"
"DolocTown.FishTank","get_totalEnergyCapacity","System.Single DolocTown.FishTank::get_totalEnergyCapacity()","System.Single","","private","False","False","False","False","True","25","0x060021BA"
"DolocTown.FishTank","get_Energy","System.Int32 DolocTown.FishTank::get_Energy()","System.Int32","","public","False","True","False","False","True","7","0x060021BB"
"DolocTown.FishTank","get_EnergyCapacity","System.Int32 DolocTown.FishTank::get_EnergyCapacity()","System.Int32","","public","False","True","False","False","True","12","0x060021BC"
"DolocTown.FishTank","get_EnergyPercent","System.Single DolocTown.FishTank::get_EnergyPercent()","System.Single","","public","False","True","False","False","True","20","0x060021BD"
"DolocTown.FishTank","get_CanAddFeeds","System.Boolean DolocTown.FishTank::get_CanAddFeeds()","System.Boolean","","public","False","True","False","False","True","2","0x060021BE"
"DolocTown.FishTank","get_IsFishTankEnergyFull","System.Boolean DolocTown.FishTank::get_IsFishTankEnergyFull()","System.Boolean","","public","False","False","False","False","True","19","0x060021BF"
"DolocTown.FishTank","get_BarPosition","UnityEngine.Vector2 DolocTown.FishTank::get_BarPosition()","UnityEngine.Vector2","","public","False","False","False","False","True","32","0x060021C0"
"DolocTown.FishTank","get_CurrentPrompt","System.String DolocTown.FishTank::get_CurrentPrompt()","System.String","","private","False","False","False","False","True","80","0x060021C1"
"DolocTown.FishTank",".ctor","System.Void DolocTown.FishTank::.ctor(DolocTown.IEquipmentHost,System.Int32,DolocTown.Config.Equipment.EquipmentInfo,UnityEngine.Vector3,UnityEngine.Vector2Int,System.Boolean)","System.Void","DolocTown.IEquipmentHost host; System.Int32 instanceId; DolocTown.Config.Equipment.EquipmentInfo proto; UnityEngine.Vector3 wp; UnityEngine.Vector2Int anchor; System.Boolean turn","public","False","False","False","True","True","99","0x060021C2"
"DolocTown.FishTank",".ctor","System.Void DolocTown.FishTank::.ctor(System.Int32,UnityEngine.Vector2Int,UnityEngine.Vector3,System.String,DolocTown.Equipment/WeatherDecoratorManager,DolocTown.ElectronicComponent,DolocTown.DecalInfo,System.Boolean,DolocTown.FarmFishTank,System.Int32,RedSaw.Counter)","System.Void","System.Int32 id; UnityEngine.Vector2Int anchor; UnityEngine.Vector3 position; System.String equipmentName; DolocTown.Equipment/WeatherDecoratorManager decorator; DolocTown.ElectronicComponent electronicComponent; DolocTown.DecalInfo decalInfo; System.Boolean turn; DolocTown.FarmFishTank tank; System.Int32 energy; RedSaw.Counter metabolismCounter","public","False","False","False","True","True","152","0x060021C3"
"DolocTown.FishTank","AfterLoadEquipment","System.Void DolocTown.FishTank::AfterLoadEquipment()","System.Void","","public","False","True","False","False","True","19","0x060021C4"
"DolocTown.FishTank","ShowProgressBar","System.Void DolocTown.FishTank::ShowProgressBar()","System.Void","","private","False","False","False","False","True","82","0x060021C5"
"DolocTown.FishTank","HideProgressBar","System.Void DolocTown.FishTank::HideProgressBar()","System.Void","","private","False","False","False","False","True","44","0x060021C6"
"DolocTown.FishTank","UpdateProgressBar","System.Void DolocTown.FishTank::UpdateProgressBar()","System.Void","","private","False","False","False","False","True","57","0x060021C7"
"DolocTown.FishTank","OnTouch","System.Void DolocTown.FishTank::OnTouch()","System.Void","","protected","False","True","False","False","True","37","0x060021C8"
"DolocTown.FishTank","OnDisTouch","System.Void DolocTown.FishTank::OnDisTouch()","System.Void","","protected","False","True","False","False","True","19","0x060021C9"
"DolocTown.FishTank","CheckCurrentItemCanInteract","System.Boolean DolocTown.FishTank::CheckCurrentItemCanInteract(System.Int32&)","System.Boolean","System.Int32& feedsEnergy","private","False","False","False","False","True","34","0x060021CA"
"DolocTown.FishTank","OnInteract","System.Void DolocTown.FishTank::OnInteract()","System.Void","","protected","False","True","False","False","True","214","0x060021CB"
"DolocTown.FishTank","AddFeeds","System.Void DolocTown.FishTank::AddFeeds(DolocTown.Config.Item.ItemInfo)","System.Void","DolocTown.Config.Item.ItemInfo proto","public","False","True","False","False","True","51","0x060021CC"
"DolocTown.FishTank","OpenFishTankUI","System.Void DolocTown.FishTank::OpenFishTankUI()","System.Void","","private","False","False","False","False","True","24","0x060021CD"
"DolocTown.FishTank","Update","System.Void DolocTown.FishTank::Update()","System.Void","","protected","False","True","False","False","True","57","0x060021CE"
"DolocTown.FishTank","UpdateNoRender","System.Void DolocTown.FishTank::UpdateNoRender()","System.Void","","protected","False","True","False","False","True","57","0x060021CF"
"DolocTown.FishTank","OnRender","System.Void DolocTown.FishTank::OnRender()","System.Void","","protected","False","True","False","False","True","87","0x060021D0"
"DolocTown.FishTank","OnUnRender","System.Void DolocTown.FishTank::OnUnRender()","System.Void","","protected","False","True","False","False","True","33","0x060021D1"
"DolocTown.FishTank","OnCreated","System.Void DolocTown.FishTank::OnCreated()","System.Void","","public","False","True","False","False","True","18","0x060021D2"
"DolocTown.FishTank","RetrieveItemOnRemoval","System.Void DolocTown.FishTank::RetrieveItemOnRemoval(System.Boolean)","System.Void","System.Boolean putInBackpack","public","False","True","False","False","True","20","0x060021D3"
"DolocTown.FishTank","Metabolism","System.Void DolocTown.FishTank::Metabolism(System.Boolean)","System.Void","System.Boolean shouldRender","private","False","False","False","False","True","63","0x060021D4"
"DolocTown.FishTank","GenFishProduct","System.Void DolocTown.FishTank::GenFishProduct()","System.Void","","private","False","False","False","False","True","12","0x060021D5"
"DolocTown.FishTank","SimulateFishProduct","System.Void DolocTown.FishTank::SimulateFishProduct()","System.Void","","private","False","False","False","False","True","12","0x060021D6"
"DolocTown.FishTank","_OnCloseInventory","System.Void DolocTown.FishTank::_OnCloseInventory()","System.Void","","private","False","False","False","False","True","43","0x060021D7"
"DolocTown.FishTank","get_inventory","DolocTown.LinearInventory DolocTown.FishTank::get_inventory()","DolocTown.LinearInventory","","public","False","True","False","False","True","12","0x060021D8"
"DolocTown.FishTank","get_title","System.String DolocTown.FishTank::get_title()","System.String","","public","False","True","False","False","True","12","0x060021D9"
"DolocTown.FishTank","get_totalCapacity","System.Int32 DolocTown.FishTank::get_totalCapacity()","System.Int32","","public","False","True","False","False","True","12","0x060021DA"
"DolocTown.FishTank","get_lineCapacity","System.Int32 DolocTown.FishTank::get_lineCapacity()","System.Int32","","public","False","True","False","False","True","12","0x060021DB"
"DolocTown.FishTank","ContentFilter","System.Boolean DolocTown.FishTank::ContentFilter(DolocTown.Item)","System.Boolean","DolocTown.Item content","public","False","True","False","False","True","13","0x060021DC"
"DolocTown.FishTank","get_FishTankEquipmentEntity","DolocTown.Equipment DolocTown.FishTank::get_FishTankEquipmentEntity()","DolocTown.Equipment","","public","False","True","False","False","True","2","0x060021DD"
"DolocTown.FishTank","<OnRender>b__50_0","System.Void DolocTown.FishTank::<OnRender>b__50_0(DolocTown.EquipmentParticleSystemRenderer)","System.Void","DolocTown.EquipmentParticleSystemRenderer R","private","False","False","False","False","True","19","0x060021DE"
"DolocTown.FishTank","<Metabolism>b__54_0","System.Void DolocTown.FishTank::<Metabolism>b__54_0(DolocTown.EquipmentParticleSystemRenderer)","System.Void","DolocTown.EquipmentParticleSystemRenderer R","private","False","False","False","False","True","19","0x060021DF"
"DolocTown.FishTank/<>c__DisplayClass45_0",".ctor","System.Void DolocTown.FishTank/<>c__DisplayClass45_0::.ctor()","System.Void","","public","False","False","False","True","True","7","0x06009D23"
"DolocTown.FishTank/<>c__DisplayClass45_0","<OnInteract>b__0","System.Void DolocTown.FishTank/<>c__DisplayClass45_0::<OnInteract>b__0()","System.Void","","internal","False","False","False","False","True","90","0x06009D24"
"DolocTown.FishTankEcological","get_IsGatherable","System.Boolean DolocTown.FishTankEcological::get_IsGatherable()","System.Boolean","","public","False","True","False","False","True","12","0x060021E0"
"DolocTown.FishTankEcological","Gather","DolocTown.Item[] DolocTown.FishTankEcological::Gather()","DolocTown.Item[]","","public","False","True","False","False","True","36","0x060021E1"
"DolocTown.FishTankEcological","get_IsDirty","System.Boolean DolocTown.FishTankEcological::get_IsDirty()","System.Boolean","","public","False","True","False","False","True","12","0x060021E2"
"DolocTown.FishTankEcological","get_tank","DolocTown.FarmFishTank DolocTown.FishTankEcological::get_tank()","DolocTown.FarmFishTank","","public","False","True","False","False","True","7","0x060021E3"
"DolocTown.FishTankEcological","set_tank","System.Void DolocTown.FishTankEcological::set_tank(DolocTown.FarmFishTank)","System.Void","DolocTown.FarmFishTank value","private","False","False","False","False","True","8","0x060021E4"
"DolocTown.FishTankEcological","get_updateCounter","RedSaw.Counter DolocTown.FishTankEcological::get_updateCounter()","RedSaw.Counter","","public","False","False","False","False","True","7","0x060021E5"
"DolocTown.FishTankEcological","set_updateCounter","System.Void DolocTown.FishTankEcological::set_updateCounter(RedSaw.Counter)","System.Void","RedSaw.Counter value","private","False","False","False","False","True","8","0x060021E6"
"DolocTown.FishTankEcological","get_workCounter","RedSaw.Counter DolocTown.FishTankEcological::get_workCounter()","RedSaw.Counter","","public","False","True","False","False","True","7","0x060021E7"
"DolocTown.FishTankEcological","set_workCounter","System.Void DolocTown.FishTankEcological::set_workCounter(RedSaw.Counter)","System.Void","RedSaw.Counter value","private","False","False","False","False","True","8","0x060021E8"
"DolocTown.FishTankEcological","get_isWorking","System.Boolean DolocTown.FishTankEcological::get_isWorking()","System.Boolean","","public","False","True","False","False","True","7","0x060021E9"
"DolocTown.FishTankEcological","set_isWorking","System.Void DolocTown.FishTankEcological::set_isWorking(System.Boolean)","System.Void","System.Boolean value","public","False","True","False","False","True","8","0x060021EA"
"DolocTown.FishTankEcological","get_Energy","System.Int32 DolocTown.FishTankEcological::get_Energy()","System.Int32","","public","False","True","False","False","True","2","0x060021EB"
"DolocTown.FishTankEcological","get_EnergyCapacity","System.Int32 DolocTown.FishTankEcological::get_EnergyCapacity()","System.Int32","","public","False","True","False","False","True","2","0x060021EC"
"DolocTown.FishTankEcological","get_EnergyPercent","System.Single DolocTown.FishTankEcological::get_EnergyPercent()","System.Single","","public","False","True","False","False","True","6","0x060021ED"
"DolocTown.FishTankEcological","get_CanAddFeeds","System.Boolean DolocTown.FishTankEcological::get_CanAddFeeds()","System.Boolean","","public","False","True","False","False","True","2","0x060021EE"
"DolocTown.FishTankEcological","get_shouldWork","System.Boolean DolocTown.FishTankEcological::get_shouldWork()","System.Boolean","","public","False","True","False","False","True","15","0x060021EF"
"DolocTown.FishTankEcological","get_CurrentPrompt","System.String DolocTown.FishTankEcological::get_CurrentPrompt()","System.String","","private","False","False","False","False","True","35","0x060021F0"
"DolocTown.FishTankEcological",".ctor","System.Void DolocTown.FishTankEcological::.ctor(DolocTown.IEquipmentHost,System.Int32,DolocTown.Config.Equipment.EquipmentInfo,UnityEngine.Vector3,UnityEngine.Vector2Int,System.Boolean)","System.Void","DolocTown.IEquipmentHost host; System.Int32 instanceId; DolocTown.Config.Equipment.EquipmentInfo proto; UnityEngine.Vector3 wp; UnityEngine.Vector2Int anchor; System.Boolean turn","public","False","False","False","True","True","173","0x060021F1"
"DolocTown.FishTankEcological",".ctor","System.Void DolocTown.FishTankEcological::.ctor(System.Int32,UnityEngine.Vector2Int,UnityEngine.Vector3,System.String,DolocTown.Equipment/WeatherDecoratorManager,DolocTown.ElectronicComponent,DolocTown.DecalInfo,System.Boolean,DolocTown.FarmFishTank,RedSaw.Counter,System.Boolean,RedSaw.Counter)","System.Void","System.Int32 id; UnityEngine.Vector2Int anchor; UnityEngine.Vector3 position; System.String equipmentName; DolocTown.Equipment/WeatherDecoratorManager decorator; DolocTown.ElectronicComponent electronicComponent; DolocTown.DecalInfo decalInfo; System.Boolean turn; DolocTown.FarmFishTank tank; RedSaw.Counter workCounter; System.Boolean isWorking; RedSaw.Counter updateCounter","public","False","False","False","True","True","265","0x060021F2"
"DolocTown.FishTankEcological","AfterLoadEquipment","System.Void DolocTown.FishTankEcological::AfterLoadEquipment()","System.Void","","public","False","True","False","False","True","19","0x060021F3"
"DolocTown.FishTankEcological","AddFeeds","System.Void DolocTown.FishTankEcological::AddFeeds(DolocTown.Config.Item.ItemInfo)","System.Void","DolocTown.Config.Item.ItemInfo proto","public","False","True","False","False","True","1","0x060021F4"
"DolocTown.FishTankEcological","OnTouch","System.Void DolocTown.FishTankEcological::OnTouch()","System.Void","","protected","False","True","False","False","True","31","0x060021F5"
"DolocTown.FishTankEcological","OnDisTouch","System.Void DolocTown.FishTankEcological::OnDisTouch()","System.Void","","protected","False","True","False","False","True","13","0x060021F6"
"DolocTown.FishTankEcological","OnInteract","System.Void DolocTown.FishTankEcological::OnInteract()","System.Void","","protected","False","True","False","False","True","108","0x060021F7"
"DolocTown.FishTankEcological","Update","System.Void DolocTown.FishTankEcological::Update()","System.Void","","protected","False","True","False","False","True","36","0x060021F8"
"DolocTown.FishTankEcological","UpdateNoRender","System.Void DolocTown.FishTankEcological::UpdateNoRender()","System.Void","","protected","False","True","False","False","True","36","0x060021F9"
"DolocTown.FishTankEcological","OnRender","System.Void DolocTown.FishTankEcological::OnRender()","System.Void","","protected","False","True","False","False","True","87","0x060021FA"
"DolocTown.FishTankEcological","OnUnRender","System.Void DolocTown.FishTankEcological::OnUnRender()","System.Void","","protected","False","True","False","False","True","28","0x060021FB"
"DolocTown.FishTankEcological","OnCreated","System.Void DolocTown.FishTankEcological::OnCreated()","System.Void","","public","False","True","False","False","True","18","0x060021FC"
"DolocTown.FishTankEcological","RetrieveItemOnRemoval","System.Void DolocTown.FishTankEcological::RetrieveItemOnRemoval(System.Boolean)","System.Void","System.Boolean putInBackpack","public","False","True","False","False","True","20","0x060021FD"
"DolocTown.FishTankEcological","_OnCloseInventory","System.Void DolocTown.FishTankEcological::_OnCloseInventory()","System.Void","","private","False","False","False","False","True","43","0x060021FE"
"DolocTown.FishTankEcological","get_Appliance","DolocTown.ElectronicComponentAppliance DolocTown.FishTankEcological::get_Appliance()","DolocTown.ElectronicComponentAppliance","","public","False","True","False","False","True","7","0x060021FF"
"DolocTown.FishTankEcological","set_Appliance","System.Void DolocTown.FishTankEcological::set_Appliance(DolocTown.ElectronicComponentAppliance)","System.Void","DolocTown.ElectronicComponentAppliance value","private","False","False","False","False","True","8","0x06002200"
"DolocTown.FishTankEcological","OnApplianceWork","System.Void DolocTown.FishTankEcological::OnApplianceWork()","System.Void","","public","False","True","False","False","True","94","0x06002201"
"DolocTown.FishTankEcological","OnApplianceStart","System.Void DolocTown.FishTankEcological::OnApplianceStart()","System.Void","","public","False","True","False","False","True","21","0x06002202"
"DolocTown.FishTankEcological","OnApplianceIdle","System.Void DolocTown.FishTankEcological::OnApplianceIdle()","System.Void","","public","False","True","False","False","True","21","0x06002203"
"DolocTown.FishTankEcological","OnApplianceTurnOff","System.Void DolocTown.FishTankEcological::OnApplianceTurnOff()","System.Void","","public","False","True","False","False","True","20","0x06002204"
"DolocTown.FishTankEcological","get_title","System.String DolocTown.FishTankEcological::get_title()","System.String","","public","False","True","False","False","True","7","0x06002205"
"DolocTown.FishTankEcological","get_inventory","DolocTown.LinearInventory DolocTown.FishTankEcological::get_inventory()","DolocTown.LinearInventory","","public","False","True","False","False","True","12","0x06002206"
"DolocTown.FishTankEcological","get_totalCapacity","System.Int32 DolocTown.FishTankEcological::get_totalCapacity()","System.Int32","","public","False","True","False","False","True","12","0x06002207"
"DolocTown.FishTankEcological","get_lineCapacity","System.Int32 DolocTown.FishTankEcological::get_lineCapacity()","System.Int32","","public","False","True","False","False","True","12","0x06002208"
"DolocTown.FishTankEcological","ContentFilter","System.Boolean DolocTown.FishTankEcological::ContentFilter(DolocTown.Item)","System.Boolean","DolocTown.Item content","public","False","True","False","False","True","13","0x06002209"
"DolocTown.FishTankEcological","get_FishTankEquipmentEntity","DolocTown.Equipment DolocTown.FishTankEcological::get_FishTankEquipmentEntity()","DolocTown.Equipment","","public","False","True","False","False","True","2","0x0600220A"
"DolocTown.FishTankEcological","<OnRender>b__47_0","System.Void DolocTown.FishTankEcological::<OnRender>b__47_0(DolocTown.EquipmentParticleSystemRenderer)","System.Void","DolocTown.EquipmentParticleSystemRenderer R","private","False","False","False","False","True","19","0x0600220B"
"DolocTown.FishTankEcological","<OnApplianceWork>b__56_0","System.Void DolocTown.FishTankEcological::<OnApplianceWork>b__56_0(DolocTown.EquipmentParticleSystemRenderer)","System.Void","DolocTown.EquipmentParticleSystemRenderer R","private","False","False","False","False","True","19","0x0600220C"
"DolocTown.HoneyComb","get_products","System.String[] DolocTown.HoneyComb::get_products()","System.String[]","","private","False","False","False","False","True","12","0x0600220F"
"DolocTown.HoneyComb","CollectProduct","System.Void DolocTown.HoneyComb::CollectProduct()","System.Void","","private","False","False","False","False","True","99","0x06002213"
"DolocTown.HoneyComb","ProduceHoney","System.Void DolocTown.HoneyComb::ProduceHoney(DolocTown.CountItem[])","System.Void","DolocTown.CountItem[] items","public","False","True","False","False","True","118","0x0600221F"
"DolocTown.LintRoller","Produce","System.Void DolocTown.LintRoller::Produce(DolocTown.CountItem[])","System.Void","DolocTown.CountItem[] items","public","False","True","False","False","True","45","0x0600222F"
"DolocTown.MilkingMachine","Produce","System.Void DolocTown.MilkingMachine::Produce(DolocTown.CountItem[])","System.Void","DolocTown.CountItem[] items","public","False","True","False","False","True","52","0x06002249"
"DolocTown.CollectionManager","GetFishDocumentCount","System.Int32 DolocTown.CollectionManager::GetFishDocumentCount()","System.Int32","","public","False","False","False","False","True","117","0x060025AC"
"DolocTown.CollectionManager","RefreshAnimalProductRecord","System.Int32 DolocTown.CollectionManager::RefreshAnimalProductRecord(System.String,System.String&)","System.Int32","System.String name; System.String& title","public","False","False","False","False","True","268","0x060025B1"
"DolocTown.CollectionManager","RefreshFishRecord","System.Int32 DolocTown.CollectionManager::RefreshFishRecord(System.String,System.String&)","System.Int32","System.String name; System.String& title","public","False","False","False","False","True","146","0x060025B2"
"DolocTown.CollectionManager/<>c__DisplayClass20_0","<GetFishDocumentCount>b__0","System.Boolean DolocTown.CollectionManager/<>c__DisplayClass20_0::<GetFishDocumentCount>b__0(DolocTown.Config.Archives.DocumentNodeInfo)","System.Boolean","DolocTown.Config.Archives.DocumentNodeInfo info","internal","False","False","False","False","True","23","0x06009D97"
"DolocTown.CollectionManager/<>c","<RefreshAnimalProductRecord>b__25_0","System.Boolean DolocTown.CollectionManager/<>c::<RefreshAnimalProductRecord>b__25_0(System.String)","System.Boolean","System.String item","internal","False","False","False","False","True","25","0x06009D9F"
"DolocTown.FishIncubator","get_IsDirty","System.Boolean DolocTown.FishIncubator::get_IsDirty()","System.Boolean","","public","False","True","False","False","True","15","0x060026F0"
"DolocTown.FishIncubator","get_inventory","DolocTown.LinearInventory DolocTown.FishIncubator::get_inventory()","DolocTown.LinearInventory","","public","False","True","False","False","True","7","0x060026F1"
"DolocTown.FishIncubator","set_inventory","System.Void DolocTown.FishIncubator::set_inventory(DolocTown.LinearInventory)","System.Void","DolocTown.LinearInventory value","private","False","False","False","False","True","8","0x060026F2"
"DolocTown.FishIncubator",".ctor","System.Void DolocTown.FishIncubator::.ctor(DolocTown.IEquipmentHost,System.Int32,DolocTown.Config.Equipment.EquipmentInfo,UnityEngine.Vector3,UnityEngine.Vector2Int,System.Boolean)","System.Void","DolocTown.IEquipmentHost host; System.Int32 instanceId; DolocTown.Config.Equipment.EquipmentInfo proto; UnityEngine.Vector3 wp; UnityEngine.Vector2Int anchor; System.Boolean turn","public","False","False","False","True","True","82","0x060026F3"
"DolocTown.FishIncubator",".ctor","System.Void DolocTown.FishIncubator::.ctor(System.Int32,UnityEngine.Vector2Int,UnityEngine.Vector3,System.String,DolocTown.Equipment/WeatherDecoratorManager,DolocTown.ElectronicComponent,DolocTown.DecalInfo,System.Boolean,DolocTown.LinearInventory,System.Boolean,System.Boolean,RedSaw.Counter)","System.Void","System.Int32 id; UnityEngine.Vector2Int anchor; UnityEngine.Vector3 position; System.String equipmentName; DolocTown.Equipment/WeatherDecoratorManager decorator; DolocTown.ElectronicComponent electronicComponent; DolocTown.DecalInfo decalInfo; System.Boolean turn; DolocTown.LinearInventory inventory; System.Boolean isIdle; System.Boolean isWorking; RedSaw.Counter counter","public","False","False","False","True","True","118","0x060026F4"
"DolocTown.FishIncubator","ResolveStatus","System.Void DolocTown.FishIncubator::ResolveStatus()","System.Void","","private","False","False","False","False","True","73","0x060026F5"
"DolocTown.FishIncubator","OnWorking","System.Void DolocTown.FishIncubator::OnWorking(System.Boolean)","System.Void","System.Boolean isRender","public","False","True","False","False","True","24","0x060026F6"
"DolocTown.FishIncubator","Incubate","System.Boolean DolocTown.FishIncubator::Incubate()","System.Boolean","","private","False","False","False","False","True","229","0x060026F7"
"DolocTown.FishIncubator","OnTouch","System.Void DolocTown.FishIncubator::OnTouch()","System.Void","","protected","False","True","False","False","True","35","0x060026F8"
"DolocTown.FishIncubator","OnDisTouch","System.Void DolocTown.FishIncubator::OnDisTouch()","System.Void","","protected","False","True","False","False","True","13","0x060026F9"
"DolocTown.FishIncubator","OnInteract","System.Void DolocTown.FishIncubator::OnInteract()","System.Void","","protected","False","True","False","False","True","19","0x060026FA"
"DolocTown.FishIncubator","OnRender","System.Void DolocTown.FishIncubator::OnRender()","System.Void","","protected","False","True","False","False","True","7","0x060026FB"
"DolocTown.FishIncubator","UpdateRenderer","System.Void DolocTown.FishIncubator::UpdateRenderer()","System.Void","","private","False","False","False","False","True","64","0x060026FC"
"DolocTown.FishIncubator","OnUnRender","System.Void DolocTown.FishIncubator::OnUnRender()","System.Void","","protected","False","True","False","False","True","17","0x060026FD"
"DolocTown.FishIncubator","_OnCloseInventory","System.Void DolocTown.FishIncubator::_OnCloseInventory()","System.Void","","private","False","False","False","False","True","132","0x060026FE"
"DolocTown.FishIncubator","get_title","System.String DolocTown.FishIncubator::get_title()","System.String","","public","False","True","False","False","True","12","0x060026FF"
"DolocTown.FishIncubator","get_totalCapacity","System.Int32 DolocTown.FishIncubator::get_totalCapacity()","System.Int32","","public","False","True","False","False","True","12","0x06002700"
"DolocTown.FishIncubator","get_lineCapacity","System.Int32 DolocTown.FishIncubator::get_lineCapacity()","System.Int32","","public","False","True","False","False","True","12","0x06002701"
"DolocTown.FishIncubator","ContentFilter","System.Boolean DolocTown.FishIncubator::ContentFilter(DolocTown.Item)","System.Boolean","DolocTown.Item content","public","False","True","False","False","True","20","0x06002702"
"DolocTown.FishIncubator","<OnInteract>b__17_0","System.Boolean DolocTown.FishIncubator::<OnInteract>b__17_0(DolocTown.FishTankUiState)","System.Boolean","DolocTown.FishTankUiState state","private","False","False","False","False","True","52","0x06002703"
"DolocTown.FishIncubator/<>c",".cctor","System.Void DolocTown.FishIncubator/<>c::.cctor()","System.Void","","private","True","False","False","True","True","11","0x06009DC6"
"DolocTown.FishIncubator/<>c",".ctor","System.Void DolocTown.FishIncubator/<>c::.ctor()","System.Void","","public","False","False","False","True","True","7","0x06009DC7"
"DolocTown.FishIncubator/<>c","<OnInteract>b__17_1","System.String DolocTown.FishIncubator/<>c::<OnInteract>b__17_1()","System.String","","internal","False","False","False","False","True","6","0x06009DC8"
"DolocTown.FishIncubator/<>c","<_OnCloseInventory>b__21_0","System.Boolean DolocTown.FishIncubator/<>c::<_OnCloseInventory>b__21_0(DolocTown.Item)","System.Boolean","DolocTown.Item x","internal","False","False","False","False","True","10","0x06009DC9"
"DolocTown.FishIncubator/<>c","<_OnCloseInventory>b__21_1","System.Int32 DolocTown.FishIncubator/<>c::<_OnCloseInventory>b__21_1(DolocTown.Item)","System.Int32","DolocTown.Item x","internal","False","False","False","False","True","12","0x06009DCA"
"DolocTown.FishTankElectricEel","get_IsDirty","System.Boolean DolocTown.FishTankElectricEel::get_IsDirty()","System.Boolean","","public","False","True","False","False","True","25","0x06002704"
"DolocTown.FishTankElectricEel","get_tank","DolocTown.FarmFishTank DolocTown.FishTankElectricEel::get_tank()","DolocTown.FarmFishTank","","public","False","True","False","False","True","7","0x06002705"
"DolocTown.FishTankElectricEel","set_tank","System.Void DolocTown.FishTankElectricEel::set_tank(DolocTown.FarmFishTank)","System.Void","DolocTown.FarmFishTank value","private","False","False","False","False","True","8","0x06002706"
"DolocTown.FishTankElectricEel","get_CurrentPrompt","System.String DolocTown.FishTankElectricEel::get_CurrentPrompt()","System.String","","private","False","False","False","False","True","35","0x06002707"
"DolocTown.FishTankElectricEel","get_Energy","System.Int32 DolocTown.FishTankElectricEel::get_Energy()","System.Int32","","public","False","True","False","False","True","7","0x06002708"
"DolocTown.FishTankElectricEel","get_EnergyCapacity","System.Int32 DolocTown.FishTankElectricEel::get_EnergyCapacity()","System.Int32","","public","False","True","False","False","True","12","0x06002709"
"DolocTown.FishTankElectricEel","get_EnergyPercent","System.Single DolocTown.FishTankElectricEel::get_EnergyPercent()","System.Single","","public","False","True","False","False","True","21","0x0600270A"
"DolocTown.FishTankElectricEel","get_CanAddFeeds","System.Boolean DolocTown.FishTankElectricEel::get_CanAddFeeds()","System.Boolean","","public","False","True","False","False","True","2","0x0600270B"
"DolocTown.FishTankElectricEel","get_BarPosition","UnityEngine.Vector2 DolocTown.FishTankElectricEel::get_BarPosition()","UnityEngine.Vector2","","public","False","False","False","False","True","32","0x0600270C"
"DolocTown.FishTankElectricEel",".ctor","System.Void DolocTown.FishTankElectricEel::.ctor(DolocTown.IEquipmentHost,System.Int32,DolocTown.Config.Equipment.EquipmentInfo,UnityEngine.Vector3,UnityEngine.Vector2Int,System.Boolean)","System.Void","DolocTown.IEquipmentHost host; System.Int32 id; DolocTown.Config.Equipment.EquipmentInfo proto; UnityEngine.Vector3 wp; UnityEngine.Vector2Int anchor; System.Boolean turn","public","False","False","False","True","True","105","0x0600270D"
"DolocTown.FishTankElectricEel",".ctor","System.Void DolocTown.FishTankElectricEel::.ctor(System.Int32,UnityEngine.Vector2Int,UnityEngine.Vector3,System.String,DolocTown.Equipment/WeatherDecoratorManager,DolocTown.ElectronicComponent,DolocTown.DecalInfo,System.Boolean,DolocTown.FarmFishTank,System.Int32,RedSaw.Counter)","System.Void","System.Int32 id; UnityEngine.Vector2Int anchor; UnityEngine.Vector3 position; System.String equipmentName; DolocTown.Equipment/WeatherDecoratorManager decorator; DolocTown.ElectronicComponent electronicComponent; DolocTown.DecalInfo decalInfo; System.Boolean turn; DolocTown.FarmFishTank tank; System.Int32 energy; RedSaw.Counter metabolismCounter","protected","False","False","False","True","True","182","0x0600270E"
"DolocTown.FishTankElectricEel","AfterLoadEquipment","System.Void DolocTown.FishTankElectricEel::AfterLoadEquipment()","System.Void","","public","False","True","False","False","True","19","0x0600270F"
"DolocTown.FishTankElectricEel","Update","System.Void DolocTown.FishTankElectricEel::Update()","System.Void","","protected","False","True","False","False","True","87","0x06002710"
"DolocTown.FishTankElectricEel","UpdateNoRender","System.Void DolocTown.FishTankElectricEel::UpdateNoRender()","System.Void","","protected","False","True","False","False","True","87","0x06002711"
"DolocTown.FishTankElectricEel","ShowProgressBar","System.Void DolocTown.FishTankElectricEel::ShowProgressBar()","System.Void","","private","False","False","False","False","True","88","0x06002712"
"DolocTown.FishTankElectricEel","HideProgressBar","System.Void DolocTown.FishTankElectricEel::HideProgressBar()","System.Void","","private","False","False","False","False","True","44","0x06002713"
"DolocTown.FishTankElectricEel","UpdateProgressBar","System.Void DolocTown.FishTankElectricEel::UpdateProgressBar()","System.Void","","private","False","False","False","False","True","63","0x06002714"
"DolocTown.FishTankElectricEel","OnTouch","System.Void DolocTown.FishTankElectricEel::OnTouch()","System.Void","","protected","False","True","False","False","True","37","0x06002715"
"DolocTown.FishTankElectricEel","OnDisTouch","System.Void DolocTown.FishTankElectricEel::OnDisTouch()","System.Void","","protected","False","True","False","False","True","19","0x06002716"
"DolocTown.FishTankElectricEel","OnInteract","System.Void DolocTown.FishTankElectricEel::OnInteract()","System.Void","","protected","False","True","False","False","True","170","0x06002717"
"DolocTown.FishTankElectricEel","OnRender","System.Void DolocTown.FishTankElectricEel::OnRender()","System.Void","","protected","False","True","False","False","True","72","0x06002718"
"DolocTown.FishTankElectricEel","OnCreated","System.Void DolocTown.FishTankElectricEel::OnCreated()","System.Void","","public","False","True","False","False","True","18","0x06002719"
"DolocTown.FishTankElectricEel","RetrieveItemOnRemoval","System.Void DolocTown.FishTankElectricEel::RetrieveItemOnRemoval(System.Boolean)","System.Void","System.Boolean putInBackpack","public","False","True","False","False","True","20","0x0600271A"
"DolocTown.FishTankElectricEel","OnUnRender","System.Void DolocTown.FishTankElectricEel::OnUnRender()","System.Void","","protected","False","True","False","False","True","22","0x0600271B"
"DolocTown.FishTankElectricEel","_OnCloseInventory","System.Void DolocTown.FishTankElectricEel::_OnCloseInventory()","System.Void","","private","False","False","False","False","True","38","0x0600271C"
"DolocTown.FishTankElectricEel","get_title","System.String DolocTown.FishTankElectricEel::get_title()","System.String","","public","False","True","False","False","True","7","0x0600271D"
"DolocTown.FishTankElectricEel","get_inventory","DolocTown.LinearInventory DolocTown.FishTankElectricEel::get_inventory()","DolocTown.LinearInventory","","public","False","True","False","False","True","12","0x0600271E"
"DolocTown.FishTankElectricEel","get_totalCapacity","System.Int32 DolocTown.FishTankElectricEel::get_totalCapacity()","System.Int32","","public","False","True","False","False","True","12","0x0600271F"
"DolocTown.FishTankElectricEel","get_lineCapacity","System.Int32 DolocTown.FishTankElectricEel::get_lineCapacity()","System.Int32","","public","False","True","False","False","True","12","0x06002720"
"DolocTown.FishTankElectricEel","ContentFilter","System.Boolean DolocTown.FishTankElectricEel::ContentFilter(DolocTown.Item)","System.Boolean","DolocTown.Item content","public","False","True","False","False","True","32","0x06002721"
"DolocTown.FishTankElectricEel","AddFeeds","System.Void DolocTown.FishTankElectricEel::AddFeeds(DolocTown.Config.Item.ItemInfo)","System.Void","DolocTown.Config.Item.ItemInfo proto","public","False","True","False","False","True","51","0x06002722"
"DolocTown.FishTankElectricEel","get_FishTankEquipmentEntity","DolocTown.Equipment DolocTown.FishTankElectricEel::get_FishTankEquipmentEntity()","DolocTown.Equipment","","public","False","True","False","False","True","2","0x06002723"
"DolocTown.FishTankExtension","get_TouchableAsDecal","System.Boolean DolocTown.FishTankExtension::get_TouchableAsDecal()","System.Boolean","","public","False","True","False","False","True","2","0x06002724"
"DolocTown.FishTankExtension","get_HostFishTank","DolocTown.Equipment DolocTown.FishTankExtension::get_HostFishTank()","DolocTown.Equipment","","public","False","False","False","False","True","12","0x06002725"
"DolocTown.FishTankExtension","get_extensionFunc","DolocTown.Config.Equipment.EquipmentFuncFishTankExtension DolocTown.FishTankExtension::get_extensionFunc()","DolocTown.Config.Equipment.EquipmentFuncFishTankExtension","","public","False","False","False","False","True","17","0x06002726"
"DolocTown.FishTankExtension",".ctor","System.Void DolocTown.FishTankExtension::.ctor(DolocTown.IEquipmentHost,System.Int32,DolocTown.Config.Equipment.EquipmentInfo,UnityEngine.Vector3,UnityEngine.Vector2Int,System.Boolean)","System.Void","DolocTown.IEquipmentHost host; System.Int32 instanceId; DolocTown.Config.Equipment.EquipmentInfo proto; UnityEngine.Vector3 wp; UnityEngine.Vector2Int anchor; System.Boolean turn","public","False","False","False","True","True","16","0x06002727"
"DolocTown.FishTankExtension",".ctor","System.Void DolocTown.FishTankExtension::.ctor(System.Int32,UnityEngine.Vector2Int,UnityEngine.Vector3,System.String,DolocTown.Equipment/WeatherDecoratorManager,DolocTown.ElectronicComponent,DolocTown.DecalInfo,System.Boolean)","System.Void","System.Int32 id; UnityEngine.Vector2Int anchor; UnityEngine.Vector3 position; System.String equipmentName; DolocTown.Equipment/WeatherDecoratorManager decorator; DolocTown.ElectronicComponent electronicComponent; DolocTown.DecalInfo decalInfo; System.Boolean turn","public","False","False","False","True","True","20","0x06002728"
"DolocTown.FishTankExtension","OnCreated","System.Void DolocTown.FishTankExtension::OnCreated()","System.Void","","public","False","True","False","False","True","33","0x06002729"
"DolocTown.IFishTank","get_tank","DolocTown.FarmFishTank DolocTown.IFishTank::get_tank()","DolocTown.FarmFishTank","","public","False","True","True","False","False","0","0x0600272A"
"DolocTown.IFishTank","get_Energy","System.Int32 DolocTown.IFishTank::get_Energy()","System.Int32","","public","False","True","True","False","False","0","0x0600272B"
"DolocTown.IFishTank","get_EnergyCapacity","System.Int32 DolocTown.IFishTank::get_EnergyCapacity()","System.Int32","","public","False","True","True","False","False","0","0x0600272C"
"DolocTown.IFishTank","get_EnergyPercent","System.Single DolocTown.IFishTank::get_EnergyPercent()","System.Single","","public","False","True","True","False","False","0","0x0600272D"
"DolocTown.IFishTank","get_CanAddFeeds","System.Boolean DolocTown.IFishTank::get_CanAddFeeds()","System.Boolean","","public","False","True","True","False","False","0","0x0600272E"
"DolocTown.IFishTank","AddFeeds","System.Void DolocTown.IFishTank::AddFeeds(DolocTown.Config.Item.ItemInfo)","System.Void","DolocTown.Config.Item.ItemInfo proto","public","False","True","True","False","False","0","0x0600272F"
"DolocTown.IFishTank","get_FishTankEquipmentEntity","DolocTown.Equipment DolocTown.IFishTank::get_FishTankEquipmentEntity()","DolocTown.Equipment","","public","False","True","True","False","False","0","0x06002730"
"DolocTown.GeneIncubator","<OnInteract>b__10_0","System.Boolean DolocTown.GeneIncubator::<OnInteract>b__10_0(DolocTown.FishTankUiState)","System.Boolean","DolocTown.FishTankUiState state","private","False","False","False","False","True","52","0x06002813"
"DolocTown.GeneReplicator","<OnInteract>b__14_0","System.Boolean DolocTown.GeneReplicator::<OnInteract>b__14_0(DolocTown.FishTankUiState)","System.Boolean","DolocTown.FishTankUiState state","private","False","False","False","False","True","73","0x0600282C"
"DolocTown.GeneSynthesizer","<OnInteract>b__10_0","System.Boolean DolocTown.GeneSynthesizer::<OnInteract>b__10_0(DolocTown.FishTankUiState)","System.Boolean","DolocTown.FishTankUiState state","private","False","False","False","False","True","52","0x0600283F"
"DolocTown.EquipmentPatch","CollectAnimalProducts","System.Void DolocTown.EquipmentPatch::CollectAnimalProducts(DolocTown.Equipment,System.Collections.Generic.List`1<System.String>)","System.Void","DolocTown.Equipment equipment; System.Collections.Generic.List`1<System.String> products","public","True","False","False","False","True","100","0x06002AA3"
"DolocTown.EquipmentPatch","ReceiveAnimalProducts","System.Void DolocTown.EquipmentPatch::ReceiveAnimalProducts(DolocTown.Equipment,System.Collections.Generic.List`1<System.String>,DolocTown.CountItem[],System.Int32)","System.Void","DolocTown.Equipment equipment; System.Collections.Generic.List`1<System.String> products; DolocTown.CountItem[] items; System.Int32 capacity","public","True","False","False","False","True","115","0x06002AA4"
"DolocTown.WD_AcidRain_PowerGenerator","SetStateAsCorroded","System.Void DolocTown.WD_AcidRain_PowerGenerator::SetStateAsCorroded()","System.Void","","protected","False","False","False","False","True","39","0x06002AEA"
"DolocTown.WD_AcidRain_Worker","SetStateAsCorroded","System.Void DolocTown.WD_AcidRain_Worker::SetStateAsCorroded()","System.Void","","protected","False","False","False","False","True","39","0x06002AFA"
"DolocTown.FarmFish","get_TotalEnergyCost","System.Int32 DolocTown.FarmFish::get_TotalEnergyCost()","System.Int32","","public","False","False","False","False","True","19","0x06002B75"
"DolocTown.FarmFish","get_TotalMetabolismIncrease","System.Int32 DolocTown.FarmFish::get_TotalMetabolismIncrease()","System.Int32","","public","False","False","False","False","True","19","0x06002B76"
"DolocTown.FarmFish",".ctor","System.Void DolocTown.FarmFish::.ctor(DolocTown.Config.Fishing.FarmFishInfo,System.Int32)","System.Void","DolocTown.Config.Fishing.FarmFishInfo proto; System.Int32 count","public","False","False","False","True","True","21","0x06002B77"
"DolocTown.FarmFish","Add","System.Void DolocTown.FarmFish::Add()","System.Void","","public","False","False","False","False","True","15","0x06002B78"
"DolocTown.FarmFishShoal","get_TotalFishCount","System.Int32 DolocTown.FarmFishShoal::get_TotalFishCount()","System.Int32","","public","False","False","False","False","True","43","0x06002B79"
"DolocTown.FarmFishShoal","get_TotalFishClassCount","System.Int32 DolocTown.FarmFishShoal::get_TotalFishClassCount()","System.Int32","","public","False","False","False","False","True","17","0x06002B7A"
"DolocTown.FarmFishShoal","get_TotalEnergyCost","System.Int32 DolocTown.FarmFishShoal::get_TotalEnergyCost()","System.Int32","","public","False","False","False","False","True","7","0x06002B7B"
"DolocTown.FarmFishShoal","set_TotalEnergyCost","System.Void DolocTown.FarmFishShoal::set_TotalEnergyCost(System.Int32)","System.Void","System.Int32 value","private","False","False","False","False","True","8","0x06002B7C"
"DolocTown.FarmFishShoal","get_TotalMetabolismIncrease","System.Int32 DolocTown.FarmFishShoal::get_TotalMetabolismIncrease()","System.Int32","","public","False","False","False","False","True","7","0x06002B7D"
"DolocTown.FarmFishShoal","set_TotalMetabolismIncrease","System.Void DolocTown.FarmFishShoal::set_TotalMetabolismIncrease(System.Int32)","System.Void","System.Int32 value","private","False","False","False","False","True","8","0x06002B7E"
"DolocTown.FarmFishShoal",".ctor","System.Void DolocTown.FarmFishShoal::.ctor()","System.Void","","public","False","False","False","True","True","18","0x06002B7F"
"DolocTown.FarmFishShoal","GetMetabolism","System.Int32 DolocTown.FarmFishShoal::GetMetabolism(System.Int32)","System.Int32","System.Int32 energy","public","False","False","False","False","True","42","0x06002B80"
"DolocTown.FarmFishShoal","Clear","System.Void DolocTown.FarmFishShoal::Clear()","System.Void","","public","False","False","False","False","True","26","0x06002B81"
"DolocTown.FarmFishShoal","UpdateStatus","System.Void DolocTown.FarmFishShoal::UpdateStatus()","System.Void","","public","False","False","False","False","True","119","0x06002B82"
"DolocTown.FarmFishShoal","RollFish","DolocTown.Config.Fishing.FarmFishInfo DolocTown.FarmFishShoal::RollFish()","DolocTown.Config.Fishing.FarmFishInfo","","public","False","False","False","False","True","89","0x06002B83"
"DolocTown.FarmFishShoal","AddFish","System.Void DolocTown.FarmFishShoal::AddFish(System.String)","System.Void","System.String fishName","public","False","False","False","False","True","71","0x06002B84"
"DolocTown.FarmFishShoal/<>c",".cctor","System.Void DolocTown.FarmFishShoal/<>c::.cctor()","System.Void","","private","True","False","False","True","True","11","0x06009E45"
"DolocTown.FarmFishShoal/<>c",".ctor","System.Void DolocTown.FarmFishShoal/<>c::.ctor()","System.Void","","public","False","False","False","True","True","7","0x06009E46"
"DolocTown.FarmFishShoal/<>c","<get_TotalFishCount>b__2_0","System.Int32 DolocTown.FarmFishShoal/<>c::<get_TotalFishCount>b__2_0(System.Collections.Generic.KeyValuePair`2<System.String,DolocTown.FarmFish>)","System.Int32","System.Collections.Generic.KeyValuePair`2<System.String,DolocTown.FarmFish> x","internal","False","False","False","False","True","13","0x06009E47"
"DolocTown.FarmFishShoal/<>c","<RollFish>b__17_0","System.Int32 DolocTown.FarmFishShoal/<>c::<RollFish>b__17_0(DolocTown.FarmFish)","System.Int32","DolocTown.FarmFish x","internal","False","False","False","False","True","7","0x06009E48"
"DolocTown.FarmFishTank","get_fishTankEquipment","DolocTown.Equipment DolocTown.FarmFishTank::get_fishTankEquipment()","DolocTown.Equipment","","public","False","False","False","False","True","7","0x06002B85"
"DolocTown.FarmFishTank","set_fishTankEquipment","System.Void DolocTown.FarmFishTank::set_fishTankEquipment(DolocTown.Equipment)","System.Void","DolocTown.Equipment value","private","False","False","False","False","True","8","0x06002B86"
"DolocTown.FarmFishTank","get_equipmentProto","DolocTown.Config.Equipment.EquipmentInfo DolocTown.FarmFishTank::get_equipmentProto()","DolocTown.Config.Equipment.EquipmentInfo","","private","False","False","False","False","True","12","0x06002B87"
"DolocTown.FarmFishTank","get_fishTankFunc","DolocTown.Config.Equipment.EquipmentFuncFishTankBase DolocTown.FarmFishTank::get_fishTankFunc()","DolocTown.Config.Equipment.EquipmentFuncFishTankBase","","private","False","False","False","False","True","17","0x06002B88"
"DolocTown.FarmFishTank","get_Valid","System.Boolean DolocTown.FarmFishTank::get_Valid()","System.Boolean","","public","False","False","False","False","True","28","0x06002B89"
"DolocTown.FarmFishTank","get_IsDirty","System.Boolean DolocTown.FarmFishTank::get_IsDirty()","System.Boolean","","public","False","False","False","False","True","30","0x06002B8A"
"DolocTown.FarmFishTank","get_name","System.String DolocTown.FarmFishTank::get_name()","System.String","","public","False","False","False","False","True","12","0x06002B8B"
"DolocTown.FarmFishTank","get_inventory","DolocTown.LinearInventory DolocTown.FarmFishTank::get_inventory()","DolocTown.LinearInventory","","public","False","False","False","False","True","7","0x06002B8C"
"DolocTown.FarmFishTank","set_inventory","System.Void DolocTown.FarmFishTank::set_inventory(DolocTown.LinearInventory)","System.Void","DolocTown.LinearInventory value","private","False","False","False","False","True","8","0x06002B8D"
"DolocTown.FarmFishTank","get_extensionInventory","DolocTown.LinearInventory DolocTown.FarmFishTank::get_extensionInventory()","DolocTown.LinearInventory","","public","False","False","False","False","True","7","0x06002B8E"
"DolocTown.FarmFishTank","set_extensionInventory","System.Void DolocTown.FarmFishTank::set_extensionInventory(DolocTown.LinearInventory)","System.Void","DolocTown.LinearInventory value","private","False","False","False","False","True","8","0x06002B8F"
"DolocTown.FarmFishTank","get_metabolism","System.Int32 DolocTown.FarmFishTank::get_metabolism()","System.Int32","","public","False","False","False","False","True","7","0x06002B90"
"DolocTown.FarmFishTank","set_metabolism","System.Void DolocTown.FarmFishTank::set_metabolism(System.Int32)","System.Void","System.Int32 value","private","False","False","False","False","True","8","0x06002B91"
"DolocTown.FarmFishTank","get_products","System.String[] DolocTown.FarmFishTank::get_products()","System.String[]","","public","False","False","False","False","True","12","0x06002B92"
"DolocTown.FarmFishTank","get_IsProductFull","System.Boolean DolocTown.FarmFishTank::get_IsProductFull()","System.Boolean","","public","False","False","False","False","True","28","0x06002B93"
"DolocTown.FarmFishTank","get_HasProduct","System.Boolean DolocTown.FarmFishTank::get_HasProduct()","System.Boolean","","public","False","False","False","False","True","15","0x06002B94"
"DolocTown.FarmFishTank","get_TotalFishCount","System.Int32 DolocTown.FarmFishTank::get_TotalFishCount()","System.Int32","","public","False","False","False","False","True","24","0x06002B95"
"DolocTown.FarmFishTank","get_fishShoal","DolocTown.FarmFishShoal DolocTown.FarmFishTank::get_fishShoal()","DolocTown.FarmFishShoal","","public","False","False","False","False","True","7","0x06002B96"
"DolocTown.FarmFishTank","set_fishShoal","System.Void DolocTown.FarmFishTank::set_fishShoal(DolocTown.FarmFishShoal)","System.Void","DolocTown.FarmFishShoal value","private","False","False","False","False","True","8","0x06002B97"
"DolocTown.FarmFishTank",".ctor","System.Void DolocTown.FarmFishTank::.ctor(DolocTown.Equipment)","System.Void","DolocTown.Equipment fishTankEquipment","public","False","False","False","True","True","93","0x06002B98"
"DolocTown.FarmFishTank",".ctor","System.Void DolocTown.FarmFishTank::.ctor(System.String,DolocTown.LinearInventory,DolocTown.LinearInventory,System.Int32,System.String[])","System.Void","System.String name; DolocTown.LinearInventory inventory; DolocTown.LinearInventory extensionInventory; System.Int32 metabolism; System.String[] products","protected","False","False","False","True","True","84","0x06002B99"
"DolocTown.FarmFishTank","SetEquipment","System.Void DolocTown.FarmFishTank::SetEquipment(DolocTown.Equipment)","System.Void","DolocTown.Equipment fishTank","public","False","False","False","False","True","69","0x06002B9A"
"DolocTown.FarmFishTank","OnHostRemove","System.Void DolocTown.FarmFishTank::OnHostRemove(System.Boolean)","System.Void","System.Boolean putInBackpack","public","False","False","False","False","True","67","0x06002B9B"
"DolocTown.FarmFishTank","get_ExtensionMetabolismIncrease","System.Int32 DolocTown.FarmFishTank::get_ExtensionMetabolismIncrease()","System.Int32","","public","False","False","False","False","True","7","0x06002B9C"
"DolocTown.FarmFishTank","set_ExtensionMetabolismIncrease","System.Void DolocTown.FarmFishTank::set_ExtensionMetabolismIncrease(System.Int32)","System.Void","System.Int32 value","private","False","False","False","False","True","8","0x06002B9D"
"DolocTown.FarmFishTank","get_ExtensionEnergyCapacity","System.Int32 DolocTown.FarmFishTank::get_ExtensionEnergyCapacity()","System.Int32","","public","False","False","False","False","True","7","0x06002B9E"
"DolocTown.FarmFishTank","set_ExtensionEnergyCapacity","System.Void DolocTown.FarmFishTank::set_ExtensionEnergyCapacity(System.Int32)","System.Void","System.Int32 value","private","False","False","False","False","True","8","0x06002B9F"
"DolocTown.FarmFishTank","get_TotalMetabolismIncrease","System.Int32 DolocTown.FarmFishTank::get_TotalMetabolismIncrease()","System.Int32","","public","False","False","False","False","True","19","0x06002BA0"
"DolocTown.FarmFishTank","RefreshFishTankExtensions","System.Void DolocTown.FarmFishTank::RefreshFishTankExtensions()","System.Void","","private","False","False","False","False","True","111","0x06002BA1"
"DolocTown.FarmFishTank","ResolveFishTank","System.Int32 DolocTown.FarmFishTank::ResolveFishTank()","System.Int32","","public","False","False","False","False","True","134","0x06002BA2"
"DolocTown.FarmFishTank","GetFishTankExtensions","DolocTown.FishTankExtension[] DolocTown.FarmFishTank::GetFishTankExtensions()","DolocTown.FishTankExtension[]","","private","False","False","False","False","True","12","0x06002BA3"
"DolocTown.FarmFishTank","RefreshFishTankExtensionsInventory","System.Void DolocTown.FarmFishTank::RefreshFishTankExtensionsInventory()","System.Void","","public","False","False","False","False","True","135","0x06002BA4"
"DolocTown.FarmFishTank","ApplyFishTankExtensions","System.Void DolocTown.FarmFishTank::ApplyFishTankExtensions()","System.Void","","public","False","False","False","False","True","141","0x06002BA5"
"DolocTown.FarmFishTank","RemoveAllFishTankExtensions","System.Void DolocTown.FarmFishTank::RemoveAllFishTankExtensions()","System.Void","","public","False","False","False","False","True","46","0x06002BA6"
"DolocTown.FarmFishTank","GenFishProcut","System.Void DolocTown.FarmFishTank::GenFishProcut()","System.Void","","public","False","False","False","False","True","13","0x06002BA7"
"DolocTown.FarmFishTank","SimulateFishProduct","System.Void DolocTown.FarmFishTank::SimulateFishProduct()","System.Void","","public","False","False","False","False","True","62","0x06002BA8"
"DolocTown.FarmFishTank","AddNaturalMetabolism","System.Int32 DolocTown.FarmFishTank::AddNaturalMetabolism(System.Int32)","System.Int32","System.Int32 energy","public","False","False","False","False","True","56","0x06002BA9"
"DolocTown.FarmFishTank","AddMetabolism","System.Void DolocTown.FarmFishTank::AddMetabolism(System.Int32)","System.Void","System.Int32 value","public","False","False","False","False","True","69","0x06002BAA"
"DolocTown.FarmFishTank","GrowFries","System.Void DolocTown.FarmFishTank::GrowFries()","System.Void","","public","False","False","False","False","True","204","0x06002BAB"
"DolocTown.FarmFishTank","FillProduct","System.Void DolocTown.FarmFishTank::FillProduct(DolocTown.CountItem[])","System.Void","DolocTown.CountItem[] output","private","False","False","False","False","True","94","0x06002BAC"
"DolocTown.FarmFishTank","TriggerEvent","System.Void DolocTown.FarmFishTank::TriggerEvent(System.String)","System.Void","System.String outputItemName","private","False","False","False","False","True","41","0x06002BAD"
"DolocTown.FarmFishTank","_GenFarmFishProduct","DolocTown.CountItem[] DolocTown.FarmFishTank::_GenFarmFishProduct(DolocTown.Config.Fishing.FarmFishInfo)","DolocTown.CountItem[]","DolocTown.Config.Fishing.FarmFishInfo proto","private","True","False","False","False","True","61","0x06002BAE"
"DolocTown.FarmFishTank","GetDefaultProduct","DolocTown.CountItem[] DolocTown.FarmFishTank::GetDefaultProduct()","DolocTown.CountItem[]","","private","False","False","False","False","True","28","0x06002BAF"
"DolocTown.FarmFishTank","GetFormationProduct","DolocTown.CountItem[] DolocTown.FarmFishTank::GetFormationProduct()","DolocTown.CountItem[]","","private","False","False","False","False","True","173","0x06002BB0"
"DolocTown.FarmFishTank","CollectProductItems","System.Void DolocTown.FarmFishTank::CollectProductItems()","System.Void","","public","False","False","False","False","True","56","0x06002BB1"
"DolocTown.FarmFishTank","GetProductItems","System.Collections.Generic.IEnumerable`1<DolocTown.Item> DolocTown.FarmFishTank::GetProductItems()","System.Collections.Generic.IEnumerable`1<DolocTown.Item>","","public","False","False","False","False","True","15","0x06002BB2"
"DolocTown.FarmFishTank","ShuffleFishes","System.Void DolocTown.FarmFishTank::ShuffleFishes()","System.Void","","public","False","False","False","False","True","330","0x06002BB3"
"DolocTown.FarmFishTank","ExtensionItemFilter","System.Boolean DolocTown.FarmFishTank::ExtensionItemFilter(DolocTown.Item)","System.Boolean","DolocTown.Item item","public","False","False","False","False","True","32","0x06002BB4"
"DolocTown.FarmFishTank","ContentFilter","System.Boolean DolocTown.FarmFishTank::ContentFilter(DolocTown.Item)","System.Boolean","DolocTown.Item content","public","False","False","False","False","True","42","0x06002BB5"
"DolocTown.FarmFishTank","OpenFishTankUI","System.Void DolocTown.FarmFishTank::OpenFishTankUI(System.Action)","System.Void","System.Action onUiExit","public","False","False","False","False","True","37","0x06002BB6"
"DolocTown.FarmFishTank","GetInfoText","System.String DolocTown.FarmFishTank::GetInfoText()","System.String","","private","False","False","False","False","True","155","0x06002BB7"
"DolocTown.FarmFishTank/<>c",".cctor","System.Void DolocTown.FarmFishTank/<>c::.cctor()","System.Void","","private","True","False","False","True","True","11","0x06009E49"
"DolocTown.FarmFishTank/<>c",".ctor","System.Void DolocTown.FarmFishTank/<>c::.ctor()","System.Void","","public","False","False","False","True","True","7","0x06009E4A"
"DolocTown.FarmFishTank/<>c","<GrowFries>b__64_0","System.Boolean DolocTown.FarmFishTank/<>c::<GrowFries>b__64_0(DolocTown.ItemFishFry)","System.Boolean","DolocTown.ItemFishFry fry","internal","False","False","False","False","True","7","0x06009E4B"
"DolocTown.FarmFishTank/<>c","<GetFormationProduct>b__69_0","System.String DolocTown.FarmFishTank/<>c::<GetFormationProduct>b__69_0(DolocTown.Item)","System.String","DolocTown.Item x","internal","False","False","False","False","True","7","0x06009E4C"
"DolocTown.FarmFishTank/<>c","<GetFormationProduct>b__69_1","System.Int32 DolocTown.FarmFishTank/<>c::<GetFormationProduct>b__69_1(DolocTown.Config.Fishing.FarmFishFormationInfo)","System.Int32","DolocTown.Config.Fishing.FarmFishFormationInfo x","internal","False","False","False","False","True","7","0x06009E4D"
"DolocTown.FarmFishTank/<GetProductItems>d__71",".ctor","System.Void DolocTown.FarmFishTank/<GetProductItems>d__71::.ctor(System.Int32)","System.Void","System.Int32 <>1__state","public","False","False","False","True","True","25","0x06009E4E"
"DolocTown.FarmFishTank/<GetProductItems>d__71","System.IDisposable.Dispose","System.Void DolocTown.FarmFishTank/<GetProductItems>d__71::System.IDisposable.Dispose()","System.Void","","private","False","True","False","False","True","29","0x06009E4F"
"DolocTown.FarmFishTank/<GetProductItems>d__71","MoveNext","System.Boolean DolocTown.FarmFishTank/<GetProductItems>d__71::MoveNext()","System.Boolean","","private","False","True","False","False","True","299","0x06009E50"
"DolocTown.FarmFishTank/<GetProductItems>d__71","<>m__Finally1","System.Void DolocTown.FarmFishTank/<GetProductItems>d__71::<>m__Finally1()","System.Void","","private","False","False","False","False","True","25","0x06009E51"
"DolocTown.FarmFishTank/<GetProductItems>d__71","System.Collections.Generic.IEnumerator<DolocTown.Item>.get_Current","DolocTown.Item DolocTown.FarmFishTank/<GetProductItems>d__71::System.Collections.Generic.IEnumerator<DolocTown.Item>.get_Current()","DolocTown.Item","","private","False","True","False","False","True","7","0x06009E52"
"DolocTown.FarmFishTank/<GetProductItems>d__71","System.Collections.IEnumerator.Reset","System.Void DolocTown.FarmFishTank/<GetProductItems>d__71::System.Collections.IEnumerator.Reset()","System.Void","","private","False","True","False","False","True","6","0x06009E53"
"DolocTown.FarmFishTank/<GetProductItems>d__71","System.Collections.IEnumerator.get_Current","System.Object DolocTown.FarmFishTank/<GetProductItems>d__71::System.Collections.IEnumerator.get_Current()","System.Object","","private","False","True","False","False","True","7","0x06009E54"
"DolocTown.FarmFishTank/<GetProductItems>d__71","System.Collections.Generic.IEnumerable<DolocTown.Item>.GetEnumerator","System.Collections.Generic.IEnumerator`1<DolocTown.Item> DolocTown.FarmFishTank/<GetProductItems>d__71::System.Collections.Generic.IEnumerable<DolocTown.Item>.GetEnumerator()","System.Collections.Generic.IEnumerator`1<DolocTown.Item>","","private","False","True","False","False","True","55","0x06009E55"
"DolocTown.FarmFishTank/<GetProductItems>d__71","System.Collections.IEnumerable.GetEnumerator","System.Collections.IEnumerator DolocTown.FarmFishTank/<GetProductItems>d__71::System.Collections.IEnumerable.GetEnumerator()","System.Collections.IEnumerator","","private","False","True","False","False","True","7","0x06009E56"
"DolocTown.FarmFishTank/<>c__DisplayClass75_0",".ctor","System.Void DolocTown.FarmFishTank/<>c__DisplayClass75_0::.ctor()","System.Void","","public","False","False","False","True","True","7","0x06009E57"
"DolocTown.FarmFishTank/<>c__DisplayClass75_0","<OpenFishTankUI>b__0","System.Boolean DolocTown.FarmFishTank/<>c__DisplayClass75_0::<OpenFishTankUI>b__0(DolocTown.FishTankUiState)","System.Boolean","DolocTown.FishTankUiState state","internal","False","False","False","False","True","86","0x06009E58"
"DolocTown.FishingGameController","get_CurrentGameStatus","DolocTown.FishingGameController/GameStatus DolocTown.FishingGameController::get_CurrentGameStatus()","DolocTown.FishingGameController/GameStatus","","public","False","True","True","False","False","0","0x06002BB8"
"DolocTown.FishingGameController","get_IsValid","System.Boolean DolocTown.FishingGameController::get_IsValid()","System.Boolean","","public","False","True","True","False","False","0","0x06002BB9"
"DolocTown.FishingGameController","set_IsValid","System.Void DolocTown.FishingGameController::set_IsValid(System.Boolean)","System.Void","System.Boolean value","protected","False","True","True","False","False","0","0x06002BBA"
"DolocTown.FishingGameController","StartGame","System.Void DolocTown.FishingGameController::StartGame(DolocTown.ItemFishingRod,DolocTown.Config.Fishing.FishInfo)","System.Void","DolocTown.ItemFishingRod fishingRod; DolocTown.Config.Fishing.FishInfo fishProto","public","False","True","True","False","False","0","0x06002BBB"
"DolocTown.FishingGameController","UpdateGame","System.Void DolocTown.FishingGameController::UpdateGame(System.Single)","System.Void","System.Single dt","public","False","True","True","False","False","0","0x06002BBC"
"DolocTown.FishingGameController","FixedUpdateGame","System.Void DolocTown.FishingGameController::FixedUpdateGame(System.Single)","System.Void","System.Single dt","public","False","True","True","False","False","0","0x06002BBD"
"DolocTown.FishingGameController","StopGame","System.Void DolocTown.FishingGameController::StopGame()","System.Void","","public","False","True","True","False","False","0","0x06002BBE"
"DolocTown.FishingGameController",".ctor","System.Void DolocTown.FishingGameController::.ctor()","System.Void","","protected","False","False","False","True","True","7","0x06002BBF"
"DolocTown.FishingPool","get_WaterEntity","DolocTown.InteractiveWater DolocTown.FishingPool::get_WaterEntity()","DolocTown.InteractiveWater","","public","False","False","False","False","True","7","0x06002BC0"
"DolocTown.FishingPool","set_WaterEntity","System.Void DolocTown.FishingPool::set_WaterEntity(DolocTown.InteractiveWater)","System.Void","DolocTown.InteractiveWater value","private","False","False","False","False","True","8","0x06002BC1"
"DolocTown.FishingPool","get_PoolName","System.String DolocTown.FishingPool::get_PoolName()","System.String","","public","False","False","False","False","True","7","0x06002BC2"
"DolocTown.FishingPool","SetWater","System.Void DolocTown.FishingPool::SetWater(DolocTown.InteractiveWater)","System.Void","DolocTown.InteractiveWater water","public","False","False","False","False","True","8","0x06002BC3"
"DolocTown.FishingPool","DisposeWater","System.Void DolocTown.FishingPool::DisposeWater()","System.Void","","public","False","False","False","False","True","8","0x06002BC4"
"DolocTown.FishingPool","RollFishProto","DolocTown.Config.Fishing.FishInfo DolocTown.FishingPool::RollFishProto(System.Int32)","DolocTown.Config.Fishing.FishInfo","System.Int32 toolLv","public","False","False","False","False","True","13","0x06002BC5"
"DolocTown.FishingPool",".ctor","System.Void DolocTown.FishingPool::.ctor()","System.Void","","public","False","False","False","True","True","7","0x06002BC6"
"DolocTown.FishingGameScrollBar","get_CurrentGameStatus","DolocTown.FishingGameController/GameStatus DolocTown.FishingGameScrollBar::get_CurrentGameStatus()","DolocTown.FishingGameController/GameStatus","","public","False","True","False","False","True","7","0x06002BC7"
"DolocTown.FishingGameScrollBar","get_IsValid","System.Boolean DolocTown.FishingGameScrollBar::get_IsValid()","System.Boolean","","public","False","True","False","False","True","7","0x06002BC8"
"DolocTown.FishingGameScrollBar","set_IsValid","System.Void DolocTown.FishingGameScrollBar::set_IsValid(System.Boolean)","System.Void","System.Boolean value","protected","False","True","False","False","True","8","0x06002BC9"
"DolocTown.FishingGameScrollBar","get_rodFunction","DolocTown.Config.Item.ItemFunctionFishingRod DolocTown.FishingGameScrollBar::get_rodFunction()","DolocTown.Config.Item.ItemFunctionFishingRod","","private","False","False","False","False","True","36","0x06002BCA"
"DolocTown.FishingGameScrollBar","get_ReelIn","System.Boolean DolocTown.FishingGameScrollBar::get_ReelIn()","System.Boolean","","public","False","False","False","False","True","7","0x06002BCB"
"DolocTown.FishingGameScrollBar","set_ReelIn","System.Void DolocTown.FishingGameScrollBar::set_ReelIn(System.Boolean)","System.Void","System.Boolean value","private","False","False","False","False","True","8","0x06002BCC"
"DolocTown.FishingGameScrollBar","get_animationInterval","System.Single DolocTown.FishingGameScrollBar::get_animationInterval()","System.Single","","private","False","False","False","False","True","11","0x06002BCD"
"DolocTown.FishingGameScrollBar","get_IsFishingKeyPushed","System.Boolean DolocTown.FishingGameScrollBar::get_IsFishingKeyPushed()","System.Boolean","","private","False","False","False","False","True","73","0x06002BCE"
"DolocTown.FishingGameScrollBar","StartGame","System.Void DolocTown.FishingGameScrollBar::StartGame(DolocTown.ItemFishingRod,DolocTown.Config.Fishing.FishInfo)","System.Void","DolocTown.ItemFishingRod fishingRod; DolocTown.Config.Fishing.FishInfo fishProto","public","False","True","False","False","True","372","0x06002BCF"
"DolocTown.FishingGameScrollBar","RefreshProgress","System.Void DolocTown.FishingGameScrollBar::RefreshProgress()","System.Void","","private","False","False","False","False","True","43","0x06002BD0"
"DolocTown.FishingGameScrollBar","UpdateGame","System.Void DolocTown.FishingGameScrollBar::UpdateGame(System.Single)","System.Void","System.Single dt","public","False","True","False","False","True","774","0x06002BD1"
"DolocTown.FishingGameScrollBar","FixedUpdateGame","System.Void DolocTown.FishingGameScrollBar::FixedUpdateGame(System.Single)","System.Void","System.Single dt","public","False","True","False","False","True","1","0x06002BD2"
"DolocTown.FishingGameScrollBar","StopGame","System.Void DolocTown.FishingGameScrollBar::StopGame()","System.Void","","public","False","True","False","False","True","14","0x06002BD3"
"DolocTown.FishingGameScrollBar",".ctor","System.Void DolocTown.FishingGameScrollBar::.ctor()","System.Void","","public","False","False","False","True","True","55","0x06002BD4"
"DolocTown.FishingNoteData",".ctor","System.Void DolocTown.FishingNoteData::.ctor(System.Int32,DolocTown.FishingNoteType,System.Single,System.Single,System.Single)","System.Void","System.Int32 index; DolocTown.FishingNoteType noteType; System.Single startTime; System.Single endTime; System.Single speedMultiplier","public","False","False","False","True","True","109","0x06002BD5"
"DolocTown.FishingNoteSpawner",".ctor","System.Void DolocTown.FishingNoteSpawner::.ctor(DolocTown.Config.Fishing.FishInfo)","System.Void","DolocTown.Config.Fishing.FishInfo fishProto","public","False","False","False","True","True","151","0x06002BD6"
"DolocTown.FishingNoteSpawner","SpawnNotesToTotal","System.Void DolocTown.FishingNoteSpawner::SpawnNotesToTotal(System.Int32)","System.Void","System.Int32 totalCount","private","False","False","False","False","True","23","0x06002BD7"
"DolocTown.FishingNoteSpawner","SpawnNext","System.Void DolocTown.FishingNoteSpawner::SpawnNext()","System.Void","","private","False","False","False","False","True","303","0x06002BD8"
"DolocTown.FishingNoteSpawner","GetNote","DolocTown.FishingNoteData DolocTown.FishingNoteSpawner::GetNote(System.Int32)","DolocTown.FishingNoteData","System.Int32 index","public","False","False","False","False","True","59","0x06002BD9"
"DolocTown.FishingGame",".ctor","System.Void DolocTown.FishingGame::.ctor(DolocTown.DolocUserInput)","System.Void","DolocTown.DolocUserInput userInput","protected","False","False","False","True","True","14","0x06002BDA"
"DolocTown.FishingGame","get_CurrentGameStatus","DolocTown.FishingGameController/GameStatus DolocTown.FishingGame::get_CurrentGameStatus()","DolocTown.FishingGameController/GameStatus","","public","False","True","True","False","False","0","0x06002BDB"
"DolocTown.FishingGame","OnStart","System.Void DolocTown.FishingGame::OnStart()","System.Void","","public","False","True","False","False","True","1","0x06002BDC"
"DolocTown.FishingGame","OnUpdate","System.Void DolocTown.FishingGame::OnUpdate(System.Single)","System.Void","System.Single dt","public","False","True","False","False","True","1","0x06002BDD"
"DolocTown.FishingGame","OnFixedUpdate","System.Void DolocTown.FishingGame::OnFixedUpdate(System.Single)","System.Void","System.Single dt","public","False","True","False","False","True","1","0x06002BDE"
"DolocTown.FishingGame","OnEnd","System.Void DolocTown.FishingGame::OnEnd()","System.Void","","public","False","True","False","False","True","1","0x06002BDF"
"DolocTown.FishGameRendererDoubleCircle","set_Progress","System.Void DolocTown.FishGameRendererDoubleCircle::set_Progress(System.Single)","System.Void","System.Single value","public","False","False","False","False","True","37","0x06002BE0"
"DolocTown.FishGameRendererDoubleCircle","set_IsCatchingNow","System.Void DolocTown.FishGameRendererDoubleCircle::set_IsCatchingNow(System.Boolean)","System.Void","System.Boolean value","public","False","False","False","False","True","29","0x06002BE1"
"DolocTown.FishGameRendererDoubleCircle","get_FishPosition","UnityEngine.Vector2 DolocTown.FishGameRendererDoubleCircle::get_FishPosition()","UnityEngine.Vector2","","public","False","False","False","False","True","17","0x06002BE2"
"DolocTown.FishGameRendererDoubleCircle","set_FishPosition","System.Void DolocTown.FishGameRendererDoubleCircle::set_FishPosition(UnityEngine.Vector2)","System.Void","UnityEngine.Vector2 value","public","False","False","False","False","True","18","0x06002BE3"
"DolocTown.FishGameRendererDoubleCircle","set_FishRodPosition","System.Void DolocTown.FishGameRendererDoubleCircle::set_FishRodPosition(UnityEngine.Vector2)","System.Void","UnityEngine.Vector2 value","public","False","False","False","False","True","75","0x06002BE4"
"DolocTown.FishGameRendererDoubleCircle",".ctor","System.Void DolocTown.FishGameRendererDoubleCircle::.ctor()","System.Void","","public","False","False","False","True","True","7","0x06002BE5"
"DolocTown.FishGameRendererDoubleCircle",".cctor","System.Void DolocTown.FishGameRendererDoubleCircle::.cctor()","System.Void","","private","True","False","False","True","True","16","0x06002BE6"
"DolocTown.FishingGameDoubleCircle",".ctor","System.Void DolocTown.FishingGameDoubleCircle::.ctor(DolocTown.DolocUserInput,DolocTown.FishingGameDoubleCircle/IParams,DolocTown.FishGameRendererDoubleCircle)","System.Void","DolocTown.DolocUserInput userInput; DolocTown.FishingGameDoubleCircle/IParams gameParams; DolocTown.FishGameRendererDoubleCircle renderer","public","False","False","False","True","True","38","0x06002BE7"
"DolocTown.FishingGameDoubleCircle","ResetGame","System.Void DolocTown.FishingGameDoubleCircle::ResetGame()","System.Void","","private","False","False","False","False","True","55","0x06002BE8"
"DolocTown.FishingGameDoubleCircle","GetClosestPointInCircle","UnityEngine.Vector2 DolocTown.FishingGameDoubleCircle::GetClosestPointInCircle(UnityEngine.Vector2,UnityEngine.Vector2,System.Single)","UnityEngine.Vector2","UnityEngine.Vector2 point; UnityEngine.Vector2 center; System.Single radius","private","False","False","False","False","True","36","0x06002BE9"
"DolocTown.FishingGameDoubleCircle","GetVelocity","UnityEngine.Vector2 DolocTown.FishingGameDoubleCircle::GetVelocity(System.Single,UnityEngine.Vector2,UnityEngine.Vector2,System.Single)","UnityEngine.Vector2","System.Single speed; UnityEngine.Vector2 pt; UnityEngine.Vector2 center; System.Single radius","private","False","False","False","False","True","31","0x06002BEA"
"DolocTown.FishingGameDoubleCircle","GetVerticalVelocity","UnityEngine.Vector2 DolocTown.FishingGameDoubleCircle::GetVerticalVelocity(UnityEngine.Vector2,System.Int32)","UnityEngine.Vector2","UnityEngine.Vector2 originDir; System.Int32 noise","private","False","False","False","False","True","35","0x06002BEB"
"DolocTown.FishingGameDoubleCircle","get_CurrentGameStatus","DolocTown.FishingGameController/GameStatus DolocTown.FishingGameDoubleCircle::get_CurrentGameStatus()","DolocTown.FishingGameController/GameStatus","","public","False","True","False","False","True","7","0x06002BEC"
"DolocTown.FishingGameDoubleCircle","OnStart","System.Void DolocTown.FishingGameDoubleCircle::OnStart()","System.Void","","public","False","True","False","False","True","50","0x06002BED"
"DolocTown.FishingGameDoubleCircle","OnEnd","System.Void DolocTown.FishingGameDoubleCircle::OnEnd()","System.Void","","public","False","True","False","False","True","13","0x06002BEE"
"DolocTown.FishingGameDoubleCircle","OnUpdate","System.Void DolocTown.FishingGameDoubleCircle::OnUpdate(System.Single)","System.Void","System.Single dt","public","False","True","False","False","True","89","0x06002BEF"
"DolocTown.FishingGameDoubleCircle","OnFixedUpdate","System.Void DolocTown.FishingGameDoubleCircle::OnFixedUpdate(System.Single)","System.Void","System.Single dt","public","False","True","False","False","True","402","0x06002BF0"
"DolocTown.FishingGameDoubleCircle","UpdateGameStatus","System.Void DolocTown.FishingGameDoubleCircle::UpdateGameStatus()","System.Void","","private","False","False","False","False","True","135","0x06002BF1"
"DolocTown.FishingGameDoubleCircle","UpdateRenderStatus","System.Void DolocTown.FishingGameDoubleCircle::UpdateRenderStatus()","System.Void","","private","False","False","False","False","True","81","0x06002BF2"
"DolocTown.FishingGameDoubleCircle","OnDrawGizmos","System.Void DolocTown.FishingGameDoubleCircle::OnDrawGizmos()","System.Void","","public","False","False","False","False","True","37","0x06002BF3"
"DolocTown.FishingGameDoubleCircle/IParams","get_InnerRadius","System.Single DolocTown.FishingGameDoubleCircle/IParams::get_InnerRadius()","System.Single","","public","False","True","True","False","False","0","0x06009E59"
"DolocTown.FishingGameDoubleCircle/IParams","get_OuterDstToInnerRadius","System.Single DolocTown.FishingGameDoubleCircle/IParams::get_OuterDstToInnerRadius()","System.Single","","public","False","True","True","False","False","0","0x06009E5A"
"DolocTown.FishingGameDoubleCircle/IParams","get_JoyStickActiveiveRadius","System.Single DolocTown.FishingGameDoubleCircle/IParams::get_JoyStickActiveiveRadius()","System.Single","","public","False","True","True","False","False","0","0x06009E5B"
"DolocTown.FishingGameDoubleCircle/IParams","get_FishAcc","System.Single DolocTown.FishingGameDoubleCircle/IParams::get_FishAcc()","System.Single","","public","False","True","True","False","False","0","0x06009E5C"
"DolocTown.FishingGameDoubleCircle/IParams","get_DistanceScale","System.Single DolocTown.FishingGameDoubleCircle/IParams::get_DistanceScale()","System.Single","","public","False","True","True","False","False","0","0x06009E5D"
"DolocTown.FishingGameDoubleCircle/IParams","get_PullDuration","System.Single DolocTown.FishingGameDoubleCircle/IParams::get_PullDuration()","System.Single","","public","False","True","True","False","False","0","0x06009E5E"
"DolocTown.FishingGameDoubleCircle/IParams","get_PullAcc","System.Single DolocTown.FishingGameDoubleCircle/IParams::get_PullAcc()","System.Single","","public","False","True","True","False","False","0","0x06009E5F"
"DolocTown.FishingGameDoubleCircle/IParams","get_FishMaxSpeed","System.Single DolocTown.FishingGameDoubleCircle/IParams::get_FishMaxSpeed()","System.Single","","public","False","True","True","False","False","0","0x06009E60"
"DolocTown.ItemFishFry","get_fishName","System.String DolocTown.ItemFishFry::get_fishName()","System.String","","public","False","False","False","False","True","7","0x06002C7D"
"DolocTown.ItemFishFry","set_fishName","System.Void DolocTown.ItemFishFry::set_fishName(System.String)","System.Void","System.String value","private","False","False","False","False","True","8","0x06002C7E"
"DolocTown.ItemFishFry","OnNameChanged","System.Void DolocTown.ItemFishFry::OnNameChanged(System.String)","System.Void","System.String fishName","private","False","False","False","False","True","8","0x06002C7F"
"DolocTown.ItemFishFry","get_FarmFish","DolocTown.Config.Fishing.TbFarmFish DolocTown.ItemFishFry::get_FarmFish()","DolocTown.Config.Fishing.TbFarmFish","","private","False","False","False","False","True","11","0x06002C80"
"DolocTown.ItemFishFry","get_title","System.String DolocTown.ItemFishFry::get_title()","System.String","","public","False","True","False","False","True","60","0x06002C81"
"DolocTown.ItemFishFry","get_growth","System.Int32 DolocTown.ItemFishFry::get_growth()","System.Int32","","public","False","False","False","False","True","7","0x06002C82"
"DolocTown.ItemFishFry","set_growth","System.Void DolocTown.ItemFishFry::set_growth(System.Int32)","System.Void","System.Int32 value","private","False","False","False","False","True","8","0x06002C83"
"DolocTown.ItemFishFry","get_GrowthProgress","System.Single DolocTown.ItemFishFry::get_GrowthProgress()","System.Single","","private","False","False","False","False","True","36","0x06002C84"
"DolocTown.ItemFishFry","get_IsFullyGrown","System.Boolean DolocTown.ItemFishFry::get_IsFullyGrown()","System.Boolean","","public","False","False","False","False","True","18","0x06002C85"
"DolocTown.ItemFishFry",".ctor","System.Void DolocTown.ItemFishFry::.ctor(DolocTown.Config.Item.ItemInfo,System.Int32)","System.Void","DolocTown.Config.Item.ItemInfo proto; System.Int32 count","public","False","False","False","True","True","31","0x06002C86"
"DolocTown.ItemFishFry",".ctor","System.Void DolocTown.ItemFishFry::.ctor(System.String,System.Int32,System.String,System.Int32)","System.Void","System.String itemName; System.Int32 itemCount; System.String fishName; System.Int32 growth","protected","False","False","False","True","True","56","0x06002C87"
"DolocTown.ItemFishFry","ToFishItem","DolocTown.Item DolocTown.ItemFishFry::ToFishItem()","DolocTown.Item","","public","False","False","False","False","True","13","0x06002C88"
"DolocTown.ItemFishFry","SetFishName","System.Void DolocTown.ItemFishFry::SetFishName(System.String)","System.Void","System.String fishName","public","False","False","False","False","True","82","0x06002C89"
"DolocTown.ItemFishFry","ResolveStatus","System.Void DolocTown.ItemFishFry::ResolveStatus()","System.Void","","public","False","False","False","False","True","84","0x06002C8A"
"DolocTown.ItemFishFry","Grow","System.Boolean DolocTown.ItemFishFry::Grow()","System.Boolean","","public","False","False","False","False","True","29","0x06002C8B"
"DolocTown.ItemFishFry","IsSame","System.Boolean DolocTown.ItemFishFry::IsSame(DolocTown.Item)","System.Boolean","DolocTown.Item other","public","False","True","False","False","True","48","0x06002C8C"
"DolocTown.ItemFishFry","Clone","DolocTown.Item DolocTown.ItemFishFry::Clone(System.Int32)","DolocTown.Item","System.Int32 count","public","False","True","False","False","True","49","0x06002C8D"
"DolocTown.ItemFishRoe","get_fishName","System.String DolocTown.ItemFishRoe::get_fishName()","System.String","","public","False","False","False","False","True","7","0x06002C8E"
"DolocTown.ItemFishRoe","set_fishName","System.Void DolocTown.ItemFishRoe::set_fishName(System.String)","System.Void","System.String value","private","False","False","False","False","True","8","0x06002C8F"
"DolocTown.ItemFishRoe","get_incubation","System.Int32 DolocTown.ItemFishRoe::get_incubation()","System.Int32","","public","False","False","False","False","True","7","0x06002C90"
"DolocTown.ItemFishRoe","set_incubation","System.Void DolocTown.ItemFishRoe::set_incubation(System.Int32)","System.Void","System.Int32 value","private","False","False","False","False","True","8","0x06002C91"
"DolocTown.ItemFishRoe","get_IncubateProgress","System.Single DolocTown.ItemFishRoe::get_IncubateProgress()","System.Single","","private","False","False","False","False","True","36","0x06002C92"
"DolocTown.ItemFishRoe","get_IncubateGap","System.Int32 DolocTown.ItemFishRoe::get_IncubateGap()","System.Int32","","public","False","False","False","False","True","20","0x06002C93"
"DolocTown.ItemFishRoe","get_IsFullyIncubated","System.Boolean DolocTown.ItemFishRoe::get_IsFullyIncubated()","System.Boolean","","public","False","False","False","False","True","18","0x06002C94"
"DolocTown.ItemFishRoe",".ctor","System.Void DolocTown.ItemFishRoe::.ctor(DolocTown.Config.Item.ItemInfo,System.Int32)","System.Void","DolocTown.Config.Item.ItemInfo proto; System.Int32 count","public","False","False","False","True","True","20","0x06002C95"
"DolocTown.ItemFishRoe",".ctor","System.Void DolocTown.ItemFishRoe::.ctor(System.String,System.Int32,System.String,System.Int32)","System.Void","System.String itemName; System.Int32 itemCount; System.String fishName; System.Int32 growth","protected","False","False","False","True","True","56","0x06002C96"
"DolocTown.ItemFishRoe","SetFishName","System.Void DolocTown.ItemFishRoe::SetFishName(System.String)","System.Void","System.String fishName","public","False","False","False","False","True","90","0x06002C97"
"DolocTown.ItemFishRoe","ResolveStatus","System.Void DolocTown.ItemFishRoe::ResolveStatus()","System.Void","","public","False","False","False","False","True","92","0x06002C98"
"DolocTown.ItemFishRoe","Incubate","System.Boolean DolocTown.ItemFishRoe::Incubate()","System.Boolean","","public","False","False","False","False","True","29","0x06002C99"
"DolocTown.ItemFishRoe","ToFry","DolocTown.ItemFishFry DolocTown.ItemFishRoe::ToFry()","DolocTown.ItemFishFry","","public","False","False","False","False","True","41","0x06002C9A"
"DolocTown.ItemFishRoe","IsSame","System.Boolean DolocTown.ItemFishRoe::IsSame(DolocTown.Item)","System.Boolean","DolocTown.Item other","public","False","True","False","False","True","48","0x06002C9B"
"DolocTown.ItemFishRoe","Clone","DolocTown.Item DolocTown.ItemFishRoe::Clone(System.Int32)","DolocTown.Item","System.Int32 count","public","False","True","False","False","True","49","0x06002C9C"
"DolocTown.ItemFishingRod",".ctor","System.Void DolocTown.ItemFishingRod::.ctor(DolocTown.Config.Item.ItemInfo,System.Int32)","System.Void","DolocTown.Config.Item.ItemInfo proto; System.Int32 count","public","False","False","False","True","True","42","0x06002DED"
"DolocTown.ItemFishingRod",".ctor","System.Void DolocTown.ItemFishingRod::.ctor(System.String,System.Int32)","System.Void","System.String itemName; System.Int32 itemCount","public","False","False","False","True","True","52","0x06002DEE"
"DolocTown.ItemFishingRod","GetLineColor","UnityEngine.Color DolocTown.ItemFishingRod::GetLineColor()","UnityEngine.Color","","private","False","False","False","False","True","60","0x06002DEF"
"DolocTown.ItemFishingRod","OnUseAsTool","System.Void DolocTown.ItemFishingRod::OnUseAsTool()","System.Void","","protected","False","True","False","False","True","13","0x06002DF0"
"DolocTown.ItemFishingRod","OnUseAsItem","System.Void DolocTown.ItemFishingRod::OnUseAsItem()","System.Void","","protected","False","True","False","False","True","13","0x06002DF1"
"DolocTown.ItemFishingRod","Use","System.Void DolocTown.ItemFishingRod::Use()","System.Void","","private","False","False","False","False","True","12","0x06002DF2"
"DolocTown.CropGeneFunctionImmortalJellyfish",".ctor","System.Void DolocTown.CropGeneFunctionImmortalJellyfish::.ctor(DolocTown.Config.Plant.CropGeneInfo)","System.Void","DolocTown.Config.Plant.CropGeneInfo geneProto","public","False","False","False","True","True","25","0x0600300F"
"DolocTown.CropGeneFunctionImmortalJellyfish",".ctor","System.Void DolocTown.CropGeneFunctionImmortalJellyfish::.ctor(System.String,System.Int32)","System.Void","System.String geneId; System.Int32 immortalCount","protected","False","False","False","True","True","39","0x06003010"
"DolocTown.CropGeneFunctionImmortalJellyfish","Rebirth","System.Void DolocTown.CropGeneFunctionImmortalJellyfish::Rebirth(System.Boolean)","System.Void","System.Boolean shouldRender","private","False","False","False","False","True","78","0x06003011"
"DolocTown.CropGeneFunctionImmortalJellyfish","Regrow","System.Boolean DolocTown.CropGeneFunctionImmortalJellyfish::Regrow(System.Boolean)","System.Boolean","System.Boolean shouldRender","public","False","True","False","False","True","62","0x06003012"
"DolocTown.EquipmentStateRenderer","SetAsCorroded","System.Void DolocTown.EquipmentStateRenderer::SetAsCorroded()","System.Void","","public","False","False","False","False","True","24","0x060033E2"
"DolocTown.ShaderUtils","RenderAsFishTank","System.Void DolocTown.ShaderUtils::RenderAsFishTank(UnityEngine.SpriteRenderer,UnityEngine.Sprite,System.Int32,System.Int32,UnityEngine.Material)","System.Void","UnityEngine.SpriteRenderer renderer; UnityEngine.Sprite maskSprite; System.Int32 fishCount; System.Int32 index; UnityEngine.Material givenMaterial","public","True","False","False","False","True","170","0x06003714"
"DolocTown.ShaderUtils","RenderAsFishIncubator","System.Void DolocTown.ShaderUtils::RenderAsFishIncubator(UnityEngine.SpriteRenderer,UnityEngine.Sprite,UnityEngine.Sprite,System.Boolean)","System.Void","UnityEngine.SpriteRenderer renderer; UnityEngine.Sprite maskSprite; UnityEngine.Sprite emissionSprite; System.Boolean showLight","public","True","False","False","False","True","195","0x06003715"
"DolocTown.ShaderUtils","SetFishTankFishCount","System.Void DolocTown.ShaderUtils::SetFishTankFishCount(UnityEngine.SpriteRenderer,System.Int32)","System.Void","UnityEngine.SpriteRenderer R; System.Int32 value","public","True","False","False","False","True","52","0x06003716"
"DolocTown.WaterHandle","InitFishingPoolHeight","System.Void DolocTown.WaterHandle::InitFishingPoolHeight()","System.Void","","private","False","False","False","False","True","104","0x0600378E"
"DolocTown.WaterHandle/<>c","<Start>b__18_0","System.Void DolocTown.WaterHandle/<>c::<Start>b__18_0(DolocTown.FishingPool)","System.Void","DolocTown.FishingPool pool","internal","False","False","False","False","True","8","0x0600A038"
"DolocTown.WaterHandle/<>c","<ClearWater>b__20_0","System.Void DolocTown.WaterHandle/<>c::<ClearWater>b__20_0(DolocTown.FishingPool)","System.Void","DolocTown.FishingPool pool","internal","False","False","False","False","True","14","0x0600A039"
"DolocTown.AgentControllerState/<>c","<UseTool>b__75_0","System.Void DolocTown.AgentControllerState/<>c::<UseTool>b__75_0(DolocTown.AgentStateFishingPull)","System.Void","DolocTown.AgentStateFishingPull s","internal","False","False","False","False","True","8","0x0600A041"
"DolocTown.BodyController","get_FishingCache","DolocTown.FishingCache DolocTown.BodyController::get_FishingCache()","DolocTown.FishingCache","","public","False","False","False","False","True","7","0x06003816"
"DolocTown.BodyController","set_FishingCache","System.Void DolocTown.BodyController::set_FishingCache(DolocTown.FishingCache)","System.Void","DolocTown.FishingCache value","private","False","False","False","False","True","8","0x06003817"
"DolocTown.BodyController","get_IsFishingNow","System.Boolean DolocTown.BodyController::get_IsFishingNow()","System.Boolean","","public","False","False","False","False","True","48","0x06003869"
"DolocTown.BodyController","UseFishRod","System.Void DolocTown.BodyController::UseFishRod(DolocTown.ItemFishingRod)","System.Void","DolocTown.ItemFishingRod fishingRod","public","False","False","False","False","True","84","0x0600386A"
"DolocTown.BodyController","SetFishingPool","System.Void DolocTown.BodyController::SetFishingPool(DolocTown.FishingPool)","System.Void","DolocTown.FishingPool pool","public","False","False","False","False","True","13","0x0600386B"
"DolocTown.BodyController/<>c","<get_IsFishingNow>b__169_0","System.Boolean DolocTown.BodyController/<>c::<get_IsFishingNow>b__169_0(DolocTown.AgentStateFishingWait)","System.Boolean","DolocTown.AgentStateFishingWait s","internal","False","False","False","False","True","7","0x0600A049"
"DolocTown.FishingCache","get_FishProto","DolocTown.Config.Fishing.FishInfo DolocTown.FishingCache::get_FishProto()","DolocTown.Config.Fishing.FishInfo","","public","False","False","False","False","True","7","0x060038FA"
"DolocTown.FishingCache","set_FishProto","System.Void DolocTown.FishingCache::set_FishProto(DolocTown.Config.Fishing.FishInfo)","System.Void","DolocTown.Config.Fishing.FishInfo value","public","False","False","False","False","True","8","0x060038FB"
"DolocTown.FishingCache","get_FishItem","DolocTown.Item DolocTown.FishingCache::get_FishItem()","DolocTown.Item","","public","False","False","False","False","True","7","0x060038FC"
"DolocTown.FishingCache","set_FishItem","System.Void DolocTown.FishingCache::set_FishItem(DolocTown.Item)","System.Void","DolocTown.Item value","public","False","False","False","False","True","8","0x060038FD"
"DolocTown.FishingCache","get_FishingPool","DolocTown.FishingPool DolocTown.FishingCache::get_FishingPool()","DolocTown.FishingPool","","public","False","False","False","False","True","7","0x060038FE"
"DolocTown.FishingCache","set_FishingPool","System.Void DolocTown.FishingCache::set_FishingPool(DolocTown.FishingPool)","System.Void","DolocTown.FishingPool value","public","False","False","False","False","True","8","0x060038FF"
"DolocTown.FishingCache","get_FishingRod","DolocTown.ItemFishingRod DolocTown.FishingCache::get_FishingRod()","DolocTown.ItemFishingRod","","public","False","False","False","False","True","7","0x06003900"
"DolocTown.FishingCache","set_FishingRod","System.Void DolocTown.FishingCache::set_FishingRod(DolocTown.ItemFishingRod)","System.Void","DolocTown.ItemFishingRod value","public","False","False","False","False","True","8","0x06003901"
"DolocTown.FishingCache","get_IsFailed","System.Boolean DolocTown.FishingCache::get_IsFailed()","System.Boolean","","public","False","False","False","False","True","7","0x06003902"
"DolocTown.FishingCache","set_IsFailed","System.Void DolocTown.FishingCache::set_IsFailed(System.Boolean)","System.Void","System.Boolean value","public","False","False","False","False","True","8","0x06003903"
"DolocTown.FishingCache","Reset","System.Void DolocTown.FishingCache::Reset()","System.Void","","public","False","False","False","False","True","22","0x06003904"
"DolocTown.FishingCache","RollFish","System.Boolean DolocTown.FishingCache::RollFish()","System.Boolean","","public","False","False","False","False","True","90","0x06003905"
"DolocTown.FishingCache",".ctor","System.Void DolocTown.FishingCache::.ctor()","System.Void","","public","False","False","False","True","True","7","0x06003906"
"DolocTown.AgentStateFishing","get__fishRod","DolocTown.ItemFishingRod DolocTown.AgentStateFishing::get__fishRod()","DolocTown.ItemFishingRod","","protected","False","False","False","False","True","17","0x06003907"
"DolocTown.AgentStateFishing","get_SupportInteract","System.Boolean DolocTown.AgentStateFishing::get_SupportInteract()","System.Boolean","","public","False","True","False","False","True","2","0x06003908"
"DolocTown.AgentStateFishing","get_SupportDash","System.Boolean DolocTown.AgentStateFishing::get_SupportDash()","System.Boolean","","public","False","True","False","False","True","2","0x06003909"
"DolocTown.AgentStateFishing","get_SupportUseItem","System.Boolean DolocTown.AgentStateFishing::get_SupportUseItem()","System.Boolean","","public","False","True","False","False","True","2","0x0600390A"
"DolocTown.AgentStateFishing","get_SupportJump","System.Boolean DolocTown.AgentStateFishing::get_SupportJump()","System.Boolean","","public","False","True","False","False","True","2","0x0600390B"
"DolocTown.AgentStateFishing","get_SupportScrollQuickInventoryUI","System.Boolean DolocTown.AgentStateFishing::get_SupportScrollQuickInventoryUI()","System.Boolean","","public","False","True","False","False","True","2","0x0600390C"
"DolocTown.AgentStateFishing","get_IsUiControlled","System.Boolean DolocTown.AgentStateFishing::get_IsUiControlled()","System.Boolean","","public","True","False","False","False","True","6","0x0600390D"
"DolocTown.AgentStateFishing","set_IsUiControlled","System.Void DolocTown.AgentStateFishing::set_IsUiControlled(System.Boolean)","System.Void","System.Boolean value","protected","True","False","False","False","True","89","0x0600390E"
"DolocTown.AgentStateFishing",".ctor","System.Void DolocTown.AgentStateFishing::.ctor(AgentStateManager,DolocTown.BodyController)","System.Void","AgentStateManager parent; DolocTown.BodyController body","protected","False","False","False","True","True","9","0x0600390F"
"DolocTown.AgentStateFishing","UnsetUiControl","System.Void DolocTown.AgentStateFishing::UnsetUiControl()","System.Void","","public","True","False","False","False","True","7","0x06003910"
"DolocTown.AgentStateFishing","BreakFishing","System.Void DolocTown.AgentStateFishing::BreakFishing()","System.Void","","public","True","False","False","False","True","28","0x06003911"
"DolocTown.AgentStateFishing","RollFish","System.Boolean DolocTown.AgentStateFishing::RollFish()","System.Boolean","","protected","False","False","False","False","True","17","0x06003912"
"DolocTown.AgentStateFishing","UseFishCam","System.Void DolocTown.AgentStateFishing::UseFishCam()","System.Void","","private","True","False","False","False","True","58","0x06003913"
"DolocTown.AgentStateFishing","ReceiveItem","System.Void DolocTown.AgentStateFishing::ReceiveItem(System.Boolean)","System.Void","System.Boolean isBreaking","protected","True","False","False","False","True","185","0x06003914"
"DolocTown.AgentStateFishing","OnCompleteFishing","System.Void DolocTown.AgentStateFishing::OnCompleteFishing(System.Boolean)","System.Void","System.Boolean isBreaking","protected","True","False","False","False","True","78","0x06003915"
"DolocTown.AgentStateFishing","HandleLongDistanceFishingAchievement","System.Void DolocTown.AgentStateFishing::HandleLongDistanceFishingAchievement()","System.Void","","protected","True","False","False","False","True","88","0x06003916"
"DolocTown.AgentStateFishing","ResetCam","System.Void DolocTown.AgentStateFishing::ResetCam()","System.Void","","private","True","False","False","False","True","64","0x06003917"
"DolocTown.AgentStateFishing","PlayFishRodAnimation","System.Void DolocTown.AgentStateFishing::PlayFishRodAnimation(System.String)","System.Void","System.String name","protected","False","False","False","False","True","38","0x06003918"
"DolocTown.AgentStateFishingBattle",".ctor","System.Void DolocTown.AgentStateFishingBattle::.ctor(AgentStateManager,DolocTown.BodyController)","System.Void","AgentStateManager parent; DolocTown.BodyController body","public","False","False","False","True","True","20","0x06003919"
"DolocTown.AgentStateFishingBattle","NextState","AgentStateBase DolocTown.AgentStateFishingBattle::NextState()","AgentStateBase","","protected","False","True","False","False","True","119","0x0600391A"
"DolocTown.AgentStateFishingBattle","OnPlay","System.Void DolocTown.AgentStateFishingBattle::OnPlay()","System.Void","","public","False","True","False","False","True","23","0x0600391B"
"DolocTown.AgentStateFishingBattle","HandleBattleBehaviours","System.Void DolocTown.AgentStateFishingBattle::HandleBattleBehaviours()","System.Void","","private","False","False","False","False","True","158","0x0600391C"
"DolocTown.AgentStateFishingBattle","OnEnter","System.Void DolocTown.AgentStateFishingBattle::OnEnter()","System.Void","","public","False","True","False","False","True","44","0x0600391D"
"DolocTown.AgentStateFishingBattle","OnExit","System.Void DolocTown.AgentStateFishingBattle::OnExit()","System.Void","","public","False","True","False","False","True","28","0x0600391E"
"DolocTown.AgentStateFishingBattle/<>c__DisplayClass2_0",".ctor","System.Void DolocTown.AgentStateFishingBattle/<>c__DisplayClass2_0::.ctor()","System.Void","","public","False","False","False","True","True","7","0x0600A04C"
"DolocTown.AgentStateFishingBattle/<>c__DisplayClass2_0","<NextState>b__1","System.Void DolocTown.AgentStateFishingBattle/<>c__DisplayClass2_0::<NextState>b__1(DolocTown.AgentStateFishingPull)","System.Void","DolocTown.AgentStateFishingPull s","internal","False","False","False","False","True","16","0x0600A04D"
"DolocTown.AgentStateFishingBattle/<>c",".cctor","System.Void DolocTown.AgentStateFishingBattle/<>c::.cctor()","System.Void","","private","True","False","False","True","True","11","0x0600A04E"
"DolocTown.AgentStateFishingBattle/<>c",".ctor","System.Void DolocTown.AgentStateFishingBattle/<>c::.ctor()","System.Void","","public","False","False","False","True","True","7","0x0600A04F"
"DolocTown.AgentStateFishingBattle/<>c","<NextState>b__2_0","System.Void DolocTown.AgentStateFishingBattle/<>c::<NextState>b__2_0(DolocTown.AgentStateFishingPull)","System.Void","DolocTown.AgentStateFishingPull s","internal","False","False","False","False","True","8","0x0600A050"
"DolocTown.AgentStateFishingCast",".ctor","System.Void DolocTown.AgentStateFishingCast::.ctor(AgentStateManager,DolocTown.BodyController)","System.Void","AgentStateManager parent; DolocTown.BodyController body","public","False","False","False","True","True","9","0x0600391F"
"DolocTown.AgentStateFishingCast","NextState","AgentStateBase DolocTown.AgentStateFishingCast::NextState()","AgentStateBase","","protected","False","True","False","False","True","76","0x06003920"
"DolocTown.AgentStateFishingCast","OnPlay","System.Void DolocTown.AgentStateFishingCast::OnPlay()","System.Void","","public","False","True","False","False","True","12","0x06003921"
"DolocTown.AgentStateFishingCast","OnTouchPool","System.Void DolocTown.AgentStateFishingCast::OnTouchPool(DolocTown.FishingPool)","System.Void","DolocTown.FishingPool pool","private","False","False","False","False","True","32","0x06003922"
"DolocTown.AgentStateFishingCast","OnEnter","System.Void DolocTown.AgentStateFishingCast::OnEnter()","System.Void","","public","False","True","False","False","True","121","0x06003923"
"DolocTown.AgentStateFishingPull","get_IsFailed","System.Boolean DolocTown.AgentStateFishingPull::get_IsFailed()","System.Boolean","","public","False","False","False","False","True","17","0x06003924"
"DolocTown.AgentStateFishingPull","set_IsFailed","System.Void DolocTown.AgentStateFishingPull::set_IsFailed(System.Boolean)","System.Void","System.Boolean value","public","False","False","False","False","True","18","0x06003925"
"DolocTown.AgentStateFishingPull",".ctor","System.Void DolocTown.AgentStateFishingPull::.ctor(AgentStateManager,DolocTown.BodyController)","System.Void","AgentStateManager parent; DolocTown.BodyController controller","public","False","False","False","True","True","9","0x06003926"
"DolocTown.AgentStateFishingPull","CheckAnimationDone","System.Void DolocTown.AgentStateFishingPull::CheckAnimationDone()","System.Void","","private","False","False","False","False","True","27","0x06003927"
"DolocTown.AgentStateFishingPull","NextState","AgentStateBase DolocTown.AgentStateFishingPull::NextState()","AgentStateBase","","protected","False","True","False","False","True","56","0x06003928"
"DolocTown.AgentStateFishingPull","OnPlay","System.Void DolocTown.AgentStateFishingPull::OnPlay()","System.Void","","public","False","True","False","False","True","40","0x06003929"
"DolocTown.AgentStateFishingPull","OnEnter","System.Void DolocTown.AgentStateFishingPull::OnEnter()","System.Void","","public","False","True","False","False","True","219","0x0600392A"
"DolocTown.AgentStateFishingPull","OnExit","System.Void DolocTown.AgentStateFishingPull::OnExit()","System.Void","","public","False","True","False","False","True","18","0x0600392B"
"DolocTown.AgentStateFishingReady",".ctor","System.Void DolocTown.AgentStateFishingReady::.ctor(AgentStateManager,DolocTown.BodyController)","System.Void","AgentStateManager parent; DolocTown.BodyController body","public","False","False","False","True","True","52","0x0600392C"
"DolocTown.AgentStateFishingReady","CheckAnimationDone","System.Void DolocTown.AgentStateFishingReady::CheckAnimationDone()","System.Void","","private","False","False","False","False","True","27","0x0600392D"
"DolocTown.AgentStateFishingReady","CreateProgressBar","DolocTown.UI.ProgressCircle DolocTown.AgentStateFishingReady::CreateProgressBar()","DolocTown.UI.ProgressCircle","","private","False","False","False","False","True","75","0x0600392E"
"DolocTown.AgentStateFishingReady","NextState","AgentStateBase DolocTown.AgentStateFishingReady::NextState()","AgentStateBase","","protected","False","True","False","False","True","85","0x0600392F"
"DolocTown.AgentStateFishingReady","OnPlay","System.Void DolocTown.AgentStateFishingReady::OnPlay()","System.Void","","public","False","True","False","False","True","88","0x06003930"
"DolocTown.AgentStateFishingReady","OnExit","System.Void DolocTown.AgentStateFishingReady::OnExit()","System.Void","","public","False","True","False","False","True","75","0x06003931"
"DolocTown.AgentStateFishingReady","OnEnter","System.Void DolocTown.AgentStateFishingReady::OnEnter()","System.Void","","public","False","True","False","False","True","224","0x06003932"
"DolocTown.AgentStateFishingWait","get_IsWaitNow","System.Boolean DolocTown.AgentStateFishingWait::get_IsWaitNow()","System.Boolean","","public","False","False","False","False","True","7","0x06003933"
"DolocTown.AgentStateFishingWait",".ctor","System.Void DolocTown.AgentStateFishingWait::.ctor(AgentStateManager,DolocTown.BodyController)","System.Void","AgentStateManager parent; DolocTown.BodyController body","public","False","False","False","True","True","41","0x06003934"
"DolocTown.AgentStateFishingWait","NextState","AgentStateBase DolocTown.AgentStateFishingWait::NextState()","AgentStateBase","","protected","False","True","False","False","True","423","0x06003935"
"DolocTown.AgentStateFishingWait","OnPlay","System.Void DolocTown.AgentStateFishingWait::OnPlay()","System.Void","","public","False","True","False","False","True","13","0x06003936"
"DolocTown.AgentStateFishingWait","HandleFishOnHook","System.Void DolocTown.AgentStateFishingWait::HandleFishOnHook()","System.Void","","private","False","False","False","False","True","296","0x06003937"
"DolocTown.AgentStateFishingWait","HandleWaitBehaviours","System.Void DolocTown.AgentStateFishingWait::HandleWaitBehaviours()","System.Void","","private","False","False","False","False","True","75","0x06003938"
"DolocTown.AgentStateFishingWait","InvokeFishRunAwayTip","System.Void DolocTown.AgentStateFishingWait::InvokeFishRunAwayTip()","System.Void","","private","False","False","False","False","True","24","0x06003939"
"DolocTown.AgentStateFishingWait","InvokeNoFishTip","System.Void DolocTown.AgentStateFishingWait::InvokeNoFishTip()","System.Void","","private","False","False","False","False","True","24","0x0600393A"
"DolocTown.AgentStateFishingWait","InvokeFishOnHookTip","System.Void DolocTown.AgentStateFishingWait::InvokeFishOnHookTip()","System.Void","","private","False","False","False","False","True","47","0x0600393B"
"DolocTown.AgentStateFishingWait","OnEnter","System.Void DolocTown.AgentStateFishingWait::OnEnter()","System.Void","","public","False","True","False","False","True","163","0x0600393C"
"DolocTown.AgentStateFishingWait/<>c",".cctor","System.Void DolocTown.AgentStateFishingWait/<>c::.cctor()","System.Void","","private","True","False","False","True","True","11","0x0600A051"
"DolocTown.AgentStateFishingWait/<>c",".ctor","System.Void DolocTown.AgentStateFishingWait/<>c::.ctor()","System.Void","","public","False","False","False","True","True","7","0x0600A052"
"DolocTown.AgentStateFishingWait/<>c","<NextState>b__11_0","System.Void DolocTown.AgentStateFishingWait/<>c::<NextState>b__11_0(DolocTown.AgentStateFishingPull)","System.Void","DolocTown.AgentStateFishingPull s","internal","False","False","False","False","True","8","0x0600A053"
"DolocTown.AgentStateFishingWait/<>c","<NextState>b__11_1","System.Void DolocTown.AgentStateFishingWait/<>c::<NextState>b__11_1(DolocTown.AgentStateFishingPull)","System.Void","DolocTown.AgentStateFishingPull s","internal","False","False","False","False","True","8","0x0600A054"
"DolocTown.AgentStateFishingWait/<>c","<NextState>b__11_2","System.Void DolocTown.AgentStateFishingWait/<>c::<NextState>b__11_2(DolocTown.AgentStateFishingPull)","System.Void","DolocTown.AgentStateFishingPull s","internal","False","False","False","False","True","8","0x0600A055"
"DolocTown.AgentStateFishingWait/<>c","<NextState>b__11_3","System.Void DolocTown.AgentStateFishingWait/<>c::<NextState>b__11_3(DolocTown.AgentStateFishingPull)","System.Void","DolocTown.AgentStateFishingPull s","internal","False","False","False","False","True","8","0x0600A056"
"DolocTown.AgentEquipmentFunction","SetFishingPoolName","System.Void DolocTown.AgentEquipmentFunction::SetFishingPoolName(System.String)","System.Void","System.String poolName","public","False","True","False","False","True","1","0x06003A3B"
"DolocTown.AgentEquipmentFunctionFishTank","get_func","DolocTown.Config.Player.AgentEquipmentFuncProtoFishTank DolocTown.AgentEquipmentFunctionFishTank::get_func()","DolocTown.Config.Player.AgentEquipmentFuncProtoFishTank","","public","False","False","False","False","True","17","0x06003A4E"
"DolocTown.AgentEquipmentFunctionFishTank",".ctor","System.Void DolocTown.AgentEquipmentFunctionFishTank::.ctor(DolocTown.Item,DolocTown.GameData.AgentEquipmentManager,DolocTown.Config.Player.AgentEquipmentSkillInfo)","System.Void","DolocTown.Item item; DolocTown.GameData.AgentEquipmentManager manager; DolocTown.Config.Player.AgentEquipmentSkillInfo skill","public","False","False","False","True","True","10","0x06003A4F"
"DolocTown.AgentEquipmentFunctionFishTank","SetFishingPoolName","System.Void DolocTown.AgentEquipmentFunctionFishTank::SetFishingPoolName(System.String)","System.Void","System.String poolName","public","False","True","False","False","True","8","0x06003A50"
"DolocTown.AgentEquipmentFunctionFishTank","TryRollFish","System.Void DolocTown.AgentEquipmentFunctionFishTank::TryRollFish()","System.Void","","public","False","False","False","False","True","122","0x06003A51"
"DolocTown.FishRodHook","add_OnHooked","System.Void DolocTown.FishRodHook::add_OnHooked(System.Action`1<DolocTown.FishingPool>)","System.Void","System.Action`1<DolocTown.FishingPool> value","public","False","False","False","False","True","41","0x06003BD1"
"DolocTown.FishRodHook","remove_OnHooked","System.Void DolocTown.FishRodHook::remove_OnHooked(System.Action`1<DolocTown.FishingPool>)","System.Void","System.Action`1<DolocTown.FishingPool> value","public","False","False","False","False","True","41","0x06003BD2"
"DolocTown.FishRodHook","get_CurrentFishPool","DolocTown.FishingPool DolocTown.FishRodHook::get_CurrentFishPool()","DolocTown.FishingPool","","public","False","False","False","False","True","7","0x06003BD3"
"DolocTown.FishRodHook","set_CurrentFishPool","System.Void DolocTown.FishRodHook::set_CurrentFishPool(DolocTown.FishingPool)","System.Void","DolocTown.FishingPool value","private","False","False","False","False","True","8","0x06003BD4"
"DolocTown.FishRodHook","get_HookSprite","UnityEngine.Sprite DolocTown.FishRodHook::get_HookSprite()","UnityEngine.Sprite","","public","False","False","False","False","True","12","0x06003BD5"
"DolocTown.FishRodHook","set_HookSprite","System.Void DolocTown.FishRodHook::set_HookSprite(UnityEngine.Sprite)","System.Void","UnityEngine.Sprite value","public","False","False","False","False","True","13","0x06003BD6"
"DolocTown.FishRodHook","get_RBEnabled","System.Boolean DolocTown.FishRodHook::get_RBEnabled()","System.Boolean","","public","False","False","False","False","True","12","0x06003BD7"
"DolocTown.FishRodHook","set_RBEnabled","System.Void DolocTown.FishRodHook::set_RBEnabled(System.Boolean)","System.Void","System.Boolean value","public","False","False","False","False","True","29","0x06003BD8"
"DolocTown.FishRodHook","get_Velocity","UnityEngine.Vector2 DolocTown.FishRodHook::get_Velocity()","UnityEngine.Vector2","","public","False","False","False","False","True","12","0x06003BD9"
"DolocTown.FishRodHook","set_Velocity","System.Void DolocTown.FishRodHook::set_Velocity(UnityEngine.Vector2)","System.Void","UnityEngine.Vector2 value","public","False","False","False","False","True","13","0x06003BDA"
"DolocTown.FishRodHook","__Init","System.Void DolocTown.FishRodHook::__Init()","System.Void","","protected","False","True","False","False","True","38","0x06003BDB"
"DolocTown.FishRodHook","DisableBattle","System.Void DolocTown.FishRodHook::DisableBattle()","System.Void","","public","False","False","False","False","True","24","0x06003BDC"
"DolocTown.FishRodHook","DisableFloating","System.Void DolocTown.FishRodHook::DisableFloating()","System.Void","","public","False","False","False","False","True","8","0x06003BDD"
"DolocTown.FishRodHook","EnableFishShadow","System.Void DolocTown.FishRodHook::EnableFishShadow(UnityEngine.Vector2)","System.Void","UnityEngine.Vector2 rodPosition","public","False","False","False","False","True","126","0x06003BDE"
"DolocTown.FishRodHook","HideFishShadow","System.Void DolocTown.FishRodHook::HideFishShadow()","System.Void","","public","False","False","False","False","True","13","0x06003BDF"
"DolocTown.FishRodHook","AddForce","System.Void DolocTown.FishRodHook::AddForce(UnityEngine.Vector2,UnityEngine.ForceMode2D)","System.Void","UnityEngine.Vector2 force; UnityEngine.ForceMode2D mode","public","False","False","False","False","True","21","0x06003BE0"
"DolocTown.FishRodHook","ResetHook","System.Void DolocTown.FishRodHook::ResetHook()","System.Void","","public","False","False","False","False","True","28","0x06003BE1"
"DolocTown.FishRodHook","StartFloatingPhysical","System.Void DolocTown.FishRodHook::StartFloatingPhysical()","System.Void","","private","False","False","False","False","True","50","0x06003BE2"
"DolocTown.FishRodHook","TryRaiseWaterSplash","System.Void DolocTown.FishRodHook::TryRaiseWaterSplash(DolocTown.FishingPool)","System.Void","DolocTown.FishingPool fishingPool","private","False","False","False","False","True","128","0x06003BE3"
"DolocTown.FishRodHook","RaiseWaterBubbles","System.Void DolocTown.FishRodHook::RaiseWaterBubbles(UnityEngine.Vector2,System.Single)","System.Void","UnityEngine.Vector2 position; System.Single range","private","False","False","False","False","True","32","0x06003BE4"
"DolocTown.FishRodHook","FixedUpdate","System.Void DolocTown.FishRodHook::FixedUpdate()","System.Void","","private","False","False","False","False","True","127","0x06003BE5"
"DolocTown.FishRodHook","OnTriggerEnter2D","System.Void DolocTown.FishRodHook::OnTriggerEnter2D(UnityEngine.Collider2D)","System.Void","UnityEngine.Collider2D other","private","False","False","False","False","True","161","0x06003BE6"
"DolocTown.FishRodHook",".ctor","System.Void DolocTown.FishRodHook::.ctor()","System.Void","","public","False","False","False","True","True","61","0x06003BE7"
"DolocTown.FishRodHook","<TryRaiseWaterSplash>b__34_0","System.Void DolocTown.FishRodHook::<TryRaiseWaterSplash>b__34_0()","System.Void","","private","False","False","False","False","True","28","0x06003BE8"
"DolocTown.FishRodLine","get_RopeEndPosition","UnityEngine.Vector2 DolocTown.FishRodLine::get_RopeEndPosition()","UnityEngine.Vector2","","public","False","False","False","False","True","12","0x06003BE9"
"DolocTown.FishRodLine","set_color","System.Void DolocTown.FishRodLine::set_color(UnityEngine.Color)","System.Void","UnityEngine.Color value","public","False","False","False","False","True","25","0x06003BEA"
"DolocTown.FishRodLine","__Init","System.Void DolocTown.FishRodLine::__Init()","System.Void","","protected","False","True","False","False","True","40","0x06003BEB"
"DolocTown.FishRodLine","RefreshRope","System.Void DolocTown.FishRodLine::RefreshRope(System.Boolean)","System.Void","System.Boolean useShorterLine","private","False","False","False","False","True","180","0x06003BEC"
"DolocTown.FishRodLine","UseStraightLine","System.Void DolocTown.FishRodLine::UseStraightLine()","System.Void","","public","False","False","False","False","True","90","0x06003BED"
"DolocTown.FishRodLine","UseRopeLine","System.Void DolocTown.FishRodLine::UseRopeLine(System.Boolean,System.Boolean)","System.Void","System.Boolean doubleSide; System.Boolean useShortLine","public","False","False","False","False","True","78","0x06003BEE"
"DolocTown.FishRodLine","Update","System.Void DolocTown.FishRodLine::Update()","System.Void","","private","False","False","False","False","True","227","0x06003BEF"
"DolocTown.FishRodLine",".ctor","System.Void DolocTown.FishRodLine::.ctor()","System.Void","","public","False","False","False","True","True","59","0x06003BF0"
"DolocTown.FishRodRenderer","get_CastProgressBarPosition","UnityEngine.Vector2 DolocTown.FishRodRenderer::get_CastProgressBarPosition()","UnityEngine.Vector2","","public","False","False","False","False","True","17","0x06003BF1"
"DolocTown.FishRodRenderer","get_CastProgressBarPositionScreen","UnityEngine.Vector2 DolocTown.FishRodRenderer::get_CastProgressBarPositionScreen()","UnityEngine.Vector2","","public","False","False","False","False","True","12","0x06003BF2"
"DolocTown.FishRodRenderer","get_Line","DolocTown.FishRodLine DolocTown.FishRodRenderer::get_Line()","DolocTown.FishRodLine","","public","False","False","False","False","True","7","0x06003BF3"
"DolocTown.FishRodRenderer","get_FishHookPosition","UnityEngine.Vector2 DolocTown.FishRodRenderer::get_FishHookPosition()","UnityEngine.Vector2","","public","False","False","False","False","True","12","0x06003BF4"
"DolocTown.FishRodRenderer","get_FishHookPositionScreen","UnityEngine.Vector2 DolocTown.FishRodRenderer::get_FishHookPositionScreen()","UnityEngine.Vector2","","public","False","False","False","False","True","17","0x06003BF5"
"DolocTown.FishRodRenderer","get_Hook","DolocTown.FishRodHook DolocTown.FishRodRenderer::get_Hook()","DolocTown.FishRodHook","","public","False","False","False","False","True","7","0x06003BF6"
"DolocTown.FishRodRenderer","__Init","System.Void DolocTown.FishRodRenderer::__Init()","System.Void","","protected","False","True","False","False","True","152","0x06003BF7"
"DolocTown.FishRodRenderer","HideHook","System.Void DolocTown.FishRodRenderer::HideHook()","System.Void","","public","False","False","False","False","True","30","0x06003BF8"
"DolocTown.FishRodRenderer","EnableFishShadow","System.Void DolocTown.FishRodRenderer::EnableFishShadow()","System.Void","","public","False","False","False","False","True","28","0x06003BF9"
"DolocTown.FishRodRenderer","HideFishShadow","System.Void DolocTown.FishRodRenderer::HideFishShadow()","System.Void","","public","False","False","False","False","True","12","0x06003BFA"
"DolocTown.FishRodRenderer","StopBattle","System.Void DolocTown.FishRodRenderer::StopBattle()","System.Void","","public","False","False","False","False","True","23","0x06003BFB"
"DolocTown.FishRodRenderer","SetPower","System.Void DolocTown.FishRodRenderer::SetPower(System.Single)","System.Void","System.Single value","public","False","False","False","False","True","13","0x06003BFC"
"DolocTown.FishRodRenderer","GetCastForceColor","UnityEngine.Color DolocTown.FishRodRenderer::GetCastForceColor(System.Single)","UnityEngine.Color","System.Single value","public","False","False","False","False","True","13","0x06003BFD"
"DolocTown.FishRodRenderer","SetCastInfo","System.Void DolocTown.FishRodRenderer::SetCastInfo(System.Boolean,System.Action`1<DolocTown.FishingPool>)","System.Void","System.Boolean isFaceRight; System.Action`1<DolocTown.FishingPool> onHooked","public","False","False","False","False","True","15","0x06003BFE"
"DolocTown.FishRodRenderer","ReadyHook","System.Void DolocTown.FishRodRenderer::ReadyHook()","System.Void","","public","False","False","False","False","True","110","0x06003BFF"
"DolocTown.FishRodRenderer","CastHook","System.Void DolocTown.FishRodRenderer::CastHook()","System.Void","","public","False","False","False","False","True","160","0x06003C00"
"DolocTown.FishRodRenderer","PullCancel","System.Single DolocTown.FishRodRenderer::PullCancel()","System.Single","","public","False","False","False","False","True","85","0x06003C01"
"DolocTown.FishRodRenderer","Pull","System.Single DolocTown.FishRodRenderer::Pull(UnityEngine.Vector2)","System.Single","UnityEngine.Vector2 agentPosition","public","False","False","False","False","True","140","0x06003C02"
"DolocTown.FishRodRenderer","CalcVelocity","UnityEngine.Vector2 DolocTown.FishRodRenderer::CalcVelocity(UnityEngine.Rigidbody2D,UnityEngine.Vector2,System.Single,System.Single&)","UnityEngine.Vector2","UnityEngine.Rigidbody2D rb; UnityEngine.Vector2 bodyPosition; System.Single dropHeight; System.Single& t","private","False","False","False","False","True","203","0x06003C03"
"DolocTown.FishRodRenderer","WaitForNextFrame","System.Collections.IEnumerator DolocTown.FishRodRenderer::WaitForNextFrame(System.Action)","System.Collections.IEnumerator","System.Action callback","private","False","False","False","False","True","14","0x06003C04"
"DolocTown.FishRodRenderer","OnHooked","System.Void DolocTown.FishRodRenderer::OnHooked(DolocTown.FishingPool)","System.Void","DolocTown.FishingPool pool","private","False","False","False","False","True","31","0x06003C05"
"DolocTown.FishRodRenderer","Play","System.Void DolocTown.FishRodRenderer::Play(System.String,System.String)","System.Void","System.String toolName; System.String behaviourName","public","False","False","False","False","True","136","0x06003C06"
"DolocTown.FishRodRenderer","Update","System.Void DolocTown.FishRodRenderer::Update()","System.Void","","private","False","False","False","False","True","66","0x06003C07"
"DolocTown.FishRodRenderer","OnDrawGizmos","System.Void DolocTown.FishRodRenderer::OnDrawGizmos()","System.Void","","private","False","False","False","False","True","32","0x06003C08"
"DolocTown.FishRodRenderer",".ctor","System.Void DolocTown.FishRodRenderer::.ctor()","System.Void","","public","False","False","False","True","True","72","0x06003C09"
"DolocTown.FishRodRenderer/<>c__DisplayClass41_0",".ctor","System.Void DolocTown.FishRodRenderer/<>c__DisplayClass41_0::.ctor()","System.Void","","public","False","False","False","True","True","7","0x0600A08D"
"DolocTown.FishRodRenderer/<>c__DisplayClass41_0","<Pull>b__0","System.Void DolocTown.FishRodRenderer/<>c__DisplayClass41_0::<Pull>b__0()","System.Void","","internal","False","False","False","False","True","23","0x0600A08E"
"DolocTown.FishRodRenderer/<WaitForNextFrame>d__43",".ctor","System.Void DolocTown.FishRodRenderer/<WaitForNextFrame>d__43::.ctor(System.Int32)","System.Void","System.Int32 <>1__state","public","False","False","False","True","True","14","0x0600A08F"
"DolocTown.FishRodRenderer/<WaitForNextFrame>d__43","System.IDisposable.Dispose","System.Void DolocTown.FishRodRenderer/<WaitForNextFrame>d__43::System.IDisposable.Dispose()","System.Void","","private","False","True","False","False","True","1","0x0600A090"
"DolocTown.FishRodRenderer/<WaitForNextFrame>d__43","MoveNext","System.Boolean DolocTown.FishRodRenderer/<WaitForNextFrame>d__43::MoveNext()","System.Boolean","","private","False","True","False","False","True","69","0x0600A091"
"DolocTown.FishRodRenderer/<WaitForNextFrame>d__43","System.Collections.Generic.IEnumerator<System.Object>.get_Current","System.Object DolocTown.FishRodRenderer/<WaitForNextFrame>d__43::System.Collections.Generic.IEnumerator<System.Object>.get_Current()","System.Object","","private","False","True","False","False","True","7","0x0600A092"
"DolocTown.FishRodRenderer/<WaitForNextFrame>d__43","System.Collections.IEnumerator.Reset","System.Void DolocTown.FishRodRenderer/<WaitForNextFrame>d__43::System.Collections.IEnumerator.Reset()","System.Void","","private","False","True","False","False","True","6","0x0600A093"
"DolocTown.FishRodRenderer/<WaitForNextFrame>d__43","System.Collections.IEnumerator.get_Current","System.Object DolocTown.FishRodRenderer/<WaitForNextFrame>d__43::System.Collections.IEnumerator.get_Current()","System.Object","","private","False","True","False","False","True","7","0x0600A094"
"DolocTown.FishShadow","get_Hook","UnityEngine.Transform DolocTown.FishShadow::get_Hook()","UnityEngine.Transform","","public","False","False","False","False","True","7","0x06003C0A"
"DolocTown.FishShadow","set_Hook","System.Void DolocTown.FishShadow::set_Hook(UnityEngine.Transform)","System.Void","UnityEngine.Transform value","public","False","False","False","False","True","8","0x06003C0B"
"DolocTown.FishShadow","Stop","System.Void DolocTown.FishShadow::Stop()","System.Void","","public","False","False","False","False","True","18","0x06003C0C"
"DolocTown.FishShadow","Battle","System.Void DolocTown.FishShadow::Battle(UnityEngine.Vector2)","System.Void","UnityEngine.Vector2 rodPosition","public","False","False","False","False","True","376","0x06003C0D"
"DolocTown.FishShadow","GetRandomDirection","UnityEngine.Vector2 DolocTown.FishShadow::GetRandomDirection(UnityEngine.Vector2,UnityEngine.Vector2)","UnityEngine.Vector2","UnityEngine.Vector2 origin; UnityEngine.Vector2 current","public","False","False","False","False","True","163","0x06003C0E"
"DolocTown.FishShadow","Update","System.Void DolocTown.FishShadow::Update()","System.Void","","private","False","False","False","False","True","38","0x06003C0F"
"DolocTown.FishShadow",".ctor","System.Void DolocTown.FishShadow::.ctor()","System.Void","","public","False","False","False","True","True","87","0x06003C10"
"DolocTown.FishShadow/<>c__DisplayClass12_0",".ctor","System.Void DolocTown.FishShadow/<>c__DisplayClass12_0::.ctor()","System.Void","","public","False","False","False","True","True","7","0x0600A095"
"DolocTown.FishShadow/<>c__DisplayClass12_0","<Battle>b__0","System.Void DolocTown.FishShadow/<>c__DisplayClass12_0::<Battle>b__0()","System.Void","","internal","False","False","False","False","True","18","0x0600A096"
"DolocTown.FishTankUiState","get_disablePutMax","System.Boolean DolocTown.FishTankUiState::get_disablePutMax()","System.Boolean","","protected","False","True","False","False","True","2","0x06004189"
"DolocTown.FishTankUiState","get_currentPanel","DolocTown.UI.InventoryPanel DolocTown.FishTankUiState::get_currentPanel()","DolocTown.UI.InventoryPanel","","protected","False","True","False","False","True","22","0x0600418A"
"DolocTown.FishTankUiState","get_currentInventory","DolocTown.LinearInventory DolocTown.FishTankUiState::get_currentInventory()","DolocTown.LinearInventory","","protected","False","True","False","False","True","22","0x0600418B"
"DolocTown.FishTankUiState","get_OnCloseButtonClick","UnityEngine.Events.UnityEvent DolocTown.FishTankUiState::get_OnCloseButtonClick()","UnityEngine.Events.UnityEvent","","protected","False","True","False","False","True","12","0x0600418C"
"DolocTown.FishTankUiState","get_SoundEventShow","DolocTown.SoundEvents DolocTown.FishTankUiState::get_SoundEventShow()","DolocTown.SoundEvents","","protected","False","True","False","False","True","3","0x0600418D"
"DolocTown.FishTankUiState","get_SocketUI","DolocTown.UI.ContainerSocketUI DolocTown.FishTankUiState::get_SocketUI()","DolocTown.UI.ContainerSocketUI","","private","False","False","False","False","True","17","0x0600418E"
"DolocTown.FishTankUiState","HandleContainerStartUpArgs","System.Boolean DolocTown.FishTankUiState::HandleContainerStartUpArgs(DolocTown.IContainer,System.Action,System.Func`1<System.String>,System.Func`2<System.Boolean,System.Boolean>)","System.Boolean","DolocTown.IContainer container; System.Action onExit; System.Func`1<System.String> infoGetter; System.Func`2<System.Boolean,System.Boolean> lockBufferChecker","public","False","False","False","False","True","20","0x0600418F"
"DolocTown.FishTankUiState","HandleContainerStartUpArgs","System.Boolean DolocTown.FishTankUiState::HandleContainerStartUpArgs(DolocTown.IContainer,System.String,DolocTown.LinearInventory,System.Func`2<DolocTown.Item,System.Boolean>,System.Action,System.Func`1<System.String>,System.Func`2<System.Boolean,System.Boolean>,System.Boolean)","System.Boolean","DolocTown.IContainer container; System.String socketTitle; DolocTown.LinearInventory socketInventory; System.Func`2<DolocTown.Item,System.Boolean> socketItemFilter; System.Action onExit; System.Func`1<System.String> infoGetter; System.Func`2<System.Boolean,System.Boolean> lockBufferChecker; System.Boolean refreshFilterOnInventoryChange","public","False","False","False","False","True","122","0x06004190"
"DolocTown.FishTankUiState","GetTipInContainer","System.String[] DolocTown.FishTankUiState::GetTipInContainer()","System.String[]","","protected","False","True","False","False","True","77","0x06004191"
"DolocTown.FishTankUiState","GetTipInBackpack","System.String[] DolocTown.FishTankUiState::GetTipInBackpack()","System.String[]","","protected","False","True","False","False","True","91","0x06004192"
"DolocTown.FishTankUiState","Register","System.Void DolocTown.FishTankUiState::Register()","System.Void","","protected","False","True","False","False","True","377","0x06004193"
"DolocTown.FishTankUiState","Unregister","System.Void DolocTown.FishTankUiState::Unregister()","System.Void","","protected","False","True","False","False","True","126","0x06004194"
"DolocTown.FishTankUiState","Show","System.Void DolocTown.FishTankUiState::Show()","System.Void","","protected","False","True","False","False","True","139","0x06004195"
"DolocTown.FishTankUiState","Hide","System.Void DolocTown.FishTankUiState::Hide()","System.Void","","protected","False","True","False","False","True","36","0x06004196"
"DolocTown.FishTankUiState","HandleInput","System.Boolean DolocTown.FishTankUiState::HandleInput(System.Single)","System.Boolean","System.Single deltaTime","protected","False","True","False","False","True","52","0x06004197"
"DolocTown.FishTankUiState","OnBackpackItemRender","System.Void DolocTown.FishTankUiState::OnBackpackItemRender(System.Int32,DolocTown.Item)","System.Void","System.Int32 index; DolocTown.Item item","protected","False","True","False","False","True","62","0x06004198"
"DolocTown.FishTankUiState","OnContainerItemRender","System.Void DolocTown.FishTankUiState::OnContainerItemRender(System.Int32,DolocTown.Item)","System.Void","System.Int32 index; DolocTown.Item item","protected","False","True","False","False","True","25","0x06004199"
"DolocTown.FishTankUiState","OnSocketItemRender","System.Void DolocTown.FishTankUiState::OnSocketItemRender(System.Int32,DolocTown.Item)","System.Void","System.Int32 index; DolocTown.Item item","protected","False","False","False","False","True","25","0x0600419A"
"DolocTown.FishTankUiState","OnBackpackItemClick","System.Void DolocTown.FishTankUiState::OnBackpackItemClick(System.Int32)","System.Void","System.Int32 index","protected","False","True","False","False","True","19","0x0600419B"
"DolocTown.FishTankUiState","OnContainerItemClick","System.Void DolocTown.FishTankUiState::OnContainerItemClick(System.Int32)","System.Void","System.Int32 index","protected","False","True","False","False","True","99","0x0600419C"
"DolocTown.FishTankUiState","HandleSwapOneItem","System.Void DolocTown.FishTankUiState::HandleSwapOneItem(System.Int32)","System.Void","System.Int32 index","protected","False","True","False","False","True","1","0x0600419D"
"DolocTown.FishTankUiState","Sort","System.Void DolocTown.FishTankUiState::Sort()","System.Void","","protected","False","True","False","False","True","189","0x0600419E"
"DolocTown.FishTankUiState","PutAll","System.Void DolocTown.FishTankUiState::PutAll()","System.Void","","protected","False","True","False","False","True","99","0x0600419F"
"DolocTown.FishTankUiState","OnBackpackItemLongClick","System.Void DolocTown.FishTankUiState::OnBackpackItemLongClick(System.Int32)","System.Void","System.Int32 index","private","False","False","False","False","True","19","0x060041A0"
"DolocTown.FishTankUiState","OnSocketItemClick","System.Void DolocTown.FishTankUiState::OnSocketItemClick(System.Int32)","System.Void","System.Int32 index","private","False","False","False","False","True","99","0x060041A1"
"DolocTown.FishTankUiState","OnSocketItemSelect","System.Void DolocTown.FishTankUiState::OnSocketItemSelect(System.Int32)","System.Void","System.Int32 index","private","False","False","False","False","True","15","0x060041A2"
"DolocTown.FishTankUiState","OnSocketItemDeselect","System.Void DolocTown.FishTankUiState::OnSocketItemDeselect(System.Int32)","System.Void","System.Int32 index","private","False","False","False","False","True","15","0x060041A3"
"DolocTown.FishTankUiState","PlaceToFishTank","System.Void DolocTown.FishTankUiState::PlaceToFishTank(System.Int32,System.Boolean)","System.Void","System.Int32 index; System.Boolean putMax","private","False","False","False","False","True","358","0x060041A4"
"DolocTown.FishTankUiState","RefreshInfoText","System.Void DolocTown.FishTankUiState::RefreshInfoText()","System.Void","","private","False","False","False","False","True","32","0x060041A5"
"DolocTown.FishTankUiState","OnAnyInventoryChange","System.Void DolocTown.FishTankUiState::OnAnyInventoryChange(System.Int32,DolocTown.Item,System.Boolean)","System.Void","System.Int32 index; DolocTown.Item item; System.Boolean isSlotlocked","private","False","False","False","False","True","48","0x060041A6"
"DolocTown.FishTankUiState","CheckBufferLocked","System.Boolean DolocTown.FishTankUiState::CheckBufferLocked(System.Boolean)","System.Boolean","System.Boolean showMessage","private","False","False","False","False","True","23","0x060041A7"
"DolocTown.FishTankUiState",".ctor","System.Void DolocTown.FishTankUiState::.ctor()","System.Void","","public","False","False","False","True","True","7","0x060041A8"
"DolocTown.FishTankUiState/<>c",".cctor","System.Void DolocTown.FishTankUiState/<>c::.cctor()","System.Void","","private","True","False","False","True","True","11","0x0600A144"
"DolocTown.FishTankUiState/<>c",".ctor","System.Void DolocTown.FishTankUiState/<>c::.ctor()","System.Void","","public","False","False","False","True","True","7","0x0600A145"
"DolocTown.FishTankUiState/<>c","<HandleContainerStartUpArgs>b__20_0","System.Boolean DolocTown.FishTankUiState/<>c::<HandleContainerStartUpArgs>b__20_0(DolocTown.Item)","System.Boolean","DolocTown.Item _","internal","False","False","False","False","True","2","0x0600A146"
"DolocTown.FishTankUiState/<>c","<Sort>b__34_0","System.Single DolocTown.FishTankUiState/<>c::<Sort>b__34_0(DolocTown.Item)","System.Single","DolocTown.Item x","internal","False","False","False","False","True","16","0x0600A147"
"DolocTown.FishTankUiState/<>c","<Sort>b__34_1","System.Single DolocTown.FishTankUiState/<>c::<Sort>b__34_1(DolocTown.Item)","System.Single","DolocTown.Item x","internal","False","False","False","False","True","16","0x0600A148"
"DolocTown.DolocUserInput","get_NormalFishing","System.Boolean DolocTown.DolocUserInput::get_NormalFishing()","System.Boolean","","public","False","False","False","False","True","17","0x0600445B"
"DolocTown.DolocUserInput","get_NormalFishingInProgress","System.Boolean DolocTown.DolocUserInput::get_NormalFishingInProgress()","System.Boolean","","public","False","False","False","False","True","17","0x0600445C"
"DolocTown.FunctionDefines/<>c","<UnlockCompleteIllustratedCollection>b__57_5","System.Void DolocTown.FunctionDefines/<>c::<UnlockCompleteIllustratedCollection>b__57_5(DolocTown.Config.Fishing.FarmFishInfo)","System.Void","DolocTown.Config.Fishing.FarmFishInfo fish","internal","False","False","False","False","True","19","0x0600A1FD"
"DolocTown.UserSettings","get_fishingGameSpeedMultiplier","System.Single DolocTown.UserSettings::get_fishingGameSpeedMultiplier()","System.Single","","public","False","False","False","False","True","7","0x06004710"
"DolocTown.UserSettings","set_fishingGameSpeedMultiplier","System.Void DolocTown.UserSettings::set_fishingGameSpeedMultiplier(System.Single)","System.Void","System.Single value","private","False","False","False","False","True","8","0x06004711"
"DolocTown.UserSettings","get_fishingGameDelayTime","System.Single DolocTown.UserSettings::get_fishingGameDelayTime()","System.Single","","public","False","False","False","False","True","7","0x06004712"
"DolocTown.UserSettings","set_fishingGameDelayTime","System.Void DolocTown.UserSettings::set_fishingGameDelayTime(System.Single)","System.Void","System.Single value","private","False","False","False","False","True","8","0x06004713"
"DolocTown.UI.AnimalDetailData","get_obtainedProduct","System.Boolean[] DolocTown.UI.AnimalDetailData::get_obtainedProduct()","System.Boolean[]","","public","False","False","False","False","True","7","0x06004D0F"
"DolocTown.UI.CreatureDetailData","get_fishData","DolocTown.UI.FishDetailData DolocTown.UI.CreatureDetailData::get_fishData()","DolocTown.UI.FishDetailData","","public","False","False","False","False","True","7","0x06004D2C"
"DolocTown.UI.FishDetailData","get_notEmpty","System.Boolean DolocTown.UI.FishDetailData::get_notEmpty()","System.Boolean","","public","False","True","False","False","True","7","0x06004D32"
"DolocTown.UI.FishDetailData","get_isVisited","System.Boolean DolocTown.UI.FishDetailData::get_isVisited()","System.Boolean","","public","False","False","False","False","True","7","0x06004D33"
"DolocTown.UI.FishDetailData","get_display","System.Boolean DolocTown.UI.FishDetailData::get_display()","System.Boolean","","public","False","False","False","False","True","7","0x06004D34"
"DolocTown.UI.FishDetailData","get_icon","UnityEngine.Sprite DolocTown.UI.FishDetailData::get_icon()","UnityEngine.Sprite","","public","False","False","False","False","True","7","0x06004D35"
"DolocTown.UI.FishDetailData","get_title","System.String DolocTown.UI.FishDetailData::get_title()","System.String","","public","False","False","False","False","True","7","0x06004D36"
"DolocTown.UI.FishDetailData","get_countText","System.String DolocTown.UI.FishDetailData::get_countText()","System.String","","public","False","False","False","False","True","7","0x06004D37"
"DolocTown.UI.FishDetailData","get_descText","System.String DolocTown.UI.FishDetailData::get_descText()","System.String","","public","False","False","False","False","True","7","0x06004D38"
"DolocTown.UI.FishDetailData","get_itemNames","System.String[] DolocTown.UI.FishDetailData::get_itemNames()","System.String[]","","public","False","False","False","False","True","7","0x06004D39"
"DolocTown.UI.FishDetailData","get_itemIcons","UnityEngine.Sprite[] DolocTown.UI.FishDetailData::get_itemIcons()","UnityEngine.Sprite[]","","public","False","False","False","False","True","7","0x06004D3A"
"DolocTown.UI.FishDetailData","get_documentContent","System.String DolocTown.UI.FishDetailData::get_documentContent()","System.String","","public","False","False","False","False","True","7","0x06004D3B"
"DolocTown.UI.FishDetailData",".ctor","System.Void DolocTown.UI.FishDetailData::.ctor(System.String)","System.Void","System.String fishName","public","False","False","False","True","True","702","0x06004D3C"
"DolocTown.UI.FishDetailData/<>c",".cctor","System.Void DolocTown.UI.FishDetailData/<>c::.cctor()","System.Void","","private","True","False","False","True","True","11","0x0600A32A"
"DolocTown.UI.FishDetailData/<>c",".ctor","System.Void DolocTown.UI.FishDetailData/<>c::.ctor()","System.Void","","public","False","False","False","True","True","7","0x0600A32B"
"DolocTown.UI.FishDetailData/<>c","<.ctor>b__30_0","System.Int32 DolocTown.UI.FishDetailData/<>c::<.ctor>b__30_0(DolocTown.Config.Time.SeasonInfo)","System.Int32","DolocTown.Config.Time.SeasonInfo x","internal","False","False","False","False","True","7","0x0600A32C"
"DolocTown.UI.FishDetailData/<>c","<.ctor>b__30_1","System.String DolocTown.UI.FishDetailData/<>c::<.ctor>b__30_1(System.Int32)","System.String","System.Int32 month","internal","False","False","False","False","True","17","0x0600A32D"
"DolocTown.UI.FishDetailData/<>c","<.ctor>b__30_2","System.String DolocTown.UI.FishDetailData/<>c::<.ctor>b__30_2(DolocTown.Config.Weather.WeatherType)","System.String","DolocTown.Config.Weather.WeatherType type","internal","False","False","False","False","True","22","0x0600A32E"
"DolocTown.UI.FishDetailInfo","__Init","System.Void DolocTown.UI.FishDetailInfo::__Init()","System.Void","","protected","False","True","False","False","True","18","0x06004D3D"
"DolocTown.UI.FishDetailInfo","Render","System.Void DolocTown.UI.FishDetailInfo::Render(DolocTown.UI.FishDetailData)","System.Void","DolocTown.UI.FishDetailData data","public","False","False","False","False","True","123","0x06004D3E"
"DolocTown.UI.FishDetailInfo",".ctor","System.Void DolocTown.UI.FishDetailInfo::.ctor()","System.Void","","public","False","False","False","True","True","7","0x06004D3F"
"DolocTown.UI.FishingBehaviorNote","set_sprite","System.Void DolocTown.UI.FishingBehaviorNote::set_sprite(UnityEngine.Sprite)","System.Void","UnityEngine.Sprite value","public","False","False","False","False","True","13","0x06005161"
"DolocTown.UI.FishingBehaviorNote","set_color","System.Void DolocTown.UI.FishingBehaviorNote::set_color(UnityEngine.Color)","System.Void","UnityEngine.Color value","public","False","False","False","False","True","13","0x06005162"
"DolocTown.UI.FishingBehaviorNote","__Init","System.Void DolocTown.UI.FishingBehaviorNote::__Init()","System.Void","","protected","False","True","False","False","True","19","0x06005163"
"DolocTown.UI.FishingBehaviorNote","StartScroll","System.Void DolocTown.UI.FishingBehaviorNote::StartScroll(System.Single,RedSaw.ObjectPool`1<DolocTown.UI.FishingBehaviorNote>)","System.Void","System.Single scrollWidthPerSecond; RedSaw.ObjectPool`1<DolocTown.UI.FishingBehaviorNote> pool","public","False","False","False","False","True","92","0x06005164"
"DolocTown.UI.FishingBehaviorNote","OnRecycle","System.Void DolocTown.UI.FishingBehaviorNote::OnRecycle()","System.Void","","public","False","True","False","False","True","13","0x06005165"
"DolocTown.UI.FishingBehaviorNote","KillTween","System.Void DolocTown.UI.FishingBehaviorNote::KillTween()","System.Void","","private","False","False","False","False","True","34","0x06005166"
"DolocTown.UI.FishingBehaviorNote",".ctor","System.Void DolocTown.UI.FishingBehaviorNote::.ctor()","System.Void","","public","False","False","False","True","True","7","0x06005167"
"DolocTown.UI.FishingBehaviorNote/<>c__DisplayClass7_0",".ctor","System.Void DolocTown.UI.FishingBehaviorNote/<>c__DisplayClass7_0::.ctor()","System.Void","","public","False","False","False","True","True","7","0x0600A3BB"
"DolocTown.UI.FishingBehaviorNote/<>c__DisplayClass7_0","<StartScroll>b__0","System.Void DolocTown.UI.FishingBehaviorNote/<>c__DisplayClass7_0::<StartScroll>b__0()","System.Void","","internal","False","False","False","False","True","29","0x0600A3BC"
"DolocTown.UI.FishingNoteBar","__Init","System.Void DolocTown.UI.FishingNoteBar::__Init()","System.Void","","protected","False","True","False","False","True","57","0x06005168"
"DolocTown.UI.FishingNoteBar","StartSpawn","System.Void DolocTown.UI.FishingNoteBar::StartSpawn(DolocTown.FishingNoteSpawner)","System.Void","DolocTown.FishingNoteSpawner noteSpawner","public","False","False","False","False","True","81","0x06005169"
"DolocTown.UI.FishingNoteBar","SpawnNotes","System.Collections.IEnumerator DolocTown.UI.FishingNoteBar::SpawnNotes()","System.Collections.IEnumerator","","private","False","False","False","False","True","14","0x0600516A"
"DolocTown.UI.FishingNoteBar","StopSpawn","System.Void DolocTown.UI.FishingNoteBar::StopSpawn()","System.Void","","public","False","False","False","False","True","37","0x0600516B"
"DolocTown.UI.FishingNoteBar","RecycleAllNotes","System.Void DolocTown.UI.FishingNoteBar::RecycleAllNotes()","System.Void","","public","False","False","False","False","True","12","0x0600516C"
"DolocTown.UI.FishingNoteBar","SetHoldEffectVisible","System.Void DolocTown.UI.FishingNoteBar::SetHoldEffectVisible(System.Boolean,System.Boolean)","System.Void","System.Boolean value; System.Boolean force","public","False","False","False","False","True","63","0x0600516D"
"DolocTown.UI.FishingNoteBar","SetPunishEffectVisible","System.Void DolocTown.UI.FishingNoteBar::SetPunishEffectVisible(System.Boolean,System.Boolean)","System.Void","System.Boolean value; System.Boolean force","public","False","False","False","False","True","63","0x0600516E"
"DolocTown.UI.FishingNoteBar",".ctor","System.Void DolocTown.UI.FishingNoteBar::.ctor()","System.Void","","public","False","False","False","True","True","7","0x0600516F"
"DolocTown.UI.FishingNoteBar","<StartSpawn>b__12_0","System.Void DolocTown.UI.FishingNoteBar::<StartSpawn>b__12_0()","System.Void","","private","False","False","False","False","True","19","0x06005170"
"DolocTown.UI.FishingNoteBar/<SpawnNotes>d__13",".ctor","System.Void DolocTown.UI.FishingNoteBar/<SpawnNotes>d__13::.ctor(System.Int32)","System.Void","System.Int32 <>1__state","public","False","False","False","True","True","14","0x0600A3BD"
"DolocTown.UI.FishingNoteBar/<SpawnNotes>d__13","System.IDisposable.Dispose","System.Void DolocTown.UI.FishingNoteBar/<SpawnNotes>d__13::System.IDisposable.Dispose()","System.Void","","private","False","True","False","False","True","1","0x0600A3BE"
"DolocTown.UI.FishingNoteBar/<SpawnNotes>d__13","MoveNext","System.Boolean DolocTown.UI.FishingNoteBar/<SpawnNotes>d__13::MoveNext()","System.Boolean","","private","False","True","False","False","True","435","0x0600A3BF"
"DolocTown.UI.FishingNoteBar/<SpawnNotes>d__13","System.Collections.Generic.IEnumerator<System.Object>.get_Current","System.Object DolocTown.UI.FishingNoteBar/<SpawnNotes>d__13::System.Collections.Generic.IEnumerator<System.Object>.get_Current()","System.Object","","private","False","True","False","False","True","7","0x0600A3C0"
"DolocTown.UI.FishingNoteBar/<SpawnNotes>d__13","System.Collections.IEnumerator.Reset","System.Void DolocTown.UI.FishingNoteBar/<SpawnNotes>d__13::System.Collections.IEnumerator.Reset()","System.Void","","private","False","True","False","False","True","6","0x0600A3C1"
"DolocTown.UI.FishingNoteBar/<SpawnNotes>d__13","System.Collections.IEnumerator.get_Current","System.Object DolocTown.UI.FishingNoteBar/<SpawnNotes>d__13::System.Collections.IEnumerator.get_Current()","System.Object","","private","False","True","False","False","True","7","0x0600A3C2"
"DolocTown.UI.FishingPanel","__Init","System.Void DolocTown.UI.FishingPanel::__Init()","System.Void","","protected","False","True","False","False","True","96","0x06005171"
"DolocTown.UI.FishingPanel","StartSpawn","System.Void DolocTown.UI.FishingPanel::StartSpawn(DolocTown.FishingNoteSpawner)","System.Void","DolocTown.FishingNoteSpawner noteSpawner","public","False","False","False","False","True","52","0x06005172"
"DolocTown.UI.FishingPanel","SetProgress","System.Void DolocTown.UI.FishingPanel::SetProgress(System.Single)","System.Void","System.Single progress","public","False","False","False","False","True","13","0x06005173"
"DolocTown.UI.FishingPanel","PlayReelAnimation","System.Void DolocTown.UI.FishingPanel::PlayReelAnimation(System.Boolean)","System.Void","System.Boolean reelIn","public","False","False","False","False","True","13","0x06005174"
"DolocTown.UI.FishingPanel","PlayBonusSpeedUp","System.Void DolocTown.UI.FishingPanel::PlayBonusSpeedUp()","System.Void","","public","False","False","False","False","True","12","0x06005175"
"DolocTown.UI.FishingPanel","StopBonusSpeedUp","System.Void DolocTown.UI.FishingPanel::StopBonusSpeedUp()","System.Void","","public","False","False","False","False","True","12","0x06005176"
"DolocTown.UI.FishingPanel","PlaySparkAnimation","System.Void DolocTown.UI.FishingPanel::PlaySparkAnimation()","System.Void","","public","False","False","False","False","True","12","0x06005177"
"DolocTown.UI.FishingPanel","PlayPunishAnimation","System.Void DolocTown.UI.FishingPanel::PlayPunishAnimation(System.Single)","System.Void","System.Single duration","public","False","False","False","False","True","13","0x06005178"
"DolocTown.UI.FishingPanel","SetPunishEffectVisible","System.Void DolocTown.UI.FishingPanel::SetPunishEffectVisible(System.Boolean)","System.Void","System.Boolean value","public","False","False","False","False","True","14","0x06005179"
"DolocTown.UI.FishingPanel","SetHoldEffectVisible","System.Void DolocTown.UI.FishingPanel::SetHoldEffectVisible(System.Boolean)","System.Void","System.Boolean value","public","False","False","False","False","True","14","0x0600517A"
"DolocTown.UI.FishingPanel","OnStartHide","System.Void DolocTown.UI.FishingPanel::OnStartHide()","System.Void","","protected","False","True","False","False","True","48","0x0600517B"
"DolocTown.UI.FishingPanel","OnFinishHide","System.Void DolocTown.UI.FishingPanel::OnFinishHide()","System.Void","","protected","False","True","False","False","True","18","0x0600517C"
"DolocTown.UI.FishingPanel",".ctor","System.Void DolocTown.UI.FishingPanel::.ctor()","System.Void","","public","False","False","False","True","True","7","0x0600517D"
"DolocTown.UI.FishingProgressBar","SetProgress","System.Void DolocTown.UI.FishingProgressBar::SetProgress(System.Single)","System.Void","System.Single progress","public","False","False","False","False","True","80","0x0600517E"
"DolocTown.UI.FishingProgressBar",".ctor","System.Void DolocTown.UI.FishingProgressBar::.ctor()","System.Void","","public","False","False","False","True","True","7","0x0600517F"
"DolocTown.UI.FishingTurntable","__Init","System.Void DolocTown.UI.FishingTurntable::__Init()","System.Void","","protected","False","True","False","False","True","14","0x06005180"
"DolocTown.UI.FishingTurntable","InitPlayAnimation","System.Void DolocTown.UI.FishingTurntable::InitPlayAnimation()","System.Void","","public","False","False","False","False","True","24","0x06005181"
"DolocTown.UI.FishingTurntable","PlayReelAnimation","System.Void DolocTown.UI.FishingTurntable::PlayReelAnimation(System.Boolean)","System.Void","System.Boolean reelIn","public","False","False","False","False","True","104","0x06005182"
"DolocTown.UI.FishingTurntable","ContinuePlayAnimation","System.Void DolocTown.UI.FishingTurntable::ContinuePlayAnimation(System.String,System.Single)","System.Void","System.String animationName; System.Single speed","private","False","False","False","False","True","71","0x06005183"
"DolocTown.UI.FishingTurntable","PlayBonusSpeedUp","System.Void DolocTown.UI.FishingTurntable::PlayBonusSpeedUp()","System.Void","","public","False","False","False","False","True","18","0x06005184"
"DolocTown.UI.FishingTurntable","StopBonusSpeedUp","System.Void DolocTown.UI.FishingTurntable::StopBonusSpeedUp()","System.Void","","public","False","False","False","False","True","34","0x06005185"
"DolocTown.UI.FishingTurntable","PlayPunishAnimation","System.Void DolocTown.UI.FishingTurntable::PlayPunishAnimation(System.Single)","System.Void","System.Single duration","public","False","False","False","False","True","51","0x06005186"
"DolocTown.UI.FishingTurntable","PlaySparkAnimation","System.Void DolocTown.UI.FishingTurntable::PlaySparkAnimation()","System.Void","","public","False","False","False","False","True","48","0x06005187"
"DolocTown.UI.FishingTurntable","SetSparkVisible","System.Void DolocTown.UI.FishingTurntable::SetSparkVisible(System.Boolean)","System.Void","System.Boolean value","public","False","False","False","False","True","18","0x06005188"
"DolocTown.UI.FishingTurntable",".ctor","System.Void DolocTown.UI.FishingTurntable::.ctor()","System.Void","","public","False","False","False","True","True","59","0x06005189"
"DolocTown.NodeCanvas.DialogueTask_IsFishUnlocked","get_taskTitle","System.String DolocTown.NodeCanvas.DialogueTask_IsFishUnlocked::get_taskTitle()","System.String","","public","False","True","False","False","True","22","0x06005913"
"DolocTown.NodeCanvas.DialogueTask_IsFishUnlocked","CheckCondition","System.Boolean DolocTown.NodeCanvas.DialogueTask_IsFishUnlocked::CheckCondition()","System.Boolean","","protected","False","True","False","False","True","12","0x06005914"
"DolocTown.NodeCanvas.DialogueTask_IsFishUnlocked",".ctor","System.Void DolocTown.NodeCanvas.DialogueTask_IsFishUnlocked::.ctor()","System.Void","","public","False","False","False","True","True","7","0x06005915"
"DolocTown.GameData.AgentArchiveData","CorrodeAgent","System.Void DolocTown.GameData.AgentArchiveData::CorrodeAgent(DolocTown.Config.Weather.WeatherType,System.Boolean)","System.Void","DolocTown.Config.Weather.WeatherType weatherType; System.Boolean shouldRender","public","False","False","False","False","True","135","0x06005F82"
"DolocTown.GameData.AgentEquipmentManager","SetFishingPoolName","System.Void DolocTown.GameData.AgentEquipmentManager::SetFishingPoolName(System.String)","System.Void","System.String poolName","public","False","False","False","False","True","58","0x060060F8"
"DolocTown.Config.Tables","get_TbFish","DolocTown.Config.Fishing.TbFish DolocTown.Config.Tables::get_TbFish()","DolocTown.Config.Fishing.TbFish","","public","False","False","False","False","True","7","0x060062F6"
"DolocTown.Config.Tables","get_TbFishingPool","DolocTown.Config.Fishing.TbFishingPool DolocTown.Config.Tables::get_TbFishingPool()","DolocTown.Config.Fishing.TbFishingPool","","public","False","False","False","False","True","7","0x060062F7"
"DolocTown.Config.Tables","get_TbFarmFish","DolocTown.Config.Fishing.TbFarmFish DolocTown.Config.Tables::get_TbFarmFish()","DolocTown.Config.Fishing.TbFarmFish","","public","False","False","False","False","True","7","0x060062F8"
"DolocTown.Config.Tables","get_TbFarmFishFormation","DolocTown.Config.Fishing.TbFarmFishFormation DolocTown.Config.Tables::get_TbFarmFishFormation()","DolocTown.Config.Fishing.TbFarmFishFormation","","public","False","False","False","False","True","7","0x060062F9"
"DolocTown.Config.Tables","get_TbFishDocument","DolocTown.Config.Fishing.TbFishDocument DolocTown.Config.Tables::get_TbFishDocument()","DolocTown.Config.Fishing.TbFishDocument","","public","False","False","False","False","True","7","0x060062FA"
"DolocTown.Config.Tables","get_TbFishFeed","DolocTown.Config.Fishing.TbFishFeed DolocTown.Config.Tables::get_TbFishFeed()","DolocTown.Config.Fishing.TbFishFeed","","public","False","False","False","False","True","7","0x060062FB"
"DolocTown.Config.Tables","get_TbModFishingPoolExtension","DolocTown.Config.Mod.TbModFishingPoolExtension DolocTown.Config.Tables::get_TbModFishingPoolExtension()","DolocTown.Config.Mod.TbModFishingPoolExtension","","public","False","False","False","False","True","7","0x0600631B"
"DolocTown.Config.Tables","HandleModFishingPoolExtension","System.Void DolocTown.Config.Tables::HandleModFishingPoolExtension()","System.Void","","private","False","False","False","False","True","275","0x06006329"
"DolocTown.Config.Tables/<>c__DisplayClass574_0","<HandleModFishingPoolExtension>b__0","System.Boolean DolocTown.Config.Tables/<>c__DisplayClass574_0::<HandleModFishingPoolExtension>b__0(System.String)","System.Boolean","System.String x","internal","False","False","False","False","True","18","0x0600A6A7"
"DolocTown.Config.Tables/<>c__DisplayClass574_0","<HandleModFishingPoolExtension>b__1","System.Boolean DolocTown.Config.Tables/<>c__DisplayClass574_0::<HandleModFishingPoolExtension>b__1(DolocTown.Config.Fishing.FishInfo)","System.Boolean","DolocTown.Config.Fishing.FishInfo x","internal","False","False","False","False","True","23","0x0600A6A8"
"DolocTown.Config.Settings.GlobalParameterInfo","get_FishTankMaxCountOfSlots","System.Int32 DolocTown.Config.Settings.GlobalParameterInfo::get_FishTankMaxCountOfSlots()","System.Int32","","public","False","False","False","False","True","7","0x0600676F"
"DolocTown.Config.Settings.GlobalParameterInfo","set_FishTankMaxCountOfSlots","System.Void DolocTown.Config.Settings.GlobalParameterInfo::set_FishTankMaxCountOfSlots(System.Int32)","System.Void","System.Int32 value","private","False","False","False","False","True","8","0x06006770"
"DolocTown.Config.Settings.GlobalParameterInfo","get_NpcRelaxLightmanFishingInterval","UnityEngine.Vector2Int DolocTown.Config.Settings.GlobalParameterInfo::get_NpcRelaxLightmanFishingInterval()","UnityEngine.Vector2Int","","public","False","False","False","False","True","7","0x0600677F"
"DolocTown.Config.Settings.GlobalParameterInfo","set_NpcRelaxLightmanFishingInterval","System.Void DolocTown.Config.Settings.GlobalParameterInfo::set_NpcRelaxLightmanFishingInterval(UnityEngine.Vector2Int)","System.Void","UnityEngine.Vector2Int value","private","False","False","False","False","True","8","0x06006780"
"DolocTown.Config.Settings.GlobalParameterInfo","get_FishingRollInterval","System.Single DolocTown.Config.Settings.GlobalParameterInfo::get_FishingRollInterval()","System.Single","","public","False","False","False","False","True","7","0x0600687E"
"DolocTown.Config.Settings.GlobalParameterInfo","set_FishingRollInterval","System.Void DolocTown.Config.Settings.GlobalParameterInfo::set_FishingRollInterval(System.Single)","System.Void","System.Single value","private","False","False","False","False","True","8","0x0600687F"
"DolocTown.Config.Settings.GlobalParameterInfo","get_FishingBiteInitProbability","System.Single DolocTown.Config.Settings.GlobalParameterInfo::get_FishingBiteInitProbability()","System.Single","","public","False","False","False","False","True","7","0x06006880"
"DolocTown.Config.Settings.GlobalParameterInfo","set_FishingBiteInitProbability","System.Void DolocTown.Config.Settings.GlobalParameterInfo::set_FishingBiteInitProbability(System.Single)","System.Void","System.Single value","private","False","False","False","False","True","8","0x06006881"
"DolocTown.Config.Settings.GlobalParameterInfo","get_FishingBiteAdditionalProbability","System.Single DolocTown.Config.Settings.GlobalParameterInfo::get_FishingBiteAdditionalProbability()","System.Single","","public","False","False","False","False","True","7","0x06006882"
"DolocTown.Config.Settings.GlobalParameterInfo","set_FishingBiteAdditionalProbability","System.Void DolocTown.Config.Settings.GlobalParameterInfo::set_FishingBiteAdditionalProbability(System.Single)","System.Void","System.Single value","private","False","False","False","False","True","8","0x06006883"
"DolocTown.Config.Settings.GlobalParameterInfo","get_FishingEnergyCost","System.Int32 DolocTown.Config.Settings.GlobalParameterInfo::get_FishingEnergyCost()","System.Int32","","public","False","False","False","False","True","7","0x06006886"
"DolocTown.Config.Settings.GlobalParameterInfo","set_FishingEnergyCost","System.Void DolocTown.Config.Settings.GlobalParameterInfo::set_FishingEnergyCost(System.Int32)","System.Void","System.Int32 value","private","False","False","False","False","True","8","0x06006887"
"DolocTown.Config.Settings.GlobalParameterInfo","get_FishingOperationInterval","System.Single DolocTown.Config.Settings.GlobalParameterInfo::get_FishingOperationInterval()","System.Single","","public","False","False","False","False","True","7","0x06006888"
"DolocTown.Config.Settings.GlobalParameterInfo","set_FishingOperationInterval","System.Void DolocTown.Config.Settings.GlobalParameterInfo::set_FishingOperationInterval(System.Single)","System.Void","System.Single value","private","False","False","False","False","True","8","0x06006889"
"DolocTown.Config.Settings.GlobalParameterInfo","get_FishingNoteScrollSpeedBase","System.Int32 DolocTown.Config.Settings.GlobalParameterInfo::get_FishingNoteScrollSpeedBase()","System.Int32","","public","False","False","False","False","True","7","0x0600688A"
"DolocTown.Config.Settings.GlobalParameterInfo","set_FishingNoteScrollSpeedBase","System.Void DolocTown.Config.Settings.GlobalParameterInfo::set_FishingNoteScrollSpeedBase(System.Int32)","System.Void","System.Int32 value","private","False","False","False","False","True","8","0x0600688B"
"DolocTown.Config.Settings.GlobalParameterInfo","get_FishingNoteScrollSpeedBonus","System.Int32 DolocTown.Config.Settings.GlobalParameterInfo::get_FishingNoteScrollSpeedBonus()","System.Int32","","public","False","False","False","False","True","7","0x0600688C"
"DolocTown.Config.Settings.GlobalParameterInfo","set_FishingNoteScrollSpeedBonus","System.Void DolocTown.Config.Settings.GlobalParameterInfo::set_FishingNoteScrollSpeedBonus(System.Int32)","System.Void","System.Int32 value","private","False","False","False","False","True","8","0x0600688D"
"DolocTown.Config.Settings.GlobalParameterInfo","get_FishingNoteBarWidthPixel","System.Int32 DolocTown.Config.Settings.GlobalParameterInfo::get_FishingNoteBarWidthPixel()","System.Int32","","public","False","False","False","False","True","7","0x0600688E"
"DolocTown.Config.Settings.GlobalParameterInfo","set_FishingNoteBarWidthPixel","System.Void DolocTown.Config.Settings.GlobalParameterInfo::set_FishingNoteBarWidthPixel(System.Int32)","System.Void","System.Int32 value","private","False","False","False","False","True","8","0x0600688F"
"DolocTown.Config.Settings.GlobalParameterInfo","get_FishingProgressBarWidthPixel","System.Int32 DolocTown.Config.Settings.GlobalParameterInfo::get_FishingProgressBarWidthPixel()","System.Int32","","public","False","False","False","False","True","7","0x06006890"
"DolocTown.Config.Settings.GlobalParameterInfo","set_FishingProgressBarWidthPixel","System.Void DolocTown.Config.Settings.GlobalParameterInfo::set_FishingProgressBarWidthPixel(System.Int32)","System.Void","System.Int32 value","private","False","False","False","False","True","8","0x06006891"
"DolocTown.Config.Settings.GlobalParameterInfo","get_FishingAnimationMinimumInterval","System.Single DolocTown.Config.Settings.GlobalParameterInfo::get_FishingAnimationMinimumInterval()","System.Single","","public","False","False","False","False","True","7","0x06006892"
"DolocTown.Config.Settings.GlobalParameterInfo","set_FishingAnimationMinimumInterval","System.Void DolocTown.Config.Settings.GlobalParameterInfo::set_FishingAnimationMinimumInterval(System.Single)","System.Void","System.Single value","private","False","False","False","False","True","8","0x06006893"
"DolocTown.Config.Settings.GlobalParameterInfo","get_FishingPunishAnimationDuration","System.Single DolocTown.Config.Settings.GlobalParameterInfo::get_FishingPunishAnimationDuration()","System.Single","","public","False","False","False","False","True","7","0x06006894"
"DolocTown.Config.Settings.GlobalParameterInfo","set_FishingPunishAnimationDuration","System.Void DolocTown.Config.Settings.GlobalParameterInfo::set_FishingPunishAnimationDuration(System.Single)","System.Void","System.Single value","private","False","False","False","False","True","8","0x06006895"
"DolocTown.Config.Settings.GlobalParameterInfo","get_FishingPunishStartTime","System.Single DolocTown.Config.Settings.GlobalParameterInfo::get_FishingPunishStartTime()","System.Single","","public","False","False","False","False","True","7","0x06006896"
"DolocTown.Config.Settings.GlobalParameterInfo","set_FishingPunishStartTime","System.Void DolocTown.Config.Settings.GlobalParameterInfo::set_FishingPunishStartTime(System.Single)","System.Void","System.Single value","private","False","False","False","False","True","8","0x06006897"
"DolocTown.Config.Settings.GlobalParameterInfo","get_FishingGamePreparationTimeScale","System.Single DolocTown.Config.Settings.GlobalParameterInfo::get_FishingGamePreparationTimeScale()","System.Single","","public","False","False","False","False","True","7","0x06006898"
"DolocTown.Config.Settings.GlobalParameterInfo","set_FishingGamePreparationTimeScale","System.Void DolocTown.Config.Settings.GlobalParameterInfo::set_FishingGamePreparationTimeScale(System.Single)","System.Void","System.Single value","private","False","False","False","False","True","8","0x06006899"
"DolocTown.Config.Settings.GlobalParameterInfo","get_FishingNoteSpeedDecreasePerLevel","System.Single DolocTown.Config.Settings.GlobalParameterInfo::get_FishingNoteSpeedDecreasePerLevel()","System.Single","","public","False","False","False","False","True","7","0x0600689A"
"DolocTown.Config.Settings.GlobalParameterInfo","set_FishingNoteSpeedDecreasePerLevel","System.Void DolocTown.Config.Settings.GlobalParameterInfo::set_FishingNoteSpeedDecreasePerLevel(System.Single)","System.Void","System.Single value","private","False","False","False","False","True","8","0x0600689B"
"DolocTown.Config.Settings.GlobalParameterInfo","get_AquaDefaultWeight","System.Int32 DolocTown.Config.Settings.GlobalParameterInfo::get_AquaDefaultWeight()","System.Int32","","public","False","False","False","False","True","7","0x0600693A"
"DolocTown.Config.Settings.GlobalParameterInfo","set_AquaDefaultWeight","System.Void DolocTown.Config.Settings.GlobalParameterInfo::set_AquaDefaultWeight(System.Int32)","System.Void","System.Int32 value","private","False","False","False","False","True","8","0x0600693B"
"DolocTown.Config.Settings.GlobalParameterInfo","get_AquaTechpointProduce","System.Int32 DolocTown.Config.Settings.GlobalParameterInfo::get_AquaTechpointProduce()","System.Int32","","public","False","False","False","False","True","7","0x0600693C"
"DolocTown.Config.Settings.GlobalParameterInfo","set_AquaTechpointProduce","System.Void DolocTown.Config.Settings.GlobalParameterInfo::set_AquaTechpointProduce(System.Int32)","System.Void","System.Int32 value","private","False","False","False","False","True","8","0x0600693D"
"DolocTown.Config.Settings.GlobalParameterInfo","get_ItemRefFishFry","System.String DolocTown.Config.Settings.GlobalParameterInfo::get_ItemRefFishFry()","System.String","","public","False","False","False","False","True","7","0x06006966"
"DolocTown.Config.Settings.GlobalParameterInfo","set_ItemRefFishFry","System.Void DolocTown.Config.Settings.GlobalParameterInfo::set_ItemRefFishFry(System.String)","System.Void","System.String value","private","False","False","False","False","True","8","0x06006967"
"DolocTown.Config.Settings.GlobalParameterInfo","get_ItemRefFishFry_Ref","DolocTown.Config.Item.ItemInfo DolocTown.Config.Settings.GlobalParameterInfo::get_ItemRefFishFry_Ref()","DolocTown.Config.Item.ItemInfo","","public","False","False","False","False","True","7","0x06006968"
"DolocTown.Config.Settings.GlobalParameterInfo","set_ItemRefFishFry_Ref","System.Void DolocTown.Config.Settings.GlobalParameterInfo::set_ItemRefFishFry_Ref(DolocTown.Config.Item.ItemInfo)","System.Void","DolocTown.Config.Item.ItemInfo value","private","False","False","False","False","True","8","0x06006969"
"DolocTown.Config.Settings.TbGlobalParameter","get_FishTankMaxCountOfSlots","System.Int32 DolocTown.Config.Settings.TbGlobalParameter::get_FishTankMaxCountOfSlots()","System.Int32","","public","False","False","False","False","True","12","0x060069EC"
"DolocTown.Config.Settings.TbGlobalParameter","get_NpcRelaxLightmanFishingInterval","UnityEngine.Vector2Int DolocTown.Config.Settings.TbGlobalParameter::get_NpcRelaxLightmanFishingInterval()","UnityEngine.Vector2Int","","public","False","False","False","False","True","12","0x060069F4"
"DolocTown.Config.Settings.TbGlobalParameter","get_FishingRollInterval","System.Single DolocTown.Config.Settings.TbGlobalParameter::get_FishingRollInterval()","System.Single","","public","False","False","False","False","True","12","0x06006A63"
"DolocTown.Config.Settings.TbGlobalParameter","get_FishingBiteInitProbability","System.Single DolocTown.Config.Settings.TbGlobalParameter::get_FishingBiteInitProbability()","System.Single","","public","False","False","False","False","True","12","0x06006A64"
"DolocTown.Config.Settings.TbGlobalParameter","get_FishingBiteAdditionalProbability","System.Single DolocTown.Config.Settings.TbGlobalParameter::get_FishingBiteAdditionalProbability()","System.Single","","public","False","False","False","False","True","12","0x06006A65"
"DolocTown.Config.Settings.TbGlobalParameter","get_FishingEnergyCost","System.Int32 DolocTown.Config.Settings.TbGlobalParameter::get_FishingEnergyCost()","System.Int32","","public","False","False","False","False","True","12","0x06006A67"
"DolocTown.Config.Settings.TbGlobalParameter","get_FishingOperationInterval","System.Single DolocTown.Config.Settings.TbGlobalParameter::get_FishingOperationInterval()","System.Single","","public","False","False","False","False","True","12","0x06006A68"
"DolocTown.Config.Settings.TbGlobalParameter","get_FishingNoteScrollSpeedBase","System.Int32 DolocTown.Config.Settings.TbGlobalParameter::get_FishingNoteScrollSpeedBase()","System.Int32","","public","False","False","False","False","True","12","0x06006A69"
"DolocTown.Config.Settings.TbGlobalParameter","get_FishingNoteScrollSpeedBonus","System.Int32 DolocTown.Config.Settings.TbGlobalParameter::get_FishingNoteScrollSpeedBonus()","System.Int32","","public","False","False","False","False","True","12","0x06006A6A"
"DolocTown.Config.Settings.TbGlobalParameter","get_FishingNoteBarWidthPixel","System.Int32 DolocTown.Config.Settings.TbGlobalParameter::get_FishingNoteBarWidthPixel()","System.Int32","","public","False","False","False","False","True","12","0x06006A6B"
"DolocTown.Config.Settings.TbGlobalParameter","get_FishingProgressBarWidthPixel","System.Int32 DolocTown.Config.Settings.TbGlobalParameter::get_FishingProgressBarWidthPixel()","System.Int32","","public","False","False","False","False","True","12","0x06006A6C"
"DolocTown.Config.Settings.TbGlobalParameter","get_FishingAnimationMinimumInterval","System.Single DolocTown.Config.Settings.TbGlobalParameter::get_FishingAnimationMinimumInterval()","System.Single","","public","False","False","False","False","True","12","0x06006A6D"
"DolocTown.Config.Settings.TbGlobalParameter","get_FishingPunishAnimationDuration","System.Single DolocTown.Config.Settings.TbGlobalParameter::get_FishingPunishAnimationDuration()","System.Single","","public","False","False","False","False","True","12","0x06006A6E"
"DolocTown.Config.Settings.TbGlobalParameter","get_FishingPunishStartTime","System.Single DolocTown.Config.Settings.TbGlobalParameter::get_FishingPunishStartTime()","System.Single","","public","False","False","False","False","True","12","0x06006A6F"
"DolocTown.Config.Settings.TbGlobalParameter","get_FishingGamePreparationTimeScale","System.Single DolocTown.Config.Settings.TbGlobalParameter::get_FishingGamePreparationTimeScale()","System.Single","","public","False","False","False","False","True","12","0x06006A70"
"DolocTown.Config.Settings.TbGlobalParameter","get_FishingNoteSpeedDecreasePerLevel","System.Single DolocTown.Config.Settings.TbGlobalParameter::get_FishingNoteSpeedDecreasePerLevel()","System.Single","","public","False","False","False","False","True","12","0x06006A71"
"DolocTown.Config.Settings.TbGlobalParameter","get_AquaDefaultWeight","System.Int32 DolocTown.Config.Settings.TbGlobalParameter::get_AquaDefaultWeight()","System.Int32","","public","False","False","False","False","True","12","0x06006ABC"
"DolocTown.Config.Settings.TbGlobalParameter","get_AquaTechpointProduce","System.Int32 DolocTown.Config.Settings.TbGlobalParameter::get_AquaTechpointProduce()","System.Int32","","public","False","False","False","False","True","12","0x06006ABD"
"DolocTown.Config.Settings.TbGlobalParameter","get_ItemRefFishFry","System.String DolocTown.Config.Settings.TbGlobalParameter::get_ItemRefFishFry()","System.String","","public","False","False","False","False","True","12","0x06006AC8"
"DolocTown.Config.Player.AgentEquipmentFuncProtoFishTank",".ctor","System.Void DolocTown.Config.Player.AgentEquipmentFuncProtoFishTank::.ctor(SimpleJSON.JSONNode)","System.Void","SimpleJSON.JSONNode _json","public","False","False","False","True","True","100","0x0600709C"
"DolocTown.Config.Player.AgentEquipmentFuncProtoFishTank",".ctor","System.Void DolocTown.Config.Player.AgentEquipmentFuncProtoFishTank::.ctor(System.Single,System.Int32)","System.Void","System.Single probability; System.Int32 rarity","public","False","False","False","True","True","21","0x0600709D"
"DolocTown.Config.Player.AgentEquipmentFuncProtoFishTank","DeserializeAgentEquipmentFuncProtoFishTank","DolocTown.Config.Player.AgentEquipmentFuncProtoFishTank DolocTown.Config.Player.AgentEquipmentFuncProtoFishTank::DeserializeAgentEquipmentFuncProtoFishTank(SimpleJSON.JSONNode)","DolocTown.Config.Player.AgentEquipmentFuncProtoFishTank","SimpleJSON.JSONNode _json","public","True","False","False","False","True","7","0x0600709E"
"DolocTown.Config.Player.AgentEquipmentFuncProtoFishTank","get_Probability","System.Single DolocTown.Config.Player.AgentEquipmentFuncProtoFishTank::get_Probability()","System.Single","","public","False","False","False","False","True","7","0x0600709F"
"DolocTown.Config.Player.AgentEquipmentFuncProtoFishTank","set_Probability","System.Void DolocTown.Config.Player.AgentEquipmentFuncProtoFishTank::set_Probability(System.Single)","System.Void","System.Single value","private","False","False","False","False","True","8","0x060070A0"
"DolocTown.Config.Player.AgentEquipmentFuncProtoFishTank","get_Rarity","System.Int32 DolocTown.Config.Player.AgentEquipmentFuncProtoFishTank::get_Rarity()","System.Int32","","public","False","False","False","False","True","7","0x060070A1"
"DolocTown.Config.Player.AgentEquipmentFuncProtoFishTank","set_Rarity","System.Void DolocTown.Config.Player.AgentEquipmentFuncProtoFishTank::set_Rarity(System.Int32)","System.Void","System.Int32 value","private","False","False","False","False","True","8","0x060070A2"
"DolocTown.Config.Player.AgentEquipmentFuncProtoFishTank","GetTypeId","System.Int32 DolocTown.Config.Player.AgentEquipmentFuncProtoFishTank::GetTypeId()","System.Int32","","public","False","True","False","False","True","6","0x060070A3"
"DolocTown.Config.Player.AgentEquipmentFuncProtoFishTank","Resolve","System.Void DolocTown.Config.Player.AgentEquipmentFuncProtoFishTank::Resolve(System.Collections.Generic.Dictionary`2<System.String,System.Object>)","System.Void","System.Collections.Generic.Dictionary`2<System.String,System.Object> _tables","public","False","True","False","False","True","8","0x060070A4"
"DolocTown.Config.Player.AgentEquipmentFuncProtoFishTank","TranslateText","System.Void DolocTown.Config.Player.AgentEquipmentFuncProtoFishTank::TranslateText(System.Func`3<System.String,System.String,System.String>)","System.Void","System.Func`3<System.String,System.String,System.String> translator","public","False","True","False","False","True","8","0x060070A5"
"DolocTown.Config.Player.AgentEquipmentFuncProtoFishTank","ToString","System.String DolocTown.Config.Player.AgentEquipmentFuncProtoFishTank::ToString()","System.String","","public","False","True","False","False","True","70","0x060070A6"
"DolocTown.Config.Plant.CropGeneFuncProtoImmortalJellyfish",".ctor","System.Void DolocTown.Config.Plant.CropGeneFuncProtoImmortalJellyfish::.ctor(SimpleJSON.JSONNode)","System.Void","SimpleJSON.JSONNode _json","public","False","False","False","True","True","54","0x06007259"
"DolocTown.Config.Plant.CropGeneFuncProtoImmortalJellyfish",".ctor","System.Void DolocTown.Config.Plant.CropGeneFuncProtoImmortalJellyfish::.ctor(System.Single)","System.Void","System.Single rebirth_probability","public","False","False","False","True","True","14","0x0600725A"
"DolocTown.Config.Plant.CropGeneFuncProtoImmortalJellyfish","DeserializeCropGeneFuncProtoImmortalJellyfish","DolocTown.Config.Plant.CropGeneFuncProtoImmortalJellyfish DolocTown.Config.Plant.CropGeneFuncProtoImmortalJellyfish::DeserializeCropGeneFuncProtoImmortalJellyfish(SimpleJSON.JSONNode)","DolocTown.Config.Plant.CropGeneFuncProtoImmortalJellyfish","SimpleJSON.JSONNode _json","public","True","False","False","False","True","7","0x0600725B"
"DolocTown.Config.Plant.CropGeneFuncProtoImmortalJellyfish","get_RebirthProbability","System.Single DolocTown.Config.Plant.CropGeneFuncProtoImmortalJellyfish::get_RebirthProbability()","System.Single","","public","False","False","False","False","True","7","0x0600725C"
"DolocTown.Config.Plant.CropGeneFuncProtoImmortalJellyfish","set_RebirthProbability","System.Void DolocTown.Config.Plant.CropGeneFuncProtoImmortalJellyfish::set_RebirthProbability(System.Single)","System.Void","System.Single value","private","False","False","False","False","True","8","0x0600725D"
"DolocTown.Config.Plant.CropGeneFuncProtoImmortalJellyfish","GetTypeId","System.Int32 DolocTown.Config.Plant.CropGeneFuncProtoImmortalJellyfish::GetTypeId()","System.Int32","","public","False","True","False","False","True","6","0x0600725E"
"DolocTown.Config.Plant.CropGeneFuncProtoImmortalJellyfish","Resolve","System.Void DolocTown.Config.Plant.CropGeneFuncProtoImmortalJellyfish::Resolve(System.Collections.Generic.Dictionary`2<System.String,System.Object>)","System.Void","System.Collections.Generic.Dictionary`2<System.String,System.Object> _tables","public","False","True","False","False","True","8","0x0600725F"
"DolocTown.Config.Plant.CropGeneFuncProtoImmortalJellyfish","TranslateText","System.Void DolocTown.Config.Plant.CropGeneFuncProtoImmortalJellyfish::TranslateText(System.Func`3<System.String,System.String,System.String>)","System.Void","System.Func`3<System.String,System.String,System.String> translator","public","False","True","False","False","True","8","0x06007260"
"DolocTown.Config.Plant.CropGeneFuncProtoImmortalJellyfish","ToString","System.String DolocTown.Config.Plant.CropGeneFuncProtoImmortalJellyfish::ToString()","System.String","","public","False","True","False","False","True","30","0x06007261"
"DolocTown.Config.Mod.ModFishingPoolExtensionInfo",".ctor","System.Void DolocTown.Config.Mod.ModFishingPoolExtensionInfo::.ctor(SimpleJSON.JSONNode)","System.Void","SimpleJSON.JSONNode _json","public","False","False","False","True","True","171","0x060074F6"
"DolocTown.Config.Mod.ModFishingPoolExtensionInfo",".ctor","System.Void DolocTown.Config.Mod.ModFishingPoolExtensionInfo::.ctor(System.String,System.String[])","System.Void","System.String id; System.String[] extra_fishes","public","False","False","False","True","True","21","0x060074F7"
"DolocTown.Config.Mod.ModFishingPoolExtensionInfo","DeserializeModFishingPoolExtensionInfo","DolocTown.Config.Mod.ModFishingPoolExtensionInfo DolocTown.Config.Mod.ModFishingPoolExtensionInfo::DeserializeModFishingPoolExtensionInfo(SimpleJSON.JSONNode)","DolocTown.Config.Mod.ModFishingPoolExtensionInfo","SimpleJSON.JSONNode _json","public","True","False","False","False","True","7","0x060074F8"
"DolocTown.Config.Mod.ModFishingPoolExtensionInfo","get_Id","System.String DolocTown.Config.Mod.ModFishingPoolExtensionInfo::get_Id()","System.String","","public","False","False","False","False","True","7","0x060074F9"
"DolocTown.Config.Mod.ModFishingPoolExtensionInfo","set_Id","System.Void DolocTown.Config.Mod.ModFishingPoolExtensionInfo::set_Id(System.String)","System.Void","System.String value","private","False","False","False","False","True","8","0x060074FA"
"DolocTown.Config.Mod.ModFishingPoolExtensionInfo","get_Id_Ref","DolocTown.Config.Fishing.FishingPoolInfo DolocTown.Config.Mod.ModFishingPoolExtensionInfo::get_Id_Ref()","DolocTown.Config.Fishing.FishingPoolInfo","","public","False","False","False","False","True","7","0x060074FB"
"DolocTown.Config.Mod.ModFishingPoolExtensionInfo","set_Id_Ref","System.Void DolocTown.Config.Mod.ModFishingPoolExtensionInfo::set_Id_Ref(DolocTown.Config.Fishing.FishingPoolInfo)","System.Void","DolocTown.Config.Fishing.FishingPoolInfo value","private","False","False","False","False","True","8","0x060074FC"
"DolocTown.Config.Mod.ModFishingPoolExtensionInfo","get_ExtraFishes","System.String[] DolocTown.Config.Mod.ModFishingPoolExtensionInfo::get_ExtraFishes()","System.String[]","","public","False","False","False","False","True","7","0x060074FD"
"DolocTown.Config.Mod.ModFishingPoolExtensionInfo","set_ExtraFishes","System.Void DolocTown.Config.Mod.ModFishingPoolExtensionInfo::set_ExtraFishes(System.String[])","System.Void","System.String[] value","private","False","False","False","False","True","8","0x060074FE"
"DolocTown.Config.Mod.ModFishingPoolExtensionInfo","get_ExtraFishes_Ref","DolocTown.Config.Fishing.FishInfo[] DolocTown.Config.Mod.ModFishingPoolExtensionInfo::get_ExtraFishes_Ref()","DolocTown.Config.Fishing.FishInfo[]","","public","False","False","False","False","True","7","0x060074FF"
"DolocTown.Config.Mod.ModFishingPoolExtensionInfo","set_ExtraFishes_Ref","System.Void DolocTown.Config.Mod.ModFishingPoolExtensionInfo::set_ExtraFishes_Ref(DolocTown.Config.Fishing.FishInfo[])","System.Void","DolocTown.Config.Fishing.FishInfo[] value","private","False","False","False","False","True","8","0x06007500"
"DolocTown.Config.Mod.ModFishingPoolExtensionInfo","GetTypeId","System.Int32 DolocTown.Config.Mod.ModFishingPoolExtensionInfo::GetTypeId()","System.Int32","","public","False","True","False","False","True","6","0x06007501"
"DolocTown.Config.Mod.ModFishingPoolExtensionInfo","Resolve","System.Void DolocTown.Config.Mod.ModFishingPoolExtensionInfo::Resolve(System.Collections.Generic.Dictionary`2<System.String,System.Object>)","System.Void","System.Collections.Generic.Dictionary`2<System.String,System.Object> _tables","public","False","False","False","False","True","106","0x06007502"
"DolocTown.Config.Mod.ModFishingPoolExtensionInfo","TranslateText","System.Void DolocTown.Config.Mod.ModFishingPoolExtensionInfo::TranslateText(System.Func`3<System.String,System.String,System.String>)","System.Void","System.Func`3<System.String,System.String,System.String> translator","public","False","False","False","False","True","1","0x06007503"
"DolocTown.Config.Mod.ModFishingPoolExtensionInfo","ToString","System.String DolocTown.Config.Mod.ModFishingPoolExtensionInfo::ToString()","System.String","","public","False","True","False","False","True","59","0x06007504"
"DolocTown.Config.Mod.TbModFishingPoolExtension",".ctor","System.Void DolocTown.Config.Mod.TbModFishingPoolExtension::.ctor(SimpleJSON.JSONNode)","System.Void","SimpleJSON.JSONNode _json","public","False","False","False","True","True","76","0x0600756C"
"DolocTown.Config.Mod.TbModFishingPoolExtension","get_DataList","System.Collections.Generic.List`1<DolocTown.Config.Mod.ModFishingPoolExtensionInfo> DolocTown.Config.Mod.TbModFishingPoolExtension::get_DataList()","System.Collections.Generic.List`1<DolocTown.Config.Mod.ModFishingPoolExtensionInfo>","","public","False","False","False","False","True","7","0x0600756D"
"DolocTown.Config.Mod.TbModFishingPoolExtension","Resolve","System.Void DolocTown.Config.Mod.TbModFishingPoolExtension::Resolve(System.Collections.Generic.Dictionary`2<System.String,System.Object>)","System.Void","System.Collections.Generic.Dictionary`2<System.String,System.Object> _tables","public","False","False","False","False","True","53","0x0600756E"
"DolocTown.Config.Mod.TbModFishingPoolExtension","TranslateText","System.Void DolocTown.Config.Mod.TbModFishingPoolExtension::TranslateText(System.Func`3<System.String,System.String,System.String>)","System.Void","System.Func`3<System.String,System.String,System.String> translator","public","False","False","False","False","True","53","0x0600756F"
"DolocTown.Config.Localization.StaticTextInfo","get_UiOperationErrEquipmentCorroded","System.String DolocTown.Config.Localization.StaticTextInfo::get_UiOperationErrEquipmentCorroded()","System.String","","public","False","False","False","False","True","7","0x060079C0"
"DolocTown.Config.Localization.StaticTextInfo","set_UiOperationErrEquipmentCorroded","System.Void DolocTown.Config.Localization.StaticTextInfo::set_UiOperationErrEquipmentCorroded(System.String)","System.Void","System.String value","private","False","False","False","False","True","8","0x060079C1"
"DolocTown.Config.Localization.StaticTextInfo","get_UiOperationErrEquipmentCorroded_l10n_key","System.String DolocTown.Config.Localization.StaticTextInfo::get_UiOperationErrEquipmentCorroded_l10n_key()","System.String","","public","False","False","False","False","True","7","0x060079C2"
"DolocTown.Config.Localization.StaticTextInfo","get_ItemFishFryTitleFormat","System.String DolocTown.Config.Localization.StaticTextInfo::get_ItemFishFryTitleFormat()","System.String","","public","False","False","False","False","True","7","0x06007C0C"
"DolocTown.Config.Localization.StaticTextInfo","set_ItemFishFryTitleFormat","System.Void DolocTown.Config.Localization.StaticTextInfo::set_ItemFishFryTitleFormat(System.String)","System.Void","System.String value","private","False","False","False","False","True","8","0x06007C0D"
"DolocTown.Config.Localization.StaticTextInfo","get_ItemFishFryTitleFormat_l10n_key","System.String DolocTown.Config.Localization.StaticTextInfo::get_ItemFishFryTitleFormat_l10n_key()","System.String","","public","False","False","False","False","True","7","0x06007C0E"
"DolocTown.Config.Localization.StaticTextInfo","get_FishTankPanelFeedQuantity","System.String DolocTown.Config.Localization.StaticTextInfo::get_FishTankPanelFeedQuantity()","System.String","","public","False","False","False","False","True","7","0x06007CD2"
"DolocTown.Config.Localization.StaticTextInfo","set_FishTankPanelFeedQuantity","System.Void DolocTown.Config.Localization.StaticTextInfo::set_FishTankPanelFeedQuantity(System.String)","System.Void","System.String value","private","False","False","False","False","True","8","0x06007CD3"
"DolocTown.Config.Localization.StaticTextInfo","get_FishTankPanelFeedQuantity_l10n_key","System.String DolocTown.Config.Localization.StaticTextInfo::get_FishTankPanelFeedQuantity_l10n_key()","System.String","","public","False","False","False","False","True","7","0x06007CD4"
"DolocTown.Config.Localization.StaticTextInfo","get_CollectionPanelAnimalProductText","System.String DolocTown.Config.Localization.StaticTextInfo::get_CollectionPanelAnimalProductText()","System.String","","public","False","False","False","False","True","7","0x06007EA6"
"DolocTown.Config.Localization.StaticTextInfo","set_CollectionPanelAnimalProductText","System.Void DolocTown.Config.Localization.StaticTextInfo::set_CollectionPanelAnimalProductText(System.String)","System.Void","System.String value","private","False","False","False","False","True","8","0x06007EA7"
"DolocTown.Config.Localization.StaticTextInfo","get_CollectionPanelAnimalProductText_l10n_key","System.String DolocTown.Config.Localization.StaticTextInfo::get_CollectionPanelAnimalProductText_l10n_key()","System.String","","public","False","False","False","False","True","7","0x06007EA8"
"DolocTown.Config.Localization.StaticTextInfo","get_CollectionPanelAnimalContentLockProduct","System.String DolocTown.Config.Localization.StaticTextInfo::get_CollectionPanelAnimalContentLockProduct()","System.String","","public","False","False","False","False","True","7","0x06007EAF"
"DolocTown.Config.Localization.StaticTextInfo","set_CollectionPanelAnimalContentLockProduct","System.Void DolocTown.Config.Localization.StaticTextInfo::set_CollectionPanelAnimalContentLockProduct(System.String)","System.Void","System.String value","private","False","False","False","False","True","8","0x06007EB0"
"DolocTown.Config.Localization.StaticTextInfo","get_CollectionPanelAnimalContentLockProduct_l10n_key","System.String DolocTown.Config.Localization.StaticTextInfo::get_CollectionPanelAnimalContentLockProduct_l10n_key()","System.String","","public","False","False","False","False","True","7","0x06007EB1"
"DolocTown.Config.Localization.StaticTextInfo","get_CollectionPanelFishCatch","System.String DolocTown.Config.Localization.StaticTextInfo::get_CollectionPanelFishCatch()","System.String","","public","False","False","False","False","True","7","0x06007EB2"
"DolocTown.Config.Localization.StaticTextInfo","set_CollectionPanelFishCatch","System.Void DolocTown.Config.Localization.StaticTextInfo::set_CollectionPanelFishCatch(System.String)","System.Void","System.String value","private","False","False","False","False","True","8","0x06007EB3"
"DolocTown.Config.Localization.StaticTextInfo","get_CollectionPanelFishCatch_l10n_key","System.String DolocTown.Config.Localization.StaticTextInfo::get_CollectionPanelFishCatch_l10n_key()","System.String","","public","False","False","False","False","True","7","0x06007EB4"
"DolocTown.Config.Localization.StaticTextInfo","get_CollectionPanelFishBaitText","System.String DolocTown.Config.Localization.StaticTextInfo::get_CollectionPanelFishBaitText()","System.String","","public","False","False","False","False","True","7","0x06007EB5"
"DolocTown.Config.Localization.StaticTextInfo","set_CollectionPanelFishBaitText","System.Void DolocTown.Config.Localization.StaticTextInfo::set_CollectionPanelFishBaitText(System.String)","System.Void","System.String value","private","False","False","False","False","True","8","0x06007EB6"
"DolocTown.Config.Localization.StaticTextInfo","get_CollectionPanelFishBaitText_l10n_key","System.String DolocTown.Config.Localization.StaticTextInfo::get_CollectionPanelFishBaitText_l10n_key()","System.String","","public","False","False","False","False","True","7","0x06007EB7"
"DolocTown.Config.Localization.StaticTextInfo","get_CollectionPanelFishPlace","System.String DolocTown.Config.Localization.StaticTextInfo::get_CollectionPanelFishPlace()","System.String","","public","False","False","False","False","True","7","0x06007EB8"
"DolocTown.Config.Localization.StaticTextInfo","set_CollectionPanelFishPlace","System.Void DolocTown.Config.Localization.StaticTextInfo::set_CollectionPanelFishPlace(System.String)","System.Void","System.String value","private","False","False","False","False","True","8","0x06007EB9"
"DolocTown.Config.Localization.StaticTextInfo","get_CollectionPanelFishPlace_l10n_key","System.String DolocTown.Config.Localization.StaticTextInfo::get_CollectionPanelFishPlace_l10n_key()","System.String","","public","False","False","False","False","True","7","0x06007EBA"
"DolocTown.Config.Localization.StaticTextInfo","get_CollectionPanelFishMonth","System.String DolocTown.Config.Localization.StaticTextInfo::get_CollectionPanelFishMonth()","System.String","","public","False","False","False","False","True","7","0x06007EBB"
"DolocTown.Config.Localization.StaticTextInfo","set_CollectionPanelFishMonth","System.Void DolocTown.Config.Localization.StaticTextInfo::set_CollectionPanelFishMonth(System.String)","System.Void","System.String value","private","False","False","False","False","True","8","0x06007EBC"
"DolocTown.Config.Localization.StaticTextInfo","get_CollectionPanelFishMonth_l10n_key","System.String DolocTown.Config.Localization.StaticTextInfo::get_CollectionPanelFishMonth_l10n_key()","System.String","","public","False","False","False","False","True","7","0x06007EBD"
"DolocTown.Config.Localization.StaticTextInfo","get_CollectionPanelFishWeather","System.String DolocTown.Config.Localization.StaticTextInfo::get_CollectionPanelFishWeather()","System.String","","public","False","False","False","False","True","7","0x06007EBE"
"DolocTown.Config.Localization.StaticTextInfo","set_CollectionPanelFishWeather","System.Void DolocTown.Config.Localization.StaticTextInfo::set_CollectionPanelFishWeather(System.String)","System.Void","System.String value","private","False","False","False","False","True","8","0x06007EBF"
"DolocTown.Config.Localization.StaticTextInfo","get_CollectionPanelFishWeather_l10n_key","System.String DolocTown.Config.Localization.StaticTextInfo::get_CollectionPanelFishWeather_l10n_key()","System.String","","public","False","False","False","False","True","7","0x06007EC0"
"DolocTown.Config.Localization.StaticTextInfo","get_CollectionPanelFishWeatherNone","System.String DolocTown.Config.Localization.StaticTextInfo::get_CollectionPanelFishWeatherNone()","System.String","","public","False","False","False","False","True","7","0x06007EC1"
"DolocTown.Config.Localization.StaticTextInfo","set_CollectionPanelFishWeatherNone","System.Void DolocTown.Config.Localization.StaticTextInfo::set_CollectionPanelFishWeatherNone(System.String)","System.Void","System.String value","private","False","False","False","False","True","8","0x06007EC2"
"DolocTown.Config.Localization.StaticTextInfo","get_CollectionPanelFishWeatherNone_l10n_key","System.String DolocTown.Config.Localization.StaticTextInfo::get_CollectionPanelFishWeatherNone_l10n_key()","System.String","","public","False","False","False","False","True","7","0x06007EC3"
"DolocTown.Config.Localization.StaticTextInfo","get_CollectionPanelFishContentLockTip","System.String DolocTown.Config.Localization.StaticTextInfo::get_CollectionPanelFishContentLockTip()","System.String","","public","False","False","False","False","True","7","0x06007EC4"
"DolocTown.Config.Localization.StaticTextInfo","set_CollectionPanelFishContentLockTip","System.Void DolocTown.Config.Localization.StaticTextInfo::set_CollectionPanelFishContentLockTip(System.String)","System.Void","System.String value","private","False","False","False","False","True","8","0x06007EC5"
"DolocTown.Config.Localization.StaticTextInfo","get_CollectionPanelFishContentLockTip_l10n_key","System.String DolocTown.Config.Localization.StaticTextInfo::get_CollectionPanelFishContentLockTip_l10n_key()","System.String","","public","False","False","False","False","True","7","0x06007EC6"
"DolocTown.Config.Localization.TbStaticText","get_UiOperationErrEquipmentCorroded","System.String DolocTown.Config.Localization.TbStaticText::get_UiOperationErrEquipmentCorroded()","System.String","","public","False","False","False","False","True","12","0x0600812A"
"DolocTown.Config.Localization.TbStaticText","get_ItemFishFryTitleFormat","System.String DolocTown.Config.Localization.TbStaticText::get_ItemFishFryTitleFormat()","System.String","","public","False","False","False","False","True","12","0x060081EE"
"DolocTown.Config.Localization.TbStaticText","get_FishTankPanelFeedQuantity","System.String DolocTown.Config.Localization.TbStaticText::get_FishTankPanelFeedQuantity()","System.String","","public","False","False","False","False","True","12","0x06008230"
"DolocTown.Config.Localization.TbStaticText","get_CollectionPanelAnimalProductText","System.String DolocTown.Config.Localization.TbStaticText::get_CollectionPanelAnimalProductText()","System.String","","public","False","False","False","False","True","12","0x060082CC"
"DolocTown.Config.Localization.TbStaticText","get_CollectionPanelAnimalContentLockProduct","System.String DolocTown.Config.Localization.TbStaticText::get_CollectionPanelAnimalContentLockProduct()","System.String","","public","False","False","False","False","True","12","0x060082CF"
"DolocTown.Config.Localization.TbStaticText","get_CollectionPanelFishCatch","System.String DolocTown.Config.Localization.TbStaticText::get_CollectionPanelFishCatch()","System.String","","public","False","False","False","False","True","12","0x060082D0"
"DolocTown.Config.Localization.TbStaticText","get_CollectionPanelFishBaitText","System.String DolocTown.Config.Localization.TbStaticText::get_CollectionPanelFishBaitText()","System.String","","public","False","False","False","False","True","12","0x060082D1"
"DolocTown.Config.Localization.TbStaticText","get_CollectionPanelFishPlace","System.String DolocTown.Config.Localization.TbStaticText::get_CollectionPanelFishPlace()","System.String","","public","False","False","False","False","True","12","0x060082D2"
"DolocTown.Config.Localization.TbStaticText","get_CollectionPanelFishMonth","System.String DolocTown.Config.Localization.TbStaticText::get_CollectionPanelFishMonth()","System.String","","public","False","False","False","False","True","12","0x060082D3"
"DolocTown.Config.Localization.TbStaticText","get_CollectionPanelFishWeather","System.String DolocTown.Config.Localization.TbStaticText::get_CollectionPanelFishWeather()","System.String","","public","False","False","False","False","True","12","0x060082D4"
"DolocTown.Config.Localization.TbStaticText","get_CollectionPanelFishWeatherNone","System.String DolocTown.Config.Localization.TbStaticText::get_CollectionPanelFishWeatherNone()","System.String","","public","False","False","False","False","True","12","0x060082D5"
"DolocTown.Config.Localization.TbStaticText","get_CollectionPanelFishContentLockTip","System.String DolocTown.Config.Localization.TbStaticText::get_CollectionPanelFishContentLockTip()","System.String","","public","False","False","False","False","True","12","0x060082D6"
"DolocTown.Config.Item.ItemFunctionFishFry",".ctor","System.Void DolocTown.Config.Item.ItemFunctionFishFry::.ctor(SimpleJSON.JSONNode)","System.Void","SimpleJSON.JSONNode _json","public","False","False","False","True","True","8","0x060085C8"
"DolocTown.Config.Item.ItemFunctionFishFry",".ctor","System.Void DolocTown.Config.Item.ItemFunctionFishFry::.ctor()","System.Void","","public","False","False","False","True","True","7","0x060085C9"
"DolocTown.Config.Item.ItemFunctionFishFry","DeserializeItemFunctionFishFry","DolocTown.Config.Item.ItemFunctionFishFry DolocTown.Config.Item.ItemFunctionFishFry::DeserializeItemFunctionFishFry(SimpleJSON.JSONNode)","DolocTown.Config.Item.ItemFunctionFishFry","SimpleJSON.JSONNode _json","public","True","False","False","False","True","7","0x060085CA"
"DolocTown.Config.Item.ItemFunctionFishFry","GetTypeId","System.Int32 DolocTown.Config.Item.ItemFunctionFishFry::GetTypeId()","System.Int32","","public","False","True","False","False","True","6","0x060085CB"
"DolocTown.Config.Item.ItemFunctionFishFry","Resolve","System.Void DolocTown.Config.Item.ItemFunctionFishFry::Resolve(System.Collections.Generic.Dictionary`2<System.String,System.Object>)","System.Void","System.Collections.Generic.Dictionary`2<System.String,System.Object> _tables","public","False","True","False","False","True","8","0x060085CC"
"DolocTown.Config.Item.ItemFunctionFishFry","TranslateText","System.Void DolocTown.Config.Item.ItemFunctionFishFry::TranslateText(System.Func`3<System.String,System.String,System.String>)","System.Void","System.Func`3<System.String,System.String,System.String> translator","public","False","True","False","False","True","8","0x060085CD"
"DolocTown.Config.Item.ItemFunctionFishFry","ToString","System.String DolocTown.Config.Item.ItemFunctionFishFry::ToString()","System.String","","public","False","True","False","False","True","6","0x060085CE"
"DolocTown.Config.Item.ItemFunctionFishingRod",".ctor","System.Void DolocTown.Config.Item.ItemFunctionFishingRod::.ctor(SimpleJSON.JSONNode)","System.Void","SimpleJSON.JSONNode _json","public","False","False","False","True","True","330","0x060085CF"
"DolocTown.Config.Item.ItemFunctionFishingRod",".ctor","System.Void DolocTown.Config.Item.ItemFunctionFishingRod::.ctor(System.Int32,System.Single,System.Single,System.Single,System.Single,System.Single,System.String)","System.Void","System.Int32 level; System.Single catch_speed; System.Single anti_escape_multiplier; System.Single anti_struggle_multiplier; System.Single bonus_multiplier; System.Single init_progress; System.String line_color","public","False","False","False","True","True","60","0x060085D0"
"DolocTown.Config.Item.ItemFunctionFishingRod","DeserializeItemFunctionFishingRod","DolocTown.Config.Item.ItemFunctionFishingRod DolocTown.Config.Item.ItemFunctionFishingRod::DeserializeItemFunctionFishingRod(SimpleJSON.JSONNode)","DolocTown.Config.Item.ItemFunctionFishingRod","SimpleJSON.JSONNode _json","public","True","False","False","False","True","7","0x060085D1"
"DolocTown.Config.Item.ItemFunctionFishingRod","get_Level","System.Int32 DolocTown.Config.Item.ItemFunctionFishingRod::get_Level()","System.Int32","","public","False","False","False","False","True","7","0x060085D2"
"DolocTown.Config.Item.ItemFunctionFishingRod","set_Level","System.Void DolocTown.Config.Item.ItemFunctionFishingRod::set_Level(System.Int32)","System.Void","System.Int32 value","private","False","False","False","False","True","8","0x060085D3"
"DolocTown.Config.Item.ItemFunctionFishingRod","get_CatchSpeed","System.Single DolocTown.Config.Item.ItemFunctionFishingRod::get_CatchSpeed()","System.Single","","public","False","False","False","False","True","7","0x060085D4"
"DolocTown.Config.Item.ItemFunctionFishingRod","set_CatchSpeed","System.Void DolocTown.Config.Item.ItemFunctionFishingRod::set_CatchSpeed(System.Single)","System.Void","System.Single value","private","False","False","False","False","True","8","0x060085D5"
"DolocTown.Config.Item.ItemFunctionFishingRod","get_AntiEscapeMultiplier","System.Single DolocTown.Config.Item.ItemFunctionFishingRod::get_AntiEscapeMultiplier()","System.Single","","public","False","False","False","False","True","7","0x060085D6"
"DolocTown.Config.Item.ItemFunctionFishingRod","set_AntiEscapeMultiplier","System.Void DolocTown.Config.Item.ItemFunctionFishingRod::set_AntiEscapeMultiplier(System.Single)","System.Void","System.Single value","private","False","False","False","False","True","8","0x060085D7"
"DolocTown.Config.Item.ItemFunctionFishingRod","get_AntiStruggleMultiplier","System.Single DolocTown.Config.Item.ItemFunctionFishingRod::get_AntiStruggleMultiplier()","System.Single","","public","False","False","False","False","True","7","0x060085D8"
"DolocTown.Config.Item.ItemFunctionFishingRod","set_AntiStruggleMultiplier","System.Void DolocTown.Config.Item.ItemFunctionFishingRod::set_AntiStruggleMultiplier(System.Single)","System.Void","System.Single value","private","False","False","False","False","True","8","0x060085D9"
"DolocTown.Config.Item.ItemFunctionFishingRod","get_BonusMultiplier","System.Single DolocTown.Config.Item.ItemFunctionFishingRod::get_BonusMultiplier()","System.Single","","public","False","False","False","False","True","7","0x060085DA"
"DolocTown.Config.Item.ItemFunctionFishingRod","set_BonusMultiplier","System.Void DolocTown.Config.Item.ItemFunctionFishingRod::set_BonusMultiplier(System.Single)","System.Void","System.Single value","private","False","False","False","False","True","8","0x060085DB"
"DolocTown.Config.Item.ItemFunctionFishingRod","get_InitProgress","System.Single DolocTown.Config.Item.ItemFunctionFishingRod::get_InitProgress()","System.Single","","public","False","False","False","False","True","7","0x060085DC"
"DolocTown.Config.Item.ItemFunctionFishingRod","set_InitProgress","System.Void DolocTown.Config.Item.ItemFunctionFishingRod::set_InitProgress(System.Single)","System.Void","System.Single value","private","False","False","False","False","True","8","0x060085DD"
"DolocTown.Config.Item.ItemFunctionFishingRod","get_LineColor","System.String DolocTown.Config.Item.ItemFunctionFishingRod::get_LineColor()","System.String","","public","False","False","False","False","True","7","0x060085DE"
"DolocTown.Config.Item.ItemFunctionFishingRod","set_LineColor","System.Void DolocTown.Config.Item.ItemFunctionFishingRod::set_LineColor(System.String)","System.Void","System.String value","private","False","False","False","False","True","8","0x060085DF"
"DolocTown.Config.Item.ItemFunctionFishingRod","GetTypeId","System.Int32 DolocTown.Config.Item.ItemFunctionFishingRod::GetTypeId()","System.Int32","","public","False","True","False","False","True","6","0x060085E0"
"DolocTown.Config.Item.ItemFunctionFishingRod","Resolve","System.Void DolocTown.Config.Item.ItemFunctionFishingRod::Resolve(System.Collections.Generic.Dictionary`2<System.String,System.Object>)","System.Void","System.Collections.Generic.Dictionary`2<System.String,System.Object> _tables","public","False","True","False","False","True","8","0x060085E1"
"DolocTown.Config.Item.ItemFunctionFishingRod","TranslateText","System.Void DolocTown.Config.Item.ItemFunctionFishingRod::TranslateText(System.Func`3<System.String,System.String,System.String>)","System.Void","System.Func`3<System.String,System.String,System.String> translator","public","False","True","False","False","True","8","0x060085E2"
"DolocTown.Config.Item.ItemFunctionFishingRod","ToString","System.String DolocTown.Config.Item.ItemFunctionFishingRod::ToString()","System.String","","public","False","True","False","False","True","194","0x060085E3"
"DolocTown.Config.Item.ItemFunctionFishRoe",".ctor","System.Void DolocTown.Config.Item.ItemFunctionFishRoe::.ctor(SimpleJSON.JSONNode)","System.Void","SimpleJSON.JSONNode _json","public","False","False","False","True","True","8","0x060085E4"
"DolocTown.Config.Item.ItemFunctionFishRoe",".ctor","System.Void DolocTown.Config.Item.ItemFunctionFishRoe::.ctor()","System.Void","","public","False","False","False","True","True","7","0x060085E5"
"DolocTown.Config.Item.ItemFunctionFishRoe","DeserializeItemFunctionFishRoe","DolocTown.Config.Item.ItemFunctionFishRoe DolocTown.Config.Item.ItemFunctionFishRoe::DeserializeItemFunctionFishRoe(SimpleJSON.JSONNode)","DolocTown.Config.Item.ItemFunctionFishRoe","SimpleJSON.JSONNode _json","public","True","False","False","False","True","7","0x060085E6"
"DolocTown.Config.Item.ItemFunctionFishRoe","GetTypeId","System.Int32 DolocTown.Config.Item.ItemFunctionFishRoe::GetTypeId()","System.Int32","","public","False","True","False","False","True","6","0x060085E7"
"DolocTown.Config.Item.ItemFunctionFishRoe","Resolve","System.Void DolocTown.Config.Item.ItemFunctionFishRoe::Resolve(System.Collections.Generic.Dictionary`2<System.String,System.Object>)","System.Void","System.Collections.Generic.Dictionary`2<System.String,System.Object> _tables","public","False","True","False","False","True","8","0x060085E8"
"DolocTown.Config.Item.ItemFunctionFishRoe","TranslateText","System.Void DolocTown.Config.Item.ItemFunctionFishRoe::TranslateText(System.Func`3<System.String,System.String,System.String>)","System.Void","System.Func`3<System.String,System.String,System.String> translator","public","False","True","False","False","True","8","0x060085E9"
"DolocTown.Config.Item.ItemFunctionFishRoe","ToString","System.String DolocTown.Config.Item.ItemFunctionFishRoe::ToString()","System.String","","public","False","True","False","False","True","6","0x060085EA"
"DolocTown.Config.Fishing.FarmFishFormationInfo",".ctor","System.Void DolocTown.Config.Fishing.FarmFishFormationInfo::.ctor(SimpleJSON.JSONNode)","System.Void","SimpleJSON.JSONNode _json","public","False","False","False","True","True","314","0x060088AD"
"DolocTown.Config.Fishing.FarmFishFormationInfo",".ctor","System.Void DolocTown.Config.Fishing.FarmFishFormationInfo::.ctor(System.String,System.Int32,System.String,UnityEngine.Vector2Int,DolocTown.Config.Fishing.FishFormationCondition[])","System.Void","System.String id; System.Int32 weight; System.String formation_output_fish; UnityEngine.Vector2Int count_range; DolocTown.Config.Fishing.FishFormationCondition[] formation_conditions","public","False","False","False","True","True","44","0x060088AE"
"DolocTown.Config.Fishing.FarmFishFormationInfo","DeserializeFarmFishFormationInfo","DolocTown.Config.Fishing.FarmFishFormationInfo DolocTown.Config.Fishing.FarmFishFormationInfo::DeserializeFarmFishFormationInfo(SimpleJSON.JSONNode)","DolocTown.Config.Fishing.FarmFishFormationInfo","SimpleJSON.JSONNode _json","public","True","False","False","False","True","7","0x060088AF"
"DolocTown.Config.Fishing.FarmFishFormationInfo","get_Id","System.String DolocTown.Config.Fishing.FarmFishFormationInfo::get_Id()","System.String","","public","False","False","False","False","True","7","0x060088B0"
"DolocTown.Config.Fishing.FarmFishFormationInfo","set_Id","System.Void DolocTown.Config.Fishing.FarmFishFormationInfo::set_Id(System.String)","System.Void","System.String value","private","False","False","False","False","True","8","0x060088B1"
"DolocTown.Config.Fishing.FarmFishFormationInfo","get_Weight","System.Int32 DolocTown.Config.Fishing.FarmFishFormationInfo::get_Weight()","System.Int32","","public","False","False","False","False","True","7","0x060088B2"
"DolocTown.Config.Fishing.FarmFishFormationInfo","set_Weight","System.Void DolocTown.Config.Fishing.FarmFishFormationInfo::set_Weight(System.Int32)","System.Void","System.Int32 value","private","False","False","False","False","True","8","0x060088B3"
"DolocTown.Config.Fishing.FarmFishFormationInfo","get_FormationOutputFish","System.String DolocTown.Config.Fishing.FarmFishFormationInfo::get_FormationOutputFish()","System.String","","public","False","False","False","False","True","7","0x060088B4"
"DolocTown.Config.Fishing.FarmFishFormationInfo","set_FormationOutputFish","System.Void DolocTown.Config.Fishing.FarmFishFormationInfo::set_FormationOutputFish(System.String)","System.Void","System.String value","private","False","False","False","False","True","8","0x060088B5"
"DolocTown.Config.Fishing.FarmFishFormationInfo","get_CountRange","UnityEngine.Vector2Int DolocTown.Config.Fishing.FarmFishFormationInfo::get_CountRange()","UnityEngine.Vector2Int","","public","False","False","False","False","True","7","0x060088B6"
"DolocTown.Config.Fishing.FarmFishFormationInfo","set_CountRange","System.Void DolocTown.Config.Fishing.FarmFishFormationInfo::set_CountRange(UnityEngine.Vector2Int)","System.Void","UnityEngine.Vector2Int value","private","False","False","False","False","True","8","0x060088B7"
"DolocTown.Config.Fishing.FarmFishFormationInfo","get_FormationConditions","DolocTown.Config.Fishing.FishFormationCondition[] DolocTown.Config.Fishing.FarmFishFormationInfo::get_FormationConditions()","DolocTown.Config.Fishing.FishFormationCondition[]","","public","False","False","False","False","True","7","0x060088B8"
"DolocTown.Config.Fishing.FarmFishFormationInfo","set_FormationConditions","System.Void DolocTown.Config.Fishing.FarmFishFormationInfo::set_FormationConditions(DolocTown.Config.Fishing.FishFormationCondition[])","System.Void","DolocTown.Config.Fishing.FishFormationCondition[] value","private","False","False","False","False","True","8","0x060088B9"
"DolocTown.Config.Fishing.FarmFishFormationInfo","GetTypeId","System.Int32 DolocTown.Config.Fishing.FarmFishFormationInfo::GetTypeId()","System.Int32","","public","False","True","False","False","True","6","0x060088BA"
"DolocTown.Config.Fishing.FarmFishFormationInfo","Resolve","System.Void DolocTown.Config.Fishing.FarmFishFormationInfo::Resolve(System.Collections.Generic.Dictionary`2<System.String,System.Object>)","System.Void","System.Collections.Generic.Dictionary`2<System.String,System.Object> _tables","public","False","False","False","False","True","37","0x060088BB"
"DolocTown.Config.Fishing.FarmFishFormationInfo","TranslateText","System.Void DolocTown.Config.Fishing.FarmFishFormationInfo::TranslateText(System.Func`3<System.String,System.String,System.String>)","System.Void","System.Func`3<System.String,System.String,System.String> translator","public","False","False","False","False","True","37","0x060088BC"
"DolocTown.Config.Fishing.FarmFishFormationInfo","ToString","System.String DolocTown.Config.Fishing.FarmFishFormationInfo::ToString()","System.String","","public","False","True","False","False","True","135","0x060088BD"
"DolocTown.Config.Fishing.FarmFishFormationInfo","GetAllSatisfiedFormations","DolocTown.Config.Fishing.FarmFishFormationInfo[] DolocTown.Config.Fishing.FarmFishFormationInfo::GetAllSatisfiedFormations(System.Collections.Generic.IEnumerable`1<System.String>)","DolocTown.Config.Fishing.FarmFishFormationInfo[]","System.Collections.Generic.IEnumerable`1<System.String> items","public","True","False","False","False","True","51","0x060088BE"
"DolocTown.Config.Fishing.FarmFishFormationInfo","CheckFormation","System.Boolean DolocTown.Config.Fishing.FarmFishFormationInfo::CheckFormation(System.Collections.Generic.IEnumerable`1<System.String>)","System.Boolean","System.Collections.Generic.IEnumerable`1<System.String> items","public","False","False","False","False","True","66","0x060088BF"
"DolocTown.Config.Fishing.FarmFishFormationInfo","Init","System.Void DolocTown.Config.Fishing.FarmFishFormationInfo::Init()","System.Void","","private","False","False","False","False","True","310","0x060088C0"
"DolocTown.Config.Fishing.FarmFishFormationInfo","TryParseSubFormationCondition","System.Boolean DolocTown.Config.Fishing.FarmFishFormationInfo::TryParseSubFormationCondition(DolocTown.Config.Fishing.FishFormationCondition,DolocTown.Config.Fishing.FarmFishFormationInfo/SubFormationCondition&)","System.Boolean","DolocTown.Config.Fishing.FishFormationCondition condition; DolocTown.Config.Fishing.FarmFishFormationInfo/SubFormationCondition& output","private","True","False","False","False","True","67","0x060088C1"
"DolocTown.Config.Fishing.FarmFishFormationInfo","IsFarmFish","System.Boolean DolocTown.Config.Fishing.FarmFishFormationInfo::IsFarmFish(System.String)","System.Boolean","System.String name","private","True","False","False","False","True","22","0x060088C2"
"DolocTown.Config.Fishing.FarmFishFormationInfo/SubFormationCondition",".ctor","System.Void DolocTown.Config.Fishing.FarmFishFormationInfo/SubFormationCondition::.ctor(System.Collections.Generic.HashSet`1<System.String>,UnityEngine.Vector2Int,System.Int32)","System.Void","System.Collections.Generic.HashSet`1<System.String> fishIds; UnityEngine.Vector2Int countRange; System.Int32 groupId","public","False","False","False","True","True","22","0x0600A6F3"
"DolocTown.Config.Fishing.FarmFishFormationInfo/SubFormationCondition","CheckCondition","System.Boolean DolocTown.Config.Fishing.FarmFishFormationInfo/SubFormationCondition::CheckCondition(System.Collections.Generic.IEnumerable`1<System.String>)","System.Boolean","System.Collections.Generic.IEnumerable`1<System.String> items","public","False","False","False","False","True","70","0x0600A6F4"
"DolocTown.Config.Fishing.FarmFishFormationInfo/SubFormationCondition","CheckCount","System.Boolean DolocTown.Config.Fishing.FarmFishFormationInfo/SubFormationCondition::CheckCount(UnityEngine.Vector2Int,System.Int32)","System.Boolean","UnityEngine.Vector2Int countRange; System.Int32 count","private","False","False","False","False","True","46","0x0600A6F5"
"DolocTown.Config.Fishing.FarmFishFormationInfo/FormationCondition",".ctor","System.Void DolocTown.Config.Fishing.FarmFishFormationInfo/FormationCondition::.ctor(DolocTown.Config.Fishing.FarmFishFormationInfo/SubFormationCondition[])","System.Void","DolocTown.Config.Fishing.FarmFishFormationInfo/SubFormationCondition[] conditions","public","False","False","False","True","True","8","0x0600A6F6"
"DolocTown.Config.Fishing.FarmFishFormationInfo/FormationCondition","CheckCondition","System.Boolean DolocTown.Config.Fishing.FarmFishFormationInfo/FormationCondition::CheckCondition(System.Collections.Generic.IEnumerable`1<System.String>)","System.Boolean","System.Collections.Generic.IEnumerable`1<System.String> items","public","False","False","False","False","True","37","0x0600A6F7"
"DolocTown.Config.Fishing.FarmFishFormationInfo/FormationCondition/<>c__DisplayClass2_0",".ctor","System.Void DolocTown.Config.Fishing.FarmFishFormationInfo/FormationCondition/<>c__DisplayClass2_0::.ctor()","System.Void","","public","False","False","False","True","True","7","0x0600A778"
"DolocTown.Config.Fishing.FarmFishFormationInfo/FormationCondition/<>c__DisplayClass2_0","<CheckCondition>b__0","System.Boolean DolocTown.Config.Fishing.FarmFishFormationInfo/FormationCondition/<>c__DisplayClass2_0::<CheckCondition>b__0(DolocTown.Config.Fishing.FarmFishFormationInfo/SubFormationCondition)","System.Boolean","DolocTown.Config.Fishing.FarmFishFormationInfo/SubFormationCondition condition","internal","False","False","False","False","True","14","0x0600A779"
"DolocTown.Config.Fishing.FarmFishFormationInfo/<>c__DisplayClass30_0",".ctor","System.Void DolocTown.Config.Fishing.FarmFishFormationInfo/<>c__DisplayClass30_0::.ctor()","System.Void","","public","False","False","False","True","True","7","0x0600A6F8"
"DolocTown.Config.Fishing.FarmFishFormationInfo/<>c__DisplayClass30_0","<GetAllSatisfiedFormations>b__0","System.Boolean DolocTown.Config.Fishing.FarmFishFormationInfo/<>c__DisplayClass30_0::<GetAllSatisfiedFormations>b__0(DolocTown.Config.Fishing.FarmFishFormationInfo)","System.Boolean","DolocTown.Config.Fishing.FarmFishFormationInfo formation","internal","False","False","False","False","True","13","0x0600A6F9"
"DolocTown.Config.Fishing.FarmFishFormationInfo/<>c__DisplayClass34_0",".ctor","System.Void DolocTown.Config.Fishing.FarmFishFormationInfo/<>c__DisplayClass34_0::.ctor()","System.Void","","public","False","False","False","True","True","7","0x0600A6FA"
"DolocTown.Config.Fishing.FarmFishFormationInfo/<>c__DisplayClass34_0","<CheckFormation>b__0","System.Boolean DolocTown.Config.Fishing.FarmFishFormationInfo/<>c__DisplayClass34_0::<CheckFormation>b__0(DolocTown.Config.Fishing.FarmFishFormationInfo/FormationCondition)","System.Boolean","DolocTown.Config.Fishing.FarmFishFormationInfo/FormationCondition condition","internal","False","False","False","False","True","14","0x0600A6FB"
"DolocTown.Config.Fishing.FarmFishInfo",".ctor","System.Void DolocTown.Config.Fishing.FarmFishInfo::.ctor(SimpleJSON.JSONNode)","System.Void","SimpleJSON.JSONNode _json","public","False","False","False","True","True","375","0x060088C3"
"DolocTown.Config.Fishing.FarmFishInfo",".ctor","System.Void DolocTown.Config.Fishing.FarmFishInfo::.ctor(System.String,System.Int32,System.Int32,System.Int32,System.Int32,DolocTown.Config.Item.ItemSpawnEntry,System.Int32,System.String)","System.Void","System.String id; System.Int32 energy_cost; System.Int32 metabolism_increase; System.Int32 incubate_duration; System.Int32 grow_duration; DolocTown.Config.Item.ItemSpawnEntry produce_spawn_entry; System.Int32 tech_point; System.String roe_item","public","False","False","False","True","True","68","0x060088C4"
"DolocTown.Config.Fishing.FarmFishInfo","DeserializeFarmFishInfo","DolocTown.Config.Fishing.FarmFishInfo DolocTown.Config.Fishing.FarmFishInfo::DeserializeFarmFishInfo(SimpleJSON.JSONNode)","DolocTown.Config.Fishing.FarmFishInfo","SimpleJSON.JSONNode _json","public","True","False","False","False","True","7","0x060088C5"
"DolocTown.Config.Fishing.FarmFishInfo","get_Id","System.String DolocTown.Config.Fishing.FarmFishInfo::get_Id()","System.String","","public","False","False","False","False","True","7","0x060088C6"
"DolocTown.Config.Fishing.FarmFishInfo","set_Id","System.Void DolocTown.Config.Fishing.FarmFishInfo::set_Id(System.String)","System.Void","System.String value","private","False","False","False","False","True","8","0x060088C7"
"DolocTown.Config.Fishing.FarmFishInfo","get_Id_Ref","DolocTown.Config.Item.ItemInfo DolocTown.Config.Fishing.FarmFishInfo::get_Id_Ref()","DolocTown.Config.Item.ItemInfo","","public","False","False","False","False","True","7","0x060088C8"
"DolocTown.Config.Fishing.FarmFishInfo","set_Id_Ref","System.Void DolocTown.Config.Fishing.FarmFishInfo::set_Id_Ref(DolocTown.Config.Item.ItemInfo)","System.Void","DolocTown.Config.Item.ItemInfo value","private","False","False","False","False","True","8","0x060088C9"
"DolocTown.Config.Fishing.FarmFishInfo","get_EnergyCost","System.Int32 DolocTown.Config.Fishing.FarmFishInfo::get_EnergyCost()","System.Int32","","public","False","False","False","False","True","7","0x060088CA"
"DolocTown.Config.Fishing.FarmFishInfo","set_EnergyCost","System.Void DolocTown.Config.Fishing.FarmFishInfo::set_EnergyCost(System.Int32)","System.Void","System.Int32 value","private","False","False","False","False","True","8","0x060088CB"
"DolocTown.Config.Fishing.FarmFishInfo","get_MetabolismIncrease","System.Int32 DolocTown.Config.Fishing.FarmFishInfo::get_MetabolismIncrease()","System.Int32","","public","False","False","False","False","True","7","0x060088CC"
"DolocTown.Config.Fishing.FarmFishInfo","set_MetabolismIncrease","System.Void DolocTown.Config.Fishing.FarmFishInfo::set_MetabolismIncrease(System.Int32)","System.Void","System.Int32 value","private","False","False","False","False","True","8","0x060088CD"
"DolocTown.Config.Fishing.FarmFishInfo","get_IncubateDuration","System.Int32 DolocTown.Config.Fishing.FarmFishInfo::get_IncubateDuration()","System.Int32","","public","False","False","False","False","True","7","0x060088CE"
"DolocTown.Config.Fishing.FarmFishInfo","set_IncubateDuration","System.Void DolocTown.Config.Fishing.FarmFishInfo::set_IncubateDuration(System.Int32)","System.Void","System.Int32 value","private","False","False","False","False","True","8","0x060088CF"
"DolocTown.Config.Fishing.FarmFishInfo","get_GrowDuration","System.Int32 DolocTown.Config.Fishing.FarmFishInfo::get_GrowDuration()","System.Int32","","public","False","False","False","False","True","7","0x060088D0"
"DolocTown.Config.Fishing.FarmFishInfo","set_GrowDuration","System.Void DolocTown.Config.Fishing.FarmFishInfo::set_GrowDuration(System.Int32)","System.Void","System.Int32 value","private","False","False","False","False","True","8","0x060088D1"
"DolocTown.Config.Fishing.FarmFishInfo","get_ProduceSpawnEntry","DolocTown.Config.Item.ItemSpawnEntry DolocTown.Config.Fishing.FarmFishInfo::get_ProduceSpawnEntry()","DolocTown.Config.Item.ItemSpawnEntry","","public","False","False","False","False","True","7","0x060088D2"
"DolocTown.Config.Fishing.FarmFishInfo","set_ProduceSpawnEntry","System.Void DolocTown.Config.Fishing.FarmFishInfo::set_ProduceSpawnEntry(DolocTown.Config.Item.ItemSpawnEntry)","System.Void","DolocTown.Config.Item.ItemSpawnEntry value","private","False","False","False","False","True","8","0x060088D3"
"DolocTown.Config.Fishing.FarmFishInfo","get_TechPoint","System.Int32 DolocTown.Config.Fishing.FarmFishInfo::get_TechPoint()","System.Int32","","public","False","False","False","False","True","7","0x060088D4"
"DolocTown.Config.Fishing.FarmFishInfo","set_TechPoint","System.Void DolocTown.Config.Fishing.FarmFishInfo::set_TechPoint(System.Int32)","System.Void","System.Int32 value","private","False","False","False","False","True","8","0x060088D5"
"DolocTown.Config.Fishing.FarmFishInfo","get_RoeItem","System.String DolocTown.Config.Fishing.FarmFishInfo::get_RoeItem()","System.String","","public","False","False","False","False","True","7","0x060088D6"
"DolocTown.Config.Fishing.FarmFishInfo","set_RoeItem","System.Void DolocTown.Config.Fishing.FarmFishInfo::set_RoeItem(System.String)","System.Void","System.String value","private","False","False","False","False","True","8","0x060088D7"
"DolocTown.Config.Fishing.FarmFishInfo","get_RoeItem_Ref","DolocTown.Config.Item.ItemInfo DolocTown.Config.Fishing.FarmFishInfo::get_RoeItem_Ref()","DolocTown.Config.Item.ItemInfo","","public","False","False","False","False","True","7","0x060088D8"
"DolocTown.Config.Fishing.FarmFishInfo","set_RoeItem_Ref","System.Void DolocTown.Config.Fishing.FarmFishInfo::set_RoeItem_Ref(DolocTown.Config.Item.ItemInfo)","System.Void","DolocTown.Config.Item.ItemInfo value","private","False","False","False","False","True","8","0x060088D9"
"DolocTown.Config.Fishing.FarmFishInfo","GetTypeId","System.Int32 DolocTown.Config.Fishing.FarmFishInfo::GetTypeId()","System.Int32","","public","False","True","False","False","True","6","0x060088DA"
"DolocTown.Config.Fishing.FarmFishInfo","Resolve","System.Void DolocTown.Config.Fishing.FarmFishInfo::Resolve(System.Collections.Generic.Dictionary`2<System.String,System.Object>)","System.Void","System.Collections.Generic.Dictionary`2<System.String,System.Object> _tables","public","False","False","False","False","True","85","0x060088DB"
"DolocTown.Config.Fishing.FarmFishInfo","TranslateText","System.Void DolocTown.Config.Fishing.FarmFishInfo::TranslateText(System.Func`3<System.String,System.String,System.String>)","System.Void","System.Func`3<System.String,System.String,System.String> translator","public","False","False","False","False","True","18","0x060088DC"
"DolocTown.Config.Fishing.FarmFishInfo","ToString","System.String DolocTown.Config.Fishing.FarmFishInfo::ToString()","System.String","","public","False","True","False","False","True","217","0x060088DD"
"DolocTown.Config.Fishing.FishDocumentInfo",".ctor","System.Void DolocTown.Config.Fishing.FishDocumentInfo::.ctor(SimpleJSON.JSONNode)","System.Void","SimpleJSON.JSONNode _json","public","False","False","False","True","True","414","0x060088DE"
"DolocTown.Config.Fishing.FishDocumentInfo",".ctor","System.Void DolocTown.Config.Fishing.FishDocumentInfo::.ctor(System.String,System.String,DolocTown.Config.Archives.DocumentNodeInfo[],System.Boolean)","System.Void","System.String id; System.String habitat; DolocTown.Config.Archives.DocumentNodeInfo[] document_infos; System.Boolean display","public","False","False","False","True","True","90","0x060088DF"
"DolocTown.Config.Fishing.FishDocumentInfo","DeserializeFishDocumentInfo","DolocTown.Config.Fishing.FishDocumentInfo DolocTown.Config.Fishing.FishDocumentInfo::DeserializeFishDocumentInfo(SimpleJSON.JSONNode)","DolocTown.Config.Fishing.FishDocumentInfo","SimpleJSON.JSONNode _json","public","True","False","False","False","True","7","0x060088E0"
"DolocTown.Config.Fishing.FishDocumentInfo","get_Id","System.String DolocTown.Config.Fishing.FishDocumentInfo::get_Id()","System.String","","public","False","False","False","False","True","7","0x060088E1"
"DolocTown.Config.Fishing.FishDocumentInfo","set_Id","System.Void DolocTown.Config.Fishing.FishDocumentInfo::set_Id(System.String)","System.Void","System.String value","private","False","False","False","False","True","8","0x060088E2"
"DolocTown.Config.Fishing.FishDocumentInfo","get_Id_Ref","DolocTown.Config.Item.ItemInfo DolocTown.Config.Fishing.FishDocumentInfo::get_Id_Ref()","DolocTown.Config.Item.ItemInfo","","public","False","False","False","False","True","7","0x060088E3"
"DolocTown.Config.Fishing.FishDocumentInfo","set_Id_Ref","System.Void DolocTown.Config.Fishing.FishDocumentInfo::set_Id_Ref(DolocTown.Config.Item.ItemInfo)","System.Void","DolocTown.Config.Item.ItemInfo value","private","False","False","False","False","True","8","0x060088E4"
"DolocTown.Config.Fishing.FishDocumentInfo","get_Habitat","System.String DolocTown.Config.Fishing.FishDocumentInfo::get_Habitat()","System.String","","public","False","False","False","False","True","7","0x060088E5"
"DolocTown.Config.Fishing.FishDocumentInfo","set_Habitat","System.Void DolocTown.Config.Fishing.FishDocumentInfo::set_Habitat(System.String)","System.Void","System.String value","private","False","False","False","False","True","8","0x060088E6"
"DolocTown.Config.Fishing.FishDocumentInfo","get_Habitat_l10n_key","System.String DolocTown.Config.Fishing.FishDocumentInfo::get_Habitat_l10n_key()","System.String","","public","False","False","False","False","True","7","0x060088E7"
"DolocTown.Config.Fishing.FishDocumentInfo","get_DocumentInfos","DolocTown.Config.Archives.DocumentNodeInfo[] DolocTown.Config.Fishing.FishDocumentInfo::get_DocumentInfos()","DolocTown.Config.Archives.DocumentNodeInfo[]","","public","False","False","False","False","True","7","0x060088E8"
"DolocTown.Config.Fishing.FishDocumentInfo","set_DocumentInfos","System.Void DolocTown.Config.Fishing.FishDocumentInfo::set_DocumentInfos(DolocTown.Config.Archives.DocumentNodeInfo[])","System.Void","DolocTown.Config.Archives.DocumentNodeInfo[] value","private","False","False","False","False","True","8","0x060088E9"
"DolocTown.Config.Fishing.FishDocumentInfo","get_Display","System.Boolean DolocTown.Config.Fishing.FishDocumentInfo::get_Display()","System.Boolean","","public","False","False","False","False","True","7","0x060088EA"
"DolocTown.Config.Fishing.FishDocumentInfo","set_Display","System.Void DolocTown.Config.Fishing.FishDocumentInfo::set_Display(System.Boolean)","System.Void","System.Boolean value","private","False","False","False","False","True","8","0x060088EB"
"DolocTown.Config.Fishing.FishDocumentInfo","GetTypeId","System.Int32 DolocTown.Config.Fishing.FishDocumentInfo::GetTypeId()","System.Int32","","public","False","True","False","False","True","6","0x060088EC"
"DolocTown.Config.Fishing.FishDocumentInfo","Resolve","System.Void DolocTown.Config.Fishing.FishDocumentInfo::Resolve(System.Collections.Generic.Dictionary`2<System.String,System.Object>)","System.Void","System.Collections.Generic.Dictionary`2<System.String,System.Object> _tables","public","False","False","False","False","True","70","0x060088ED"
"DolocTown.Config.Fishing.FishDocumentInfo","TranslateText","System.Void DolocTown.Config.Fishing.FishDocumentInfo::TranslateText(System.Func`3<System.String,System.String,System.String>)","System.Void","System.Func`3<System.String,System.String,System.String> translator","public","False","False","False","False","True","61","0x060088EE"
"DolocTown.Config.Fishing.FishDocumentInfo","ToString","System.String DolocTown.Config.Fishing.FishDocumentInfo::ToString()","System.String","","public","False","True","False","False","True","102","0x060088EF"
"DolocTown.Config.Fishing.FishFeedInfo",".ctor","System.Void DolocTown.Config.Fishing.FishFeedInfo::.ctor(SimpleJSON.JSONNode)","System.Void","SimpleJSON.JSONNode _json","public","False","False","False","True","True","99","0x060088F0"
"DolocTown.Config.Fishing.FishFeedInfo",".ctor","System.Void DolocTown.Config.Fishing.FishFeedInfo::.ctor(System.String,System.Int32)","System.Void","System.String id; System.Int32 energy","public","False","False","False","True","True","21","0x060088F1"
"DolocTown.Config.Fishing.FishFeedInfo","DeserializeFishFeedInfo","DolocTown.Config.Fishing.FishFeedInfo DolocTown.Config.Fishing.FishFeedInfo::DeserializeFishFeedInfo(SimpleJSON.JSONNode)","DolocTown.Config.Fishing.FishFeedInfo","SimpleJSON.JSONNode _json","public","True","False","False","False","True","7","0x060088F2"
"DolocTown.Config.Fishing.FishFeedInfo","get_Id","System.String DolocTown.Config.Fishing.FishFeedInfo::get_Id()","System.String","","public","False","False","False","False","True","7","0x060088F3"
"DolocTown.Config.Fishing.FishFeedInfo","set_Id","System.Void DolocTown.Config.Fishing.FishFeedInfo::set_Id(System.String)","System.Void","System.String value","private","False","False","False","False","True","8","0x060088F4"
"DolocTown.Config.Fishing.FishFeedInfo","get_Id_Ref","DolocTown.Config.Item.ItemInfo DolocTown.Config.Fishing.FishFeedInfo::get_Id_Ref()","DolocTown.Config.Item.ItemInfo","","public","False","False","False","False","True","7","0x060088F5"
"DolocTown.Config.Fishing.FishFeedInfo","set_Id_Ref","System.Void DolocTown.Config.Fishing.FishFeedInfo::set_Id_Ref(DolocTown.Config.Item.ItemInfo)","System.Void","DolocTown.Config.Item.ItemInfo value","private","False","False","False","False","True","8","0x060088F6"
"DolocTown.Config.Fishing.FishFeedInfo","get_Energy","System.Int32 DolocTown.Config.Fishing.FishFeedInfo::get_Energy()","System.Int32","","public","False","False","False","False","True","7","0x060088F7"
"DolocTown.Config.Fishing.FishFeedInfo","set_Energy","System.Void DolocTown.Config.Fishing.FishFeedInfo::set_Energy(System.Int32)","System.Void","System.Int32 value","private","False","False","False","False","True","8","0x060088F8"
"DolocTown.Config.Fishing.FishFeedInfo","GetTypeId","System.Int32 DolocTown.Config.Fishing.FishFeedInfo::GetTypeId()","System.Int32","","public","False","True","False","False","True","6","0x060088F9"
"DolocTown.Config.Fishing.FishFeedInfo","Resolve","System.Void DolocTown.Config.Fishing.FishFeedInfo::Resolve(System.Collections.Generic.Dictionary`2<System.String,System.Object>)","System.Void","System.Collections.Generic.Dictionary`2<System.String,System.Object> _tables","public","False","False","False","False","True","34","0x060088FA"
"DolocTown.Config.Fishing.FishFeedInfo","TranslateText","System.Void DolocTown.Config.Fishing.FishFeedInfo::TranslateText(System.Func`3<System.String,System.String,System.String>)","System.Void","System.Func`3<System.String,System.String,System.String> translator","public","False","False","False","False","True","1","0x060088FB"
"DolocTown.Config.Fishing.FishFeedInfo","ToString","System.String DolocTown.Config.Fishing.FishFeedInfo::ToString()","System.String","","public","False","True","False","False","True","62","0x060088FC"
"DolocTown.Config.Fishing.FishFormationCondition",".ctor","System.Void DolocTown.Config.Fishing.FishFormationCondition::.ctor(SimpleJSON.JSONNode)","System.Void","SimpleJSON.JSONNode _json","public","False","False","False","True","True","150","0x060088FD"
"DolocTown.Config.Fishing.FishFormationCondition",".ctor","System.Void DolocTown.Config.Fishing.FishFormationCondition::.ctor(System.String,UnityEngine.Vector2Int,System.Int32)","System.Void","System.String fish_id; UnityEngine.Vector2Int count_range; System.Int32 index","public","False","False","False","True","True","28","0x060088FE"
"DolocTown.Config.Fishing.FishFormationCondition","DeserializeFishFormationCondition","DolocTown.Config.Fishing.FishFormationCondition DolocTown.Config.Fishing.FishFormationCondition::DeserializeFishFormationCondition(SimpleJSON.JSONNode)","DolocTown.Config.Fishing.FishFormationCondition","SimpleJSON.JSONNode _json","public","True","False","False","False","True","7","0x060088FF"
"DolocTown.Config.Fishing.FishFormationCondition","get_FishId","System.String DolocTown.Config.Fishing.FishFormationCondition::get_FishId()","System.String","","public","False","False","False","False","True","7","0x06008900"
"DolocTown.Config.Fishing.FishFormationCondition","set_FishId","System.Void DolocTown.Config.Fishing.FishFormationCondition::set_FishId(System.String)","System.Void","System.String value","private","False","False","False","False","True","8","0x06008901"
"DolocTown.Config.Fishing.FishFormationCondition","get_CountRange","UnityEngine.Vector2Int DolocTown.Config.Fishing.FishFormationCondition::get_CountRange()","UnityEngine.Vector2Int","","public","False","False","False","False","True","7","0x06008902"
"DolocTown.Config.Fishing.FishFormationCondition","set_CountRange","System.Void DolocTown.Config.Fishing.FishFormationCondition::set_CountRange(UnityEngine.Vector2Int)","System.Void","UnityEngine.Vector2Int value","private","False","False","False","False","True","8","0x06008903"
"DolocTown.Config.Fishing.FishFormationCondition","get_Index","System.Int32 DolocTown.Config.Fishing.FishFormationCondition::get_Index()","System.Int32","","public","False","False","False","False","True","7","0x06008904"
"DolocTown.Config.Fishing.FishFormationCondition","set_Index","System.Void DolocTown.Config.Fishing.FishFormationCondition::set_Index(System.Int32)","System.Void","System.Int32 value","private","False","False","False","False","True","8","0x06008905"
"DolocTown.Config.Fishing.FishFormationCondition","GetTypeId","System.Int32 DolocTown.Config.Fishing.FishFormationCondition::GetTypeId()","System.Int32","","public","False","True","False","False","True","6","0x06008906"
"DolocTown.Config.Fishing.FishFormationCondition","Resolve","System.Void DolocTown.Config.Fishing.FishFormationCondition::Resolve(System.Collections.Generic.Dictionary`2<System.String,System.Object>)","System.Void","System.Collections.Generic.Dictionary`2<System.String,System.Object> _tables","public","False","False","False","False","True","1","0x06008907"
"DolocTown.Config.Fishing.FishFormationCondition","TranslateText","System.Void DolocTown.Config.Fishing.FishFormationCondition::TranslateText(System.Func`3<System.String,System.String,System.String>)","System.Void","System.Func`3<System.String,System.String,System.String> translator","public","False","False","False","False","True","1","0x06008908"
"DolocTown.Config.Fishing.FishFormationCondition","ToString","System.String DolocTown.Config.Fishing.FishFormationCondition::ToString()","System.String","","public","False","True","False","False","True","93","0x06008909"
"DolocTown.Config.Fishing.FishInfo",".ctor","System.Void DolocTown.Config.Fishing.FishInfo::.ctor(SimpleJSON.JSONNode)","System.Void","SimpleJSON.JSONNode _json","public","False","False","False","True","True","1433","0x0600890A"
"DolocTown.Config.Fishing.FishInfo",".ctor","System.Void DolocTown.Config.Fishing.FishInfo::.ctor(System.String,System.Boolean,System.Boolean,System.Boolean,System.Int32,System.Int32,System.Int32,System.Int32[],DolocTown.Config.Weather.WeatherType[],DolocTown.Config.Time.TimeRange,System.String[],System.Int32,System.Int32,DolocTown.Config.General.RangeInt,DolocTown.Config.General.RangeInt,DolocTown.Config.General.RangeInt,System.Single,System.Single,System.Single,System.Int32,System.Single,System.Single,DolocTown.Config.General.RangeInt,System.Int32,System.Int32,System.Single)","System.Void","System.String id; System.Boolean default_unlock; System.Boolean is_fish; System.Boolean is_garbage; System.Int32 rarity; System.Int32 size; System.Int32 exp_fishing; System.Int32[] month; DolocTown.Config.Weather.WeatherType[] weather_types; DolocTown.Config.Time.TimeRange time_range; System.String[] fish_bait; System.Int32 fishing_rod_lv; System.Int32 fishing_lv; DolocTown.Config.General.RangeInt max_stamina; DolocTown.Config.General.RangeInt stable_duration; DolocTown.Config.General.RangeInt struggle_duration; System.Single note_speed_multiplier; System.Single initial_stable_probability; System.Single catch_multiplier; System.Int32 escape_speed; System.Single struggle_multiplier; System.Single bonus_probability; DolocTown.Config.General.RangeInt bonus_duration; System.Int32 bonus_base_score; System.Int32 bonus_extra_score; System.Single bonus_multiplier","public","False","False","False","True","True","212","0x0600890B"
"DolocTown.Config.Fishing.FishInfo","DeserializeFishInfo","DolocTown.Config.Fishing.FishInfo DolocTown.Config.Fishing.FishInfo::DeserializeFishInfo(SimpleJSON.JSONNode)","DolocTown.Config.Fishing.FishInfo","SimpleJSON.JSONNode _json","public","True","False","False","False","True","7","0x0600890C"
"DolocTown.Config.Fishing.FishInfo","get_Id","System.String DolocTown.Config.Fishing.FishInfo::get_Id()","System.String","","public","False","False","False","False","True","7","0x0600890D"
"DolocTown.Config.Fishing.FishInfo","set_Id","System.Void DolocTown.Config.Fishing.FishInfo::set_Id(System.String)","System.Void","System.String value","private","False","False","False","False","True","8","0x0600890E"
"DolocTown.Config.Fishing.FishInfo","get_Id_Ref","DolocTown.Config.Item.ItemInfo DolocTown.Config.Fishing.FishInfo::get_Id_Ref()","DolocTown.Config.Item.ItemInfo","","public","False","False","False","False","True","7","0x0600890F"
"DolocTown.Config.Fishing.FishInfo","set_Id_Ref","System.Void DolocTown.Config.Fishing.FishInfo::set_Id_Ref(DolocTown.Config.Item.ItemInfo)","System.Void","DolocTown.Config.Item.ItemInfo value","private","False","False","False","False","True","8","0x06008910"
"DolocTown.Config.Fishing.FishInfo","get_DefaultUnlock","System.Boolean DolocTown.Config.Fishing.FishInfo::get_DefaultUnlock()","System.Boolean","","public","False","False","False","False","True","7","0x06008911"
"DolocTown.Config.Fishing.FishInfo","set_DefaultUnlock","System.Void DolocTown.Config.Fishing.FishInfo::set_DefaultUnlock(System.Boolean)","System.Void","System.Boolean value","private","False","False","False","False","True","8","0x06008912"
"DolocTown.Config.Fishing.FishInfo","get_IsFish","System.Boolean DolocTown.Config.Fishing.FishInfo::get_IsFish()","System.Boolean","","public","False","False","False","False","True","7","0x06008913"
"DolocTown.Config.Fishing.FishInfo","set_IsFish","System.Void DolocTown.Config.Fishing.FishInfo::set_IsFish(System.Boolean)","System.Void","System.Boolean value","private","False","False","False","False","True","8","0x06008914"
"DolocTown.Config.Fishing.FishInfo","get_IsGarbage","System.Boolean DolocTown.Config.Fishing.FishInfo::get_IsGarbage()","System.Boolean","","public","False","False","False","False","True","7","0x06008915"
"DolocTown.Config.Fishing.FishInfo","set_IsGarbage","System.Void DolocTown.Config.Fishing.FishInfo::set_IsGarbage(System.Boolean)","System.Void","System.Boolean value","private","False","False","False","False","True","8","0x06008916"
"DolocTown.Config.Fishing.FishInfo","get_Rarity","System.Int32 DolocTown.Config.Fishing.FishInfo::get_Rarity()","System.Int32","","public","False","False","False","False","True","7","0x06008917"
"DolocTown.Config.Fishing.FishInfo","set_Rarity","System.Void DolocTown.Config.Fishing.FishInfo::set_Rarity(System.Int32)","System.Void","System.Int32 value","private","False","False","False","False","True","8","0x06008918"
"DolocTown.Config.Fishing.FishInfo","get_Size","System.Int32 DolocTown.Config.Fishing.FishInfo::get_Size()","System.Int32","","public","False","False","False","False","True","7","0x06008919"
"DolocTown.Config.Fishing.FishInfo","set_Size","System.Void DolocTown.Config.Fishing.FishInfo::set_Size(System.Int32)","System.Void","System.Int32 value","private","False","False","False","False","True","8","0x0600891A"
"DolocTown.Config.Fishing.FishInfo","get_ExpFishing","System.Int32 DolocTown.Config.Fishing.FishInfo::get_ExpFishing()","System.Int32","","public","False","False","False","False","True","7","0x0600891B"
"DolocTown.Config.Fishing.FishInfo","set_ExpFishing","System.Void DolocTown.Config.Fishing.FishInfo::set_ExpFishing(System.Int32)","System.Void","System.Int32 value","private","False","False","False","False","True","8","0x0600891C"
"DolocTown.Config.Fishing.FishInfo","get_Month","System.Int32[] DolocTown.Config.Fishing.FishInfo::get_Month()","System.Int32[]","","public","False","False","False","False","True","7","0x0600891D"
"DolocTown.Config.Fishing.FishInfo","set_Month","System.Void DolocTown.Config.Fishing.FishInfo::set_Month(System.Int32[])","System.Void","System.Int32[] value","private","False","False","False","False","True","8","0x0600891E"
"DolocTown.Config.Fishing.FishInfo","get_WeatherTypes","DolocTown.Config.Weather.WeatherType[] DolocTown.Config.Fishing.FishInfo::get_WeatherTypes()","DolocTown.Config.Weather.WeatherType[]","","public","False","False","False","False","True","7","0x0600891F"
"DolocTown.Config.Fishing.FishInfo","set_WeatherTypes","System.Void DolocTown.Config.Fishing.FishInfo::set_WeatherTypes(DolocTown.Config.Weather.WeatherType[])","System.Void","DolocTown.Config.Weather.WeatherType[] value","private","False","False","False","False","True","8","0x06008920"
"DolocTown.Config.Fishing.FishInfo","get_TimeRange","DolocTown.Config.Time.TimeRange DolocTown.Config.Fishing.FishInfo::get_TimeRange()","DolocTown.Config.Time.TimeRange","","public","False","False","False","False","True","7","0x06008921"
"DolocTown.Config.Fishing.FishInfo","set_TimeRange","System.Void DolocTown.Config.Fishing.FishInfo::set_TimeRange(DolocTown.Config.Time.TimeRange)","System.Void","DolocTown.Config.Time.TimeRange value","private","False","False","False","False","True","8","0x06008922"
"DolocTown.Config.Fishing.FishInfo","get_FishBait","System.String[] DolocTown.Config.Fishing.FishInfo::get_FishBait()","System.String[]","","public","False","False","False","False","True","7","0x06008923"
"DolocTown.Config.Fishing.FishInfo","set_FishBait","System.Void DolocTown.Config.Fishing.FishInfo::set_FishBait(System.String[])","System.Void","System.String[] value","private","False","False","False","False","True","8","0x06008924"
"DolocTown.Config.Fishing.FishInfo","get_FishBait_Ref","DolocTown.Config.Item.ItemInfo[] DolocTown.Config.Fishing.FishInfo::get_FishBait_Ref()","DolocTown.Config.Item.ItemInfo[]","","public","False","False","False","False","True","7","0x06008925"
"DolocTown.Config.Fishing.FishInfo","set_FishBait_Ref","System.Void DolocTown.Config.Fishing.FishInfo::set_FishBait_Ref(DolocTown.Config.Item.ItemInfo[])","System.Void","DolocTown.Config.Item.ItemInfo[] value","private","False","False","False","False","True","8","0x06008926"
"DolocTown.Config.Fishing.FishInfo","get_FishingRodLv","System.Int32 DolocTown.Config.Fishing.FishInfo::get_FishingRodLv()","System.Int32","","public","False","False","False","False","True","7","0x06008927"
"DolocTown.Config.Fishing.FishInfo","set_FishingRodLv","System.Void DolocTown.Config.Fishing.FishInfo::set_FishingRodLv(System.Int32)","System.Void","System.Int32 value","private","False","False","False","False","True","8","0x06008928"
"DolocTown.Config.Fishing.FishInfo","get_FishingLv","System.Int32 DolocTown.Config.Fishing.FishInfo::get_FishingLv()","System.Int32","","public","False","False","False","False","True","7","0x06008929"
"DolocTown.Config.Fishing.FishInfo","set_FishingLv","System.Void DolocTown.Config.Fishing.FishInfo::set_FishingLv(System.Int32)","System.Void","System.Int32 value","private","False","False","False","False","True","8","0x0600892A"
"DolocTown.Config.Fishing.FishInfo","get_MaxStamina","DolocTown.Config.General.RangeInt DolocTown.Config.Fishing.FishInfo::get_MaxStamina()","DolocTown.Config.General.RangeInt","","public","False","False","False","False","True","7","0x0600892B"
"DolocTown.Config.Fishing.FishInfo","set_MaxStamina","System.Void DolocTown.Config.Fishing.FishInfo::set_MaxStamina(DolocTown.Config.General.RangeInt)","System.Void","DolocTown.Config.General.RangeInt value","private","False","False","False","False","True","8","0x0600892C"
"DolocTown.Config.Fishing.FishInfo","get_StableDuration","DolocTown.Config.General.RangeInt DolocTown.Config.Fishing.FishInfo::get_StableDuration()","DolocTown.Config.General.RangeInt","","public","False","False","False","False","True","7","0x0600892D"
"DolocTown.Config.Fishing.FishInfo","set_StableDuration","System.Void DolocTown.Config.Fishing.FishInfo::set_StableDuration(DolocTown.Config.General.RangeInt)","System.Void","DolocTown.Config.General.RangeInt value","private","False","False","False","False","True","8","0x0600892E"
"DolocTown.Config.Fishing.FishInfo","get_StruggleDuration","DolocTown.Config.General.RangeInt DolocTown.Config.Fishing.FishInfo::get_StruggleDuration()","DolocTown.Config.General.RangeInt","","public","False","False","False","False","True","7","0x0600892F"
"DolocTown.Config.Fishing.FishInfo","set_StruggleDuration","System.Void DolocTown.Config.Fishing.FishInfo::set_StruggleDuration(DolocTown.Config.General.RangeInt)","System.Void","DolocTown.Config.General.RangeInt value","private","False","False","False","False","True","8","0x06008930"
"DolocTown.Config.Fishing.FishInfo","get_NoteSpeedMultiplier","System.Single DolocTown.Config.Fishing.FishInfo::get_NoteSpeedMultiplier()","System.Single","","public","False","False","False","False","True","7","0x06008931"
"DolocTown.Config.Fishing.FishInfo","set_NoteSpeedMultiplier","System.Void DolocTown.Config.Fishing.FishInfo::set_NoteSpeedMultiplier(System.Single)","System.Void","System.Single value","private","False","False","False","False","True","8","0x06008932"
"DolocTown.Config.Fishing.FishInfo","get_InitialStableProbability","System.Single DolocTown.Config.Fishing.FishInfo::get_InitialStableProbability()","System.Single","","public","False","False","False","False","True","7","0x06008933"
"DolocTown.Config.Fishing.FishInfo","set_InitialStableProbability","System.Void DolocTown.Config.Fishing.FishInfo::set_InitialStableProbability(System.Single)","System.Void","System.Single value","private","False","False","False","False","True","8","0x06008934"
"DolocTown.Config.Fishing.FishInfo","get_CatchMultiplier","System.Single DolocTown.Config.Fishing.FishInfo::get_CatchMultiplier()","System.Single","","public","False","False","False","False","True","7","0x06008935"
"DolocTown.Config.Fishing.FishInfo","set_CatchMultiplier","System.Void DolocTown.Config.Fishing.FishInfo::set_CatchMultiplier(System.Single)","System.Void","System.Single value","private","False","False","False","False","True","8","0x06008936"
"DolocTown.Config.Fishing.FishInfo","get_EscapeSpeed","System.Int32 DolocTown.Config.Fishing.FishInfo::get_EscapeSpeed()","System.Int32","","public","False","False","False","False","True","7","0x06008937"
"DolocTown.Config.Fishing.FishInfo","set_EscapeSpeed","System.Void DolocTown.Config.Fishing.FishInfo::set_EscapeSpeed(System.Int32)","System.Void","System.Int32 value","private","False","False","False","False","True","8","0x06008938"
"DolocTown.Config.Fishing.FishInfo","get_StruggleMultiplier","System.Single DolocTown.Config.Fishing.FishInfo::get_StruggleMultiplier()","System.Single","","public","False","False","False","False","True","7","0x06008939"
"DolocTown.Config.Fishing.FishInfo","set_StruggleMultiplier","System.Void DolocTown.Config.Fishing.FishInfo::set_StruggleMultiplier(System.Single)","System.Void","System.Single value","private","False","False","False","False","True","8","0x0600893A"
"DolocTown.Config.Fishing.FishInfo","get_BonusProbability","System.Single DolocTown.Config.Fishing.FishInfo::get_BonusProbability()","System.Single","","public","False","False","False","False","True","7","0x0600893B"
"DolocTown.Config.Fishing.FishInfo","set_BonusProbability","System.Void DolocTown.Config.Fishing.FishInfo::set_BonusProbability(System.Single)","System.Void","System.Single value","private","False","False","False","False","True","8","0x0600893C"
"DolocTown.Config.Fishing.FishInfo","get_BonusDuration","DolocTown.Config.General.RangeInt DolocTown.Config.Fishing.FishInfo::get_BonusDuration()","DolocTown.Config.General.RangeInt","","public","False","False","False","False","True","7","0x0600893D"
"DolocTown.Config.Fishing.FishInfo","set_BonusDuration","System.Void DolocTown.Config.Fishing.FishInfo::set_BonusDuration(DolocTown.Config.General.RangeInt)","System.Void","DolocTown.Config.General.RangeInt value","private","False","False","False","False","True","8","0x0600893E"
"DolocTown.Config.Fishing.FishInfo","get_BonusBaseScore","System.Int32 DolocTown.Config.Fishing.FishInfo::get_BonusBaseScore()","System.Int32","","public","False","False","False","False","True","7","0x0600893F"
"DolocTown.Config.Fishing.FishInfo","set_BonusBaseScore","System.Void DolocTown.Config.Fishing.FishInfo::set_BonusBaseScore(System.Int32)","System.Void","System.Int32 value","private","False","False","False","False","True","8","0x06008940"
"DolocTown.Config.Fishing.FishInfo","get_BonusExtraScore","System.Int32 DolocTown.Config.Fishing.FishInfo::get_BonusExtraScore()","System.Int32","","public","False","False","False","False","True","7","0x06008941"
"DolocTown.Config.Fishing.FishInfo","set_BonusExtraScore","System.Void DolocTown.Config.Fishing.FishInfo::set_BonusExtraScore(System.Int32)","System.Void","System.Int32 value","private","False","False","False","False","True","8","0x06008942"
"DolocTown.Config.Fishing.FishInfo","get_BonusMultiplier","System.Single DolocTown.Config.Fishing.FishInfo::get_BonusMultiplier()","System.Single","","public","False","False","False","False","True","7","0x06008943"
"DolocTown.Config.Fishing.FishInfo","set_BonusMultiplier","System.Void DolocTown.Config.Fishing.FishInfo::set_BonusMultiplier(System.Single)","System.Void","System.Single value","private","False","False","False","False","True","8","0x06008944"
"DolocTown.Config.Fishing.FishInfo","GetTypeId","System.Int32 DolocTown.Config.Fishing.FishInfo::GetTypeId()","System.Int32","","public","False","True","False","False","True","6","0x06008945"
"DolocTown.Config.Fishing.FishInfo","Resolve","System.Void DolocTown.Config.Fishing.FishInfo::Resolve(System.Collections.Generic.Dictionary`2<System.String,System.Object>)","System.Void","System.Collections.Generic.Dictionary`2<System.String,System.Object> _tables","public","False","False","False","False","True","195","0x06008946"
"DolocTown.Config.Fishing.FishInfo","TranslateText","System.Void DolocTown.Config.Fishing.FishInfo::TranslateText(System.Func`3<System.String,System.String,System.String>)","System.Void","System.Func`3<System.String,System.String,System.String> translator","public","False","False","False","False","True","90","0x06008947"
"DolocTown.Config.Fishing.FishInfo","ToString","System.String DolocTown.Config.Fishing.FishInfo::ToString()","System.String","","public","False","True","False","False","True","718","0x06008948"
"DolocTown.Config.Fishing.FishInfo","IsMatch","System.Boolean DolocTown.Config.Fishing.FishInfo::IsMatch(System.Boolean,System.Int32,System.Int32,DolocTown.Config.Weather.WeatherType,DolocTown.GameData.DateInfo)","System.Boolean","System.Boolean isGarbage; System.Int32 lv; System.Int32 fishingLv; DolocTown.Config.Weather.WeatherType weather; DolocTown.GameData.DateInfo dateInfo","public","False","False","False","False","True","48","0x06008949"
"DolocTown.Config.Fishing.FishInfo","IsMatch","System.Boolean DolocTown.Config.Fishing.FishInfo::IsMatch(System.Boolean,System.Int32,DolocTown.Config.Weather.WeatherType,DolocTown.GameData.DateInfo)","System.Boolean","System.Boolean isGarbage; System.Int32 rarity; DolocTown.Config.Weather.WeatherType weather; DolocTown.GameData.DateInfo dateInfo","public","False","False","False","False","True","38","0x0600894A"
"DolocTown.Config.Fishing.FishInfo","_IsGarbage","System.Boolean DolocTown.Config.Fishing.FishInfo::_IsGarbage(System.Boolean)","System.Boolean","System.Boolean isGarbage","private","False","False","False","False","True","10","0x0600894B"
"DolocTown.Config.Fishing.FishInfo","_CheckToolLevel","System.Boolean DolocTown.Config.Fishing.FishInfo::_CheckToolLevel(System.Int32)","System.Boolean","System.Int32 lv","private","False","False","False","False","True","13","0x0600894C"
"DolocTown.Config.Fishing.FishInfo","_CheckFishingLevel","System.Boolean DolocTown.Config.Fishing.FishInfo::_CheckFishingLevel(System.Int32)","System.Boolean","System.Int32 lv","private","False","False","False","False","True","13","0x0600894D"
"DolocTown.Config.Fishing.FishInfo","_CheckRarity","System.Boolean DolocTown.Config.Fishing.FishInfo::_CheckRarity(System.Int32)","System.Boolean","System.Int32 rarity","private","False","False","False","False","True","13","0x0600894E"
"DolocTown.Config.Fishing.FishInfo","_CheckWeather","System.Boolean DolocTown.Config.Fishing.FishInfo::_CheckWeather(DolocTown.Config.Weather.WeatherType)","System.Boolean","DolocTown.Config.Weather.WeatherType weather","private","False","False","False","False","True","52","0x0600894F"
"DolocTown.Config.Fishing.FishInfo","_CheckDate","System.Boolean DolocTown.Config.Fishing.FishInfo::_CheckDate(DolocTown.GameData.DateInfo)","System.Boolean","DolocTown.GameData.DateInfo dateInfo","private","False","False","False","False","True","29","0x06008950"
"DolocTown.Config.Fishing.FishInfo","_CheckMonth","System.Boolean DolocTown.Config.Fishing.FishInfo::_CheckMonth(System.Int32)","System.Boolean","System.Int32 month","private","False","False","False","False","True","52","0x06008951"
"DolocTown.Config.Fishing.FishInfo","_CheckHour","System.Boolean DolocTown.Config.Fishing.FishInfo::_CheckHour(System.Int32)","System.Boolean","System.Int32 hour","private","False","False","False","False","True","14","0x06008952"
"DolocTown.Config.Fishing.FishInfo/<>c__DisplayClass128_0",".ctor","System.Void DolocTown.Config.Fishing.FishInfo/<>c__DisplayClass128_0::.ctor()","System.Void","","public","False","False","False","True","True","7","0x0600A6FC"
"DolocTown.Config.Fishing.FishInfo/<>c__DisplayClass128_0","<_CheckWeather>b__0","System.Boolean DolocTown.Config.Fishing.FishInfo/<>c__DisplayClass128_0::<_CheckWeather>b__0(DolocTown.Config.Weather.WeatherType)","System.Boolean","DolocTown.Config.Weather.WeatherType x","internal","False","False","False","False","True","10","0x0600A6FD"
"DolocTown.Config.Fishing.FishInfo/<>c__DisplayClass130_0",".ctor","System.Void DolocTown.Config.Fishing.FishInfo/<>c__DisplayClass130_0::.ctor()","System.Void","","public","False","False","False","True","True","7","0x0600A6FE"
"DolocTown.Config.Fishing.FishInfo/<>c__DisplayClass130_0","<_CheckMonth>b__0","System.Boolean DolocTown.Config.Fishing.FishInfo/<>c__DisplayClass130_0::<_CheckMonth>b__0(System.Int32)","System.Boolean","System.Int32 x","internal","False","False","False","False","True","10","0x0600A6FF"
"DolocTown.Config.Fishing.FishingPoolInfo",".ctor","System.Void DolocTown.Config.Fishing.FishingPoolInfo::.ctor(SimpleJSON.JSONNode)","System.Void","SimpleJSON.JSONNode _json","public","False","False","False","True","True","338","0x06008953"
"DolocTown.Config.Fishing.FishingPoolInfo",".ctor","System.Void DolocTown.Config.Fishing.FishingPoolInfo::.ctor(System.String,System.Int32[],System.Single,System.Collections.Generic.List`1<System.String>)","System.Void","System.String id; System.Int32[] rarity_weights; System.Single garbage_probability; System.Collections.Generic.List`1<System.String> fishes","public","False","False","False","True","True","36","0x06008954"
"DolocTown.Config.Fishing.FishingPoolInfo","DeserializeFishingPoolInfo","DolocTown.Config.Fishing.FishingPoolInfo DolocTown.Config.Fishing.FishingPoolInfo::DeserializeFishingPoolInfo(SimpleJSON.JSONNode)","DolocTown.Config.Fishing.FishingPoolInfo","SimpleJSON.JSONNode _json","public","True","False","False","False","True","7","0x06008955"
"DolocTown.Config.Fishing.FishingPoolInfo","get_Id","System.String DolocTown.Config.Fishing.FishingPoolInfo::get_Id()","System.String","","public","False","False","False","False","True","7","0x06008956"
"DolocTown.Config.Fishing.FishingPoolInfo","set_Id","System.Void DolocTown.Config.Fishing.FishingPoolInfo::set_Id(System.String)","System.Void","System.String value","private","False","False","False","False","True","8","0x06008957"
"DolocTown.Config.Fishing.FishingPoolInfo","get_RarityWeights","System.Int32[] DolocTown.Config.Fishing.FishingPoolInfo::get_RarityWeights()","System.Int32[]","","public","False","False","False","False","True","7","0x06008958"
"DolocTown.Config.Fishing.FishingPoolInfo","set_RarityWeights","System.Void DolocTown.Config.Fishing.FishingPoolInfo::set_RarityWeights(System.Int32[])","System.Void","System.Int32[] value","private","False","False","False","False","True","8","0x06008959"
"DolocTown.Config.Fishing.FishingPoolInfo","get_GarbageProbability","System.Single DolocTown.Config.Fishing.FishingPoolInfo::get_GarbageProbability()","System.Single","","public","False","False","False","False","True","7","0x0600895A"
"DolocTown.Config.Fishing.FishingPoolInfo","set_GarbageProbability","System.Void DolocTown.Config.Fishing.FishingPoolInfo::set_GarbageProbability(System.Single)","System.Void","System.Single value","private","False","False","False","False","True","8","0x0600895B"
"DolocTown.Config.Fishing.FishingPoolInfo","get_Fishes","System.Collections.Generic.List`1<System.String> DolocTown.Config.Fishing.FishingPoolInfo::get_Fishes()","System.Collections.Generic.List`1<System.String>","","public","False","False","False","False","True","7","0x0600895C"
"DolocTown.Config.Fishing.FishingPoolInfo","set_Fishes","System.Void DolocTown.Config.Fishing.FishingPoolInfo::set_Fishes(System.Collections.Generic.List`1<System.String>)","System.Void","System.Collections.Generic.List`1<System.String> value","private","False","False","False","False","True","8","0x0600895D"
"DolocTown.Config.Fishing.FishingPoolInfo","get_Fishes_Ref","System.Collections.Generic.List`1<DolocTown.Config.Fishing.FishInfo> DolocTown.Config.Fishing.FishingPoolInfo::get_Fishes_Ref()","System.Collections.Generic.List`1<DolocTown.Config.Fishing.FishInfo>","","public","False","False","False","False","True","7","0x0600895E"
"DolocTown.Config.Fishing.FishingPoolInfo","set_Fishes_Ref","System.Void DolocTown.Config.Fishing.FishingPoolInfo::set_Fishes_Ref(System.Collections.Generic.List`1<DolocTown.Config.Fishing.FishInfo>)","System.Void","System.Collections.Generic.List`1<DolocTown.Config.Fishing.FishInfo> value","private","False","False","False","False","True","8","0x0600895F"
"DolocTown.Config.Fishing.FishingPoolInfo","GetTypeId","System.Int32 DolocTown.Config.Fishing.FishingPoolInfo::GetTypeId()","System.Int32","","public","False","True","False","False","True","6","0x06008960"
"DolocTown.Config.Fishing.FishingPoolInfo","Resolve","System.Void DolocTown.Config.Fishing.FishingPoolInfo::Resolve(System.Collections.Generic.Dictionary`2<System.String,System.Object>)","System.Void","System.Collections.Generic.Dictionary`2<System.String,System.Object> _tables","public","False","False","False","False","True","94","0x06008961"
"DolocTown.Config.Fishing.FishingPoolInfo","TranslateText","System.Void DolocTown.Config.Fishing.FishingPoolInfo::TranslateText(System.Func`3<System.String,System.String,System.String>)","System.Void","System.Func`3<System.String,System.String,System.String> translator","public","False","False","False","False","True","1","0x06008962"
"DolocTown.Config.Fishing.FishingPoolInfo","ToString","System.String DolocTown.Config.Fishing.FishingPoolInfo::ToString()","System.String","","public","False","True","False","False","True","107","0x06008963"
"DolocTown.Config.Fishing.TbFarmFish",".ctor","System.Void DolocTown.Config.Fishing.TbFarmFish::.ctor(SimpleJSON.JSONNode)","System.Void","SimpleJSON.JSONNode _json","public","False","False","False","True","True","135","0x06008964"
"DolocTown.Config.Fishing.TbFarmFish","get_DataMap","System.Collections.Generic.Dictionary`2<System.String,DolocTown.Config.Fishing.FarmFishInfo> DolocTown.Config.Fishing.TbFarmFish::get_DataMap()","System.Collections.Generic.Dictionary`2<System.String,DolocTown.Config.Fishing.FarmFishInfo>","","public","False","False","False","False","True","7","0x06008965"
"DolocTown.Config.Fishing.TbFarmFish","get_DataList","System.Collections.Generic.List`1<DolocTown.Config.Fishing.FarmFishInfo> DolocTown.Config.Fishing.TbFarmFish::get_DataList()","System.Collections.Generic.List`1<DolocTown.Config.Fishing.FarmFishInfo>","","public","False","False","False","False","True","7","0x06008966"
"DolocTown.Config.Fishing.TbFarmFish","GetOrDefault","DolocTown.Config.Fishing.FarmFishInfo DolocTown.Config.Fishing.TbFarmFish::GetOrDefault(System.String)","DolocTown.Config.Fishing.FarmFishInfo","System.String key","public","False","False","False","False","True","20","0x06008967"
"DolocTown.Config.Fishing.TbFarmFish","Get","DolocTown.Config.Fishing.FarmFishInfo DolocTown.Config.Fishing.TbFarmFish::Get(System.String)","DolocTown.Config.Fishing.FarmFishInfo","System.String key","public","False","False","False","False","True","13","0x06008968"
"DolocTown.Config.Fishing.TbFarmFish","get_Item","DolocTown.Config.Fishing.FarmFishInfo DolocTown.Config.Fishing.TbFarmFish::get_Item(System.String)","DolocTown.Config.Fishing.FarmFishInfo","System.String key","public","False","False","False","False","True","13","0x06008969"
"DolocTown.Config.Fishing.TbFarmFish","Resolve","System.Void DolocTown.Config.Fishing.TbFarmFish::Resolve(System.Collections.Generic.Dictionary`2<System.String,System.Object>)","System.Void","System.Collections.Generic.Dictionary`2<System.String,System.Object> _tables","public","False","False","False","False","True","53","0x0600896A"
"DolocTown.Config.Fishing.TbFarmFish","TranslateText","System.Void DolocTown.Config.Fishing.TbFarmFish::TranslateText(System.Func`3<System.String,System.String,System.String>)","System.Void","System.Func`3<System.String,System.String,System.String> translator","public","False","False","False","False","True","53","0x0600896B"
"DolocTown.Config.Fishing.TbFarmFish","GetTechPoint","System.Int32 DolocTown.Config.Fishing.TbFarmFish::GetTechPoint(System.String)","System.Int32","System.String fishName","public","False","False","False","False","True","35","0x0600896C"
"DolocTown.Config.Fishing.TbFarmFish","IsFarmFish","System.Boolean DolocTown.Config.Fishing.TbFarmFish::IsFarmFish(System.String,DolocTown.Config.Fishing.FarmFishInfo&)","System.Boolean","System.String name; DolocTown.Config.Fishing.FarmFishInfo& proto","public","False","False","False","False","True","27","0x0600896D"
"DolocTown.Config.Fishing.TbFarmFishFormation",".ctor","System.Void DolocTown.Config.Fishing.TbFarmFishFormation::.ctor(SimpleJSON.JSONNode)","System.Void","SimpleJSON.JSONNode _json","public","False","False","False","True","True","135","0x0600896E"
"DolocTown.Config.Fishing.TbFarmFishFormation","get_DataMap","System.Collections.Generic.Dictionary`2<System.String,DolocTown.Config.Fishing.FarmFishFormationInfo> DolocTown.Config.Fishing.TbFarmFishFormation::get_DataMap()","System.Collections.Generic.Dictionary`2<System.String,DolocTown.Config.Fishing.FarmFishFormationInfo>","","public","False","False","False","False","True","7","0x0600896F"
"DolocTown.Config.Fishing.TbFarmFishFormation","get_DataList","System.Collections.Generic.List`1<DolocTown.Config.Fishing.FarmFishFormationInfo> DolocTown.Config.Fishing.TbFarmFishFormation::get_DataList()","System.Collections.Generic.List`1<DolocTown.Config.Fishing.FarmFishFormationInfo>","","public","False","False","False","False","True","7","0x06008970"
"DolocTown.Config.Fishing.TbFarmFishFormation","GetOrDefault","DolocTown.Config.Fishing.FarmFishFormationInfo DolocTown.Config.Fishing.TbFarmFishFormation::GetOrDefault(System.String)","DolocTown.Config.Fishing.FarmFishFormationInfo","System.String key","public","False","False","False","False","True","20","0x06008971"
"DolocTown.Config.Fishing.TbFarmFishFormation","Get","DolocTown.Config.Fishing.FarmFishFormationInfo DolocTown.Config.Fishing.TbFarmFishFormation::Get(System.String)","DolocTown.Config.Fishing.FarmFishFormationInfo","System.String key","public","False","False","False","False","True","13","0x06008972"
"DolocTown.Config.Fishing.TbFarmFishFormation","get_Item","DolocTown.Config.Fishing.FarmFishFormationInfo DolocTown.Config.Fishing.TbFarmFishFormation::get_Item(System.String)","DolocTown.Config.Fishing.FarmFishFormationInfo","System.String key","public","False","False","False","False","True","13","0x06008973"
"DolocTown.Config.Fishing.TbFarmFishFormation","Resolve","System.Void DolocTown.Config.Fishing.TbFarmFishFormation::Resolve(System.Collections.Generic.Dictionary`2<System.String,System.Object>)","System.Void","System.Collections.Generic.Dictionary`2<System.String,System.Object> _tables","public","False","False","False","False","True","53","0x06008974"
"DolocTown.Config.Fishing.TbFarmFishFormation","TranslateText","System.Void DolocTown.Config.Fishing.TbFarmFishFormation::TranslateText(System.Func`3<System.String,System.String,System.String>)","System.Void","System.Func`3<System.String,System.String,System.String> translator","public","False","False","False","False","True","53","0x06008975"
"DolocTown.Config.Fishing.TbFish",".ctor","System.Void DolocTown.Config.Fishing.TbFish::.ctor(SimpleJSON.JSONNode)","System.Void","SimpleJSON.JSONNode _json","public","False","False","False","True","True","135","0x06008976"
"DolocTown.Config.Fishing.TbFish","get_DataMap","System.Collections.Generic.Dictionary`2<System.String,DolocTown.Config.Fishing.FishInfo> DolocTown.Config.Fishing.TbFish::get_DataMap()","System.Collections.Generic.Dictionary`2<System.String,DolocTown.Config.Fishing.FishInfo>","","public","False","False","False","False","True","7","0x06008977"
"DolocTown.Config.Fishing.TbFish","get_DataList","System.Collections.Generic.List`1<DolocTown.Config.Fishing.FishInfo> DolocTown.Config.Fishing.TbFish::get_DataList()","System.Collections.Generic.List`1<DolocTown.Config.Fishing.FishInfo>","","public","False","False","False","False","True","7","0x06008978"
"DolocTown.Config.Fishing.TbFish","GetOrDefault","DolocTown.Config.Fishing.FishInfo DolocTown.Config.Fishing.TbFish::GetOrDefault(System.String)","DolocTown.Config.Fishing.FishInfo","System.String key","public","False","False","False","False","True","20","0x06008979"
"DolocTown.Config.Fishing.TbFish","Get","DolocTown.Config.Fishing.FishInfo DolocTown.Config.Fishing.TbFish::Get(System.String)","DolocTown.Config.Fishing.FishInfo","System.String key","public","False","False","False","False","True","13","0x0600897A"
"DolocTown.Config.Fishing.TbFish","get_Item","DolocTown.Config.Fishing.FishInfo DolocTown.Config.Fishing.TbFish::get_Item(System.String)","DolocTown.Config.Fishing.FishInfo","System.String key","public","False","False","False","False","True","13","0x0600897B"
"DolocTown.Config.Fishing.TbFish","Resolve","System.Void DolocTown.Config.Fishing.TbFish::Resolve(System.Collections.Generic.Dictionary`2<System.String,System.Object>)","System.Void","System.Collections.Generic.Dictionary`2<System.String,System.Object> _tables","public","False","False","False","False","True","53","0x0600897C"
"DolocTown.Config.Fishing.TbFish","TranslateText","System.Void DolocTown.Config.Fishing.TbFish::TranslateText(System.Func`3<System.String,System.String,System.String>)","System.Void","System.Func`3<System.String,System.String,System.String> translator","public","False","False","False","False","True","53","0x0600897D"
"DolocTown.Config.Fishing.TbFishDocument",".ctor","System.Void DolocTown.Config.Fishing.TbFishDocument::.ctor(SimpleJSON.JSONNode)","System.Void","SimpleJSON.JSONNode _json","public","False","False","False","True","True","135","0x0600897E"
"DolocTown.Config.Fishing.TbFishDocument","get_DataMap","System.Collections.Generic.Dictionary`2<System.String,DolocTown.Config.Fishing.FishDocumentInfo> DolocTown.Config.Fishing.TbFishDocument::get_DataMap()","System.Collections.Generic.Dictionary`2<System.String,DolocTown.Config.Fishing.FishDocumentInfo>","","public","False","False","False","False","True","7","0x0600897F"
"DolocTown.Config.Fishing.TbFishDocument","get_DataList","System.Collections.Generic.List`1<DolocTown.Config.Fishing.FishDocumentInfo> DolocTown.Config.Fishing.TbFishDocument::get_DataList()","System.Collections.Generic.List`1<DolocTown.Config.Fishing.FishDocumentInfo>","","public","False","False","False","False","True","7","0x06008980"
"DolocTown.Config.Fishing.TbFishDocument","GetOrDefault","DolocTown.Config.Fishing.FishDocumentInfo DolocTown.Config.Fishing.TbFishDocument::GetOrDefault(System.String)","DolocTown.Config.Fishing.FishDocumentInfo","System.String key","public","False","False","False","False","True","20","0x06008981"
"DolocTown.Config.Fishing.TbFishDocument","Get","DolocTown.Config.Fishing.FishDocumentInfo DolocTown.Config.Fishing.TbFishDocument::Get(System.String)","DolocTown.Config.Fishing.FishDocumentInfo","System.String key","public","False","False","False","False","True","13","0x06008982"
"DolocTown.Config.Fishing.TbFishDocument","get_Item","DolocTown.Config.Fishing.FishDocumentInfo DolocTown.Config.Fishing.TbFishDocument::get_Item(System.String)","DolocTown.Config.Fishing.FishDocumentInfo","System.String key","public","False","False","False","False","True","13","0x06008983"
"DolocTown.Config.Fishing.TbFishDocument","Resolve","System.Void DolocTown.Config.Fishing.TbFishDocument::Resolve(System.Collections.Generic.Dictionary`2<System.String,System.Object>)","System.Void","System.Collections.Generic.Dictionary`2<System.String,System.Object> _tables","public","False","False","False","False","True","53","0x06008984"
"DolocTown.Config.Fishing.TbFishDocument","TranslateText","System.Void DolocTown.Config.Fishing.TbFishDocument::TranslateText(System.Func`3<System.String,System.String,System.String>)","System.Void","System.Func`3<System.String,System.String,System.String> translator","public","False","False","False","False","True","53","0x06008985"
"DolocTown.Config.Fishing.TbFishFeed",".ctor","System.Void DolocTown.Config.Fishing.TbFishFeed::.ctor(SimpleJSON.JSONNode)","System.Void","SimpleJSON.JSONNode _json","public","False","False","False","True","True","135","0x06008986"
"DolocTown.Config.Fishing.TbFishFeed","get_DataMap","System.Collections.Generic.Dictionary`2<System.String,DolocTown.Config.Fishing.FishFeedInfo> DolocTown.Config.Fishing.TbFishFeed::get_DataMap()","System.Collections.Generic.Dictionary`2<System.String,DolocTown.Config.Fishing.FishFeedInfo>","","public","False","False","False","False","True","7","0x06008987"
"DolocTown.Config.Fishing.TbFishFeed","get_DataList","System.Collections.Generic.List`1<DolocTown.Config.Fishing.FishFeedInfo> DolocTown.Config.Fishing.TbFishFeed::get_DataList()","System.Collections.Generic.List`1<DolocTown.Config.Fishing.FishFeedInfo>","","public","False","False","False","False","True","7","0x06008988"
"DolocTown.Config.Fishing.TbFishFeed","GetOrDefault","DolocTown.Config.Fishing.FishFeedInfo DolocTown.Config.Fishing.TbFishFeed::GetOrDefault(System.String)","DolocTown.Config.Fishing.FishFeedInfo","System.String key","public","False","False","False","False","True","20","0x06008989"
"DolocTown.Config.Fishing.TbFishFeed","Get","DolocTown.Config.Fishing.FishFeedInfo DolocTown.Config.Fishing.TbFishFeed::Get(System.String)","DolocTown.Config.Fishing.FishFeedInfo","System.String key","public","False","False","False","False","True","13","0x0600898A"
"DolocTown.Config.Fishing.TbFishFeed","get_Item","DolocTown.Config.Fishing.FishFeedInfo DolocTown.Config.Fishing.TbFishFeed::get_Item(System.String)","DolocTown.Config.Fishing.FishFeedInfo","System.String key","public","False","False","False","False","True","13","0x0600898B"
"DolocTown.Config.Fishing.TbFishFeed","Resolve","System.Void DolocTown.Config.Fishing.TbFishFeed::Resolve(System.Collections.Generic.Dictionary`2<System.String,System.Object>)","System.Void","System.Collections.Generic.Dictionary`2<System.String,System.Object> _tables","public","False","False","False","False","True","53","0x0600898C"
"DolocTown.Config.Fishing.TbFishFeed","TranslateText","System.Void DolocTown.Config.Fishing.TbFishFeed::TranslateText(System.Func`3<System.String,System.String,System.String>)","System.Void","System.Func`3<System.String,System.String,System.String> translator","public","False","False","False","False","True","53","0x0600898D"
"DolocTown.Config.Fishing.TbFishFeed","IsFishFeeds","System.Boolean DolocTown.Config.Fishing.TbFishFeed::IsFishFeeds(System.String,System.Int32&)","System.Boolean","System.String name; System.Int32& energy","public","False","False","False","False","True","43","0x0600898E"
"DolocTown.Config.Fishing.TbFishingPool",".ctor","System.Void DolocTown.Config.Fishing.TbFishingPool::.ctor(SimpleJSON.JSONNode)","System.Void","SimpleJSON.JSONNode _json","public","False","False","False","True","True","135","0x0600898F"
"DolocTown.Config.Fishing.TbFishingPool","get_DataMap","System.Collections.Generic.Dictionary`2<System.String,DolocTown.Config.Fishing.FishingPoolInfo> DolocTown.Config.Fishing.TbFishingPool::get_DataMap()","System.Collections.Generic.Dictionary`2<System.String,DolocTown.Config.Fishing.FishingPoolInfo>","","public","False","False","False","False","True","7","0x06008990"
"DolocTown.Config.Fishing.TbFishingPool","get_DataList","System.Collections.Generic.List`1<DolocTown.Config.Fishing.FishingPoolInfo> DolocTown.Config.Fishing.TbFishingPool::get_DataList()","System.Collections.Generic.List`1<DolocTown.Config.Fishing.FishingPoolInfo>","","public","False","False","False","False","True","7","0x06008991"
"DolocTown.Config.Fishing.TbFishingPool","GetOrDefault","DolocTown.Config.Fishing.FishingPoolInfo DolocTown.Config.Fishing.TbFishingPool::GetOrDefault(System.String)","DolocTown.Config.Fishing.FishingPoolInfo","System.String key","public","False","False","False","False","True","20","0x06008992"
"DolocTown.Config.Fishing.TbFishingPool","Get","DolocTown.Config.Fishing.FishingPoolInfo DolocTown.Config.Fishing.TbFishingPool::Get(System.String)","DolocTown.Config.Fishing.FishingPoolInfo","System.String key","public","False","False","False","False","True","13","0x06008993"
"DolocTown.Config.Fishing.TbFishingPool","get_Item","DolocTown.Config.Fishing.FishingPoolInfo DolocTown.Config.Fishing.TbFishingPool::get_Item(System.String)","DolocTown.Config.Fishing.FishingPoolInfo","System.String key","public","False","False","False","False","True","13","0x06008994"
"DolocTown.Config.Fishing.TbFishingPool","Resolve","System.Void DolocTown.Config.Fishing.TbFishingPool::Resolve(System.Collections.Generic.Dictionary`2<System.String,System.Object>)","System.Void","System.Collections.Generic.Dictionary`2<System.String,System.Object> _tables","public","False","False","False","False","True","53","0x06008995"
"DolocTown.Config.Fishing.TbFishingPool","TranslateText","System.Void DolocTown.Config.Fishing.TbFishingPool::TranslateText(System.Func`3<System.String,System.String,System.String>)","System.Void","System.Func`3<System.String,System.String,System.String> translator","public","False","False","False","False","True","53","0x06008996"
"DolocTown.Config.Equipment.EquipmentFuncAutomateBotStation","get_MotionPointProduce","System.Int32 DolocTown.Config.Equipment.EquipmentFuncAutomateBotStation::get_MotionPointProduce()","System.Int32","","public","False","False","False","False","True","7","0x06008A4D"
"DolocTown.Config.Equipment.EquipmentFuncAutomateBotStation","set_MotionPointProduce","System.Void DolocTown.Config.Equipment.EquipmentFuncAutomateBotStation::set_MotionPointProduce(System.Int32)","System.Void","System.Int32 value","private","False","False","False","False","True","8","0x06008A4E"
"DolocTown.Config.Equipment.EquipmentFuncFishIncubator",".ctor","System.Void DolocTown.Config.Equipment.EquipmentFuncFishIncubator::.ctor(SimpleJSON.JSONNode)","System.Void","SimpleJSON.JSONNode _json","public","False","False","False","True","True","156","0x06008B12"
"DolocTown.Config.Equipment.EquipmentFuncFishIncubator",".ctor","System.Void DolocTown.Config.Equipment.EquipmentFuncFishIncubator::.ctor(System.Int32,System.Int32,System.Int32,DolocTown.SpriteAsset,DolocTown.SpriteAsset)","System.Void","System.Int32 total_capacity; System.Int32 line_capacity; System.Int32 work_interval; DolocTown.SpriteAsset mask_sprite; DolocTown.SpriteAsset emission_sprite","public","False","False","False","True","True","32","0x06008B13"
"DolocTown.Config.Equipment.EquipmentFuncFishIncubator","DeserializeEquipmentFuncFishIncubator","DolocTown.Config.Equipment.EquipmentFuncFishIncubator DolocTown.Config.Equipment.EquipmentFuncFishIncubator::DeserializeEquipmentFuncFishIncubator(SimpleJSON.JSONNode)","DolocTown.Config.Equipment.EquipmentFuncFishIncubator","SimpleJSON.JSONNode _json","public","True","False","False","False","True","7","0x06008B14"
"DolocTown.Config.Equipment.EquipmentFuncFishIncubator","get_WorkInterval","System.Int32 DolocTown.Config.Equipment.EquipmentFuncFishIncubator::get_WorkInterval()","System.Int32","","public","False","False","False","False","True","7","0x06008B15"
"DolocTown.Config.Equipment.EquipmentFuncFishIncubator","set_WorkInterval","System.Void DolocTown.Config.Equipment.EquipmentFuncFishIncubator::set_WorkInterval(System.Int32)","System.Void","System.Int32 value","private","False","False","False","False","True","8","0x06008B16"
"DolocTown.Config.Equipment.EquipmentFuncFishIncubator","get_MaskSprite","DolocTown.SpriteAsset DolocTown.Config.Equipment.EquipmentFuncFishIncubator::get_MaskSprite()","DolocTown.SpriteAsset","","public","False","False","False","False","True","7","0x06008B17"
"DolocTown.Config.Equipment.EquipmentFuncFishIncubator","set_MaskSprite","System.Void DolocTown.Config.Equipment.EquipmentFuncFishIncubator::set_MaskSprite(DolocTown.SpriteAsset)","System.Void","DolocTown.SpriteAsset value","private","False","False","False","False","True","8","0x06008B18"
"DolocTown.Config.Equipment.EquipmentFuncFishIncubator","get_EmissionSprite","DolocTown.SpriteAsset DolocTown.Config.Equipment.EquipmentFuncFishIncubator::get_EmissionSprite()","DolocTown.SpriteAsset","","public","False","False","False","False","True","7","0x06008B19"
"DolocTown.Config.Equipment.EquipmentFuncFishIncubator","set_EmissionSprite","System.Void DolocTown.Config.Equipment.EquipmentFuncFishIncubator::set_EmissionSprite(DolocTown.SpriteAsset)","System.Void","DolocTown.SpriteAsset value","private","False","False","False","False","True","8","0x06008B1A"
"DolocTown.Config.Equipment.EquipmentFuncFishIncubator","GetTypeId","System.Int32 DolocTown.Config.Equipment.EquipmentFuncFishIncubator::GetTypeId()","System.Int32","","public","False","True","False","False","True","6","0x06008B1B"
"DolocTown.Config.Equipment.EquipmentFuncFishIncubator","Resolve","System.Void DolocTown.Config.Equipment.EquipmentFuncFishIncubator::Resolve(System.Collections.Generic.Dictionary`2<System.String,System.Object>)","System.Void","System.Collections.Generic.Dictionary`2<System.String,System.Object> _tables","public","False","True","False","False","True","8","0x06008B1C"
"DolocTown.Config.Equipment.EquipmentFuncFishIncubator","TranslateText","System.Void DolocTown.Config.Equipment.EquipmentFuncFishIncubator::TranslateText(System.Func`3<System.String,System.String,System.String>)","System.Void","System.Func`3<System.String,System.String,System.String> translator","public","False","True","False","False","True","8","0x06008B1D"
"DolocTown.Config.Equipment.EquipmentFuncFishIncubator","ToString","System.String DolocTown.Config.Equipment.EquipmentFuncFishIncubator::ToString()","System.String","","public","False","True","False","False","True","156","0x06008B1E"
"DolocTown.Config.Equipment.EquipmentFuncFishTank",".ctor","System.Void DolocTown.Config.Equipment.EquipmentFuncFishTank::.ctor(SimpleJSON.JSONNode)","System.Void","SimpleJSON.JSONNode _json","public","False","False","False","True","True","54","0x06008B1F"
"DolocTown.Config.Equipment.EquipmentFuncFishTank",".ctor","System.Void DolocTown.Config.Equipment.EquipmentFuncFishTank::.ctor(System.Int32,System.Int32,System.Int32,System.Int32,System.Int32,DolocTown.SpriteAsset,System.Int32)","System.Void","System.Int32 total_capacity; System.Int32 line_capacity; System.Int32 metabolism_threshold; System.Int32 update_interval; System.Int32 product_capacity; DolocTown.SpriteAsset alpha_mask; System.Int32 energy_capacity","public","False","False","False","True","True","24","0x06008B20"
"DolocTown.Config.Equipment.EquipmentFuncFishTank","DeserializeEquipmentFuncFishTank","DolocTown.Config.Equipment.EquipmentFuncFishTank DolocTown.Config.Equipment.EquipmentFuncFishTank::DeserializeEquipmentFuncFishTank(SimpleJSON.JSONNode)","DolocTown.Config.Equipment.EquipmentFuncFishTank","SimpleJSON.JSONNode _json","public","True","False","False","False","True","7","0x06008B21"
"DolocTown.Config.Equipment.EquipmentFuncFishTank","get_EnergyCapacity","System.Int32 DolocTown.Config.Equipment.EquipmentFuncFishTank::get_EnergyCapacity()","System.Int32","","public","False","False","False","False","True","7","0x06008B22"
"DolocTown.Config.Equipment.EquipmentFuncFishTank","set_EnergyCapacity","System.Void DolocTown.Config.Equipment.EquipmentFuncFishTank::set_EnergyCapacity(System.Int32)","System.Void","System.Int32 value","private","False","False","False","False","True","8","0x06008B23"
"DolocTown.Config.Equipment.EquipmentFuncFishTank","GetTypeId","System.Int32 DolocTown.Config.Equipment.EquipmentFuncFishTank::GetTypeId()","System.Int32","","public","False","True","False","False","True","6","0x06008B24"
"DolocTown.Config.Equipment.EquipmentFuncFishTank","Resolve","System.Void DolocTown.Config.Equipment.EquipmentFuncFishTank::Resolve(System.Collections.Generic.Dictionary`2<System.String,System.Object>)","System.Void","System.Collections.Generic.Dictionary`2<System.String,System.Object> _tables","public","False","True","False","False","True","8","0x06008B25"
"DolocTown.Config.Equipment.EquipmentFuncFishTank","TranslateText","System.Void DolocTown.Config.Equipment.EquipmentFuncFishTank::TranslateText(System.Func`3<System.String,System.String,System.String>)","System.Void","System.Func`3<System.String,System.String,System.String> translator","public","False","True","False","False","True","8","0x06008B26"
"DolocTown.Config.Equipment.EquipmentFuncFishTank","ToString","System.String DolocTown.Config.Equipment.EquipmentFuncFishTank::ToString()","System.String","","public","False","True","False","False","True","206","0x06008B27"
"DolocTown.Config.Equipment.EquipmentFuncFishTankBase",".ctor","System.Void DolocTown.Config.Equipment.EquipmentFuncFishTankBase::.ctor(SimpleJSON.JSONNode)","System.Void","SimpleJSON.JSONNode _json","public","False","False","False","True","True","197","0x06008B28"
"DolocTown.Config.Equipment.EquipmentFuncFishTankBase",".ctor","System.Void DolocTown.Config.Equipment.EquipmentFuncFishTankBase::.ctor(System.Int32,System.Int32,System.Int32,System.Int32,System.Int32,DolocTown.SpriteAsset)","System.Void","System.Int32 total_capacity; System.Int32 line_capacity; System.Int32 metabolism_threshold; System.Int32 update_interval; System.Int32 product_capacity; DolocTown.SpriteAsset alpha_mask","public","False","False","False","True","True","40","0x06008B29"
"DolocTown.Config.Equipment.EquipmentFuncFishTankBase","DeserializeEquipmentFuncFishTankBase","DolocTown.Config.Equipment.EquipmentFuncFishTankBase DolocTown.Config.Equipment.EquipmentFuncFishTankBase::DeserializeEquipmentFuncFishTankBase(SimpleJSON.JSONNode)","DolocTown.Config.Equipment.EquipmentFuncFishTankBase","SimpleJSON.JSONNode _json","public","True","False","False","False","True","85","0x06008B2A"
"DolocTown.Config.Equipment.EquipmentFuncFishTankBase","get_MetabolismThreshold","System.Int32 DolocTown.Config.Equipment.EquipmentFuncFishTankBase::get_MetabolismThreshold()","System.Int32","","public","False","False","False","False","True","7","0x06008B2B"
"DolocTown.Config.Equipment.EquipmentFuncFishTankBase","set_MetabolismThreshold","System.Void DolocTown.Config.Equipment.EquipmentFuncFishTankBase::set_MetabolismThreshold(System.Int32)","System.Void","System.Int32 value","private","False","False","False","False","True","8","0x06008B2C"
"DolocTown.Config.Equipment.EquipmentFuncFishTankBase","get_UpdateInterval","System.Int32 DolocTown.Config.Equipment.EquipmentFuncFishTankBase::get_UpdateInterval()","System.Int32","","public","False","False","False","False","True","7","0x06008B2D"
"DolocTown.Config.Equipment.EquipmentFuncFishTankBase","set_UpdateInterval","System.Void DolocTown.Config.Equipment.EquipmentFuncFishTankBase::set_UpdateInterval(System.Int32)","System.Void","System.Int32 value","private","False","False","False","False","True","8","0x06008B2E"
"DolocTown.Config.Equipment.EquipmentFuncFishTankBase","get_ProductCapacity","System.Int32 DolocTown.Config.Equipment.EquipmentFuncFishTankBase::get_ProductCapacity()","System.Int32","","public","False","False","False","False","True","7","0x06008B2F"
"DolocTown.Config.Equipment.EquipmentFuncFishTankBase","set_ProductCapacity","System.Void DolocTown.Config.Equipment.EquipmentFuncFishTankBase::set_ProductCapacity(System.Int32)","System.Void","System.Int32 value","private","False","False","False","False","True","8","0x06008B30"
"DolocTown.Config.Equipment.EquipmentFuncFishTankBase","get_AlphaMask","DolocTown.SpriteAsset DolocTown.Config.Equipment.EquipmentFuncFishTankBase::get_AlphaMask()","DolocTown.SpriteAsset","","public","False","False","False","False","True","7","0x06008B31"
"DolocTown.Config.Equipment.EquipmentFuncFishTankBase","set_AlphaMask","System.Void DolocTown.Config.Equipment.EquipmentFuncFishTankBase::set_AlphaMask(DolocTown.SpriteAsset)","System.Void","DolocTown.SpriteAsset value","private","False","False","False","False","True","8","0x06008B32"
"DolocTown.Config.Equipment.EquipmentFuncFishTankBase","Resolve","System.Void DolocTown.Config.Equipment.EquipmentFuncFishTankBase::Resolve(System.Collections.Generic.Dictionary`2<System.String,System.Object>)","System.Void","System.Collections.Generic.Dictionary`2<System.String,System.Object> _tables","public","False","True","False","False","True","8","0x06008B33"
"DolocTown.Config.Equipment.EquipmentFuncFishTankBase","TranslateText","System.Void DolocTown.Config.Equipment.EquipmentFuncFishTankBase::TranslateText(System.Func`3<System.String,System.String,System.String>)","System.Void","System.Func`3<System.String,System.String,System.String> translator","public","False","True","False","False","True","8","0x06008B34"
"DolocTown.Config.Equipment.EquipmentFuncFishTankBase","ToString","System.String DolocTown.Config.Equipment.EquipmentFuncFishTankBase::ToString()","System.String","","public","False","True","False","False","True","179","0x06008B35"
"DolocTown.Config.Equipment.EquipmentFuncFishTankEcological",".ctor","System.Void DolocTown.Config.Equipment.EquipmentFuncFishTankEcological::.ctor(SimpleJSON.JSONNode)","System.Void","SimpleJSON.JSONNode _json","public","False","False","False","True","True","54","0x06008B36"
"DolocTown.Config.Equipment.EquipmentFuncFishTankEcological",".ctor","System.Void DolocTown.Config.Equipment.EquipmentFuncFishTankEcological::.ctor(System.Int32,System.Int32,System.Int32,System.Int32,System.Int32,DolocTown.SpriteAsset,System.Int32)","System.Void","System.Int32 total_capacity; System.Int32 line_capacity; System.Int32 metabolism_threshold; System.Int32 update_interval; System.Int32 product_capacity; DolocTown.SpriteAsset alpha_mask; System.Int32 work_duration","public","False","False","False","True","True","24","0x06008B37"
"DolocTown.Config.Equipment.EquipmentFuncFishTankEcological","DeserializeEquipmentFuncFishTankEcological","DolocTown.Config.Equipment.EquipmentFuncFishTankEcological DolocTown.Config.Equipment.EquipmentFuncFishTankEcological::DeserializeEquipmentFuncFishTankEcological(SimpleJSON.JSONNode)","DolocTown.Config.Equipment.EquipmentFuncFishTankEcological","SimpleJSON.JSONNode _json","public","True","False","False","False","True","7","0x06008B38"
"DolocTown.Config.Equipment.EquipmentFuncFishTankEcological","get_WorkDuration","System.Int32 DolocTown.Config.Equipment.EquipmentFuncFishTankEcological::get_WorkDuration()","System.Int32","","public","False","False","False","False","True","7","0x06008B39"
"DolocTown.Config.Equipment.EquipmentFuncFishTankEcological","set_WorkDuration","System.Void DolocTown.Config.Equipment.EquipmentFuncFishTankEcological::set_WorkDuration(System.Int32)","System.Void","System.Int32 value","private","False","False","False","False","True","8","0x06008B3A"
"DolocTown.Config.Equipment.EquipmentFuncFishTankEcological","GetTypeId","System.Int32 DolocTown.Config.Equipment.EquipmentFuncFishTankEcological::GetTypeId()","System.Int32","","public","False","True","False","False","True","6","0x06008B3B"
"DolocTown.Config.Equipment.EquipmentFuncFishTankEcological","Resolve","System.Void DolocTown.Config.Equipment.EquipmentFuncFishTankEcological::Resolve(System.Collections.Generic.Dictionary`2<System.String,System.Object>)","System.Void","System.Collections.Generic.Dictionary`2<System.String,System.Object> _tables","public","False","True","False","False","True","8","0x06008B3C"
"DolocTown.Config.Equipment.EquipmentFuncFishTankEcological","TranslateText","System.Void DolocTown.Config.Equipment.EquipmentFuncFishTankEcological::TranslateText(System.Func`3<System.String,System.String,System.String>)","System.Void","System.Func`3<System.String,System.String,System.String> translator","public","False","True","False","False","True","8","0x06008B3D"
"DolocTown.Config.Equipment.EquipmentFuncFishTankEcological","ToString","System.String DolocTown.Config.Equipment.EquipmentFuncFishTankEcological::ToString()","System.String","","public","False","True","False","False","True","206","0x06008B3E"
"DolocTown.Config.Equipment.EquipmentFuncFishTankElectricEel",".ctor","System.Void DolocTown.Config.Equipment.EquipmentFuncFishTankElectricEel::.ctor(SimpleJSON.JSONNode)","System.Void","SimpleJSON.JSONNode _json","public","False","False","False","True","True","100","0x06008B3F"
"DolocTown.Config.Equipment.EquipmentFuncFishTankElectricEel",".ctor","System.Void DolocTown.Config.Equipment.EquipmentFuncFishTankElectricEel::.ctor(System.Int32,System.Int32,System.Int32,System.Int32,System.Int32,DolocTown.SpriteAsset,System.Int32,System.Single)","System.Void","System.Int32 total_capacity; System.Int32 line_capacity; System.Int32 metabolism_threshold; System.Int32 update_interval; System.Int32 product_capacity; DolocTown.SpriteAsset alpha_mask; System.Int32 energy_capacity; System.Single efficiency_per_fish","public","False","False","False","True","True","32","0x06008B40"
"DolocTown.Config.Equipment.EquipmentFuncFishTankElectricEel","DeserializeEquipmentFuncFishTankElectricEel","DolocTown.Config.Equipment.EquipmentFuncFishTankElectricEel DolocTown.Config.Equipment.EquipmentFuncFishTankElectricEel::DeserializeEquipmentFuncFishTankElectricEel(SimpleJSON.JSONNode)","DolocTown.Config.Equipment.EquipmentFuncFishTankElectricEel","SimpleJSON.JSONNode _json","public","True","False","False","False","True","7","0x06008B41"
"DolocTown.Config.Equipment.EquipmentFuncFishTankElectricEel","get_EnergyCapacity","System.Int32 DolocTown.Config.Equipment.EquipmentFuncFishTankElectricEel::get_EnergyCapacity()","System.Int32","","public","False","False","False","False","True","7","0x06008B42"
"DolocTown.Config.Equipment.EquipmentFuncFishTankElectricEel","set_EnergyCapacity","System.Void DolocTown.Config.Equipment.EquipmentFuncFishTankElectricEel::set_EnergyCapacity(System.Int32)","System.Void","System.Int32 value","private","False","False","False","False","True","8","0x06008B43"
"DolocTown.Config.Equipment.EquipmentFuncFishTankElectricEel","get_EfficiencyPerFish","System.Single DolocTown.Config.Equipment.EquipmentFuncFishTankElectricEel::get_EfficiencyPerFish()","System.Single","","public","False","False","False","False","True","7","0x06008B44"
"DolocTown.Config.Equipment.EquipmentFuncFishTankElectricEel","set_EfficiencyPerFish","System.Void DolocTown.Config.Equipment.EquipmentFuncFishTankElectricEel::set_EfficiencyPerFish(System.Single)","System.Void","System.Single value","private","False","False","False","False","True","8","0x06008B45"
"DolocTown.Config.Equipment.EquipmentFuncFishTankElectricEel","GetTypeId","System.Int32 DolocTown.Config.Equipment.EquipmentFuncFishTankElectricEel::GetTypeId()","System.Int32","","public","False","True","False","False","True","6","0x06008B46"
"DolocTown.Config.Equipment.EquipmentFuncFishTankElectricEel","Resolve","System.Void DolocTown.Config.Equipment.EquipmentFuncFishTankElectricEel::Resolve(System.Collections.Generic.Dictionary`2<System.String,System.Object>)","System.Void","System.Collections.Generic.Dictionary`2<System.String,System.Object> _tables","public","False","True","False","False","True","8","0x06008B47"
"DolocTown.Config.Equipment.EquipmentFuncFishTankElectricEel","TranslateText","System.Void DolocTown.Config.Equipment.EquipmentFuncFishTankElectricEel::TranslateText(System.Func`3<System.String,System.String,System.String>)","System.Void","System.Func`3<System.String,System.String,System.String> translator","public","False","True","False","False","True","8","0x06008B48"
"DolocTown.Config.Equipment.EquipmentFuncFishTankElectricEel","ToString","System.String DolocTown.Config.Equipment.EquipmentFuncFishTankElectricEel::ToString()","System.String","","public","False","True","False","False","True","233","0x06008B49"
"DolocTown.Config.Equipment.EquipmentFuncFishTankExtension",".ctor","System.Void DolocTown.Config.Equipment.EquipmentFuncFishTankExtension::.ctor(SimpleJSON.JSONNode)","System.Void","SimpleJSON.JSONNode _json","public","False","False","False","True","True","100","0x06008B4A"
"DolocTown.Config.Equipment.EquipmentFuncFishTankExtension",".ctor","System.Void DolocTown.Config.Equipment.EquipmentFuncFishTankExtension::.ctor(System.Int32,System.Int32)","System.Void","System.Int32 metabolism_increase; System.Int32 energy_increase","public","False","False","False","True","True","21","0x06008B4B"
"DolocTown.Config.Equipment.EquipmentFuncFishTankExtension","DeserializeEquipmentFuncFishTankExtension","DolocTown.Config.Equipment.EquipmentFuncFishTankExtension DolocTown.Config.Equipment.EquipmentFuncFishTankExtension::DeserializeEquipmentFuncFishTankExtension(SimpleJSON.JSONNode)","DolocTown.Config.Equipment.EquipmentFuncFishTankExtension","SimpleJSON.JSONNode _json","public","True","False","False","False","True","7","0x06008B4C"
"DolocTown.Config.Equipment.EquipmentFuncFishTankExtension","get_MetabolismIncrease","System.Int32 DolocTown.Config.Equipment.EquipmentFuncFishTankExtension::get_MetabolismIncrease()","System.Int32","","public","False","False","False","False","True","7","0x06008B4D"
"DolocTown.Config.Equipment.EquipmentFuncFishTankExtension","set_MetabolismIncrease","System.Void DolocTown.Config.Equipment.EquipmentFuncFishTankExtension::set_MetabolismIncrease(System.Int32)","System.Void","System.Int32 value","private","False","False","False","False","True","8","0x06008B4E"
"DolocTown.Config.Equipment.EquipmentFuncFishTankExtension","get_EnergyIncrease","System.Int32 DolocTown.Config.Equipment.EquipmentFuncFishTankExtension::get_EnergyIncrease()","System.Int32","","public","False","False","False","False","True","7","0x06008B4F"
"DolocTown.Config.Equipment.EquipmentFuncFishTankExtension","set_EnergyIncrease","System.Void DolocTown.Config.Equipment.EquipmentFuncFishTankExtension::set_EnergyIncrease(System.Int32)","System.Void","System.Int32 value","private","False","False","False","False","True","8","0x06008B50"
"DolocTown.Config.Equipment.EquipmentFuncFishTankExtension","GetTypeId","System.Int32 DolocTown.Config.Equipment.EquipmentFuncFishTankExtension::GetTypeId()","System.Int32","","public","False","True","False","False","True","6","0x06008B51"
"DolocTown.Config.Equipment.EquipmentFuncFishTankExtension","Resolve","System.Void DolocTown.Config.Equipment.EquipmentFuncFishTankExtension::Resolve(System.Collections.Generic.Dictionary`2<System.String,System.Object>)","System.Void","System.Collections.Generic.Dictionary`2<System.String,System.Object> _tables","public","False","True","False","False","True","8","0x06008B52"
"DolocTown.Config.Equipment.EquipmentFuncFishTankExtension","TranslateText","System.Void DolocTown.Config.Equipment.EquipmentFuncFishTankExtension::TranslateText(System.Func`3<System.String,System.String,System.String>)","System.Void","System.Func`3<System.String,System.String,System.String> translator","public","False","True","False","False","True","8","0x06008B53"
"DolocTown.Config.Equipment.EquipmentFuncFishTankExtension","ToString","System.String DolocTown.Config.Equipment.EquipmentFuncFishTankExtension::ToString()","System.String","","public","False","True","False","False","True","70","0x06008B54"
"DolocTown.Config.Automate.AutomateBotFunctionFilling","get_DefaultFishFeedsType","System.String DolocTown.Config.Automate.AutomateBotFunctionFilling::get_DefaultFishFeedsType()","System.String","","public","False","False","False","False","True","7","0x06009254"
"DolocTown.Config.Automate.AutomateBotFunctionFilling","set_DefaultFishFeedsType","System.Void DolocTown.Config.Automate.AutomateBotFunctionFilling::set_DefaultFishFeedsType(System.String)","System.Void","System.String value","private","False","False","False","False","True","8","0x06009255"
"DolocTown.Config.Automate.AutomateBotFunctionFilling","get_DefaultFishFeedsType_Ref","DolocTown.Config.Item.ItemSubTypeInfo DolocTown.Config.Automate.AutomateBotFunctionFilling::get_DefaultFishFeedsType_Ref()","DolocTown.Config.Item.ItemSubTypeInfo","","public","False","False","False","False","True","7","0x06009256"
"DolocTown.Config.Automate.AutomateBotFunctionFilling","set_DefaultFishFeedsType_Ref","System.Void DolocTown.Config.Automate.AutomateBotFunctionFilling::set_DefaultFishFeedsType_Ref(DolocTown.Config.Item.ItemSubTypeInfo)","System.Void","DolocTown.Config.Item.ItemSubTypeInfo value","private","False","False","False","False","True","8","0x06009257"
"DolocTown.Config.Automate.AutomateBotFunctionFilling","get_FishFeedsThreshold","System.Single DolocTown.Config.Automate.AutomateBotFunctionFilling::get_FishFeedsThreshold()","System.Single","","public","False","False","False","False","True","7","0x06009258"
"DolocTown.Config.Automate.AutomateBotFunctionFilling","set_FishFeedsThreshold","System.Void DolocTown.Config.Automate.AutomateBotFunctionFilling::set_FishFeedsThreshold(System.Single)","System.Void","System.Single value","private","False","False","False","False","True","8","0x06009259"
"DolocTown.Config.Animal.AnimalInfo","get_ProduceSpawnEntry","DolocTown.Config.Item.ItemSpawnEntry DolocTown.Config.Animal.AnimalInfo::get_ProduceSpawnEntry()","DolocTown.Config.Item.ItemSpawnEntry","","public","False","False","False","False","True","7","0x06009429"
"DolocTown.Config.Animal.AnimalInfo","set_ProduceSpawnEntry","System.Void DolocTown.Config.Animal.AnimalInfo::set_ProduceSpawnEntry(DolocTown.Config.Item.ItemSpawnEntry)","System.Void","DolocTown.Config.Item.ItemSpawnEntry value","private","False","False","False","False","True","8","0x0600942A"
"DolocTown.Config.Animal.AnimalInfo","get_ProduceRequireMood","System.Int32 DolocTown.Config.Animal.AnimalInfo::get_ProduceRequireMood()","System.Int32","","public","False","False","False","False","True","7","0x0600942B"
"DolocTown.Config.Animal.AnimalInfo","set_ProduceRequireMood","System.Void DolocTown.Config.Animal.AnimalInfo::set_ProduceRequireMood(System.Int32)","System.Void","System.Int32 value","private","False","False","False","False","True","8","0x0600942C"
"DolocTown.Config.Animal.AnimalInfo","get_ProduceTechPoint","System.Int32 DolocTown.Config.Animal.AnimalInfo::get_ProduceTechPoint()","System.Int32","","public","False","False","False","False","True","7","0x06009447"
"DolocTown.Config.Animal.AnimalInfo","set_ProduceTechPoint","System.Void DolocTown.Config.Animal.AnimalInfo::set_ProduceTechPoint(System.Int32)","System.Void","System.Int32 value","private","False","False","False","False","True","8","0x06009448"
