"type","name","field_type","visibility","is_static","is_readonly","is_literal","constant","token"
"ProbabilityTest","items","System.Collections.Generic.List`1<ProbabilityTest/LutItem>","private","False","False","False","","0x04000014"
"ProbabilityTest/LutItem","name","System.String","public","False","False","False","","0x04003CFF"
"ProbabilityTest/LutItem","probability","System.Int32","public","False","False","False","","0x04003D00"
"SpawnLutTest","itemLutId","System.String","public","False","False","False","","0x0400001B"
"SpawnLutTest/TestType","Item","SpawnLutTest/TestType","public","True","False","True","0","0x04003D02"
"DolocAPI","_itemBorder","DolocTown.UI.ItemBorder","private","True","False","False","","0x0400004E"
"DolocAPI/<>c","<>9__996_0","System.Func`2<DolocTown.Item,System.Boolean>","public","True","False","False","","0x04003D22"
"DolocAPI/<>c","<>9__996_1","System.Func`2<DolocTown.Item,DolocTown.CountItem>","public","True","False","False","","0x04003D23"
"DolocAPI/<GetAnimalAllProduce>d__262","<>7__wrap1","System.Collections.Generic.List`1/Enumerator<DolocTown.Config.Item.ItemSpawnData>","private","False","False","False","","0x04003D32"
"DolocAPI/<>c__DisplayClass364_0","isGarbage","System.Boolean","public","False","False","False","","0x04003D55"
"DolocAPI/<>c__DisplayClass364_0","toolLv","System.Int32","public","False","False","False","","0x04003D56"
"DolocAPI/<>c__DisplayClass365_0","isGarbage","System.Boolean","public","False","False","False","","0x04003D5B"
"DolocAPI/<>c__DisplayClass605_0","item","DolocTown.Item","public","False","False","False","","0x04003D5E"
"DolocAPI/<>c__DisplayClass673_0","itemFilter","System.Func`2<DolocTown.Item,System.Boolean>","public","False","False","False","","0x04003D6A"
"DolocAPI/<>c__DisplayClass673_0","itemSubmitCountGetter","System.Func`2<DolocTown.Item,System.Int32>","public","False","False","False","","0x04003D6C"
"DolocAPI/<>c__DisplayClass673_0","confirmTextGetter","System.Func`3<DolocTown.Item,System.Int32,System.String>","public","False","False","False","","0x04003D6D"
"DolocAPI/<Command_DropMoney>d__912","<host>5__2","DolocTown.IDropItemHost","private","False","False","False","","0x04003D9A"
"DolocAPI/<>c__DisplayClass945_0","itemName","System.String","public","False","False","False","","0x04003DA1"
"DolocAPI/<>c__DisplayClass945_0","itemCount","System.Int32","public","False","False","False","","0x04003DA2"
"DolocAPI/<>c__DisplayClass945_0","shouldCostItem","System.Boolean","public","False","False","False","","0x04003DA3"
"DolocAPI/<Command_SubmitItemToNpc>d__945","<>1__state","System.Int32","public","False","False","False","","0x04003DA4"
"DolocAPI/<Command_SubmitItemToNpc>d__945","<>t__builder","Cysharp.Threading.Tasks.CompilerServices.AsyncUniTaskMethodBuilder","public","False","False","False","","0x04003DA5"
"DolocAPI/<Command_SubmitItemToNpc>d__945","itemName","System.String","public","False","False","False","","0x04003DA6"
"DolocAPI/<Command_SubmitItemToNpc>d__945","itemCount","System.Int32","public","False","False","False","","0x04003DA7"
"DolocAPI/<Command_SubmitItemToNpc>d__945","shouldCostItem","System.Boolean","public","False","False","False","","0x04003DA8"
"DolocAPI/<Command_SubmitItemToNpc>d__945","<>u__1","Cysharp.Threading.Tasks.UniTask/Awaiter","private","False","False","False","","0x04003DA9"
"DolocAPI/<>c__DisplayClass946_0","config","DolocTown.Config.Mission.ItemSubmitConditionInfo","public","False","False","False","","0x04003DAA"
"DolocAPI/<Command_SubmitItemToNpcByInfo>d__946","<>1__state","System.Int32","public","False","False","False","","0x04003DAB"
"DolocAPI/<Command_SubmitItemToNpcByInfo>d__946","<>t__builder","Cysharp.Threading.Tasks.CompilerServices.AsyncUniTaskMethodBuilder","public","False","False","False","","0x04003DAC"
"DolocAPI/<Command_SubmitItemToNpcByInfo>d__946","infoId","System.String","public","False","False","False","","0x04003DAD"
"DolocAPI/<Command_SubmitItemToNpcByInfo>d__946","<>u__1","Cysharp.Threading.Tasks.UniTask/Awaiter","private","False","False","False","","0x04003DAE"
"DolocAPI/<Command_GiftItemToNpc>d__957","<>1__state","System.Int32","public","False","False","False","","0x04003DAF"
"DolocAPI/<Command_GiftItemToNpc>d__957","<>t__builder","Cysharp.Threading.Tasks.CompilerServices.AsyncUniTaskMethodBuilder","public","False","False","False","","0x04003DB0"
"DolocAPI/<Command_GiftItemToNpc>d__957","<>u__1","Cysharp.Threading.Tasks.UniTask/Awaiter","private","False","False","False","","0x04003DB1"
"DolocAPI/<Command_SubmitBoardMissionItem>d__959","<>1__state","System.Int32","public","False","False","False","","0x04003DB3"
"DolocAPI/<Command_SubmitBoardMissionItem>d__959","<>t__builder","Cysharp.Threading.Tasks.CompilerServices.AsyncUniTaskMethodBuilder","public","False","False","False","","0x04003DB4"
"DolocAPI/<Command_SubmitBoardMissionItem>d__959","missionName","System.String","public","False","False","False","","0x04003DB5"
"DolocAPI/<Command_SubmitBoardMissionItem>d__959","<>u__1","Cysharp.Threading.Tasks.UniTask/Awaiter","private","False","False","False","","0x04003DB6"
"GameStateMachine","states","System.Collections.Generic.Stack`1<IDolocGameState>","private","False","True","False","","0x04000074"
"GameStateMachine/<get_stateStack>d__38","<>1__state","System.Int32","private","False","False","False","","0x04003DD9"
"GameStateMachine/<get_stateStack>d__38","<>2__current","System.String","private","False","False","False","","0x04003DDA"
"GameStateMachine/<get_stateStack>d__38","<>l__initialThreadId","System.Int32","private","False","False","False","","0x04003DDB"
"GameStateMachine/<get_stateStack>d__38","<>4__this","GameStateMachine","public","False","False","False","","0x04003DDC"
"GameStateMachine/<get_stateStack>d__38","<>7__wrap1","System.Collections.Generic.Stack`1/Enumerator<IDolocGameState>","private","False","False","False","","0x04003DDD"
"DolocInputSource","m_NormalInput_UseTool","UnityEngine.InputSystem.InputAction","private","False","True","False","","0x040000AC"
"DolocInputSource","m_NormalInput_UseItem","UnityEngine.InputSystem.InputAction","private","False","True","False","","0x040000AD"
"DolocInputSource","m_NormalInput_ScrollInventoryUp","UnityEngine.InputSystem.InputAction","private","False","True","False","","0x040000AE"
"DolocInputSource","m_NormalInput_ScrollInventoryDown","UnityEngine.InputSystem.InputAction","private","False","True","False","","0x040000AF"
"DolocInputSource","m_NormalInput_DisposeItemInBackpack","UnityEngine.InputSystem.InputAction","private","False","True","False","","0x040000C1"
"DolocInputSource","m_BuilderInput_BuilderSwitchInventory","UnityEngine.InputSystem.InputAction","private","False","True","False","","0x040000DC"
"DolocInputSource","m_BaseInput_SplitItem","UnityEngine.InputSystem.InputAction","private","False","True","False","","0x040000EC"
"DolocInputSource","m_BaseInput_SortItem","UnityEngine.InputSystem.InputAction","private","False","True","False","","0x040000ED"
"DolocInputSource","m_BaseInput_SortItemHold","UnityEngine.InputSystem.InputAction","private","False","True","False","","0x040000EE"
"DolocInputSource","m_BaseInput_LockItem","UnityEngine.InputSystem.InputAction","private","False","True","False","","0x040000EF"
"DolocInputSource","m_BaseInput_DisposeItem","UnityEngine.InputSystem.InputAction","private","False","True","False","","0x040000F0"
"DolocInputSource","m_BaseInput_DisposeItemHold","UnityEngine.InputSystem.InputAction","private","False","True","False","","0x040000F1"
"DolocInputSource","m_BaseInput_DestroyItem","UnityEngine.InputSystem.InputAction","private","False","True","False","","0x040000F2"
"DolocInputSource","m_BaseInput_PutMaxItem","UnityEngine.InputSystem.InputAction","private","False","True","False","","0x040000F3"
"DolocInputSource","m_BaseInput_PutMaxItemHold","UnityEngine.InputSystem.InputAction","private","False","True","False","","0x040000F4"
"DolocInputSource","m_BaseInput_PutAllItem","UnityEngine.InputSystem.InputAction","private","False","True","False","","0x040000F5"
"DolocInputSource","m_BaseInput_SubmitItem","UnityEngine.InputSystem.InputAction","private","False","True","False","","0x040000F6"
"DolocConst","MoneyItemName","System.String","public","True","False","True","money","0x04000113"
"DolocUtils/<>c","<>9__45_0","System.Func`2<DolocTown.CountItem,System.String>","public","True","False","False","","0x04003DFB"
"DolocUtils/<>c","<>9__45_1","System.Func`2<DolocTown.CountItem,System.Int32>","public","True","False","False","","0x04003DFC"
"DolocGameAssets","UI_ELEMENT_SLOT_COSTITEMICON","DolocGameAssets","public","True","False","True","8","0x04000184"
"DolocGameAssets","UI_ELEMENT_NAV_SLOT_ITEMICON","DolocGameAssets","public","True","False","True","9","0x04000185"
"DolocGameAssets","UI_ELEMENT_BOOK_ITEM_SLOT","DolocGameAssets","public","True","False","True","28","0x04000198"
"DolocGameAssets","UI_ITEMICON_DEFAULT","DolocGameAssets","public","True","False","True","96","0x040001DC"
"DolocGameAssets","GAME_ENTITY_DROPITEM","DolocGameAssets","public","True","False","True","107","0x040001E7"
"DolocGameAssets","GAME_ENTITY_MISSION_ITEM","DolocGameAssets","public","True","False","True","108","0x040001E8"
"DevHelper","devMenuItems","System.Collections.Generic.Dictionary`2<System.String,System.Action>","private","False","True","False","","0x0400029D"
"DolocUiSystem","<inventoryQuick>k__BackingField","DolocTown.UI.QuickInventoryPanel","private","False","False","False","","0x04000380"
"DolocUiSystem","<inventoryMouse>k__BackingField","DolocTown.UI.ExchangeInventory","private","False","False","False","","0x04000381"
"XLua.OverloadMethodWrap","luaStackPosStart","System.Int32","private","False","False","False","","0x0400040C"
"RedSaw.ExceptionAnalyzeResult","stackTraceSource","System.String","public","False","True","False","","0x0400046B"
"RedSaw.NashObjectPool`1","garbage","System.Collections.Generic.Queue`1<T>","private","False","True","False","","0x04000483"
"RedSaw.CommandLineInterface.CommandCreator/<CollectProperties>d__1`1","<>2__current","RedSaw.CommandLineInterface.StackProperty","private","False","False","False","","0x04003F8F"
"RedSaw.CommandLineInterface.CommandSystem/<>c","<>9__23_2","System.Func`2<<>f__AnonymousType0`2<RedSaw.CommandLineInterface.StackCallable,System.Single>,System.Single>","public","True","False","False","","0x04003FA2"
"RedSaw.CommandLineInterface.CommandSystem/<>c","<>9__23_3","System.Func`2<<>f__AnonymousType0`2<RedSaw.CommandLineInterface.StackCallable,System.Single>,RedSaw.CommandLineInterface.Suggestion>","public","True","False","False","","0x04003FA3"
"RedSaw.CommandLineInterface.CommandSystem/<>c","<>9__24_2","System.Func`2<<>f__AnonymousType0`2<RedSaw.CommandLineInterface.StackProperty,System.Single>,System.Single>","public","True","False","False","","0x04003FA4"
"RedSaw.CommandLineInterface.CommandSystem/<>c","<>9__24_3","System.Func`2<<>f__AnonymousType0`2<RedSaw.CommandLineInterface.StackProperty,System.Single>,RedSaw.CommandLineInterface.Suggestion>","public","True","False","False","","0x04003FA5"
"RedSaw.CommandLineInterface.ConsoleController`1","outputStackTraceOfCommandExecution","System.Boolean","private","False","True","False","","0x0400051F"
"RedSaw.CommandLineInterface.InputBehaviourStateMachine","stateStack","System.Collections.Generic.Stack`1<RedSaw.CommandLineInterface.InputBehaviourState>","public","False","True","False","","0x04000567"
"RedSaw.CommandLineInterface.StackObjectType","value__","System.Int32","public","False","False","False","","0x0400058E"
"RedSaw.CommandLineInterface.StackObjectType","ValueGetter","RedSaw.CommandLineInterface.StackObjectType","public","True","False","True","0","0x0400058F"
"RedSaw.CommandLineInterface.StackObjectType","ValueSetter","RedSaw.CommandLineInterface.StackObjectType","public","True","False","True","1","0x04000590"
"RedSaw.CommandLineInterface.StackObjectType","ValueProperty","RedSaw.CommandLineInterface.StackObjectType","public","True","False","True","2","0x04000591"
"RedSaw.CommandLineInterface.StackObjectType","Callable","RedSaw.CommandLineInterface.StackObjectType","public","True","False","True","3","0x04000592"
"RedSaw.CommandLineInterface.StackObjectType","Any","RedSaw.CommandLineInterface.StackObjectType","public","True","False","True","4","0x04000593"
"RedSaw.CommandLineInterface.StackObject","stackType","RedSaw.CommandLineInterface.StackObjectType","public","False","True","False","","0x04000594"
"RedSaw.CommandLineInterface.StackProperty","name","System.String","public","False","True","False","","0x04000595"
"RedSaw.CommandLineInterface.StackProperty","description","System.String","public","False","True","False","","0x04000596"
"RedSaw.CommandLineInterface.StackProperty","tag","System.String","public","False","True","False","","0x04000597"
"RedSaw.CommandLineInterface.StackPropertyProperty","propertyInfo","System.Reflection.PropertyInfo","public","False","True","False","","0x04000598"
"RedSaw.CommandLineInterface.StackPropertyProperty","instance","System.Object","public","False","True","False","","0x04000599"
"RedSaw.CommandLineInterface.StackPropertyField","fieldInfo","System.Reflection.FieldInfo","public","False","True","False","","0x0400059A"
"RedSaw.CommandLineInterface.StackPropertyField","instance","System.Object","public","False","True","False","","0x0400059B"
"RedSaw.CommandLineInterface.StackPropertyCustom","value","System.Object","private","False","False","False","","0x0400059C"
"RedSaw.CommandLineInterface.StackValue","value","System.Object","public","False","True","False","","0x0400059D"
"RedSaw.CommandLineInterface.StackFloat","floatValue","System.Single","public","False","True","False","","0x0400059E"
"RedSaw.CommandLineInterface.StackInt","intValue","System.Int32","public","False","True","False","","0x0400059F"
"RedSaw.CommandLineInterface.StackString","strValue","System.String","public","False","True","False","","0x040005A0"
"RedSaw.CommandLineInterface.StackBool","boolValue","System.Boolean","public","False","True","False","","0x040005A1"
"RedSaw.CommandLineInterface.StackSourceInput","inputStr","System.String","public","False","True","False","","0x040005A2"
"RedSaw.CommandLineInterface.StackMethod","instance","System.Object","public","False","True","False","","0x040005A3"
"RedSaw.CommandLineInterface.StackMethod","methodInfo","System.Reflection.MethodInfo","public","False","True","False","","0x040005A4"
"RedSaw.CommandLineInterface.StackMethod","parameters","System.Reflection.ParameterInfo[]","public","False","True","False","","0x040005A5"
"RedSaw.CommandLineInterface.StackMethod","methodDelegate","System.Delegate","private","False","True","False","","0x040005A6"
"RedSaw.CommandLineInterface.VirtualMachine","_stack","System.Collections.Generic.Stack`1<RedSaw.CommandLineInterface.StackObject>","private","False","True","False","","0x040005AC"
"RedSaw.CommandLineInterface.VirtualMachine","properties","System.Collections.Generic.Dictionary`2<System.String,RedSaw.CommandLineInterface.StackProperty>","private","False","True","False","","0x040005AF"
"RedSaw.CommandLineInterface.VirtualMachine","localVariables","System.Collections.Generic.Dictionary`2<System.String,RedSaw.CommandLineInterface.StackPropertyCustom>","private","False","True","False","","0x040005B0"
"RedSaw.CommandLineInterface.VirtualMachine","callables","System.Collections.Generic.Dictionary`2<System.String,RedSaw.CommandLineInterface.StackCallable>","private","False","True","False","","0x040005B1"
"RedSaw.CommandLineInterface.VirtualMachine/<get_AllProperties>d__14","<>2__current","RedSaw.CommandLineInterface.StackProperty","private","False","False","False","","0x04003FD5"
"RedSaw.CommandLineInterface.VirtualMachine/<get_AllProperties>d__14","<>7__wrap1","System.Collections.Generic.Dictionary`2/ValueCollection/Enumerator<System.String,RedSaw.CommandLineInterface.StackProperty>","private","False","False","False","","0x04003FD8"
"RedSaw.CommandLineInterface.VirtualMachine/<get_AllProperties>d__14","<>7__wrap2","System.Collections.Generic.Dictionary`2/ValueCollection/Enumerator<System.String,RedSaw.CommandLineInterface.StackPropertyCustom>","private","False","False","False","","0x04003FD9"
"RedSaw.CommandLineInterface.VirtualMachine/<GetAllDelegate>d__20","<>7__wrap1","System.Collections.Generic.Dictionary`2/KeyCollection/Enumerator<System.String,RedSaw.CommandLineInterface.StackCallable>","private","False","False","False","","0x04003FDE"
"RedSaw.CommandLineInterface.DebugButtonType","GroupToolbar","RedSaw.CommandLineInterface.DebugButtonType","public","True","False","True","1","0x040005D5"
"RedSaw.CommandLineInterface.UnityImpl.GameConsole","shouldOutputVMExceptionStack","System.Boolean","private","False","False","False","","0x040005E6"
"RedSaw.CommandLineInterface.UnityImpl.UnityDispatcher","pending","System.Collections.Concurrent.ConcurrentBag`1<System.Action>","private","True","True","False","","0x04000606"
"RedSaw.AI.RsPriorityQueue`1","sets","System.Collections.Generic.Dictionary`2<System.Int32,System.Collections.Generic.Stack`1<T>>","public","False","False","False","","0x04000654"
"DolocTown.DolocFSM`1","stateStack","System.Collections.Generic.Stack`1<DolocTown.IState>","private","False","False","False","","0x040006E7"
"DolocTown.CutSceneState","forceHideQuickInventory","System.Boolean","private","False","False","False","","0x04000741"
"DolocTown.CutSceneState/<PlayTask>d__16","forceHideQuickInventory","System.Boolean","public","False","False","False","","0x04004059"
"DolocTown.DocumentManager","latestSubmitItems","DolocTown.Item[]","public","False","False","False","","0x04000772"
"DolocTown.DocumentManager","latestOverflowItems","DolocTown.Item[]","public","False","False","False","","0x04000773"
"DolocTown.FactionItem","_itemName","System.String","private","False","False","False","","0x0400079F"
"DolocTown.FactionItem","_count","System.Int32","private","False","False","False","","0x040007A0"
"DolocTown.FactionItem","_finishState","System.Boolean","private","False","False","False","","0x040007A1"
"DolocTown.FactionMission","<FactionItems>k__BackingField","DolocTown.FactionItem[]","private","False","False","False","","0x040007A4"
"DolocTown.FactionMission/<>c","<>9__25_0","System.Func`2<DolocTown.FactionItem,System.Boolean>","public","True","False","False","","0x04004096"
"DolocTown.RewardItem","itemName","System.String","public","False","True","False","","0x04000820"
"DolocTown.RewardItem","itemCount","System.Int32","public","False","True","False","","0x04000821"
"DolocTown.ExchangeStore","currentItems","System.Collections.Generic.HashSet`1<System.String>","private","False","True","False","","0x04000825"
"DolocTown.ExchangeStore","soldItems","System.Collections.Generic.Dictionary`2<System.String,System.Int32>","private","False","True","False","","0x04000826"
"DolocTown.ExchangeStore","forceUnlockedItems","System.Collections.Generic.HashSet`1<System.String>","private","False","True","False","","0x04000827"
"DolocTown.ExchangeStoreRecipe","data","DolocTown.Config.Store.ExchangeStoreItemData","public","False","True","False","","0x0400082A"
"DolocTown.Store","currentItems","System.Collections.Generic.Dictionary`2<System.String,System.Int32>","private","False","False","False","","0x0400082F"
"DolocTown.Store","buybackItems","System.Collections.Generic.Dictionary`2<System.String,System.Int32>","private","False","False","False","","0x04000830"
"DolocTown.Store","soldItems","System.Collections.Generic.Dictionary`2<System.String,System.Int32>","private","False","False","False","","0x04000831"
"DolocTown.Store","extraUnlockedItems","System.Collections.Generic.HashSet`1<System.String>","private","False","False","False","","0x04000832"
"DolocTown.StoreItemRef","itemName","System.String","public","False","False","False","","0x04000835"
"DolocTown.StoreItemRef","isBuyback","System.Boolean","public","False","False","False","","0x04000836"
"DolocTown.StoreManager","itemsNeedUnlock","System.Collections.Generic.Dictionary`2<System.String,DolocTown.Config.Store.StoreItemUnlockInfo>","private","False","False","False","","0x0400083C"
"DolocTown.Bullet","<ToolLevel>k__BackingField","System.Int32","private","False","False","False","","0x04000863"
"DolocTown.DroneFunctionGarbageCombustionEngine","_func","DolocTown.Config.Drone.DroneFunctionProtoGarbageCombustionEngine","private","False","True","False","","0x040008D4"
"DolocTown.DroneSlot","<item>k__BackingField","DolocTown.Item","private","False","False","False","","0x040008F7"
"DolocTown.DroneStruct","<uselessItems>k__BackingField","System.Collections.Generic.List`1<DolocTown.Item>","private","False","False","False","","0x040008FD"
"DolocTown.DroneStruct/<>c","<>9__23_0","System.Func`2<DolocTown.Item,System.Boolean>","public","True","False","False","","0x040040ED"
"DolocTown.DroneStruct/<>c","<>9__45_1","System.Func`2<DolocTown.DroneSlot,DolocTown.Item>","public","True","False","False","","0x040040F0"
"DolocTown.TimeBomb","<IsItemBomb>k__BackingField","System.Boolean","private","False","False","False","","0x04000A92"
"DolocTown.DropItem","itemName","System.String","private","False","False","False","","0x04000AA3"
"DolocTown.DropItemBase","<Host>k__BackingField","DolocTown.IDropItemHost","private","False","False","False","","0x04000AA4"
"DolocTown.DropItemBase","shouldSendMsg","System.Boolean","protected","False","False","False","","0x04000AA5"
"DolocTown.DropItemBase","<shieldCollector>k__BackingField","System.Boolean","private","False","False","False","","0x04000AA6"
"DolocTown.DropItemMoney","count","System.Int32","protected","False","False","False","","0x04000AA7"
"DolocTown.DropItemRenderer","normalColor","UnityEngine.Color","private","False","False","False","","0x04000AA8"
"DolocTown.DropItemRenderer","subscriptRenderer","UnityEngine.SpriteRenderer","private","False","False","False","","0x04000AA9"
"DolocTown.DropItemRenderer","defaultMaterial","UnityEngine.Material","private","False","False","False","","0x04000AAA"
"DolocTown.DropItemRenderer","simulator","RedSaw.Physical.BounceSimulator","private","False","False","False","","0x04000AAB"
"DolocTown.DropItemRenderer","shouldUpdate","System.Boolean","private","False","False","False","","0x04000AAC"
"DolocTown.DropItemRenderer","propertyBlock","UnityEngine.MaterialPropertyBlock","private","False","False","False","","0x04000AAD"
"DolocTown.SpecialDropItem","_dropItem","DolocTown.Item","private","False","False","False","","0x04000AAE"
"DolocTown.ResourceFellData","toolLevel","System.Int32","public","False","True","False","","0x04000AE0"
"DolocTown.ResourceFellData","extraItems","DolocTown.CountItem[]","public","False","True","False","","0x04000AE3"
"DolocTown.ResourceFellData","shouldRaiseToolTip","System.Boolean","public","False","True","False","","0x04000AE6"
"DolocTown.GuaranteedManager/<>c","<>9__8_1","System.Func`2<DolocTown.CountItem,System.String>","public","True","False","False","","0x04004191"
"DolocTown.GuaranteedManager/<>c","<>9__8_2","System.Func`2<DolocTown.Config.Item.ItemSpawnData,System.String>","public","True","False","False","","0x04004192"
"DolocTown.GuaranteedManager/<>c","<>9__10_1","System.Func`2<DolocTown.CountItem,System.String>","public","True","False","False","","0x04004193"
"DolocTown.GuaranteedManager/<>c","<>9__10_2","System.Func`2<DolocTown.Config.Item.ItemSpawnData,System.String>","public","True","False","False","","0x04004194"
"DolocTown.MissionItem","proto","DolocTown.Config.Item.MissionItemInfo","private","False","False","False","","0x04000B09"
"DolocTown.MissionItem","<host>k__BackingField","DolocTown.IMissionItemHost","private","False","False","False","","0x04000B0A"
"DolocTown.MissionItemManager","items","RedSaw.IndexList`1<DolocTown.MissionItem>","private","False","True","False","","0x04000B0B"
"DolocTown.MissionItemRenderer","starEffects","DolocTown.ContinuesParticleEffects","private","False","False","False","","0x04000B0C"
"DolocTown.AutomateBot","<inventory>k__BackingField","DolocTown.LinearInventory","private","False","False","False","","0x04000BDE"
"DolocTown.AutomateBotDecisionMaker/<>c__DisplayClass12_0","dropItem","DolocTown.DropItemBase","public","False","False","False","","0x04004212"
"DolocTown.AutomateBotDecisionMakerFarming/<>c","<>9__15_0","System.Func`2<DolocTown.ItemFilm,System.Boolean>","public","True","False","False","","0x04004221"
"DolocTown.AutomateBotDecisionMakerFarming/<>c","<>9__26_0","System.Func`2<DolocTown.ItemFertilizer,System.Boolean>","public","True","False","False","","0x04004225"
"DolocTown.AutomateBotDecisionMakerFarming/<>c","<>9__27_0","System.Func`2<DolocTown.ItemFertilizer,System.Boolean>","public","True","False","False","","0x04004226"
"DolocTown.AutomateBotDecisionMakerFarming/<>c","<>9__28_2","System.Func`2<DolocTown.ItemFertilizer,System.Boolean>","public","True","False","False","","0x04004227"
"DolocTown.AutomateBotDecisionMakerFarming/<>c__DisplayClass10_0","<>9__2","System.Func`2<DolocTown.ItemSeed,System.Boolean>","public","False","False","False","","0x0400422B"
"DolocTown.AutomateBotDecisionMakerFarming/<>c__DisplayClass12_0","seed","DolocTown.ItemSeed","public","False","False","False","","0x0400422D"
"DolocTown.AutomateBotDecisionMakerFarming/<>c__DisplayClass13_0","firstItem","DolocTown.Item","public","False","False","False","","0x0400422F"
"DolocTown.AutomateBotDecisionMakerGathering/<>c__DisplayClass11_0","dropItem","DolocTown.DropItemBase","public","False","False","False","","0x0400423E"
"DolocTown.AutomateBotDecisionMakerGathering/<>c__DisplayClass12_0","dropItem","DolocTown.DropItemBase","public","False","False","False","","0x0400423F"
"DolocTown.AutomateBotDecisionMakerLogistics/<>c","<>9__2_0","System.Func`2<DolocTown.Item,System.Boolean>","public","True","False","False","","0x04004243"
"DolocTown.AutomateBotDecisionMakerProcessing/<>c","<>9__5_1","System.Func`2<DolocTown.Case,DolocTown.LinearInventory>","public","True","False","False","","0x04004248"
"DolocTown.AutomateBotDecisionMakerProcessing/<>c","<>9__5_2","System.Func`2<DolocTown.Case,DolocTown.LinearInventory>","public","True","False","False","","0x04004249"
"DolocTown.AutomateBotDecisionMakerProcessing/<>c","<>9__6_1","System.Func`2<DolocTown.Case,DolocTown.LinearInventory>","public","True","False","False","","0x0400424A"
"DolocTown.AutomateBotDecisionMakerProcessing/<>c","<>9__7_0","System.Func`2<System.Collections.Generic.KeyValuePair`2<System.String,System.Collections.Generic.List`1<DolocTown.CountItemContainer>>,System.String>","public","True","False","False","","0x0400424B"
"DolocTown.AutomateBotDecisionMakerProcessing/<>c","<>9__7_1","System.Func`2<System.Collections.Generic.KeyValuePair`2<System.String,System.Collections.Generic.List`1<DolocTown.CountItemContainer>>,DolocTown.CountItemContainer[]>","public","True","False","False","","0x0400424C"
"DolocTown.AutomateStationEnv/RoomEnv/<get_AllDropItems>d__11","<>1__state","System.Int32","private","False","False","False","","0x04004C28"
"DolocTown.AutomateStationEnv/RoomEnv/<get_AllDropItems>d__11","<>2__current","DolocTown.DropItem","private","False","False","False","","0x04004C29"
"DolocTown.AutomateStationEnv/RoomEnv/<get_AllDropItems>d__11","<>l__initialThreadId","System.Int32","private","False","False","False","","0x04004C2A"
"DolocTown.AutomateStationEnv/RoomEnv/<get_AllDropItems>d__11","<>4__this","DolocTown.AutomateStationEnv/RoomEnv","public","False","False","False","","0x04004C2B"
"DolocTown.AutomateStationEnv/RoomEnv/<get_AllDropItems>d__11","<>7__wrap1","System.Collections.Generic.IEnumerator`1<DolocTown.DropItemBase>","private","False","False","False","","0x04004C2C"
"DolocTown.AutomateSystemEnv","lockedDropItems","System.Collections.Generic.HashSet`1<DolocTown.DropItemBase>","private","False","True","False","","0x04000C07"
"DolocTown.AutomateSystemEnv/<GetDropItemsNearStation>d__7","<>1__state","System.Int32","private","False","False","False","","0x0400425F"
"DolocTown.AutomateSystemEnv/<GetDropItemsNearStation>d__7","<>2__current","DolocTown.DropItemBase","private","False","False","False","","0x04004260"
"DolocTown.AutomateSystemEnv/<GetDropItemsNearStation>d__7","<>l__initialThreadId","System.Int32","private","False","False","False","","0x04004261"
"DolocTown.AutomateSystemEnv/<GetDropItemsNearStation>d__7","station","DolocTown.AutomateBotStation","private","False","False","False","","0x04004262"
"DolocTown.AutomateSystemEnv/<GetDropItemsNearStation>d__7","<>3__station","DolocTown.AutomateBotStation","public","False","False","False","","0x04004263"
"DolocTown.AutomateSystemEnv/<GetDropItemsNearStation>d__7","<room>5__2","DolocTown.TemplateRoom","private","False","False","False","","0x04004264"
"DolocTown.AutomateSystemEnv/<GetDropItemsNearStation>d__7","<>7__wrap2","System.Collections.Generic.IEnumerator`1<DolocTown.DropItemBase>","private","False","False","False","","0x04004265"
"DolocTown.AutomateSystemEnv/<get_AllDropItems>d__11","<>1__state","System.Int32","private","False","False","False","","0x04004266"
"DolocTown.AutomateSystemEnv/<get_AllDropItems>d__11","<>2__current","DolocTown.DropItemBase","private","False","False","False","","0x04004267"
"DolocTown.AutomateSystemEnv/<get_AllDropItems>d__11","<>l__initialThreadId","System.Int32","private","False","False","False","","0x04004268"
"DolocTown.AutomateSystemEnv/<get_AllDropItems>d__11","<>4__this","DolocTown.AutomateSystemEnv","public","False","False","False","","0x04004269"
"DolocTown.AutomateSystemEnv/<get_AllDropItems>d__11","<>7__wrap1","System.Collections.Generic.IEnumerator`1<DolocTown.DropItemBase>","private","False","False","False","","0x0400426A"
"DolocTown.AutomateSystemEnv/<get_AllDropItems>d__11","<>7__wrap2","System.Collections.Generic.IEnumerator`1<DolocTown.Building>","private","False","False","False","","0x0400426B"
"DolocTown.AutomateSystemEnv/<GetAllDropItemsInRoom>d__12","<>1__state","System.Int32","private","False","False","False","","0x0400426C"
"DolocTown.AutomateSystemEnv/<GetAllDropItemsInRoom>d__12","<>2__current","DolocTown.DropItemBase","private","False","False","False","","0x0400426D"
"DolocTown.AutomateSystemEnv/<GetAllDropItemsInRoom>d__12","<>l__initialThreadId","System.Int32","private","False","False","False","","0x0400426E"
"DolocTown.AutomateSystemEnv/<GetAllDropItemsInRoom>d__12","roomGuid","System.String","private","False","False","False","","0x0400426F"
"DolocTown.AutomateSystemEnv/<GetAllDropItemsInRoom>d__12","<>3__roomGuid","System.String","public","False","False","False","","0x04004270"
"DolocTown.AutomateSystemEnv/<GetAllDropItemsInRoom>d__12","<>4__this","DolocTown.AutomateSystemEnv","public","False","False","False","","0x04004271"
"DolocTown.AutomateSystemEnv/<GetAllDropItemsInRoom>d__12","<>7__wrap1","System.Collections.Generic.IEnumerator`1<DolocTown.DropItemBase>","private","False","False","False","","0x04004272"
"DolocTown.AutomateSystemEnv/<>c__DisplayClass28_0","itemId","System.String","public","False","False","False","","0x0400428B"
"DolocTown.AutomateSystemLocker","dropItemLocker","DolocTown.AutomateLocker`1<DolocTown.DropItemBase>","private","False","True","False","","0x04000C0D"
"DolocTown.AutomateSystemLocker","lockedDropItems","System.Collections.Generic.HashSet`1<DolocTown.DropItemBase>","private","False","True","False","","0x04000C0E"
"DolocTown.AutomateParamGathering","gatherDropItems","System.Boolean","private","False","False","False","","0x04000C1E"
"DolocTown.AutomateParamGathering","gatherEquipmentItems","System.Boolean","private","False","False","False","","0x04000C1F"
"DolocTown.AutomateParamLogistics/<>c","<>9__12_0","System.Func`2<DolocTown.Item,System.Boolean>","public","True","False","False","","0x040042A5"
"DolocTown.FillingParams","itemSubType","System.String","public","False","False","False","","0x04000C2D"
"DolocTown.AutomateTaskPickupItem","dropItem","DolocTown.DropItemBase","private","False","True","False","","0x04000C43"
"DolocTown.LinearMissionPatch/<>c__DisplayClass11_0","predict","System.Func`2<DolocTown.Item,System.Boolean>","public","False","False","False","","0x040042AC"
"DolocTown.AutomateProcessingUtils/<>c","<>9__1_0","System.Func`2<System.Collections.Generic.KeyValuePair`2<System.String,System.Collections.Generic.List`1<DolocTown.CountItemContainer>>,System.String>","public","True","False","False","","0x040042BC"
"DolocTown.AutomateProcessingUtils/<>c","<>9__1_1","System.Func`2<System.Collections.Generic.KeyValuePair`2<System.String,System.Collections.Generic.List`1<DolocTown.CountItemContainer>>,DolocTown.CountItemContainer[]>","public","True","False","False","","0x040042BD"
"DolocTown.AutomateProcessingUtils/<>c","<>9__2_0","System.Func`2<DolocTown.CountItemContainer,System.Int32>","public","True","False","False","","0x040042BE"
"DolocTown.AutomateProcessingUtils/<>c","<>9__4_0","System.Func`2<DolocTown.CountItem,System.String>","public","True","False","False","","0x040042BF"
"DolocTown.AutomateProcessingUtils/<>c","<>9__4_1","System.Func`2<DolocTown.CountItem,System.Int32>","public","True","False","False","","0x040042C0"
"DolocTown.ChickenNest","items","System.Collections.Generic.List`1<System.String>","public","False","False","False","","0x04000C4A"
"DolocTown.FishTank/<>c__DisplayClass45_0","selectedItem","DolocTown.Item","public","False","False","False","","0x040042C3"
"DolocTown.Synthesizer","itemBuffer","DolocTown.LinearInventory","protected","False","False","False","","0x04000C6F"
"DolocTown.Synthesizer","latestItem","DolocTown.CountItem","protected","False","False","False","","0x04000C72"
"DolocTown.Synthesizer/<>c","<>9__57_0","System.Func`2<DolocTown.CountItem,UnityEngine.Sprite>","public","True","False","False","","0x040042C7"
"DolocTown.Synthesizer/<>c","<>9__58_0","System.Func`2<DolocTown.CountItem,UnityEngine.Sprite>","public","True","False","False","","0x040042C8"
"DolocTown.Synthesizer/<>c__DisplayClass73_0","content","DolocTown.Item","public","False","False","False","","0x040042CE"
"DolocTown.Synthesizer/<>c__DisplayClass73_0","<>9__1","System.Func`2<DolocTown.CountItem,System.Boolean>","public","False","False","False","","0x040042CF"
"DolocTown.CountItemContainer","container","DolocTown.Case","public","False","False","False","","0x04000C7E"
"DolocTown.CountItemContainer","item","DolocTown.CountItem","public","False","False","False","","0x04000C7F"
"DolocTown.BuilderState`2","CurrentItem","T","protected","False","False","False","","0x04000C95"
"DolocTown.BuildingBuilder","isTemporaryItem","System.Boolean","private","False","False","False","","0x04000CA3"
"DolocTown.BuildingBuilder","<TempBuildingList>k__BackingField","DolocTown.LinearInventory","private","False","False","False","","0x04000CAB"
"DolocTown.PlatformBuilderRenderer","itemCostTip","DolocTown.UI.BuilderItemCostTip","private","False","False","False","","0x04000CC3"
"DolocTown.BuildingItemBuilderTip","currentItem","DolocTown.ItemBuilding","private","False","False","False","","0x04000CE5"
"DolocTown.BuildingItemBuilderTip","indicaterRenderer","DolocTown.BuildingBuilderRenderer","private","False","False","False","","0x04000CE6"
"DolocTown.BuildingItemBuilderTip","posWS","UnityEngine.Vector3","private","False","False","False","","0x04000CE7"
"DolocTown.BuildingItemBuilderTip","areaEmpty","System.Boolean","private","False","False","False","","0x04000CE8"
"DolocTown.BuildingItemBuilderTip","doorEmpty","System.Boolean","private","False","False","False","","0x04000CE9"
"DolocTown.BuildingItemBuilderTip","heightValid","System.Boolean","private","False","False","False","","0x04000CEA"
"DolocTown.BuildingItemBuilderTip","coveredRatio","System.Single","private","False","False","False","","0x04000CEB"
"DolocTown.BuildingItemBuilderTip","groundCheckValid","System.Boolean","private","False","False","False","","0x04000CEC"
"DolocTown.BuildingItemBuilderTip","lastPos","UnityEngine.Vector2Int","private","False","False","False","","0x04000CED"
"DolocTown.BuildingItemBuilderTip","_anchor","UnityEngine.Vector2Int","private","False","False","False","","0x04000CEE"
"DolocTown.BuildingItemBuilderTip","buildingSupport","DolocTown.BuildingSupport","private","False","False","False","","0x04000CEF"
"DolocTown.DecalEquipmentItemBuilderTip","proto","DolocTown.Config.Equipment.EquipmentInfo","private","False","False","False","","0x04000CF0"
"DolocTown.DecalEquipmentItemBuilderTip","renderer","DolocTown.EquipmentBuilderRenderer","private","False","False","False","","0x04000CF1"
"DolocTown.DecalEquipmentItemBuilderTip","lastPos","UnityEngine.Vector2Int","private","False","False","False","","0x04000CF2"
"DolocTown.DecalEquipmentItemBuilderTip","currentData","DolocTown.DecalEquipmentItemBuilderTip/CachedHostData","private","False","False","False","","0x04000CF3"
"DolocTown.DecalEquipmentItemBuilderTip","cachedDatas","System.Collections.Generic.Dictionary`2<UnityEngine.Vector2,DolocTown.DecalEquipmentItemBuilderTip/CachedHostData>","private","False","False","False","","0x04000CF4"
"DolocTown.DecalEquipmentItemBuilderTip/CachedHostData","SlotPosition","UnityEngine.Vector3","public","False","False","False","","0x040042E3"
"DolocTown.DecalEquipmentItemBuilderTip/CachedHostData","CenterCellPosition","UnityEngine.Vector2Int","public","False","False","False","","0x040042E4"
"DolocTown.DecalEquipmentItemBuilderTip/CachedHostData","Anchor","UnityEngine.Vector2Int","public","False","False","False","","0x040042E5"
"DolocTown.DecalEquipmentItemBuilderTip/CachedHostData","LBRT","System.ValueTuple`4<System.Int32,System.Int32,System.Int32,System.Int32>","public","False","False","False","","0x040042E6"
"DolocTown.DecalEquipmentItemBuilderTip/CachedHostData","DecalHost","DolocTown.IDecalHost","public","False","False","False","","0x040042E7"
"DolocTown.DecalEquipmentItemBuilderTip/CachedHostData","DecalSlotIndex","System.Int32","public","False","False","False","","0x040042E8"
"DolocTown.DecalEquipmentItemBuilderTip/CachedHostData","LayerEmpty","System.Boolean","public","False","False","False","","0x040042E9"
"DolocTown.DecalEquipmentItemBuilderTip/CachedHostData","GridRenderer","DolocTown.GridRenderer","public","False","False","False","","0x040042EA"
"DolocTown.EquipmentItemBuilderTip","item","DolocTown.ItemEquipment","private","False","False","False","","0x04000CF5"
"DolocTown.EquipmentItemBuilderTip","renderer","DolocTown.EquipmentBuilderRenderer","private","False","False","False","","0x04000CF6"
"DolocTown.EquipmentItemBuilderTip","posWS","UnityEngine.Vector3","private","False","False","False","","0x04000CF7"
"DolocTown.EquipmentItemBuilderTip","canBuildNow","System.Boolean","private","False","False","False","","0x04000CF8"
"DolocTown.EquipmentItemBuilderTip","areaEmpty","System.Boolean","private","False","False","False","","0x04000CF9"
"DolocTown.EquipmentItemBuilderTip","doorEmpty","System.Boolean","private","False","False","False","","0x04000CFA"
"DolocTown.EquipmentItemBuilderTip","lastPos","UnityEngine.Vector2Int","private","False","False","False","","0x04000CFB"
"DolocTown.EquipmentItemBuilderTip","_anchor","UnityEngine.Vector2Int","private","False","False","False","","0x04000CFC"
"DolocTown.EquipmentItemBuilderTip","indicatorOffset","UnityEngine.Vector2","private","False","False","False","","0x04000CFD"
"DolocTown.EquipmentItemBuilderTip","limitationCache","System.Collections.Generic.Dictionary`2<System.String,System.Boolean>","private","False","True","False","","0x04000CFE"
"DolocTown.EquipmentItemBuilderTip","buildableCache","System.Collections.Generic.Dictionary`2<UnityEngine.Vector2Int,System.Boolean>","private","False","True","False","","0x04000CFF"
"DolocTown.PlatformItemBuilderTip","platformProto","DolocTown.Config.Platform.PlatformInfo","private","False","False","False","","0x04000D00"
"DolocTown.PlatformItemBuilderTip","renderer","DolocTown.PlatformBuilderRenderer","private","False","False","False","","0x04000D01"
"DolocTown.PlatformItemBuilderTip","_builderHelper","DolocTown.PlatformBuilderHelper","private","False","False","False","","0x04000D02"
"DolocTown.PlatformItemBuilderTip","isLocked","System.Boolean","private","False","False","False","","0x04000D03"
"DolocTown.PlatformItemBuilderTip","canBuildNow","System.Boolean","private","False","False","False","","0x04000D04"
"DolocTown.PlatformItemBuilderTip","currentCellPosition","UnityEngine.Vector2Int","private","False","False","False","","0x04000D05"
"DolocTown.CollectionType","Item","DolocTown.CollectionType","public","True","False","True","1","0x04000D58"
"DolocTown.EnvOptimizerComponentSlot","currentItem","DolocTown.Item","private","False","False","False","","0x04000D7E"
"DolocTown.EnvOptimizerSystem/<>c","<>9__13_0","System.Func`2<DolocTown.EnvOptimizerComponentSlot,DolocTown.Item>","public","True","False","False","","0x0400433C"
"DolocTown.FishIncubator","<inventory>k__BackingField","DolocTown.LinearInventory","private","False","False","False","","0x04000DA7"
"DolocTown.FishIncubator","queueToFry","System.Collections.Generic.Queue`1<DolocTown.ItemFishRoe>","private","False","True","False","","0x04000DA8"
"DolocTown.FishIncubator/<>c","<>9__21_0","System.Func`2<DolocTown.Item,System.Boolean>","public","True","False","False","","0x0400434C"
"DolocTown.FishIncubator/<>c","<>9__21_1","System.Func`2<DolocTown.Item,System.Int32>","public","True","False","False","","0x0400434D"
"DolocTown.Feeder/<>c__DisplayClass21_0","selectedItem","DolocTown.Item","public","False","False","False","","0x0400434F"
"DolocTown.Case","<inventory>k__BackingField","DolocTown.LinearInventory","private","False","False","False","","0x04000DBB"
"DolocTown.Case/<>c","<>9__41_0","System.Func`2<DolocTown.Config.Item.ItemAutomationTypeInfo,System.String>","public","True","False","False","","0x04004352"
"DolocTown.Case/<>c","<>9__42_0","System.Func`2<DolocTown.Config.Item.ItemAutomationTypeInfo,System.String>","public","True","False","False","","0x04004353"
"DolocTown.Case/<>c","<>9__43_0","System.Func`2<DolocTown.Config.Item.ItemAutomationTypeInfo,System.String>","public","True","False","False","","0x04004354"
"DolocTown.StorageShelf","_inventory","DolocTown.LinearInventory","protected","False","False","False","","0x04000DC4"
"DolocTown.PowerGeneratorFuel/<>c__DisplayClass14_0","item","DolocTown.Item","public","False","False","False","","0x04004358"
"DolocTown.GeneIncubator","<inventory>k__BackingField","DolocTown.LinearInventory","private","False","False","False","","0x04000DD4"
"DolocTown.GeneReplicator","<inventory>k__BackingField","DolocTown.LinearInventory","private","False","False","False","","0x04000DD5"
"DolocTown.GeneReplicator","<templateInventory>k__BackingField","DolocTown.LinearInventory","private","False","False","False","","0x04000DD6"
"DolocTown.GeneSynthesizer","<inventory>k__BackingField","DolocTown.LinearInventory","private","False","False","False","","0x04000DD7"
"DolocTown.GeneSynthesizer/<>c","<>9__15_0","System.Func`2<DolocTown.Item,System.Boolean>","public","True","False","False","","0x0400435D"
"DolocTown.GeneSynthesizer/<>c","<>9__23_0","System.Func`2<DolocTown.Item,System.Boolean>","public","True","False","False","","0x0400435E"
"DolocTown.Barrel/<>c__DisplayClass17_0","item","DolocTown.Item","public","False","False","False","","0x04004360"
"DolocTown.Barrel/<>c__DisplayClass17_2","proto","DolocTown.Config.Item.ItemInfo","public","False","False","False","","0x04004363"
"DolocTown.ParkingApron","<inventory>k__BackingField","DolocTown.LinearInventory","private","False","False","False","","0x04000DEA"
"DolocTown.ParkingApron","itemsToReturn","System.Collections.Generic.Queue`1<DolocTown.Item>","private","False","False","False","","0x04000DEB"
"DolocTown.ParkingApron","inventoryTotalPrice","System.Int32","private","False","False","False","","0x04000DEC"
"DolocTown.ParkingApron/<SpawnMoneyItems>d__52","<>1__state","System.Int32","public","False","False","False","","0x04004368"
"DolocTown.ParkingApron/<SpawnMoneyItems>d__52","<>t__builder","Cysharp.Threading.Tasks.CompilerServices.AsyncUniTaskVoidMethodBuilder","public","False","False","False","","0x04004369"
"DolocTown.ParkingApron/<SpawnMoneyItems>d__52","<>4__this","DolocTown.ParkingApron","public","False","False","False","","0x0400436A"
"DolocTown.ParkingApron/<SpawnMoneyItems>d__52","callback","System.Action","public","False","False","False","","0x0400436B"
"DolocTown.ParkingApron/<SpawnMoneyItems>d__52","<>u__1","Cysharp.Threading.Tasks.UniTask/Awaiter","private","False","False","False","","0x0400436C"
"DolocTown.ParkingApron/<SpawnMoneyItems>d__52","<>7__wrap1","System.Collections.Generic.IEnumerator`1<System.Int32>","private","False","False","False","","0x0400436D"
"DolocTown.ShowCase","currentItem","DolocTown.Item","private","False","False","False","","0x04000DF2"
"DolocTown.ShowCase","itemSlot","DolocTown.GameEntitySlot`1<DolocTown.SingleSpriteRender>","private","False","False","False","","0x04000DF4"
"DolocTown.FlowerPot","item","DolocTown.Item","private","False","False","False","","0x04000E02"
"DolocTown.PlantBasin","<currentSeed>k__BackingField","DolocTown.ItemSeed","private","False","False","False","","0x04000E09"
"DolocTown.PlantBasin/<>c__DisplayClass16_0","item","DolocTown.Item","public","False","False","False","","0x04004383"
"DolocTown.PlantBasinSupply","ProtectorSpriteCache","System.Collections.Generic.Dictionary`2<DolocTown.Config.Item.ItemInfo,UnityEngine.Sprite[]>","private","True","False","False","","0x04000E1A"
"DolocTown.PlantBasinSupply","protectorItem","DolocTown.Item","private","False","False","False","","0x04000E1F"
"DolocTown.PlantBasinSupply/<>c","<>9__24_0","System.Func`2<DolocTown.Config.Item.ItemInfo,System.Boolean>","public","True","False","False","","0x04004389"
"DolocTown.PlantBasinTree/<>c__DisplayClass19_0","item","DolocTown.Item","public","False","False","False","","0x0400438A"
"DolocTown.PlantBasinTree/<>c__DisplayClass19_0","itemSeedTree","DolocTown.ItemSeedTree","public","False","False","False","","0x0400438C"
"DolocTown.GarbageShredder","<inventory>k__BackingField","DolocTown.LinearInventory","private","False","False","False","","0x04000E2D"
"DolocTown.GarbageShredder","latestItemName","System.String","private","False","False","False","","0x04000E2E"
"DolocTown.GarbageShredder/<>c__DisplayClass22_0","itemName","System.String","public","False","False","False","","0x04004392"
"DolocTown.GarbageShredder/<>c__DisplayClass22_0","<>9__0","System.Func`2<DolocTown.CountItem,System.Boolean>","public","False","False","False","","0x04004393"
"DolocTown.GarbageShredder/<>c__DisplayClass30_0","<>4__this","DolocTown.GarbageShredder","public","False","False","False","","0x04004394"
"DolocTown.GarbageShredder/<>c__DisplayClass30_0","selectedItem","DolocTown.Item","public","False","False","False","","0x04004395"
"DolocTown.GarbageShredder/<>c__DisplayClass30_0","exit","System.Boolean","public","False","False","False","","0x04004396"
"DolocTown.GarbageShredder/<>c","<>9","DolocTown.GarbageShredder/<>c","public","True","True","False","","0x04004397"
"DolocTown.GarbageShredder/<>c","<>9__30_2","System.Func`2<DolocTown.Item,System.Int32>","public","True","False","False","","0x04004398"
"DolocTown.GarbageShredder/<>c","<>9__30_4","System.Action`1<System.Int32>","public","True","False","False","","0x04004399"
"DolocTown.GarbageShredder/<SpawnItems>d__38","<>1__state","System.Int32","private","False","False","False","","0x0400439A"
"DolocTown.GarbageShredder/<SpawnItems>d__38","<>2__current","DolocTown.CountItem","private","False","False","False","","0x0400439B"
"DolocTown.GarbageShredder/<SpawnItems>d__38","<>l__initialThreadId","System.Int32","private","False","False","False","","0x0400439C"
"DolocTown.GarbageShredder/<SpawnItems>d__38","equipment","DolocTown.ItemEquipment","private","False","False","False","","0x0400439D"
"DolocTown.GarbageShredder/<SpawnItems>d__38","<>3__equipment","DolocTown.ItemEquipment","public","False","False","False","","0x0400439E"
"DolocTown.GarbageShredder/<SpawnItems>d__38","recycleFactor","System.Single","private","False","False","False","","0x0400439F"
"DolocTown.GarbageShredder/<SpawnItems>d__38","<>3__recycleFactor","System.Single","public","False","False","False","","0x040043A0"
"DolocTown.GarbageShredder/<SpawnItems>d__38","<totalCount>5__2","System.Int32","private","False","False","False","","0x040043A1"
"DolocTown.GarbageShredder/<SpawnItems>d__38","<costList>5__3","DolocTown.CountItem[]","private","False","False","False","","0x040043A2"
"DolocTown.GarbageShredder/<SpawnItems>d__38","<>7__wrap3","DolocTown.CountItem[]","private","False","False","False","","0x040043A3"
"DolocTown.GarbageShredder/<SpawnItems>d__38","<>7__wrap4","System.Int32","private","False","False","False","","0x040043A4"
"DolocTown.GarbageShredder/<DropAsync>d__40","<>1__state","System.Int32","public","False","False","False","","0x040043A5"
"DolocTown.GarbageShredder/<DropAsync>d__40","<>t__builder","Cysharp.Threading.Tasks.CompilerServices.AsyncUniTaskVoidMethodBuilder","public","False","False","False","","0x040043A6"
"DolocTown.GarbageShredder/<DropAsync>d__40","items","DolocTown.CountItem[]","public","False","False","False","","0x040043A7"
"DolocTown.GarbageShredder/<DropAsync>d__40","<>4__this","DolocTown.GarbageShredder","public","False","False","False","","0x040043A8"
"DolocTown.GarbageShredder/<DropAsync>d__40","<>7__wrap1","DolocTown.CountItem[]","private","False","False","False","","0x040043A9"
"DolocTown.GarbageShredder/<DropAsync>d__40","<>7__wrap2","System.Int32","private","False","False","False","","0x040043AA"
"DolocTown.GarbageShredder/<DropAsync>d__40","<item>5__4","DolocTown.CountItem","private","False","False","False","","0x040043AB"
"DolocTown.GarbageShredder/<DropAsync>d__40","<i>5__5","System.Int32","private","False","False","False","","0x040043AC"
"DolocTown.GarbageShredder/<DropAsync>d__40","<>u__1","Cysharp.Threading.Tasks.UniTask/Awaiter","private","False","False","False","","0x040043AD"
"DolocTown.FarmFishTank","<inventory>k__BackingField","DolocTown.LinearInventory","private","False","False","False","","0x04000E67"
"DolocTown.FarmFishTank","<extensionInventory>k__BackingField","DolocTown.LinearInventory","private","False","False","False","","0x04000E68"
"DolocTown.FarmFishTank","fries","System.Collections.Generic.List`1<DolocTown.ItemFishFry>","private","False","True","False","","0x04000E6C"
"DolocTown.FarmFishTank/<>c","<>9__64_0","System.Func`2<DolocTown.ItemFishFry,System.Boolean>","public","True","False","False","","0x040043C3"
"DolocTown.FarmFishTank/<>c","<>9__69_0","System.Func`2<DolocTown.Item,System.String>","public","True","False","False","","0x040043C4"
"DolocTown.FarmFishTank/<GetProductItems>d__71","<>1__state","System.Int32","private","False","False","False","","0x040043C6"
"DolocTown.FarmFishTank/<GetProductItems>d__71","<>2__current","DolocTown.Item","private","False","False","False","","0x040043C7"
"DolocTown.FarmFishTank/<GetProductItems>d__71","<>l__initialThreadId","System.Int32","private","False","False","False","","0x040043C8"
"DolocTown.FarmFishTank/<GetProductItems>d__71","<>4__this","DolocTown.FarmFishTank","public","False","False","False","","0x040043C9"
"DolocTown.FarmFishTank/<GetProductItems>d__71","<>7__wrap1","System.Collections.Generic.List`1/Enumerator<System.String>","private","False","False","False","","0x040043CA"
"DolocTown.FishingGameScrollBar","fishingRod","DolocTown.ItemFishingRod","private","False","False","False","","0x04000E74"
"DolocTown.IDroneComponentItem","_spriteCache","System.Collections.Generic.Dictionary`2<System.String,UnityEngine.Sprite>","private","True","False","False","","0x04000EAC"
"DolocTown.ItemFarmingGun","<inventory>k__BackingField","DolocTown.LinearInventory","private","False","False","False","","0x04000EAD"
"DolocTown.ItemFarmingGun","func","DolocTown.Config.Item.ItemFunctionFarmingGun","private","False","True","False","","0x04000EAE"
"DolocTown.ItemFarmingGun/<>c__DisplayClass17_0","equipments","DolocTown.Equipment[]","public","False","False","False","","0x040043D1"
"DolocTown.ItemFarmingGun/<>c__DisplayClass17_0","<>4__this","DolocTown.ItemFarmingGun","public","False","False","False","","0x040043D2"
"DolocTown.ItemFarmingGun/<>c__DisplayClass17_0","item","DolocTown.Item","public","False","False","False","","0x040043D3"
"DolocTown.ItemFarmingGun/<>c__DisplayClass17_0","from","UnityEngine.Vector3","public","False","False","False","","0x040043D4"
"DolocTown.ItemFarmingGun/<>c__DisplayClass17_0","icon","UnityEngine.Sprite","public","False","False","False","","0x040043D5"
"DolocTown.ItemFarmingGun/<>c__DisplayClass17_0","duration","System.Single","public","False","False","False","","0x040043D6"
"DolocTown.ItemFarmingGun/<>c__DisplayClass17_1","equipment","DolocTown.Equipment","public","False","False","False","","0x040043D7"
"DolocTown.ItemFarmingGun/<>c__DisplayClass17_1","CS$<>8__locals1","DolocTown.ItemFarmingGun/<>c__DisplayClass17_0","public","False","False","False","","0x040043D8"
"DolocTown.ItemFarmingGun/<>c__DisplayClass22_0","areaRenderer","DolocTown.GridArea","public","False","False","False","","0x040043D9"
"DolocTown.ItemFarmingGun/<>c__DisplayClass22_0","<>9__1","System.Action","public","False","False","False","","0x040043DA"
"DolocTown.ItemHatShield","_func","DolocTown.Config.Item.ItemFunctionHatShield","private","False","True","False","","0x04000EAF"
"DolocTown.ItemHatShield","shieldValue","System.Int32","private","False","False","False","","0x04000EB0"
"DolocTown.ItemHerbPackage","_func","DolocTown.Config.Item.ItemFunctionHerbPackage","private","False","True","False","","0x04000EB1"
"DolocTown.ItemHerbPackage","<isFilled>k__BackingField","System.Boolean","private","False","False","False","","0x04000EB2"
"DolocTown.ItemAnimalPackage","animal","DolocTown.Animal","private","False","False","False","","0x04000EB3"
"DolocTown.ItemAnimalPackage","_func","DolocTown.Config.Item.ItemFunctionAnimalPackage","private","False","True","False","","0x04000EB4"
"DolocTown.ItemAnimalPackage/<>c__DisplayClass25_0","<>4__this","DolocTown.ItemAnimalPackage","public","False","False","False","","0x040043DB"
"DolocTown.ItemAnimalPackage/<>c__DisplayClass25_0","currentHome","DolocTown.Room","public","False","False","False","","0x040043DC"
"DolocTown.ItemAnimalPackage/<>c__DisplayClass25_0","<>9__2","System.Action","public","False","False","False","","0x040043DD"
"DolocTown.ItemFishFry","DefaultFish","System.String","private","True","False","True","fish","0x04000EB5"
"DolocTown.ItemFishFry","<fishName>k__BackingField","System.String","private","False","False","False","","0x04000EB6"
"DolocTown.ItemFishFry","<growth>k__BackingField","System.Int32","private","False","False","False","","0x04000EB7"
"DolocTown.ItemFishFry","growthDuration","System.Int32","private","False","False","False","","0x04000EB8"
"DolocTown.ItemFishRoe","<fishName>k__BackingField","System.String","private","False","False","False","","0x04000EB9"
"DolocTown.ItemFishRoe","<incubation>k__BackingField","System.Int32","private","False","False","False","","0x04000EBA"
"DolocTown.ItemFishRoe","incubateDuration","System.Int32","private","False","False","False","","0x04000EBB"
"DolocTown.ItemBuilding","_buildingProto","DolocTown.Config.Building.BuildingInfo","private","False","False","False","","0x04000EBC"
"DolocTown.ItemBuilding","<buildingEntity>k__BackingField","DolocTown.Building","private","False","False","False","","0x04000EBD"
"DolocTown.ItemBuildingExterior/<>c","<>9","DolocTown.ItemBuildingExterior/<>c","public","True","True","False","","0x040043DE"
"DolocTown.ItemBuildingExterior/<>c","<>9__12_0","System.Func`2<DolocTown.Config.Building.BuildingExteriorData,System.String>","public","True","False","False","","0x040043DF"
"DolocTown.ItemBuildingExterior/<>c","<>9__12_1","System.Func`2<System.String,System.Boolean>","public","True","False","False","","0x040043E0"
"DolocTown.ItemDemolitionTool/<>c__DisplayClass5_0","building","DolocTown.Building","public","False","False","False","","0x040043E1"
"DolocTown.ItemDemolitionTool/<>c__DisplayClass5_0","<>4__this","DolocTown.ItemDemolitionTool","public","False","False","False","","0x040043E2"
"DolocTown.ItemDemolitionTool/<>c__DisplayClass5_0","<>9__1","System.Action","public","False","False","False","","0x040043E3"
"DolocTown.ItemPatch/<>c__DisplayClass5_0","<>4__this","DolocTown.ItemPatch","public","False","False","False","","0x040043E4"
"DolocTown.ItemPatch/<>c__DisplayClass5_0","building","DolocTown.Building","public","False","False","False","","0x040043E5"
"DolocTown.ItemWallpaper/<>c","<>9","DolocTown.ItemWallpaper/<>c","public","True","True","False","","0x040043E6"
"DolocTown.ItemWallpaper/<>c","<>9__12_0","System.Func`2<DolocTown.Config.Building.BuildingWallpaperData,System.String>","public","True","False","False","","0x040043E7"
"DolocTown.ItemWallpaper/<>c","<>9__12_1","System.Func`2<System.String,System.Boolean>","public","True","False","False","","0x040043E8"
"DolocTown.ItemDroneAssist","assistProto","DolocTown.Config.Drone.DroneAssistInfo","private","False","True","False","","0x04000EBE"
"DolocTown.ItemDroneChip","chipProto","DolocTown.Config.Drone.DroneChipInfo","public","False","True","False","","0x04000EBF"
"DolocTown.ItemDroneEngine","engineProto","DolocTown.Config.Drone.DroneEngineInfo","public","False","True","False","","0x04000EC0"
"DolocTown.ItemDroneStructure","droneStructure","DolocTown.DroneStruct","public","False","True","False","","0x04000EC1"
"DolocTown.ItemDroneStructure","_structureProto","DolocTown.Config.Drone.DroneStructureInfo","private","False","False","False","","0x04000EC2"
"DolocTown.ItemDroneStructure","_composedSpriteCache","System.Collections.Generic.Dictionary`2<System.String,UnityEngine.Sprite>","private","True","False","False","","0x04000EC3"
"DolocTown.ItemDroneStructure/<>c","<>9","DolocTown.ItemDroneStructure/<>c","public","True","True","False","","0x040043E9"
"DolocTown.ItemDroneStructure/<>c","<>9__10_1","System.Action","public","True","False","False","","0x040043EA"
"DolocTown.ItemDroneStructure/<>c","<>9__11_0","System.Func`2<DolocTown.DronePanelUiState,System.Boolean>","public","True","False","False","","0x040043EB"
"DolocTown.ItemDroneWeapon","DroneWeaponProto","DolocTown.Config.Drone.DroneWeaponInfo","public","False","True","False","","0x04000EC4"
"DolocTown.ItemCrop","_seedProto","DolocTown.Config.Plant.SeedInfo","private","False","False","False","","0x04000EC5"
"DolocTown.ItemCrop","<geneGroup>k__BackingField","DolocTown.GeneGroup","private","False","False","False","","0x04000EC6"
"DolocTown.ItemGeneCapsule","<geneGroup>k__BackingField","DolocTown.GeneGroup","private","False","False","False","","0x04000EC7"
"DolocTown.ItemSeed","_seedProto","DolocTown.Config.Plant.SeedInfo","private","False","False","False","","0x04000EC8"
"DolocTown.ItemSeed","<geneGroup>k__BackingField","DolocTown.GeneGroup","private","False","False","False","","0x04000EC9"
"DolocTown.ItemSeed","isClonedSeed","System.Boolean","private","False","False","False","","0x04000ECA"
"DolocTown.ItemSeed","incubationProgress","System.Int32","private","False","False","False","","0x04000ECB"
"DolocTown.ItemSeed","enablePlantInInvalidSeason","System.Boolean","private","False","False","False","","0x04000ECC"
"DolocTown.ItemSeed","latestCellAnchor","UnityEngine.Vector2Int","private","False","False","False","","0x04000ECD"
"DolocTown.ItemSeed/<>c__DisplayClass27_0","basin","DolocTown.PlantBasin","public","False","False","False","","0x040043EC"
"DolocTown.ItemSeed/<>c__DisplayClass27_0","<>4__this","DolocTown.ItemSeed","public","False","False","False","","0x040043ED"
"DolocTown.ItemSeed/<>c__DisplayClass28_0","pot","DolocTown.FlowerPot","public","False","False","False","","0x040043EE"
"DolocTown.ItemSeed/<>c__DisplayClass28_0","<>4__this","DolocTown.ItemSeed","public","False","False","False","","0x040043EF"
"DolocTown.ItemBattery/<>c__DisplayClass4_0","<>4__this","DolocTown.ItemBattery","public","False","False","False","","0x040043F0"
"DolocTown.ItemBattery/<>c__DisplayClass4_0","drone","DolocTown.Drone","public","False","False","False","","0x040043F1"
"DolocTown.ItemBottle/<>c__DisplayClass10_0","<>4__this","DolocTown.ItemBottle","public","False","False","False","","0x040043F2"
"DolocTown.ItemBottle/<>c__DisplayClass10_0","container","DolocTown.IWaterContainer","public","False","False","False","","0x040043F3"
"DolocTown.ItemBottle/<>c__DisplayClass10_0","capacity","System.Int32","public","False","False","False","","0x040043F4"
"DolocTown.ItemBox","<inventory>k__BackingField","DolocTown.LinearInventory","private","False","False","False","","0x04000ECE"
"DolocTown.ItemBox","<currentDurability>k__BackingField","System.Int32","private","False","False","False","","0x04000ECF"
"DolocTown.ItemBox","<skinIndex>k__BackingField","System.Int32","private","False","False","False","","0x04000ED0"
"DolocTown.ItemBox","func","DolocTown.Config.Item.ItemFunctionBox","public","False","False","False","","0x04000ED1"
"DolocTown.ItemBox","boxItemsBackup","System.Collections.Generic.Dictionary`2<System.String,System.Int32>","private","False","False","False","","0x04000ED2"
"DolocTown.ItemBox/<>c__DisplayClass24_0","room","DolocTown.Room","public","False","False","False","","0x040043F5"
"DolocTown.ItemEdenFruit/<>c","<>9","DolocTown.ItemEdenFruit/<>c","public","True","True","False","","0x040043F6"
"DolocTown.ItemEdenFruit/<>c","<>9__4_0","System.Func`1<System.Boolean>","public","True","False","False","","0x040043F7"
"DolocTown.ItemEquipment","<equipmentEntity>k__BackingField","DolocTown.Equipment","private","False","False","False","","0x04000ED3"
"DolocTown.ItemEquipment","_equipmentProto","DolocTown.Config.Equipment.EquipmentInfo","private","False","False","False","","0x04000ED4"
"DolocTown.ItemEquipment/<>c","<>9","DolocTown.ItemEquipment/<>c","public","True","True","False","","0x040043F8"
"DolocTown.ItemEquipment/<>c","<>9__28_0","System.Func`2<DolocTown.Item,System.Boolean>","public","True","False","False","","0x040043F9"
"DolocTown.ItemFertilizer/<>c__DisplayClass6_0","tree","DolocTown.PlantBasinTree","public","False","False","False","","0x040043FA"
"DolocTown.ItemFertilizer/<>c__DisplayClass6_0","<>4__this","DolocTown.ItemFertilizer","public","False","False","False","","0x040043FB"
"DolocTown.ItemFertilizer/<>c__DisplayClass6_1","basin","DolocTown.PlantBasin","public","False","False","False","","0x040043FC"
"DolocTown.ItemFertilizer/<>c__DisplayClass6_1","<>4__this","DolocTown.ItemFertilizer","public","False","False","False","","0x040043FD"
"DolocTown.ItemFilm/<>c__DisplayClass6_0","basin","DolocTown.PlantBasin","public","False","False","False","","0x040043FE"
"DolocTown.ItemFilm/<>c__DisplayClass6_0","<>4__this","DolocTown.ItemFilm","public","False","False","False","","0x040043FF"
"DolocTown.ItemFishingRod","_function","DolocTown.Config.Item.ItemFunctionFishingRod","private","False","True","False","","0x04000ED5"
"DolocTown.ItemFishingRod","lineColor","UnityEngine.Color","public","False","True","False","","0x04000ED6"
"DolocTown.ItemFood","_func","DolocTown.Config.Item.ItemFunctionFood","private","False","False","False","","0x04000ED7"
"DolocTown.ItemMissile/<>c__DisplayClass10_0","bomb","DolocTown.Bomb","public","False","False","False","","0x04004400"
"DolocTown.ItemMissile/<>c__DisplayClass11_0","firecracker","DolocTown.Firecracker","public","False","False","False","","0x04004401"
"DolocTown.ItemRandomPackage/<>c__DisplayClass4_0","function","DolocTown.Config.Item.ItemFunctionRandomPackage","public","False","False","False","","0x04004402"
"DolocTown.ItemRandomPackage/<>c__DisplayClass4_0","<>4__this","DolocTown.ItemRandomPackage","public","False","False","False","","0x04004403"
"DolocTown.ItemRecipe","_recipe","DolocTown.Recipe","private","False","False","False","","0x04000ED8"
"DolocTown.ItemRecipeGroup","_recipeGroup","DolocTown.RecipeGroup","private","False","False","False","","0x04000ED9"
"DolocTown.ItemSeedTree/<>c__DisplayClass14_0","<>4__this","DolocTown.ItemSeedTree","public","False","False","False","","0x04004404"
"DolocTown.ItemSeedTree/<>c__DisplayClass14_0","host","DolocTown.IDungeonResourceHost","public","False","False","False","","0x04004405"
"DolocTown.ItemSeedTree/<>c__DisplayClass14_0","proto","DolocTown.Config.Resource.ResourceInfo","public","False","False","False","","0x04004406"
"DolocTown.ItemSeedTree/<>c__DisplayClass14_0","cellpos","UnityEngine.Vector2Int","public","False","False","False","","0x04004407"
"DolocTown.ItemWaterCan","func","DolocTown.Config.Item.ItemFunctionWaterCan","private","False","True","False","","0x04000EDA"
"DolocTown.ItemWaterCan","currentValue","System.Int32","private","False","False","False","","0x04000EDB"
"DolocTown.ItemWaterCan/<>c__DisplayClass30_0","container","DolocTown.IWaterContainer","public","False","False","False","","0x04004408"
"DolocTown.ItemWaterCan/<>c__DisplayClass30_0","<>4__this","DolocTown.ItemWaterCan","public","False","False","False","","0x04004409"
"DolocTown.Item","<proto>k__BackingField","DolocTown.Config.Item.ItemInfo","private","False","False","False","","0x04000EDC"
"DolocTown.Item","<isQuickSelected>k__BackingField","System.Boolean","private","False","False","False","","0x04000EDD"
"DolocTown.Item/<>c","<>9","DolocTown.Item/<>c","public","True","True","False","","0x0400440A"
"DolocTown.Item/<>c","<>9__43_0","System.Func`2<DolocTown.Item,System.Int32>","public","True","False","False","","0x0400440B"
"DolocTown.Item/<>c","<>9__72_0","System.Func`2<DolocTown.Item,System.Boolean>","public","True","False","False","","0x0400440C"
"DolocTown.Item/<>c","<>9__94_0","System.Action","public","True","False","False","","0x0400440D"
"DolocTown.ItemBase","count","System.Int32","public","False","False","False","","0x04000EDE"
"DolocTown.ItemFactory","InstanceTypes","System.Collections.Generic.Dictionary`2<System.String,System.Type>","private","True","True","False","","0x04000EDF"
"DolocTown.FertilizerData","fertilizerSpriteCache","System.Collections.Generic.Dictionary`2<DolocTown.Config.Item.ItemInfo,UnityEngine.Sprite>","private","True","False","False","","0x04000F06"
"DolocTown.FertilizerData","fertilizerItemInfo","DolocTown.Config.Item.ItemInfo","public","False","False","False","","0x04000F09"
"DolocTown.FertilizerData/<>c","<>9__10_1","System.Func`2<DolocTown.Config.Item.ItemInfo,System.Boolean>","public","True","False","False","","0x04004425"
"DolocTown.FertilizerData/<>c","<>9__11_1","System.Func`2<DolocTown.Config.Item.ItemInfo,System.Boolean>","public","True","False","False","","0x04004426"
"DolocTown.CropGeneFunctionHope/<>c__DisplayClass2_0","seedItem","DolocTown.Item","public","False","False","False","","0x0400443A"
"DolocTown.Dish","outputItem","DolocTown.RangedItem","private","False","True","False","","0x04000F64"
"DolocTown.Dish","maxQualityItem","DolocTown.RangedItem","private","False","True","False","","0x04000F65"
"DolocTown.Dish","inputItems","DolocTown.CountItem[]","private","False","True","False","","0x04000F67"
"DolocTown.Dish/<>c","<>9__30_0","System.Func`2<DolocTown.CountItem,System.Boolean>","public","True","False","False","","0x0400448E"
"DolocTown.EquipmentPreset","inventory","DolocTown.GameData.CountItemListConfig","public","False","False","False","","0x04000F7B"
"DolocTown.ContainerObject","itemList","DolocTown.GameData.CountItemListConfig","protected","False","False","False","","0x0400117E"
"DolocTown.ContainerObject","<inventory>k__BackingField","DolocTown.LinearInventory","private","False","False","False","","0x0400117F"
"DolocTown.SacrificeBox","targetItemName","System.String","protected","False","False","False","","0x04001180"
"DolocTown.SacrificeBox","rewardItemName","System.String","protected","False","False","False","","0x04001181"
"DolocTown.SacrificeBox","latestItemName","System.String","private","False","False","False","","0x04001183"
"DolocTown.DestructibleObject","toolType","DolocTown.Config.Item.ToolType","public","False","False","False","","0x0400118C"
"DolocTown.DestructibleObject","toolLevel","System.Int32","public","False","False","False","","0x0400118D"
"DolocTown.DestructibleObject","itemListConfig","DolocTown.GameData.RangedItemListConfig","private","False","False","False","","0x0400118E"
"DolocTown.RoomInteractableObjectManager","inventories","System.Collections.Generic.Dictionary`2<System.String,DolocTown.LinearInventory>","private","False","False","False","","0x040011EA"
"DolocTown.GameEventType","GIFT_ITEM","DolocTown.GameEventType","public","True","False","True","8","0x040012FC"
"DolocTown.GameEventType","MAKE_ITEM","DolocTown.GameEventType","public","True","False","True","13","0x04001301"
"DolocTown.GameEventType","OBTAIN_ITEM","DolocTown.GameEventType","public","True","False","True","18","0x04001306"
"DolocTown.GameEventType","OBTAIN_FUNCTION_ITEM","DolocTown.GameEventType","public","True","False","True","19","0x04001307"
"DolocTown.GameEventType","SELL_ITEM_IN_STORE","DolocTown.GameEventType","public","True","False","True","20","0x04001308"
"DolocTown.GameEventType","EQUIP_ACTIVE_ITEM","DolocTown.GameEventType","public","True","False","True","44","0x04001320"
"DolocTown.GameEventType","USE_ITEM","DolocTown.GameEventType","public","True","False","True","55","0x0400132B"
"DolocTown.GameEventType","DROP_ITEM","DolocTown.GameEventType","public","True","False","True","59","0x0400132F"
"DolocTown.GameEventType","SUBMIT_ITEM","DolocTown.GameEventType","public","True","False","True","68","0x04001338"
"DolocTown.GameEventType","EQUIP_PASSIVE_ITEM","DolocTown.GameEventType","public","True","False","True","75","0x0400133F"
"DolocTown.OperationEventType","SCROLL_SELECTED_ITEM","DolocTown.OperationEventType","public","True","False","True","7","0x04001350"
"DolocTown.OperationEventType","USE_TOOL","DolocTown.OperationEventType","public","True","False","True","9","0x04001352"
"DolocTown.OperationEventType","USE_ITEM","DolocTown.OperationEventType","public","True","False","True","10","0x04001353"
"DolocTown.OperationEventType","SELECTED_DRONE_ITEM","DolocTown.OperationEventType","public","True","False","True","18","0x0400135B"
"DolocTown.OperationEventType","EQUIP_ACTIVE_ITEM","DolocTown.OperationEventType","public","True","False","True","20","0x0400135D"
"DolocTown.OperationEventType","EQUIP_PASSIVE_ITEM","DolocTown.OperationEventType","public","True","False","True","26","0x04001363"
"DolocTown.AgentBehaviorSettings","disableUseItem","System.Boolean","public","False","False","False","","0x04001367"
"DolocTown.AgentBehaviorSettings","disableDisposeItem","System.Boolean","public","False","False","False","","0x04001368"
"DolocTown.AgentBehaviorSettings","disableQuickInventory","System.Boolean","public","False","False","False","","0x0400136A"
"DolocTown.AgentControllerState","quickInventory","DolocTown.UI.QuickInventoryPanel","private","False","True","False","","0x0400136D"
"DolocTown.AgentControllerState","quickInventoryTimer","DolocTown.Timer","private","False","True","False","","0x04001371"
"DolocTown.AgentControllerState","useItemTimer","DolocTown.Timer","private","False","True","False","","0x04001375"
"DolocTown.AgentControllerState","collectorDropItem","DolocTown.CollectorDropItem","private","False","True","False","","0x0400137E"
"DolocTown.AgentControllerState","CanScrollItemInLine","System.Boolean","public","False","False","False","","0x0400138A"
"DolocTown.BodyController","ToolRenderer","DolocTown.ToolRenderer","public","False","False","False","","0x04001393"
"DolocTown.BodyController/PlayerAudioType","USE_TOOL","DolocTown.BodyController/PlayerAudioType","public","True","False","True","2","0x0400457D"
"DolocTown.BodyController/<>c__DisplayClass136_0","tool","DolocTown.ItemTool","public","False","False","False","","0x04004580"
"DolocTown.BodyController/<>c__DisplayClass140_0","waterCan","DolocTown.ItemWaterCan","public","False","False","False","","0x04004586"
"DolocTown.AgentStateTool","<tool>k__BackingField","DolocTown.ItemTool","private","False","False","False","","0x040013D2"
"DolocTown.AgentStateTool","_endProcess","System.Single","private","False","False","False","","0x040013D3"
"DolocTown.AgentStateTool","currentAnimName","System.String","private","False","False","False","","0x040013D4"
"DolocTown.AgentStateWater","<waterCan>k__BackingField","DolocTown.ItemWaterCan","private","False","False","False","","0x040013D5"
"DolocTown.FishingCache","<FishItem>k__BackingField","DolocTown.Item","private","False","False","False","","0x040013D7"
"DolocTown.FishingCache","<FishingRod>k__BackingField","DolocTown.ItemFishingRod","private","False","False","False","","0x040013D9"
"DolocTown.AgentPhysicalStatus","<ToolLatch>k__BackingField","System.Boolean","private","False","False","False","","0x04001411"
"DolocTown.CollectionModifier","garbageModifier","UnityEngine.Vector2","public","False","False","False","","0x0400141D"
"DolocTown.AgentEquipmentFunction","item","DolocTown.Item","protected","False","True","False","","0x04001450"
"DolocTown.AgentEquipmentFunctionExtraResource/<>c__DisplayClass3_0","lut","DolocTown.Config.Item.ItemSpawnInfo","public","False","False","False","","0x04004592"
"DolocTown.AgentEquipmentFunctionHerbPackage","_item","DolocTown.ItemHerbPackage","private","False","True","False","","0x04001460"
"DolocTown.AgentEquipmentFunctionShield","_shieldItem","DolocTown.ItemHatShield","private","False","True","False","","0x04001467"
"DolocTown.CollectorDropItem","maxMoveSpeed","System.Single","private","False","False","False","","0x040014D2"
"DolocTown.CollectorDropItem","minMoveSpeed","System.Single","private","False","False","False","","0x040014D3"
"DolocTown.CollectorDropItem","pickDistance","System.Single","private","False","False","False","","0x040014D4"
"DolocTown.CollectorDropItem","dropitems","System.Collections.Generic.List`1<DolocTown.DropItemRenderer>","private","False","True","False","","0x040014D5"
"DolocTown.CollectorDropItem","radiusReciprocal","System.Single","private","False","False","False","","0x040014D6"
"DolocTown.ToolCollider","_animator","UnityEngine.Animator","private","False","False","False","","0x0400152A"
"DolocTown.ToolCollider","_hitbox","UnityEngine.BoxCollider2D","private","False","False","False","","0x0400152B"
"DolocTown.ToolCollider","shouldCostEnergy","System.Boolean","private","False","False","False","","0x0400152C"
"DolocTown.ToolCollider","currentTool","DolocTown.ItemTool","private","False","False","False","","0x0400152D"
"DolocTown.ToolCollider","isWaterCan","System.Boolean","private","False","False","False","","0x0400152E"
"DolocTown.ToolCollider","chopCounter","System.Int32","private","False","False","False","","0x0400152F"
"DolocTown.ToolCollider","resourceCache","System.Collections.Generic.HashSet`1<DolocTown.DungeonResource>","private","False","True","False","","0x04001530"
"DolocTown.ToolCollider/<>c","<>9","DolocTown.ToolCollider/<>c","public","True","True","False","","0x040045D7"
"DolocTown.ToolCollider/<>c","<>9__13_0","System.Func`2<DolocTown.DungeonResource,System.Boolean>","public","True","False","False","","0x040045D8"
"DolocTown.ToolRenderer","sp","UnityEngine.SpriteRenderer","private","False","False","False","","0x04001531"
"DolocTown.ToolRenderer","animator","UnityEngine.Animator","private","False","False","False","","0x04001532"
"DolocTown.ToolRenderer","_collider","DolocTown.ToolCollider","private","False","False","False","","0x04001533"
"DolocTown.Room","<DM_dropitem>k__BackingField","DolocTown.DropItemManager","private","False","False","False","","0x04001562"
"DolocTown.Room","<DM_missionItem>k__BackingField","DolocTown.MissionItemManager","private","False","False","False","","0x04001565"
"DolocTown.SoundEvents","STOP_CHARACTER_USE_TOOL","DolocTown.SoundEvents","public","True","False","True","21","0x040015AA"
"DolocTown.SoundEvents","PLAY_ITEM_BOX","DolocTown.SoundEvents","public","True","False","True","42","0x040015BF"
"DolocTown.SoundEvents","PLAY_ITEM_PICK_UP","DolocTown.SoundEvents","public","True","False","True","45","0x040015C2"
"DolocTown.SoundEvents","PLAY_UI_ITEM_DELETE","DolocTown.SoundEvents","public","True","False","True","54","0x040015CB"
"DolocTown.SoundEvents","PLAY_UI_PICK_UP_ITEM","DolocTown.SoundEvents","public","True","False","True","57","0x040015CE"
"DolocTown.SoundEvents","PLAY_ITEM_DROP_ON_GROUND","DolocTown.SoundEvents","public","True","False","True","70","0x040015DB"
"DolocTown.SoundEvents","PLAY_GARBAGE_COLLECT","DolocTown.SoundEvents","public","True","False","True","82","0x040015E7"
"DolocTown.SoundEvents","PLAY_GARBAGE_RECYCLING","DolocTown.SoundEvents","public","True","False","True","106","0x040015FF"
"DolocTown.SoundEvents","STOP_GARBAGE_RECYCLING","DolocTown.SoundEvents","public","True","False","True","107","0x04001600"
"DolocTown.SubmitMultipleItemsUiStateBase/<>c","<>9","DolocTown.SubmitMultipleItemsUiStateBase/<>c","public","True","True","False","","0x04004621"
"DolocTown.SubmitMultipleItemsUiStateBase/<>c","<>9__7_0","System.Func`2<DolocTown.UI.ItemNavSlot,System.Boolean>","public","True","False","False","","0x04004622"
"DolocTown.SubmitSingleItemsUiStateBase/<>c__DisplayClass13_0","submitCount","System.Int32","public","False","False","False","","0x04004623"
"DolocTown.SubmitSingleItemsUiStateBase/<>c__DisplayClass13_0","<>4__this","DolocTown.SubmitSingleItemsUiStateBase","public","False","False","False","","0x04004624"
"DolocTown.SubmitSingleItemsUiStateBase/<>c__DisplayClass13_0","index","System.Int32","public","False","False","False","","0x04004625"
"DolocTown.SubmitSingleItemsUiStateBase/<>c__DisplayClass13_0","item","DolocTown.Item","public","False","False","False","","0x04004626"
"DolocTown.SubmitSingleItemsUiStateBase/<>c__DisplayClass13_0","overflowCount","System.Int32","public","False","False","False","","0x04004627"
"DolocTown.BuildingPanelUiState","inventoriesAround","DolocTown.LinearInventory[]","private","False","False","False","","0x04001661"
"DolocTown.EquipmentPanelUiState","inventoriesAround","DolocTown.LinearInventory[]","private","False","False","False","","0x04001667"
"DolocTown.RecipePanelUiState","inventoriesAround","DolocTown.LinearInventory[]","private","False","False","False","","0x04001672"
"DolocTown.RecipePanelUiState","dishItemBuffer","DolocTown.LinearInventory","private","False","False","False","","0x04001679"
"DolocTown.EnvOptimizerContainer","<inventory>k__BackingField","DolocTown.LinearInventory","private","False","False","False","","0x0400169A"
"DolocTown.GlobalBuilderState","_inQuickInventory","System.Boolean","private","False","False","False","","0x040016AF"
"DolocTown.GlobalBuilderState","_quickInventoryTimer","DolocTown.Timer","private","False","True","False","","0x040016B3"
"DolocTown.GlobalBuilderState/<>c","<>9__65_0","System.Func`2<DolocTown.Item,System.String>","public","True","False","False","","0x04004651"
"DolocTown.ContainerBaseUiState","isItemSlotSelected","System.Boolean","protected","False","False","False","","0x040016CC"
"DolocTown.ContainerBaseUiState","<disableItemLocked>k__BackingField","System.Boolean","private","False","True","False","","0x040016D1"
"DolocTown.ContainerBaseUiState/<>c__DisplayClass100_0","bufferItem","DolocTown.Item","public","False","False","False","","0x0400466D"
"DolocTown.ConversionRecipeUiState","backupItemName","System.Boolean","private","False","False","False","","0x040016E0"
"DolocTown.ConversionRecipeUiState","extraInfoGetter","System.Func`2<DolocTown.Item,System.String>","private","False","False","False","","0x040016E3"
"DolocTown.ConversionRecipeUiState","previewItemHandler","System.Func`2<DolocTown.Item,DolocTown.Item>","private","False","False","False","","0x040016E5"
"DolocTown.EquipmentBarUiState/<>c__DisplayClass49_0","bufferItem","DolocTown.Item","public","False","False","False","","0x0400466F"
"DolocTown.FishTankUiState","socketInventory","DolocTown.LinearInventory","private","False","False","False","","0x040016ED"
"DolocTown.FishTankUiState","socketItemFilter","System.Func`2<DolocTown.Item,System.Boolean>","private","False","False","False","","0x040016EE"
"DolocTown.FishTankUiState","refreshFilterOnInventoryChange","System.Boolean","private","False","False","False","","0x040016F1"
"DolocTown.FishTankUiState/<>c","<>9__20_0","System.Func`2<DolocTown.Item,System.Boolean>","public","True","False","False","","0x04004676"
"DolocTown.FishTankUiState/<>c","<>9__34_0","System.Func`2<DolocTown.Item,System.Single>","public","True","False","False","","0x04004677"
"DolocTown.FishTankUiState/<>c","<>9__34_1","System.Func`2<DolocTown.Item,System.Single>","public","True","False","False","","0x04004678"
"DolocTown.GarbageShredderUiState","maxCraftCount","System.Int32","private","False","False","False","","0x040016F2"
"DolocTown.GarbageShredderUiState","onCraft","System.Action","private","False","False","False","","0x040016F3"
"DolocTown.GarbageShredderUiState","backupItemName","System.Boolean","private","False","False","False","","0x040016F4"
"DolocTown.GarbageShredderUiState","restTimeInfoGetter","System.Func`1<System.String>","private","False","False","False","","0x040016F5"
"DolocTown.StorageShelfUiState","shelfInventory","DolocTown.LinearInventory","private","False","False","False","","0x040016F7"
"DolocTown.StorageShelfUiState","currentItemIndex","System.Int32","private","False","False","False","","0x040016F9"
"DolocTown.StorageShelfUiState","boxItemTemplate","DolocTown.ItemBox","private","False","False","False","","0x040016FC"
"DolocTown.StorageShelfUiState/<>c","<>9__30_0","UnityEngine.Events.UnityAction`2<System.Int32,DolocTown.UI.BoxInventoryWidget>","public","True","False","False","","0x0400467C"
"DolocTown.StorageShelfUiState/<>c","<>9__45_0","System.Func`2<DolocTown.Item,DolocTown.ItemBox>","public","True","False","False","","0x0400467D"
"DolocTown.StorageShelfUiState/<>c","<>9__45_1","System.Func`2<DolocTown.ItemBox,System.Boolean>","public","True","False","False","","0x0400467E"
"DolocTown.StorageShelfUiState/<>c","<>9__66_0","System.Func`2<DolocTown.Item,DolocTown.ItemBox>","public","True","False","False","","0x0400467F"
"DolocTown.StorageShelfUiState/<>c","<>9__66_1","System.Func`2<DolocTown.ItemBox,System.Boolean>","public","True","False","False","","0x04004680"
"DolocTown.StorageShelfUiState/<>c__DisplayClass36_0","item","DolocTown.Item","public","False","False","False","","0x04004681"
"DolocTown.StorageShelfUiState/<>c__DisplayClass40_0","bufferItem","DolocTown.Item","public","False","False","False","","0x04004683"
"DolocTown.StorageShelfUiState/<>c__DisplayClass45_0","item","DolocTown.Item","public","False","False","False","","0x04004685"
"DolocTown.TeleportUiState","ticketItemProto","DolocTown.Config.Item.ItemInfo","private","False","False","False","","0x040016FF"
"DolocTown.FactionMissionUiState/<>c__DisplayClass30_0","isGeneItem","System.Boolean","public","False","False","False","","0x04004692"
"DolocTown.FactionMissionUiState/<>c__DisplayClass30_0","item","DolocTown.Item","public","False","False","False","","0x04004693"
"DolocTown.GiveGiftToNPCUiState","lastGiftItemName","System.String","private","True","False","False","","0x04001714"
"DolocTown.SubmitItemFilter","targetItemName","System.String","private","False","False","False","","0x04001715"
"DolocTown.SubmitItemFilter","<targetItemCount>k__BackingField","System.Int32","private","False","False","False","","0x04001716"
"DolocTown.SubmitItemFilter","<shouldCostItem>k__BackingField","System.Boolean","private","False","False","False","","0x04001717"
"DolocTown.SubmitItemFilter","submitInfo","DolocTown.Config.Mission.ItemSubmitConditionInfo","private","False","False","False","","0x04001718"
"DolocTown.SubmitItemToNpcUiState","itemFilter","DolocTown.SubmitItemFilter","private","False","False","False","","0x04001719"
"DolocTown.SubmitItemToNpcUiState","<lastestItem>k__BackingField","DolocTown.Item","private","True","False","False","","0x0400171A"
"DolocTown.SubmitItemToNpcUiState","lastSubmitItemCount","System.Int32","private","True","False","False","","0x0400171B"
"DolocTown.SubmitItemToNpcUiState/<>c__DisplayClass7_0","slot","DolocTown.UI.ItemNavSlot","public","False","False","False","","0x0400469D"
"DolocTown.SubmitItemToNpcUiState/<>c","<>9","DolocTown.SubmitItemToNpcUiState/<>c","public","True","True","False","","0x0400469E"
"DolocTown.SubmitItemToNpcUiState/<>c","<>9__16_0","System.Func`2<DolocTown.Config.Plant.CropGeneInfo,System.String>","public","True","False","False","","0x0400469F"
"DolocTown.CollectionBookUiState","itemTypeIndex","System.Int32","private","False","False","False","","0x04001722"
"DolocTown.CollectionBookUiState","_currentItem","System.String","private","False","False","False","","0x04001724"
"DolocTown.CollectionBookUiState","itemList","System.Collections.Generic.List`1<System.String>","private","False","False","False","","0x04001725"
"DolocTown.CollectionBookUiState/<>c","<>9__56_1","System.Func`2<DolocTown.Config.Item.ItemInfo,System.Single>","public","True","False","False","","0x040046AB"
"DolocTown.CollectionBookUiState/<>c","<>9__56_2","System.Func`2<DolocTown.Config.Item.ItemInfo,System.String>","public","True","False","False","","0x040046AC"
"DolocTown.CollectionBookUiState/<>c","<>9__56_3","System.Func`2<DolocTown.Config.Item.ItemInfo,DolocTown.UI.BookItemData>","public","True","False","False","","0x040046AD"
"DolocTown.DronePanelUiState","droneItem","DolocTown.ItemDroneStructure","private","False","False","False","","0x0400172D"
"DolocTown.DronePanelUiState","buffer","DolocTown.SingleInventory","private","False","True","False","","0x0400172E"
"DolocTown.DronePanelUiState/<>c__DisplayClass18_0","item","DolocTown.Item","public","False","False","False","","0x040046B0"
"DolocTown.DronePanelUiState/<>c__DisplayClass27_0","item","DolocTown.Item","public","False","False","False","","0x040046B4"
"DolocTown.StoreUiState","storeItemCaches","System.Collections.Generic.Dictionary`2<System.Int32,DolocTown.StoreItemRef>","private","False","False","False","","0x04001744"
"DolocTown.StoreUiState","<soldItems>k__BackingField","System.Collections.Generic.Dictionary`2<System.String,System.Int32>","private","True","False","False","","0x04001745"
"DolocTown.StoreUiState","<boughtItems>k__BackingField","System.Collections.Generic.Dictionary`2<System.String,System.Int32>","private","True","False","False","","0x04001746"
"DolocTown.StoreUiState/<>c__DisplayClass35_0","cache","DolocTown.StoreItemRef","public","False","False","False","","0x040046CD"
"DolocTown.StoreUiState/<>c__DisplayClass35_0","inventoryIndex","System.Int32","public","False","False","False","","0x040046D2"
"DolocTown.StoreUiState/<>c__DisplayClass35_1","itemCount","System.Int32","public","False","False","False","","0x040046D5"
"DolocTown.StoreUiState/<>c__DisplayClass42_0","item","DolocTown.Item","public","False","False","False","","0x040046D7"
"DolocTown.StoreUiState/<>c__DisplayClass42_1","itemCount","System.Int32","public","False","False","False","","0x040046DD"
"DolocTown.StoreUiState/<>c__DisplayClass43_0","item","DolocTown.Item","public","False","False","False","","0x040046E2"
"DolocTown.StoreUiState/<>c","<>9__43_0","System.Func`2<DolocTown.Item,System.Int32>","public","True","False","False","","0x040046E4"
"DolocTown.GeneralSubmitUiState","itemFilter","System.Func`2<DolocTown.Item,System.Boolean>","private","False","False","False","","0x04001749"
"DolocTown.GeneralSubmitUiState","itemSubmitCountGetter","System.Func`2<DolocTown.Item,System.Int32>","private","False","False","False","","0x0400174B"
"DolocTown.GeneralSubmitUiState","confirmTextGetter","System.Func`3<DolocTown.Item,System.Int32,System.String>","private","False","False","False","","0x0400174C"
"DolocTown.GeneralSubmitUiState/<>c","<>9__6_1","System.Func`2<DolocTown.Item,System.Int32>","public","True","False","False","","0x040046E7"
"DolocTown.GeneralSubmitUiState/<>c","<>9__6_2","System.Func`3<DolocTown.Item,System.Int32,System.String>","public","True","False","False","","0x040046E8"
"DolocTown.CommandDefines/SubmitItemType","value__","System.Int32","public","False","False","False","","0x040046EC"
"DolocTown.CommandDefines/SubmitItemType","Plant","DolocTown.CommandDefines/SubmitItemType","public","True","False","True","0","0x040046ED"
"DolocTown.CommandDefines/SubmitItemType","Chip","DolocTown.CommandDefines/SubmitItemType","public","True","False","True","1","0x040046EE"
"DolocTown.CommandDefines/<>c","<>9__21_0","System.Func`2<DolocTown.Item,System.Int32>","public","True","False","False","","0x040046F5"
"DolocTown.FunctionDefines/<>c","<>9__41_0","System.Func`2<DolocTown.Config.Item.ItemInfo,System.String>","public","True","False","False","","0x04004784"
"DolocTown.FunctionDefines/<>c","<>9__57_0","System.Action`1<DolocTown.Config.Item.ItemInfo>","public","True","False","False","","0x04004785"
"DolocTown.CountItem","itemName","System.String","public","False","False","False","","0x040017A4"
"DolocTown.CountItem","itemCount","System.Int32","public","False","False","False","","0x040017A5"
"DolocTown.CountItemExt/<>c","<>9","DolocTown.CountItemExt/<>c","public","True","True","False","","0x04004799"
"DolocTown.CountItemExt/<>c","<>9__0_0","System.Func`2<DolocTown.CountItem,DolocTown.Item>","public","True","False","False","","0x0400479A"
"DolocTown.CraftedItem","targetItem","DolocTown.CountItem","public","False","False","False","","0x040017A6"
"DolocTown.CraftedItem","costItems","DolocTown.CountItem[]","public","False","False","False","","0x040017A7"
"DolocTown.RangedItem","itemName","System.String","public","False","False","False","","0x040017A8"
"DolocTown.RangedItem","minCount","System.Int32","public","False","False","False","","0x040017A9"
"DolocTown.RangedItem","maxCount","System.Int32","public","False","False","False","","0x040017AA"
"DolocTown.InventorySystem","<buffer>k__BackingField","DolocTown.SingleInventory","private","False","False","False","","0x040017BD"
"DolocTown.InventorySystem","<inventory>k__BackingField","DolocTown.LinearInventory","private","False","False","False","","0x040017BE"
"DolocTown.InventorySystem","<totalCapacity>k__BackingField","System.Int32","private","False","False","False","","0x040017BF"
"DolocTown.InventorySystem","<lineCapacity>k__BackingField","System.Int32","private","False","False","False","","0x040017C0"
"DolocTown.InventorySystem","<rowCount>k__BackingField","System.Int32","private","False","False","False","","0x040017C1"
"DolocTown.InventorySystem","<currentCase>k__BackingField","DolocTown.LinearInventory","private","False","False","False","","0x040017C2"
"DolocTown.LinearInventory","inventory","DolocTown.Item[]","private","False","False","False","","0x040017C3"
"DolocTown.LinearInventory","slotLockStates","System.Boolean[]","private","False","False","False","","0x040017C4"
"DolocTown.LinearInventory","receivers","System.Collections.Generic.List`1<DolocTown.InventoryReceiver>","private","False","False","False","","0x040017C5"
"DolocTown.LinearInventory/<>c","<>9","DolocTown.LinearInventory/<>c","public","True","True","False","","0x040047A0"
"DolocTown.LinearInventory/<>c","<>9__22_0","System.Func`2<DolocTown.Item,System.Boolean>","public","True","False","False","","0x040047A1"
"DolocTown.LinearInventory/<>c","<>9__24_0","System.Func`2<DolocTown.Item,System.Boolean>","public","True","False","False","","0x040047A2"
"DolocTown.LinearInventory/<>c","<>9__26_0","System.Func`2<DolocTown.Item,System.Boolean>","public","True","False","False","","0x040047A3"
"DolocTown.LinearInventory/<>c","<>9__26_1","System.Func`2<DolocTown.Item,System.Int32>","public","True","False","False","","0x040047A4"
"DolocTown.LinearInventory/<>c","<>9__32_0","System.Func`2<DolocTown.Item,System.Boolean>","public","True","False","False","","0x040047A5"
"DolocTown.LinearInventory/<>c","<>9__36_0","System.Func`2<DolocTown.Item,System.Boolean>","public","True","False","False","","0x040047A6"
"DolocTown.LinearInventory/<>c","<>9__38_0","System.Func`2<DolocTown.Item,System.Boolean>","public","True","False","False","","0x040047A7"
"DolocTown.LinearInventory/<>c","<>9__38_1","System.Func`2<DolocTown.Item,System.String>","public","True","False","False","","0x040047A8"
"DolocTown.LinearInventory/<>c","<>9__65_0","System.Func`2<DolocTown.Item,System.Boolean>","public","True","False","False","","0x040047A9"
"DolocTown.LinearInventory/<>c","<>9__72_0","System.Func`2<DolocTown.Item,System.Single>","public","True","False","False","","0x040047AA"
"DolocTown.LinearInventory/<>c","<>9__72_1","System.Func`2<DolocTown.Item,System.Single>","public","True","False","False","","0x040047AB"
"DolocTown.LinearInventory/<ReadAll>d__66`1","<>1__state","System.Int32","private","False","False","False","","0x040047AC"
"DolocTown.LinearInventory/<ReadAll>d__66`1","<>2__current","T","private","False","False","False","","0x040047AD"
"DolocTown.LinearInventory/<ReadAll>d__66`1","<>l__initialThreadId","System.Int32","private","False","False","False","","0x040047AE"
"DolocTown.LinearInventory/<ReadAll>d__66`1","<>4__this","DolocTown.LinearInventory","public","False","False","False","","0x040047AF"
"DolocTown.LinearInventory/<ReadAll>d__66`1","<>7__wrap1","DolocTown.Item[]","private","False","False","False","","0x040047B0"
"DolocTown.LinearInventory/<ReadAll>d__66`1","<>7__wrap2","System.Int32","private","False","False","False","","0x040047B1"
"DolocTown.SingleInventory","item","DolocTown.Item","private","False","False","False","","0x040017C6"
"DolocTown.SingleInventory","receivers","System.Collections.Generic.List`1<DolocTown.SingleInventoryReceiver>","private","False","False","False","","0x040017C7"
"DolocTown.SingleInventory","onValueChanged","UnityEngine.Events.UnityEvent`1<DolocTown.Item>","public","False","False","False","","0x040017C8"
"DolocTown.DevMenuItemAttribute","title","System.String","public","False","True","False","","0x040018C9"
"DolocTown.UiEffectsManager","_fadeUpTipSpriteManager","DolocTown.UI.FadeUpTipSpriteManager","private","False","False","False","","0x04001936"
"DolocTown.Rendering.SpriteMaterialHandle","CurrentHandle","DolocTown.Rendering.SpriteMaterialHandle","private","True","False","False","","0x0400195F"
"DolocTown.Rendering.SpriteMaterialHandle","_currentShader","UnityEngine.Shader","private","True","False","False","","0x04001960"
"DolocTown.Rendering.SpriteMaterialHandle","isManuallyChoosedShader","System.Boolean","private","False","False","False","","0x04001961"
"DolocTown.Rendering.SpriteMaterialHandle","_shader","UnityEngine.Shader","private","False","False","False","","0x04001962"
"DolocTown.Rendering.SpriteMaterialHandle","setTiming","DolocTown.Rendering.SpriteMaterialHandle/SetTiming","private","False","False","False","","0x04001963"
"DolocTown.Rendering.SpriteMaterialHandle","_materialPropertyInfos","DolocTown.Rendering.SpriteMaterialHandle/MaterialPropertyInfo[]","private","False","False","False","","0x04001964"
"DolocTown.Rendering.SpriteMaterialHandle","_material","UnityEngine.Material","private","False","False","False","","0x04001965"
"DolocTown.Rendering.SpriteMaterialHandle/SetTiming","value__","System.Int32","public","False","False","False","","0x04004851"
"DolocTown.Rendering.SpriteMaterialHandle/SetTiming","UnityAwake","DolocTown.Rendering.SpriteMaterialHandle/SetTiming","public","True","False","True","0","0x04004852"
"DolocTown.Rendering.SpriteMaterialHandle/SetTiming","UnityStart","DolocTown.Rendering.SpriteMaterialHandle/SetTiming","public","True","False","True","1","0x04004853"
"DolocTown.Rendering.SpriteMaterialHandle/SetTiming","UnityOnEnable","DolocTown.Rendering.SpriteMaterialHandle/SetTiming","public","True","False","True","2","0x04004854"
"DolocTown.Rendering.SpriteMaterialHandle/PropertyType","value__","System.Int32","public","False","False","False","","0x04004855"
"DolocTown.Rendering.SpriteMaterialHandle/PropertyType","Float","DolocTown.Rendering.SpriteMaterialHandle/PropertyType","public","True","False","True","0","0x04004856"
"DolocTown.Rendering.SpriteMaterialHandle/PropertyType","Color","DolocTown.Rendering.SpriteMaterialHandle/PropertyType","public","True","False","True","1","0x04004857"
"DolocTown.Rendering.SpriteMaterialHandle/PropertyType","ColorHDR","DolocTown.Rendering.SpriteMaterialHandle/PropertyType","public","True","False","True","2","0x04004858"
"DolocTown.Rendering.SpriteMaterialHandle/PropertyType","Vector","DolocTown.Rendering.SpriteMaterialHandle/PropertyType","public","True","False","True","3","0x04004859"
"DolocTown.Rendering.SpriteMaterialHandle/PropertyType","VectorTextureUVInfos","DolocTown.Rendering.SpriteMaterialHandle/PropertyType","public","True","False","True","4","0x0400485A"
"DolocTown.Rendering.SpriteMaterialHandle/PropertyType","VectorTextureOuterUV","DolocTown.Rendering.SpriteMaterialHandle/PropertyType","public","True","False","True","5","0x0400485B"
"DolocTown.Rendering.SpriteMaterialHandle/PropertyType","Texture","DolocTown.Rendering.SpriteMaterialHandle/PropertyType","public","True","False","True","6","0x0400485C"
"DolocTown.Rendering.SpriteMaterialHandle/MaterialPropertyInfo","propertyType","DolocTown.Rendering.SpriteMaterialHandle/PropertyType","private","False","False","False","","0x0400485D"
"DolocTown.Rendering.SpriteMaterialHandle/MaterialPropertyInfo","propertyId","System.String","private","False","False","False","","0x0400485E"
"DolocTown.Rendering.SpriteMaterialHandle/MaterialPropertyInfo","floatValue","System.Single","private","False","False","False","","0x0400485F"
"DolocTown.Rendering.SpriteMaterialHandle/MaterialPropertyInfo","colorValue","UnityEngine.Color","private","False","False","False","","0x04004860"
"DolocTown.Rendering.SpriteMaterialHandle/MaterialPropertyInfo","colorHDRValue","UnityEngine.Color","private","False","False","False","","0x04004861"
"DolocTown.Rendering.SpriteMaterialHandle/MaterialPropertyInfo","vectorValue","UnityEngine.Vector4","private","False","False","False","","0x04004862"
"DolocTown.Rendering.SpriteMaterialHandle/MaterialPropertyInfo","mainTextureValue","UnityEngine.Sprite","private","False","False","False","","0x04004863"
"DolocTown.Rendering.SpriteMaterialHandle/MaterialPropertyInfo","attachedTextureValue","UnityEngine.Sprite","private","False","False","False","","0x04004864"
"DolocTown.Rendering.SpriteMaterialHandle/MaterialPropertyInfo","attachedTextureId","System.String","private","False","False","False","","0x04004865"
"DolocTown.Rendering.SpriteMaterialHandle/MaterialPropertyInfo","textureScaleValue","UnityEngine.Sprite","private","False","False","False","","0x04004866"
"DolocTown.Rendering.SpriteMaterialHandle/MaterialPropertyInfo","textureValue","UnityEngine.Texture","private","False","False","False","","0x04004867"
"DolocTown.UI.FadeUpTipSpriteManager/<>c__DisplayClass0_0","image","DolocTown.UI.DolocImage","public","False","False","False","","0x0400488C"
"DolocTown.UI.FadeUpTipSpriteManager/<>c__DisplayClass0_0","inScene","System.Boolean","public","False","False","False","","0x0400488D"
"DolocTown.UI.FadeUpTipSpriteManager/<>c__DisplayClass1_0","image","DolocTown.UI.DolocImage","public","False","False","False","","0x0400488E"
"DolocTown.UI.FadeUpTipSpriteManager/<>c__DisplayClass1_0","inScene","System.Boolean","public","False","False","False","","0x0400488F"
"DolocTown.UI.ItemData","<notEmpty>k__BackingField","System.Boolean","private","False","True","False","","0x04001A9D"
"DolocTown.UI.ItemData","title","System.String","public","False","False","False","","0x04001A9E"
"DolocTown.UI.ItemData","type","System.String","public","False","False","False","","0x04001A9F"
"DolocTown.UI.ItemData","description","System.String","public","False","False","False","","0x04001AA0"
"DolocTown.UI.ItemData","info1","System.String","public","False","False","False","","0x04001AA1"
"DolocTown.UI.ItemData","info2","System.String","public","False","False","False","","0x04001AA2"
"DolocTown.UI.ItemData","price","System.String","public","False","False","False","","0x04001AA3"
"DolocTown.UI.ItemData","effectGroup","DolocTown.UI.EffectGroupData","public","False","False","False","","0x04001AA4"
"DolocTown.UI.ArchiveCatalogPanel","optionItem","DolocTown.UI.CategoryOption","public","False","False","False","","0x04001B09"
"DolocTown.UI.CollectionBookPanel","itemCatalogPanel","DolocTown.UI.ItemCatalogPanel","public","False","False","False","","0x04001B14"
"DolocTown.UI.AnimalDetailData","<itemNames>k__BackingField","System.String[]","private","False","True","False","","0x04001B21"
"DolocTown.UI.AnimalDetailData","<itemIcons>k__BackingField","UnityEngine.Sprite[]","private","False","True","False","","0x04001B22"
"DolocTown.UI.AnimalDetailInfo","outputItemViewer","DolocTown.UI.CostItemViewer","private","False","False","False","","0x04001B29"
"DolocTown.UI.FishDetailData","<itemNames>k__BackingField","System.String[]","private","False","True","False","","0x04001B49"
"DolocTown.UI.FishDetailData","<itemIcons>k__BackingField","UnityEngine.Sprite[]","private","False","True","False","","0x04001B4A"
"DolocTown.UI.FishDetailInfo","baitItemViewer","DolocTown.UI.CostItemViewer","private","False","False","False","","0x04001B51"
"DolocTown.UI.BookItemData","<notEmpty>k__BackingField","System.Boolean","private","False","True","False","","0x04001B52"
"DolocTown.UI.BookItemData","<icon>k__BackingField","UnityEngine.Sprite","private","False","True","False","","0x04001B53"
"DolocTown.UI.BookItemData","<isNew>k__BackingField","System.Boolean","private","False","True","False","","0x04001B54"
"DolocTown.UI.BookItemData","<obtained>k__BackingField","System.Boolean","private","False","True","False","","0x04001B55"
"DolocTown.UI.BookItemSlot","redPoint","UnityEngine.GameObject","private","False","False","False","","0x04001B56"
"DolocTown.UI.BookItemSlot","normalBgColor","UnityEngine.Color","private","False","False","False","","0x04001B57"
"DolocTown.UI.BookItemSlot","highLightBgColor","UnityEngine.Color","private","False","False","False","","0x04001B58"
"DolocTown.UI.BookItemSlot","border","UnityEngine.GameObject","private","False","False","False","","0x04001B59"
"DolocTown.UI.BookItemSlot","forceHighLighted","System.Boolean","public","False","False","False","","0x04001B5A"
"DolocTown.UI.InputItemViewer","fixedSlotCount","System.Int32","private","False","False","False","","0x04001B65"
"DolocTown.UI.InputItemViewer","<itemGetter>k__BackingField","System.Func`2<System.Int32,DolocTown.Item>","private","False","False","False","","0x04001B66"
"DolocTown.UI.ItemCatalogPanel","optionItem","DolocTown.UI.CategoryOption","public","False","False","False","","0x04001B67"
"DolocTown.UI.ItemCatalogPanel","itemListViewer","DolocTown.UI.ItemListViewer","public","False","False","False","","0x04001B68"
"DolocTown.UI.ItemCatalogPanel","itemViewer","DolocTown.UI.ItemViewer","public","False","False","False","","0x04001B69"
"DolocTown.UI.ItemRecipeListViewer","distanceWeight","System.Single","public","False","False","False","","0x04001B6A"
"DolocTown.UI.ItemRecipeListViewer","angleLimit","System.Single","public","False","False","False","","0x04001B6B"
"DolocTown.UI.ItemRecipeListViewer","viewport","UnityEngine.RectTransform","private","False","False","False","","0x04001B6C"
"DolocTown.UI.ItemRecipeListViewer","moveDuration","System.Single","private","False","False","False","","0x04001B6D"
"DolocTown.UI.ItemRecipeListViewer","scrollOffset","System.Single","private","False","False","False","","0x04001B6E"
"DolocTown.UI.ItemRecipeListViewer","itemListViewer","DolocTown.UI.ItemListViewer","private","False","False","False","","0x04001B6F"
"DolocTown.UI.ItemRecipeListViewer/<>c__DisplayClass17_0","slot","DolocTown.UI.ItemRecipeSlot","public","False","False","False","","0x040048A5"
"DolocTown.UI.ItemRecipeListViewer/<>c__DisplayClass17_0","<>4__this","DolocTown.UI.ItemRecipeListViewer","public","False","False","False","","0x040048A6"
"DolocTown.UI.ItemRecipeListViewer/<>c__DisplayClass17_1","i","System.Int32","public","False","False","False","","0x040048A7"
"DolocTown.UI.ItemRecipeListViewer/<>c__DisplayClass17_1","<>4__this","DolocTown.UI.ItemRecipeListViewer","public","False","False","False","","0x040048A8"
"DolocTown.UI.ItemRecipeData","<notEmpty>k__BackingField","System.Boolean","private","False","True","False","","0x04001B70"
"DolocTown.UI.ItemRecipeData","<isUnlock>k__BackingField","System.Boolean","private","False","True","False","","0x04001B71"
"DolocTown.UI.ItemRecipeData","<uiSprite>k__BackingField","UnityEngine.Sprite","private","False","True","False","","0x04001B72"
"DolocTown.UI.ItemRecipeData","<outputCount>k__BackingField","System.String","private","False","True","False","","0x04001B73"
"DolocTown.UI.ItemRecipeData","<simpleData>k__BackingField","DolocTown.UI.ItemSimpleData[]","private","False","True","False","","0x04001B74"
"DolocTown.UI.ItemRecipeData","<hasSynthesizer>k__BackingField","System.Boolean","private","False","True","False","","0x04001B75"
"DolocTown.UI.ItemRecipeData","<synthesizerName>k__BackingField","System.String","private","False","True","False","","0x04001B76"
"DolocTown.UI.ItemRecipeData","<time>k__BackingField","System.String","private","False","True","False","","0x04001B77"
"DolocTown.UI.ItemRecipeData","<emptyHint>k__BackingField","System.String","private","False","True","False","","0x04001B78"
"DolocTown.UI.ItemRecipeData","<targetItemName>k__BackingField","System.String","private","False","True","False","","0x04001B79"
"DolocTown.UI.ItemRecipeData","<outputItemName>k__BackingField","System.String","private","False","True","False","","0x04001B7A"
"DolocTown.UI.ItemRecipeData","<recipeProto>k__BackingField","DolocTown.Config.Recipe.RecipeInfo","private","False","True","False","","0x04001B7B"
"DolocTown.UI.ItemRecipeData/<>c","<>9","DolocTown.UI.ItemRecipeData/<>c","public","True","True","False","","0x040048A9"
"DolocTown.UI.ItemRecipeData/<>c","<>9__36_0","System.Func`2<DolocTown.CountItem,DolocTown.UI.ItemSimpleData>","public","True","False","False","","0x040048AA"
"DolocTown.UI.ItemRecipeSlot","contentGroup","UnityEngine.CanvasGroup","private","False","False","False","","0x04001B7C"
"DolocTown.UI.ItemRecipeSlot","outputRecipeItem","DolocTown.UI.RecipeSubItemSlot","private","False","False","False","","0x04001B7D"
"DolocTown.UI.ItemRecipeSlot","inputItems","DolocTown.UI.InputItemViewer","private","False","False","False","","0x04001B7E"
"DolocTown.UI.ItemRecipeSlot","synthesizeGroup","UnityEngine.GameObject","private","False","False","False","","0x04001B7F"
"DolocTown.UI.ItemRecipeSlot","synthesizer","UnityEngine.UI.Text","private","False","False","False","","0x04001B80"
"DolocTown.UI.ItemRecipeSlot","time","UnityEngine.UI.Text","private","False","False","False","","0x04001B81"
"DolocTown.UI.ItemRecipeSlot","hintText","UnityEngine.UI.Text","private","False","False","False","","0x04001B82"
"DolocTown.UI.ItemRecipeSlot","itemGetter","System.Func`2<System.Int32,DolocTown.Config.Recipe.RecipeInfo>","public","False","False","False","","0x04001B83"
"DolocTown.UI.ItemRecipeSlot","selectCallback","System.Action","private","False","False","False","","0x04001B84"
"DolocTown.UI.ItemRecipeSlot","firstSelected","UnityEngine.UI.Selectable","public","False","False","False","","0x04001B85"
"DolocTown.UI.ItemRecipeSlot","selectables","System.Collections.Generic.List`1<UnityEngine.UI.Selectable>","private","False","False","False","","0x04001B86"
"DolocTown.UI.ItemDetailData","<notEmpty>k__BackingField","System.Boolean","private","False","True","False","","0x04001B87"
"DolocTown.UI.ItemDetailData","<obtained>k__BackingField","System.Boolean","private","False","True","False","","0x04001B88"
"DolocTown.UI.ItemDetailData","<itemName>k__BackingField","System.String","private","False","True","False","","0x04001B89"
"DolocTown.UI.ItemDetailData","<icon>k__BackingField","UnityEngine.Sprite","private","False","True","False","","0x04001B8A"
"DolocTown.UI.ItemDetailData","<name>k__BackingField","System.String","private","False","True","False","","0x04001B8B"
"DolocTown.UI.ItemDetailData","<source>k__BackingField","System.String","private","False","True","False","","0x04001B8C"
"DolocTown.UI.ItemDetailData","<type>k__BackingField","System.String","private","False","True","False","","0x04001B8D"
"DolocTown.UI.ItemDetailData","<desc>k__BackingField","System.String","private","False","True","False","","0x04001B8E"
"DolocTown.UI.ItemDetailData","<geneInfo>k__BackingField","System.String","private","False","True","False","","0x04001B8F"
"DolocTown.UI.ItemDetailData","<price>k__BackingField","System.String","private","False","True","False","","0x04001B90"
"DolocTown.UI.ItemDetailData","<recipesData>k__BackingField","DolocTown.UI.ItemRecipeData[]","private","False","True","False","","0x04001B91"
"DolocTown.UI.ItemDetailData/<>c__DisplayClass33_0","itemName","System.String","public","False","False","False","","0x040048AB"
"DolocTown.UI.ItemDetailData/<>c","<>9","DolocTown.UI.ItemDetailData/<>c","public","True","True","False","","0x040048AC"
"DolocTown.UI.ItemDetailData/<>c","<>9__33_0","System.Func`2<DolocTown.Config.Item.ItemSourceInfo,System.String>","public","True","False","False","","0x040048AD"
"DolocTown.UI.ItemDetailData/<GetRelatedRecipesData>d__34","<>1__state","System.Int32","private","False","False","False","","0x040048AE"
"DolocTown.UI.ItemDetailData/<GetRelatedRecipesData>d__34","<>2__current","System.String","private","False","False","False","","0x040048AF"
"DolocTown.UI.ItemDetailData/<GetRelatedRecipesData>d__34","<>l__initialThreadId","System.Int32","private","False","False","False","","0x040048B0"
"DolocTown.UI.ItemDetailData/<GetRelatedRecipesData>d__34","<>4__this","DolocTown.UI.ItemDetailData","public","False","False","False","","0x040048B1"
"DolocTown.UI.ItemDetailData/<GetRelatedRecipesData>d__34","<>3__<>4__this","DolocTown.UI.ItemDetailData","public","False","False","False","","0x040048B2"
"DolocTown.UI.ItemDetailData/<GetRelatedRecipesData>d__34","<>7__wrap1","System.Collections.Generic.List`1/Enumerator<DolocTown.Config.Recipe.RecipeInfo>","private","False","False","False","","0x040048B3"
"DolocTown.UI.ItemDetailData/<GetRelatedRecipesData>d__34","<recipeProto>5__3","DolocTown.Config.Recipe.RecipeInfo","private","False","False","False","","0x040048B4"
"DolocTown.UI.ItemDetailData/<GetRelatedRecipesData>d__34","<>7__wrap3","DolocTown.CountItem[]","private","False","False","False","","0x040048B5"
"DolocTown.UI.ItemDetailData/<GetRelatedRecipesData>d__34","<>7__wrap4","System.Int32","private","False","False","False","","0x040048B6"
"DolocTown.UI.ItemViewer","itemIcon","UnityEngine.UI.Image","private","False","False","False","","0x04001B92"
"DolocTown.UI.ItemViewer","itemName","UnityEngine.UI.Text","private","False","False","False","","0x04001B93"
"DolocTown.UI.ItemViewer","itemSource","UnityEngine.UI.Text","private","False","False","False","","0x04001B94"
"DolocTown.UI.ItemViewer","itemType","UnityEngine.UI.Text","private","False","False","False","","0x04001B95"
"DolocTown.UI.ItemViewer","itemDesc","UnityEngine.UI.Text","private","False","False","False","","0x04001B96"
"DolocTown.UI.ItemViewer","itemPrice","UnityEngine.UI.Text","private","False","False","False","","0x04001B97"
"DolocTown.UI.ItemViewer","itemRecipeListViewer","DolocTown.UI.ItemRecipeListViewer","public","False","False","False","","0x04001B98"
"DolocTown.UI.ItemViewer","contentGroup","UnityEngine.CanvasGroup","private","False","False","False","","0x04001B99"
"DolocTown.UI.ItemViewer","emptyHint","UnityEngine.UI.Text","private","False","False","False","","0x04001B9A"
"DolocTown.UI.ItemViewer","itemInfoTransform","UnityEngine.RectTransform","private","False","False","False","","0x04001B9B"
"DolocTown.UI.ItemViewer","typeLayoutElement","UnityEngine.UI.LayoutElement","private","False","False","False","","0x04001B9C"
"DolocTown.UI.ItemViewer","typePreferredWidth","System.Single","private","False","False","False","","0x04001B9D"
"DolocTown.UI.ItemViewer","recipeView","UnityEngine.GameObject","private","False","False","False","","0x04001B9E"
"DolocTown.UI.ItemViewer","extraInfo","UnityEngine.UI.Text","private","False","False","False","","0x04001B9F"
"DolocTown.UI.ItemViewer","<currentData>k__BackingField","DolocTown.UI.ItemDetailData","private","False","False","False","","0x04001BA0"
"DolocTown.UI.ItemSimpleData","<notEmpty>k__BackingField","System.Boolean","private","False","True","False","","0x04001BA1"
"DolocTown.UI.ItemSimpleData","<sprite>k__BackingField","UnityEngine.Sprite","private","False","True","False","","0x04001BA2"
"DolocTown.UI.ItemSimpleData","<count>k__BackingField","System.String","private","False","True","False","","0x04001BA3"
"DolocTown.UI.ItemSimpleData","<obtained>k__BackingField","System.Boolean","private","False","True","False","","0x04001BA4"
"DolocTown.UI.RecipeSubItemSlot","textNum","UnityEngine.UI.Text","private","False","False","False","","0x04001BA5"
"DolocTown.UI.RecipeSubItemSlot","normalBgColor","UnityEngine.Color","private","False","False","False","","0x04001BA6"
"DolocTown.UI.RecipeSubItemSlot","highLightBgColor","UnityEngine.Color","private","False","False","False","","0x04001BA7"
"DolocTown.UI.RecipeSubItemSlot","border","UnityEngine.GameObject","private","False","False","False","","0x04001BA8"
"DolocTown.UI.RecipeSubItemSlot","resetScrollRectCallback","System.Action`1<UnityEngine.RectTransform>","public","False","False","False","","0x04001BA9"
"DolocTown.UI.RecipeSubItemSlot","parentSlot","DolocTown.UI.ItemRecipeSlot","private","False","False","False","","0x04001BAA"
"DolocTown.UI.MonsterDetailData","<itemNames>k__BackingField","System.String[]","private","False","True","False","","0x04001BBC"
"DolocTown.UI.MonsterDetailData","<dropItems>k__BackingField","UnityEngine.Sprite[]","private","False","True","False","","0x04001BBD"
"DolocTown.UI.MonsterViewer","costItemViewer","DolocTown.UI.CostItemViewer","private","False","False","False","","0x04001BC5"
"DolocTown.UI.ResourceDetailData","<itemNames>k__BackingField","System.String[]","private","False","True","False","","0x04001C09"
"DolocTown.UI.ResourceDetailData","<dropItems>k__BackingField","UnityEngine.Sprite[]","private","False","True","False","","0x04001C0A"
"DolocTown.UI.ResourceViewer","costItemViewer","DolocTown.UI.CostItemViewer","private","False","False","False","","0x04001C13"
"DolocTown.UI.BuildingData","<outputItemSprite>k__BackingField","UnityEngine.Sprite","private","False","True","False","","0x04001C1E"
"DolocTown.UI.BuildingData","<outputItemTitle>k__BackingField","System.String","private","False","True","False","","0x04001C21"
"DolocTown.UI.BuildingData","<itemCosts>k__BackingField","DolocTown.UI.CostViewerData","private","False","True","False","","0x04001C29"
"DolocTown.UI.BuildingData","<isItemCostEnough>k__BackingField","System.Boolean","private","False","True","False","","0x04001C2A"
"DolocTown.UI.CraftViewer`1","costItemViewer","DolocTown.UI.CostItemViewer","protected","False","False","False","","0x04001C41"
"DolocTown.UI.EquipmentData","<outputItemSprite>k__BackingField","UnityEngine.Sprite","private","False","True","False","","0x04001C43"
"DolocTown.UI.EquipmentData","<outputItemTitle>k__BackingField","System.String","private","False","True","False","","0x04001C46"
"DolocTown.UI.EquipmentData","<itemCosts>k__BackingField","DolocTown.UI.CostViewerData","private","False","True","False","","0x04001C4B"
"DolocTown.UI.EquipmentData","<itemCount>k__BackingField","System.Int32","private","False","True","False","","0x04001C4E"
"DolocTown.UI.EquipmentViewer","item_count","UnityEngine.UI.Text","private","False","False","False","","0x04001C63"
"DolocTown.UI.PlatformData","<outputItemSprite>k__BackingField","UnityEngine.Sprite","private","False","True","False","","0x04001C68"
"DolocTown.UI.PlatformData","<outputItemTitle>k__BackingField","System.String","private","False","True","False","","0x04001C6B"
"DolocTown.UI.PlatformData","<itemCosts>k__BackingField","DolocTown.UI.CostViewerData","private","False","True","False","","0x04001C6E"
"DolocTown.UI.PlatformData","<itemTiles>k__BackingField","System.String","private","False","True","False","","0x04001C71"
"DolocTown.UI.ConversionRecipeData","<outputItemData>k__BackingField","DolocTown.UI.ItemData","private","False","True","False","","0x04001C7F"
"DolocTown.UI.ConversionRecipeData","<outputItemTitle>k__BackingField","System.String","private","False","True","False","","0x04001C80"
"DolocTown.UI.ConversionRecipeData","<outputItemSprite>k__BackingField","UnityEngine.Sprite","private","False","True","False","","0x04001C81"
"DolocTown.UI.ConversionRecipeData","<existItemInfo>k__BackingField","System.String","private","False","True","False","","0x04001C87"
"DolocTown.UI.RecipeData","<outputItem>k__BackingField","System.String","private","False","True","False","","0x04001C89"
"DolocTown.UI.RecipeData","<outputItemSprite>k__BackingField","UnityEngine.Sprite","private","False","True","False","","0x04001C8A"
"DolocTown.UI.RecipeData","<outputItemTitle>k__BackingField","System.String","private","False","True","False","","0x04001C8F"
"DolocTown.UI.RecipeData","<itemCosts>k__BackingField","DolocTown.UI.CostViewerData","private","False","True","False","","0x04001C98"
"DolocTown.UI.RecipeData","<existItemCount>k__BackingField","System.Int32","private","False","True","False","","0x04001C9A"
"DolocTown.UI.RecipeData","<showExistItemCount>k__BackingField","System.Boolean","private","False","True","False","","0x04001C9B"
"DolocTown.UI.RecipeData","<itemEffects>k__BackingField","DolocTown.UI.EffectGroupData","private","False","True","False","","0x04001C9D"
"DolocTown.UI.ConversionRecipeViewer","targetItem","DolocTown.UI.ItemNavSlot","public","False","False","False","","0x04001CBA"
"DolocTown.UI.DroneItemSlot","txtTitle","UnityEngine.UI.Text","protected","False","False","False","","0x04001D61"
"DolocTown.UI.DroneItemSlot","txtDesc","UnityEngine.UI.Text","protected","False","False","False","","0x04001D62"
"DolocTown.UI.DroneItemSlot","txtType","UnityEngine.UI.Text","protected","False","False","False","","0x04001D63"
"DolocTown.UI.DroneItemSlot","txtEmpty","UnityEngine.UI.Text","protected","False","False","False","","0x04001D64"
"DolocTown.UI.DroneItemSlot","icon","UnityEngine.UI.Image","protected","False","False","False","","0x04001D65"
"DolocTown.UI.DroneItemSlot","arrow","DolocTown.UI.DynamicArrow","protected","False","False","False","","0x04001D66"
"DolocTown.UI.DroneItemSlot","content","UnityEngine.CanvasGroup","private","False","False","False","","0x04001D67"
"DolocTown.UI.DroneItemSlot","onEmptyChange","UnityEngine.Events.UnityEvent","public","False","False","False","","0x04001D68"
"DolocTown.UI.DroneItemSlot","_isEmpty","System.Boolean","private","False","False","False","","0x04001D69"
"DolocTown.UI.DroneItemSlot","<isHighLight>k__BackingField","System.Boolean","private","False","False","False","","0x04001D6A"
"DolocTown.UI.DroneWidget","structItemSlot","DolocTown.UI.DroneItemSlot","public","False","False","False","","0x04001D6E"
"DolocTown.UI.DroneWidget","cmpItemSlots","System.Collections.Generic.List`1<DolocTown.UI.DroneItemSlot>","public","False","False","False","","0x04001D70"
"DolocTown.UI.DropItemPickTip","content","UnityEngine.Transform","private","False","False","False","","0x04001D73"
"DolocTown.UI.DropItemPickTip","imgIcon","UnityEngine.UI.Image","private","False","False","False","","0x04001D74"
"DolocTown.UI.DropItemPickTip","textCount","UnityEngine.UI.Text","private","False","False","False","","0x04001D75"
"DolocTown.UI.DropItemPickTip","showTime","System.Single","private","False","False","False","","0x04001D76"
"DolocTown.UI.DropItemPickTip","hideTime","System.Single","private","False","False","False","","0x04001D77"
"DolocTown.UI.DropItemPickTip","holdTime","System.Single","private","False","False","False","","0x04001D78"
"DolocTown.UI.DropItemPickTip","space","System.Single","private","False","False","False","","0x04001D79"
"DolocTown.UI.DropItemPickTip","ease","DG.Tweening.Ease","private","False","False","False","","0x04001D7A"
"DolocTown.UI.DropItemPickTip","sequence","DG.Tweening.Sequence","private","False","False","False","","0x04001D7B"
"DolocTown.UI.DropItemPickTip","<idle>k__BackingField","System.Boolean","private","False","False","False","","0x04001D7C"
"DolocTown.UI.DropItemPickTip","onComplete","UnityEngine.Events.UnityEvent`1<DolocTown.UI.DropItemPickTip>","public","False","False","False","","0x04001D7D"
"DolocTown.UI.DropItemPickTip","id","System.String","public","False","False","False","","0x04001D7E"
"DolocTown.UI.DropItemPickTip","<itemName>k__BackingField","System.String","private","False","False","False","","0x04001D7F"
"DolocTown.UI.DropItemPickTip","count","System.Int32","private","False","False","False","","0x04001D80"
"DolocTown.UI.DropItemPickTip","title","System.String","private","False","False","False","","0x04001D81"
"DolocTown.UI.DropItemPickTip","hiddenPos","UnityEngine.Vector3","private","False","False","False","","0x04001D82"
"DolocTown.UI.DropItemPickTipManager","pool","DolocTown.UI.DropItemPickTip[]","private","False","False","False","","0x04001D83"
"DolocTown.UI.DropItemPickTipManager","lruCache","LRUCache`2<System.String,DolocTown.UI.DropItemPickTip>","private","False","False","False","","0x04001D84"
"DolocTown.UI.DropItemPickTipManager","itemSize","UnityEngine.Vector2","private","False","False","False","","0x04001D85"
"DolocTown.UI.EnvOptimizerData","<items>k__BackingField","DolocTown.UI.EnvOptimizerItemData[]","private","False","True","False","","0x04001DB1"
"DolocTown.UI.EnvOptimizerData/<>c","<>9__33_1","System.Func`2<DolocTown.EnvOptimizerComponentSlot,DolocTown.UI.EnvOptimizerItemData>","public","True","False","False","","0x040048DC"
"DolocTown.UI.EnvOptimizerItemData","<notEmpty>k__BackingField","System.Boolean","private","False","True","False","","0x04001DC3"
"DolocTown.UI.EnvOptimizerItemData","<title>k__BackingField","System.String","private","False","True","False","","0x04001DC4"
"DolocTown.UI.EnvOptimizerItemData","<sprite>k__BackingField","UnityEngine.Sprite","private","False","True","False","","0x04001DC5"
"DolocTown.UI.EnvOptimizerItemData","<isActive>k__BackingField","System.Boolean","private","False","True","False","","0x04001DC6"
"DolocTown.UI.EnvOptimizerItemSlot","title","UnityEngine.UI.Text","private","False","False","False","","0x04001DD3"
"DolocTown.UI.EnvOptimizerItemSlot","progressBorder","DolocTown.UI.ProgressBar","private","False","False","False","","0x04001DD4"
"DolocTown.UI.EnvOptimizerItemSlot","data","DolocTown.UI.EnvOptimizerItemData","private","False","False","False","","0x04001DD5"
"DolocTown.UI.EnvOptimizerPanel","itemRoot","UnityEngine.RectTransform","private","False","False","False","","0x04001DDE"
"DolocTown.UI.EnvOptimizerPanel","<itemSlots>k__BackingField","DolocTown.UI.EnvOptimizerItemSlot[]","private","False","False","False","","0x04001DE0"
"DolocTown.UI.EnvOptimizerPanel/<>c__DisplayClass22_1","slot","DolocTown.UI.EnvOptimizerItemSlot","public","False","False","False","","0x040048E3"
"DolocTown.UI.EnvOptimizerPanel/<>c","<>9__25_0","System.Func`2<DolocTown.UI.EnvOptimizerItemSlot,UnityEngine.UI.Selectable>","public","True","False","False","","0x040048E6"
"DolocTown.UI.EnvOptimizerPanel/<PlayAnim>d__34","itemSlot","DolocTown.UI.EnvOptimizerItemSlot","public","False","False","False","","0x040048EC"
"DolocTown.UI.AutomateBotData","<optionItem1Title>k__BackingField","System.String","private","False","True","False","","0x04001DF4"
"DolocTown.UI.AutomateBotData","<optionItem1>k__BackingField","System.Boolean","private","False","True","False","","0x04001DF5"
"DolocTown.UI.AutomateBotData","<optionItem2Title>k__BackingField","System.String","private","False","True","False","","0x04001DF6"
"DolocTown.UI.AutomateBotData","<optionItem2>k__BackingField","System.Boolean","private","False","True","False","","0x04001DF7"
"DolocTown.UI.AutomateBotViewer","OptionItemUI1","DolocTown.UI.OptionItem","public","False","False","False","","0x04001DFB"
"DolocTown.UI.AutomateBotViewer","OptionItemUI2","DolocTown.UI.OptionItem","public","False","False","False","","0x04001DFC"
"DolocTown.UI.BotRecipeData/<>c","<>9__18_0","System.Func`2<DolocTown.CountItem,System.Int32>","public","True","False","False","","0x040048F9"
"DolocTown.UI.BotRecipeData/<>c","<>9__18_1","System.Func`2<DolocTown.CountItem,System.String>","public","True","False","False","","0x040048FA"
"DolocTown.UI.OptionItem","titleLabel","UnityEngine.UI.Text","private","False","False","False","","0x04001E12"
"DolocTown.UI.OptionItem","optionLabel","UnityEngine.UI.Text","private","False","False","False","","0x04001E13"
"DolocTown.UI.OptionItem","textBox","DolocTown.UI.DolocSelectableComponent","private","False","False","False","","0x04001E14"
"DolocTown.UI.OptionItem","prevBtn","DolocTown.UI.DolocButtonComponent","private","False","False","False","","0x04001E15"
"DolocTown.UI.OptionItem","nextBtn","DolocTown.UI.DolocButtonComponent","private","False","False","False","","0x04001E16"
"DolocTown.UI.OptionItem","bgImage","UnityEngine.UI.Image","private","False","False","False","","0x04001E17"
"DolocTown.UI.OptionItem","<OnValueChanged>k__BackingField","System.Action`1<System.Int32>","private","False","False","False","","0x04001E18"
"DolocTown.UI.OptionItem","_currentIndex","System.Int32","private","False","False","False","","0x04001E19"
"DolocTown.UI.OptionItem","optionCount","System.Int32","private","False","False","False","","0x04001E1A"
"DolocTown.UI.OptionItem","OptionLabelGetter","System.Func`2<System.Int32,System.String>","private","False","False","False","","0x04001E1B"
"DolocTown.UI.OptionItem","ValueGetter","System.Func`2<System.Int32,System.Int32>","private","False","False","False","","0x04001E1C"
"DolocTown.UI.OptionItem","selectCallback","System.Action","private","False","False","False","","0x04001E1D"
"DolocTown.UI.BoxInventoryWidget","titleIcon","DolocTown.UI.ItemNavSlot","public","False","False","False","","0x04001E1E"
"DolocTown.UI.BoxInventoryWidget","titleCanvasGroup","UnityEngine.CanvasGroup","private","False","False","False","","0x04001E1F"
"DolocTown.UI.BoxInventoryWidget","contentCanvasGroup","UnityEngine.CanvasGroup","private","False","False","False","","0x04001E20"
"DolocTown.UI.BoxInventoryWidget","onTitleIconSelect","UnityEngine.Events.UnityEvent","public","False","False","False","","0x04001E21"
"DolocTown.UI.BoxInventoryWidget","<currentItemBox>k__BackingField","DolocTown.ItemBox","private","False","False","False","","0x04001E22"
"DolocTown.UI.StorageShelfWidget","boxTemplate","DolocTown.UI.BoxInventoryWidget","private","False","False","False","","0x04001E26"
"DolocTown.UI.StorageShelfWidget","boxUis","System.Collections.Generic.List`1<DolocTown.UI.BoxInventoryWidget>","public","False","False","False","","0x04001E29"
"DolocTown.UI.StorageShelfWidget","boxPool","System.Collections.Generic.List`1<DolocTown.UI.BoxInventoryWidget>","private","False","False","False","","0x04001E2A"
"DolocTown.UI.StorageShelfWidget/<>c","<>9__26_0","System.Func`2<DolocTown.Item,DolocTown.ItemBox>","public","True","False","False","","0x040048FD"
"DolocTown.UI.AccessoriesBar","hatItem","DolocTown.UI.AccessorySlot","public","False","False","False","","0x04001E30"
"DolocTown.UI.AccessoriesBar","positiveItem","DolocTown.UI.AccessorySlot","public","False","False","False","","0x04001E31"
"DolocTown.UI.AccessoriesBar","passiveItem1","DolocTown.UI.AccessorySlot","public","False","False","False","","0x04001E32"
"DolocTown.UI.AccessoriesBar","passiveItem2","DolocTown.UI.AccessorySlot","public","False","False","False","","0x04001E33"
"DolocTown.UI.AccessoriesBar","hatItemSelect","System.Action","private","False","False","False","","0x04001E34"
"DolocTown.UI.AccessoriesBar","hatItemClick","System.Action","private","False","False","False","","0x04001E35"
"DolocTown.UI.AccessoriesBar","activeItemSelect","System.Action","private","False","False","False","","0x04001E36"
"DolocTown.UI.AccessoriesBar","activeItemClick","System.Action","private","False","False","False","","0x04001E37"
"DolocTown.UI.AccessoriesBar","passiveItem1Select","System.Action","private","False","False","False","","0x04001E38"
"DolocTown.UI.AccessoriesBar","passiveItem1Click","System.Action","private","False","False","False","","0x04001E39"
"DolocTown.UI.AccessoriesBar","passiveItem2Select","System.Action","private","False","False","False","","0x04001E3A"
"DolocTown.UI.AccessoriesBar","passiveItem2Click","System.Action","private","False","False","False","","0x04001E3B"
"DolocTown.UI.DroneBar","structItemSlot","DolocTown.UI.DroneItemSimpleSlot","public","False","False","False","","0x04001E44"
"DolocTown.UI.DroneItemSimpleSlot","emptyHint","UnityEngine.UI.Image","private","False","False","False","","0x04001E4C"
"DolocTown.UI.DroneItemSimpleSlot","normalBgColor","UnityEngine.Color","private","False","False","False","","0x04001E4D"
"DolocTown.UI.DroneItemSimpleSlot","highLightBgColor","UnityEngine.Color","private","False","False","False","","0x04001E4E"
"DolocTown.UI.BackpackBottomPanel","onDestroyItem","System.Action","private","False","False","False","","0x04001EFD"
"DolocTown.UI.BackpackSideBarWidget/<>c","<>9__2_0","System.Action`1<DolocTown.UI.ItemNavSlot>","public","True","False","False","","0x04004925"
"DolocTown.UI.ItemBorder","border","UnityEngine.UI.Image","private","False","False","False","","0x04001F0D"
"DolocTown.UI.ItemBorder","thickBorderColor","UnityEngine.Color","private","False","False","False","","0x04001F0E"
"DolocTown.UI.ItemBorder","thickBorderSprite","UnityEngine.Sprite","private","False","False","False","","0x04001F0F"
"DolocTown.UI.ItemBorder","thinBorderColor","UnityEngine.Color","private","False","False","False","","0x04001F10"
"DolocTown.UI.ItemBorder","thinBorderSprite","UnityEngine.Sprite","private","False","False","False","","0x04001F11"
"DolocTown.UI.ItemBorder","arrow","UnityEngine.UI.Image","private","False","False","False","","0x04001F12"
"DolocTown.UI.ItemBorder","_anchor","UnityEngine.Transform","private","False","False","False","","0x04001F13"
"DolocTown.UI.ItemBorder","moveTween","DG.Tweening.Sequence","private","False","False","False","","0x04001F14"
"DolocTown.UI.ItemBorder","currentType","DolocTown.UI.BorderType","private","False","False","False","","0x04001F15"
"DolocTown.UI.ContainerWidget/<>c","<>9__28_0","System.Func`2<DolocTown.UI.ItemNavSlot,DolocTown.UI.DolocButtonComponent>","public","True","False","False","","0x04004929"
"DolocTown.UI.DisposeItemPanel","image","UnityEngine.UI.Image","private","False","False","False","","0x04001F27"
"DolocTown.UI.ExchangeInventory","imgIcon","UnityEngine.UI.Image","private","False","False","False","","0x04001F28"
"DolocTown.UI.ExchangeInventory","subscript","UnityEngine.UI.Image","private","False","False","False","","0x04001F29"
"DolocTown.UI.ExchangeInventory","textCount","TMPro.TMP_Text","private","False","False","False","","0x04001F2A"
"DolocTown.UI.ExchangeInventory","offset","UnityEngine.Vector2","private","False","False","False","","0x04001F2B"
"DolocTown.UI.ExchangeInventory","_anchor","UnityEngine.Transform","private","False","False","False","","0x04001F2C"
"DolocTown.UI.ExchangeInventory","shouldUpdatePosition","System.Boolean","private","False","False","False","","0x04001F2D"
"DolocTown.UI.InventoryPanel","title","DolocTown.UI.AutoSizeText","private","False","False","False","","0x04001F2E"
"DolocTown.UI.InventoryPanel","onSlotRender","System.Action`2<System.Int32,DolocTown.Item>","protected","False","False","False","","0x04001F2F"
"DolocTown.UI.InventoryPanel","inventory","DolocTown.LinearInventory","private","False","False","False","","0x04001F30"
"DolocTown.UI.InventoryPanel","<itemGetter>k__BackingField","System.Func`2<System.Int32,DolocTown.Item>","private","False","False","False","","0x04001F31"
"DolocTown.UI.InventoryPanel","<itemDataConverter>k__BackingField","System.Func`2<DolocTown.Item,DolocTown.UI.ItemData>","private","False","False","False","","0x04001F32"
"DolocTown.UI.InventoryPanel/<>c","<>9","DolocTown.UI.InventoryPanel/<>c","public","True","True","False","","0x0400492A"
"DolocTown.UI.InventoryPanel/<>c","<>9__22_0","System.Func`2<DolocTown.Item,DolocTown.UI.ItemData>","public","True","False","False","","0x0400492B"
"DolocTown.UI.InventoryPanel/<>c","<>9__23_0","System.Func`2<System.Int32,DolocTown.Item>","public","True","False","False","","0x0400492C"
"DolocTown.UI.InventoryPanel/<>c","<>9__23_1","System.Func`2<DolocTown.Item,DolocTown.UI.ItemData>","public","True","False","False","","0x0400492D"
"DolocTown.UI.HoverBoxGroup","itemHoverBox","DolocTown.UI.ItemHoverBox","private","False","False","False","","0x04001F39"
"DolocTown.UI.ItemHoverBox","txtName","UnityEngine.UI.Text","private","False","False","False","","0x04001F42"
"DolocTown.UI.ItemHoverBox","txtDesc","UnityEngine.UI.Text","private","False","False","False","","0x04001F43"
"DolocTown.UI.ItemHoverBox","txtInfo1","UnityEngine.UI.Text","private","False","False","False","","0x04001F44"
"DolocTown.UI.ItemHoverBox","txtInfo2","UnityEngine.UI.Text","private","False","False","False","","0x04001F45"
"DolocTown.UI.ItemHoverBox","txtPrice","UnityEngine.UI.Text","private","False","False","False","","0x04001F46"
"DolocTown.UI.ItemHoverBox","textType","UnityEngine.UI.Text","private","False","False","False","","0x04001F47"
"DolocTown.UI.ItemHoverBox","canvasGroup","UnityEngine.CanvasGroup","private","False","False","False","","0x04001F48"
"DolocTown.UI.ItemHoverBox","effectGroupViewer","DolocTown.UI.EffectGroupViewer","private","False","False","False","","0x04001F49"
"DolocTown.UI.ItemHoverBox","nameLayoutElement","UnityEngine.UI.LayoutElement","private","False","False","False","","0x04001F4A"
"DolocTown.UI.ItemHoverBox","typeLayoutElement","UnityEngine.UI.LayoutElement","private","False","False","False","","0x04001F4B"
"DolocTown.UI.ItemHoverBox","namePreferredWidth","System.Single","private","False","False","False","","0x04001F4C"
"DolocTown.UI.ItemHoverBox","typePreferredWidth","System.Single","private","False","False","False","","0x04001F4D"
"DolocTown.UI.ItemHoverBox","maxWidth","System.Single","private","False","False","False","","0x04001F4E"
"DolocTown.UI.ItemHoverBox","_levelSprites","System.Collections.Generic.List`1<UnityEngine.Sprite>","private","False","False","False","","0x04001F4F"
"DolocTown.UI.ItemNavSlot","normalBgColor","UnityEngine.Color","public","False","False","False","","0x04001F5C"
"DolocTown.UI.ItemNavSlot","highLightBgColor","UnityEngine.Color","public","False","False","False","","0x04001F5D"
"DolocTown.UI.ItemNavSlot","labelText","UnityEngine.UI.Text","public","False","False","False","","0x04001F5E"
"DolocTown.UI.ItemNavSlot","subscriptIcon","UnityEngine.UI.Image","private","False","False","False","","0x04001F5F"
"DolocTown.UI.ItemNavSlot","countText","TMPro.TMP_Text","private","False","False","False","","0x04001F60"
"DolocTown.UI.ItemNavSlot","barImg","UnityEngine.UI.Image","private","False","False","False","","0x04001F61"
"DolocTown.UI.ItemNavSlot","lockImg","UnityEngine.UI.Image","private","False","False","False","","0x04001F62"
"DolocTown.UI.ItemNavSlot","contentCanvas","UnityEngine.CanvasGroup","private","False","False","False","","0x04001F63"
"DolocTown.UI.ItemNavSlot","grayMode","DolocTown.UI.ItemNavSlot/GrayMode","public","False","False","False","","0x04001F64"
"DolocTown.UI.ItemNavSlot/GrayMode","value__","System.Int32","public","False","False","False","","0x0400492E"
"DolocTown.UI.ItemNavSlot/GrayMode","Content","DolocTown.UI.ItemNavSlot/GrayMode","public","True","False","True","0","0x0400492F"
"DolocTown.UI.ItemNavSlot/GrayMode","All","DolocTown.UI.ItemNavSlot/GrayMode","public","True","False","True","1","0x04004930"
"DolocTown.UI.QuickInventoryPanel","droneItem","DolocTown.UI.ItemNavSlot","private","False","False","False","","0x04001F65"
"DolocTown.UI.QuickInventoryPanel","positiveItem","DolocTown.UI.ItemNavSlot","private","False","False","False","","0x04001F66"
"DolocTown.UI.QuickInventoryPanel","DroneSlotIndex","System.Int32","private","True","False","True","-2","0x04001F67"
"DolocTown.UI.QuickInventoryPanel","PositiveSlotIndex","System.Int32","private","True","False","True","-1","0x04001F68"
"DolocTown.UI.QuickInventoryPanel","navCache","System.Collections.Generic.List`1<System.Int32>","private","False","False","False","","0x04001F69"
"DolocTown.UI.QuickInventoryPanel","offset","System.Int32","private","False","False","False","","0x04001F6A"
"DolocTown.UI.QuickInventoryPanel","onLeftClicked","System.Action`1<System.Int32>","private","False","False","False","","0x04001F6B"
"DolocTown.UI.QuickInventoryPanel","onRightClicked","System.Action`1<System.Int32>","private","False","False","False","","0x04001F6C"
"DolocTown.UI.QuickInventoryPanel","onSelected","System.Action`1<System.Int32>","private","False","False","False","","0x04001F6D"
"DolocTown.UI.QuickInventoryPanel","onDeselect","System.Action`1<System.Int32>","private","False","False","False","","0x04001F6E"
"DolocTown.UI.QuickInventoryPanel","latestSelect","System.Int32","private","False","False","False","","0x04001F6F"
"DolocTown.UI.QuickInventoryPanel","currentSelect","System.Int32","private","False","False","False","","0x04001F70"
"DolocTown.UI.QuickInventoryPanel/<>c","<>9","DolocTown.UI.QuickInventoryPanel/<>c","public","True","True","False","","0x04004931"
"DolocTown.UI.QuickInventoryPanel/<>c","<>9__17_0","System.Action`1<System.Int32>","public","True","False","False","","0x04004932"
"DolocTown.UI.QuickInventoryPanel/<>c","<>9__17_1","System.Action`1<System.Int32>","public","True","False","False","","0x04004933"
"DolocTown.UI.QuickInventoryPanel/<>c__DisplayClass18_0","<>4__this","DolocTown.UI.QuickInventoryPanel","public","False","False","False","","0x04004934"
"DolocTown.UI.QuickInventoryPanel/<>c__DisplayClass18_0","onItemFilter","System.Func`2<DolocTown.Item,System.Boolean>","public","False","False","False","","0x04004935"
"DolocTown.UI.FactionItemData","<notEmpty>k__BackingField","System.Boolean","private","False","True","False","","0x0400201E"
"DolocTown.UI.FactionItemData","sprite","UnityEngine.Sprite","public","False","False","False","","0x0400201F"
"DolocTown.UI.FactionItemData","isFinished","System.Boolean","public","False","False","False","","0x04002020"
"DolocTown.UI.FactionItemData","count","System.String","public","False","False","False","","0x04002021"
"DolocTown.UI.FactionMissionData","items","System.Collections.Generic.List`1<DolocTown.UI.FactionItemData>","public","False","False","False","","0x04002027"
"DolocTown.UI.FactionMissionData","moneyCost","DolocTown.UI.FactionItemData","public","False","False","False","","0x04002028"
"DolocTown.UI.FactionMissionData/<>c","<>9__15_0","System.Func`2<DolocTown.FactionItem,DolocTown.UI.FactionItemData>","public","True","False","False","","0x04004990"
"DolocTown.UI.FactionMissionData/<>c","<>9__15_1","System.Func`2<DolocTown.FactionItem,System.Int32>","public","True","False","False","","0x04004991"
"DolocTown.UI.FactionMissionData/<>c","<>9__15_2","System.Func`2<DolocTown.FactionItem,System.String>","public","True","False","False","","0x04004992"
"DolocTown.UI.FactionItemSlot","txtCount","TMPro.TMP_Text","private","False","False","False","","0x0400202F"
"DolocTown.UI.FactionItemSlot","txtHint","UnityEngine.UI.Text","private","False","False","False","","0x04002030"
"DolocTown.UI.FactionMissionViewer","slots","DolocTown.UI.FactionItemSlot[]","public","False","False","False","","0x04002041"
"DolocTown.UI.ModData","canUpdateWorkshopItem","System.Boolean","public","False","False","False","","0x040020A2"
"DolocTown.UI.SeedUnLockData/<>c","<>9__24_0","System.Func`2<DolocTown.CountItem,System.String>","public","True","False","False","","0x040049A0"
"DolocTown.UI.SeedUnLockData/<>c","<>9__24_1","System.Func`2<DolocTown.CountItem,System.Int32>","public","True","False","False","","0x040049A1"
"DolocTown.UI.StoreItemData","<notEmpty>k__BackingField","System.Boolean","private","False","True","False","","0x040020F7"
"DolocTown.UI.StoreItemData","isBuyback","System.Boolean","public","False","False","False","","0x040020F8"
"DolocTown.UI.StoreItemData","icon","UnityEngine.Sprite","public","False","False","False","","0x040020F9"
"DolocTown.UI.StoreItemData","subscript","UnityEngine.Sprite","public","False","False","False","","0x040020FA"
"DolocTown.UI.StoreItemData","title","System.String","public","False","False","False","","0x040020FB"
"DolocTown.UI.StoreItemData","description","System.String","public","False","False","False","","0x040020FC"
"DolocTown.UI.StoreItemData","price","System.String","public","False","False","False","","0x040020FD"
"DolocTown.UI.StoreItemData","count","System.String","public","False","False","False","","0x040020FE"
"DolocTown.UI.StoreItemData","tip","System.String","public","False","False","False","","0x040020FF"
"DolocTown.UI.StoreItemData","saleOut","System.Boolean","public","False","False","False","","0x04002100"
"DolocTown.UI.StoreItemSlot","textTitle","UnityEngine.UI.Text","private","False","False","False","","0x04002101"
"DolocTown.UI.StoreItemSlot","textDescription","UnityEngine.UI.Text","private","False","False","False","","0x04002102"
"DolocTown.UI.StoreItemSlot","textPrice","UnityEngine.UI.Text","private","False","False","False","","0x04002103"
"DolocTown.UI.StoreItemSlot","textCount","UnityEngine.UI.Text","private","False","False","False","","0x04002104"
"DolocTown.UI.StoreItemSlot","textTip","UnityEngine.UI.Text","private","False","False","False","","0x04002105"
"DolocTown.UI.StoreItemSlot","buyback","UnityEngine.UI.Image","private","False","False","False","","0x04002106"
"DolocTown.UI.StoreItemSlot","subscript","UnityEngine.UI.Image","private","False","False","False","","0x04002107"
"DolocTown.UI.ItemWithQuantity","imgItemIcon","UnityEngine.UI.Image","private","False","False","False","","0x0400210B"
"DolocTown.UI.ItemWithQuantity","txtItemCount","TMPro.TMP_Text","private","False","False","False","","0x0400210C"
"DolocTown.UI.ItemWithQuantity","txtItemInfo","UnityEngine.UI.Text","private","False","False","False","","0x0400210D"
"DolocTown.UI.CraftQuantitySubmitPanel","costViewer","DolocTown.UI.CostItemViewer","private","False","False","False","","0x0400211B"
"DolocTown.UI.CraftQuantitySubmitPanel","targetItem","DolocTown.UI.CostItemSlot","private","False","False","False","","0x0400211C"
"DolocTown.UI.ItemQuantityData","icon","UnityEngine.Sprite","public","False","False","False","","0x0400211F"
"DolocTown.UI.ItemQuantityData","currentCount","System.Int32","public","False","False","False","","0x04002120"
"DolocTown.UI.ItemQuantityData","info","System.String","public","False","False","False","","0x04002121"
"DolocTown.UI.ItemQuantityData","<notEmpty>k__BackingField","System.Boolean","private","False","True","False","","0x04002122"
"DolocTown.UI.StoreQuantitySubmitData","itemQuantityData","DolocTown.UI.ItemQuantityData","public","False","False","False","","0x04002129"
"DolocTown.UI.StoreQuantitySubmitPanel","targetItem","DolocTown.UI.ItemWithQuantity","private","False","False","False","","0x04002139"
"DolocTown.UI.TechNodeInfoData/<>c","<>9__18_0","System.Func`2<DolocTown.CountItem,System.String>","public","True","False","False","","0x040049A6"
"DolocTown.UI.TechNodeInfoData/<>c","<>9__18_1","System.Func`2<DolocTown.CountItem,System.Int32>","public","True","False","False","","0x040049A7"
"DolocTown.UI.TechNodeInfoData/<>c","<>9__19_0","System.Func`2<DolocTown.CountItem,System.String>","public","True","False","False","","0x040049A8"
"DolocTown.UI.TechNodeInfoData/<>c","<>9__19_1","System.Func`2<DolocTown.CountItem,System.Int32>","public","True","False","False","","0x040049A9"
"DolocTown.UI.TechNodeInfoData/<>c","<>9__20_0","System.Func`2<DolocTown.CountItem,System.String>","public","True","False","False","","0x040049AA"
"DolocTown.UI.TechNodeInfoData/<>c","<>9__20_1","System.Func`2<DolocTown.CountItem,System.Int32>","public","True","False","False","","0x040049AB"
"DolocTown.UI.BuilderItemCostTip","costTip","DolocTown.UI.CostItemViewer","private","False","False","False","","0x040021B7"
"DolocTown.UI.CostItemSlot","canvasGroup","UnityEngine.CanvasGroup","private","False","False","False","","0x040021B9"
"DolocTown.UI.CostItemSlot","textHoldPlace","UnityEngine.UI.Text","private","False","False","False","","0x040021BA"
"DolocTown.UI.CostItemSlot","itemName","System.String","private","False","False","False","","0x040021BB"
"DolocTown.UI.CostItemSlot","_visible","System.Boolean","private","False","False","False","","0x040021BC"
"DolocTown.UI.CostItemSlot","<UseItemHoverBox>k__BackingField","System.Boolean","private","False","False","False","","0x040021BD"
"DolocTown.UI.CostItemViewer","slotRoot","UnityEngine.Transform","private","False","False","False","","0x040021BE"
"DolocTown.UI.CostItemViewer","fixedSlotCount","System.Int32","private","False","False","False","","0x040021BF"
"DolocTown.UI.CostItemViewer","alignRight","System.Boolean","private","False","False","False","","0x040021C0"
"DolocTown.UI.CostItemViewer","backgroundColor","UnityEngine.Color","private","False","False","False","","0x040021C1"
"DolocTown.UI.CostItemViewer","useItemHoverBox","System.Boolean","private","False","False","False","","0x040021C2"
"DolocTown.UI.CostItemViewer","_firstIndex","System.Int32","private","False","False","False","","0x040021C3"
"DolocTown.UI.CostItemViewer","slotPool","RedSaw.ObjectPool`1<DolocTown.UI.CostItemSlot>","private","False","False","False","","0x040021C4"
"DolocTown.UI.CostViewerData","<itemNames>k__BackingField","System.String[]","private","False","True","False","","0x040021C6"
"DolocTown.UI.CostViewerData/<>c__DisplayClass16_0","inventories","DolocTown.LinearInventory[]","public","False","False","False","","0x040049B8"
"DolocTown.UI.CostViewerData/<>c","<>9__16_0","System.Func`2<DolocTown.CountItem,System.String>","public","True","False","False","","0x040049BA"
"DolocTown.UI.CostViewerData/<>c","<>9__16_1","System.Func`2<DolocTown.CountItem,UnityEngine.Sprite>","public","True","False","False","","0x040049BB"
"DolocTown.UI.CostViewerData/<>c","<>9__16_2","System.Func`2<DolocTown.CountItem,System.Int32>","public","True","False","False","","0x040049BC"
"DolocTown.UI.CostViewerData/<>c","<>9__16_4","System.Func`2<DolocTown.CountItem,System.String>","public","True","False","False","","0x040049BD"
"DolocTown.UI.EffectGroupData/<>c","<>9__5_0","System.Func`2<DolocTown.Config.Item.FoodEffect,UnityEngine.Sprite>","public","True","False","False","","0x040049C0"
"DolocTown.UI.OperationGuidanceManager","itemSize","UnityEngine.Vector2","private","False","False","False","","0x040021EA"
"DolocTown.UI.MissionTipManager","itemSize","UnityEngine.Vector2","private","False","False","False","","0x0400228D"
"DolocTown.UI.OptionItemUI","optionLabel","UnityEngine.UI.Text","public","False","False","False","","0x040022AA"
"DolocTown.UI.OptionItemUI","textBox","DolocTown.UI.DolocSelectableComponent","public","False","False","False","","0x040022AB"
"DolocTown.UI.OptionItemUI","prevBtn","DolocTown.UI.DolocButtonComponent","public","False","False","False","","0x040022AC"
"DolocTown.UI.OptionItemUI","nextBtn","DolocTown.UI.DolocButtonComponent","public","False","False","False","","0x040022AD"
"DolocTown.UI.OptionItemUI","canvasGroup","UnityEngine.CanvasGroup","public","False","False","False","","0x040022AE"
"DolocTown.UI.OptionItemUI","_currentIndex","System.Int32","private","False","False","False","","0x040022AF"
"DolocTown.UI.OptionItemUI","optionCount","System.Int32","private","False","False","False","","0x040022B0"
"DolocTown.UI.OptionItemUI","OptionLabelGetter","System.Func`2<System.Int32,System.String>","private","False","False","False","","0x040022B1"
"DolocTown.UI.OptionItemUI","ValueGetter","System.Func`2<System.Int32,System.String>","private","False","False","False","","0x040022B2"
"DolocTown.UI.RebindActionUI","<arrow>k__BackingField","DolocTown.UI.ItemBorder","private","False","False","False","","0x040022DF"
"DolocTown.UI.SettingItemUI","txtTitle","TMPro.TextMeshProUGUI","private","False","False","False","","0x040022E4"
"DolocTown.UI.SettingItemUI","<config>k__BackingField","DolocTown.Config.Settings.UserSettingInfo","private","False","False","False","","0x040022E5"
"DolocTown.UI.SettingValueItemUI`1","txtTitle","TMPro.TextMeshProUGUI","protected","False","False","False","","0x040022E6"
"DolocTown.UI.SettingValueItemUI`1","<config>k__BackingField","DolocTown.Config.Settings.UserSettingInfo","private","False","False","False","","0x040022E7"
"DolocTown.UI.SettingValueItemUI`1","<onValueChanged>k__BackingField","UnityEngine.Events.UnityEvent`1<T>","private","False","False","False","","0x040022E8"
"DolocTown.UI.SettingValueItemUI`1","backgroundButton","DolocTown.UI.DolocButtonComponent","private","False","False","False","","0x040022E9"
"DolocTown.UI.SliderItemUI","slider","DolocTown.UI.DolocSliderComponent","private","False","False","False","","0x040022EA"
"DolocTown.UI.SliderItemUI","txtMinValue","UnityEngine.UI.Text","private","False","False","False","","0x040022EB"
"DolocTown.UI.SliderItemUI","txtCurrentValue","UnityEngine.UI.Text","private","False","False","False","","0x040022EC"
"DolocTown.UI.SliderItemUI","minValue","System.Int32","private","False","False","False","","0x040022ED"
"DolocTown.UI.SliderItemUI","maxValue","System.Int32","private","False","False","False","","0x040022EE"
"DolocTown.UI.SliderItemUI","valueScale","System.Single","private","False","False","False","","0x040022EF"
"DolocTown.UI.ToggleItemUI","toggle","DolocTown.UI.DolocToggleComponent","private","False","False","False","","0x040022F0"
"DolocTown.UI.ToggleItemUI","splitLine","UnityEngine.GameObject","private","False","False","False","","0x040022F1"
"DolocTown.UI.ToggleItemUI","toggleHelper","DolocTown.UI.DolocToggleHelper","private","False","False","False","","0x040022F2"
"DolocTown.UI.ToggleItemUI","_title","System.String","private","False","False","False","","0x040022F3"
"DolocTown.UI.SettingPanel","arrow","DolocTown.UI.ItemBorder","public","False","False","False","","0x040022FF"
"DolocTown.UI.SettingPanel","uiItemMgr","DolocTown.UI.SettingUIItemManager","private","False","False","False","","0x04002303"
"DolocTown.UI.SettingPanel/<>c","<>9__50_0","System.Func`2<DolocTown.UI.ISettingUiItem,System.Boolean>","public","True","False","False","","0x04004A26"
"DolocTown.UI.SettingPanel/<>c","<>9__50_1","System.Func`2<DolocTown.UI.ISettingUiItem,UnityEngine.UI.Selectable>","public","True","False","False","","0x04004A27"
"DolocTown.UI.SettingPanel/<>c__DisplayClass49_0","uiItem","DolocTown.UI.ISettingUiItem","public","False","False","False","","0x04004A2C"
"DolocTown.UI.SettingUIItemManager","content","UnityEngine.Transform","private","False","False","False","","0x0400230C"
"DolocTown.UI.SettingUIItemManager","items","System.Collections.Generic.Dictionary`2<DolocTown.Config.Settings.UserSettingType,UnityEngine.GameObject>","private","False","False","False","","0x0400230D"
"DolocTown.UI.SettingUIItemManager","uiCmps","System.Collections.Generic.Dictionary`2<DolocTown.Config.Settings.UserSettingType,DolocTown.UI.ISettingUiItem>","private","False","False","False","","0x0400230E"
"DolocTown.UI.SettingUIItemManager","<uiCmpsByGroup>k__BackingField","System.Collections.Generic.Dictionary`2<System.String,System.Collections.Generic.HashSet`1<DolocTown.UI.ISettingUiItem>>","private","False","False","False","","0x0400230F"
"DolocTown.UI.SettingUIItemManager","<selectableCmps>k__BackingField","System.Collections.Generic.List`1<DolocTown.UI.ISettingUiItem>","private","False","False","False","","0x04002310"
"DolocTown.UI.SettingUIItemManager","<allCmps>k__BackingField","System.Collections.Generic.List`1<DolocTown.UI.ISettingUiItem>","private","False","False","False","","0x04002311"
"DolocTown.UI.SettingUIItemManager","userSettings","DolocTown.UserSettings","private","False","False","False","","0x04002312"
"DolocTown.UI.SettingUIItemManager/<>c__DisplayClass33_0","<>4__this","DolocTown.UI.SettingUIItemManager","public","False","False","False","","0x04004A2F"
"DolocTown.UI.SettingUIItemManager/<>c__DisplayClass33_0","cmpData","DolocTown.Config.Settings.OptionSettingComponent","public","False","False","False","","0x04004A30"
"DolocTown.NodeCanvas.DialogueTask_UnlockDocument","submitType","DolocTown.NodeCanvas.ArchiveItemType","public","False","False","False","","0x0400238A"
"DolocTown.NodeCanvas.DialogueTask_UnlockSpecialDocument","submitType","DolocTown.NodeCanvas.ArchiveItemType","public","False","False","False","","0x0400238D"
"DolocTown.NodeCanvas.DialogueTask_UnlockStoreItem","storeName","System.String","private","False","False","False","","0x0400238F"
"DolocTown.NodeCanvas.DialogueTask_UnlockStoreItem","itemName","System.String","private","False","False","False","","0x04002390"
"DolocTown.NodeCanvas.DialogueTask_SendItemAsEmail","itemName","System.String","private","False","False","False","","0x04002391"
"DolocTown.NodeCanvas.DialogueTask_SendItemAsEmail","count","System.Int32","private","False","False","False","","0x04002392"
"DolocTown.NodeCanvas.DialogueTask_SendItemAsEmail","title","System.String","private","False","False","False","","0x04002393"
"DolocTown.NodeCanvas.DialogueTask_SendItemAsEmail","content","System.String","private","False","False","False","","0x04002394"
"DolocTown.NodeCanvas.DialogueTask_SendItemAsEmail","sender","System.String","private","False","False","False","","0x04002395"
"DolocTown.NodeCanvas.DialogueTask_SendItemAsEmail","templateEmail","System.String","private","False","False","False","","0x04002396"
"DolocTown.NodeCanvas.DialogueTask_SetDisposeItemState","value","System.Boolean","public","False","False","False","","0x04002397"
"DolocTown.NodeCanvas.DialogueTask_AddMissionItem","roomType","DolocTown.NodeCanvas.DialogueTask_AddMissionItem/MissionItemHostType","public","False","False","False","","0x040023BA"
"DolocTown.NodeCanvas.DialogueTask_AddMissionItem","missionItemName","System.String","public","False","False","False","","0x040023BB"
"DolocTown.NodeCanvas.DialogueTask_AddMissionItem","sceneName","System.String","public","False","False","False","","0x040023BC"
"DolocTown.NodeCanvas.DialogueTask_AddMissionItem","roomName","System.String","public","False","False","False","","0x040023BD"
"DolocTown.NodeCanvas.DialogueTask_AddMissionItem","markPointName","System.String","public","False","False","False","","0x040023BE"
"DolocTown.NodeCanvas.DialogueTask_AddMissionItem/MissionItemHostType","value__","System.Int32","public","False","False","False","","0x04004A51"
"DolocTown.NodeCanvas.DialogueTask_AddMissionItem/MissionItemHostType","CityOrSuburb","DolocTown.NodeCanvas.DialogueTask_AddMissionItem/MissionItemHostType","public","True","False","True","0","0x04004A52"
"DolocTown.NodeCanvas.DialogueTask_AddMissionItem/MissionItemHostType","Dungeon","DolocTown.NodeCanvas.DialogueTask_AddMissionItem/MissionItemHostType","public","True","False","True","1","0x04004A53"
"DolocTown.NodeCanvas.DialogueTask_OpenSubmitPanel","submitType","DolocTown.NodeCanvas.ArchiveItemType","public","False","False","False","","0x040023CA"
"DolocTown.NodeCanvas.ArchiveItemType","value__","System.Int32","public","False","False","False","","0x040023CB"
"DolocTown.NodeCanvas.ArchiveItemType","Plant","DolocTown.NodeCanvas.ArchiveItemType","public","True","False","True","0","0x040023CC"
"DolocTown.NodeCanvas.ArchiveItemType","Chip","DolocTown.NodeCanvas.ArchiveItemType","public","True","False","True","1","0x040023CD"
"DolocTown.NodeCanvas.DialogueTask_SubmitMissionItem","itemName","System.String","public","False","False","False","","0x040023DD"
"DolocTown.NodeCanvas.DialogueTask_SubmitMissionItem","itemCount","System.Int32","public","False","False","False","","0x040023DE"
"DolocTown.NodeCanvas.DialogueTask_SubmitMissionItem","shouldCostItem","System.Boolean","public","False","False","False","","0x040023DF"
"DolocTown.NodeCanvas.DialogueTask_BackpackItemCheck","itemName","System.String","public","False","False","False","","0x040023E7"
"DolocTown.NodeCanvas.DialogueTask_BackpackItemCheck","value","System.Int32","public","False","False","False","","0x040023E8"
"DolocTown.NodeCanvas.DialogueTask_BackpackItemCheck","useBox","System.Boolean","public","False","False","False","","0x040023E9"
"DolocTown.NodeCanvas.DialogueTask_BackpackItemCheck","compareMethod","ParadoxNotion.CompareMethod","public","False","False","False","","0x040023EA"
"DolocTown.NodeCanvas.DialogueTask_ItemCountCheck","value","System.Int32","public","False","False","False","","0x0400240D"
"DolocTown.NodeCanvas.DialogueTask_ItemCountCheck","compareMethod","ParadoxNotion.CompareMethod","public","False","False","False","","0x0400240E"
"DolocTown.NodeCanvas.DialogueTask_CheckBackpackStatusSpecial","backpackItemType","DolocTown.NodeCanvas.DialogueTask_CheckBackpackStatusSpecial/BackpackItemType","public","False","False","False","","0x04002429"
"DolocTown.NodeCanvas.DialogueTask_CheckBackpackStatusSpecial/BackpackItemType","value__","System.Int32","public","False","False","False","","0x04004A80"
"DolocTown.NodeCanvas.DialogueTask_CheckBackpackStatusSpecial/BackpackItemType","Plant","DolocTown.NodeCanvas.DialogueTask_CheckBackpackStatusSpecial/BackpackItemType","public","True","False","True","0","0x04004A81"
"DolocTown.NodeCanvas.DialogueTask_CheckBackpackStatusSpecial/BackpackItemType","Chip","DolocTown.NodeCanvas.DialogueTask_CheckBackpackStatusSpecial/BackpackItemType","public","True","False","True","1","0x04004A82"
"DolocTown.NodeCanvas.DialogueTask_CheckSubmitStatus","submitItemType","DolocTown.NodeCanvas.DialogueTask_CheckSubmitStatus/SubmitItemType","public","False","False","False","","0x0400242C"
"DolocTown.NodeCanvas.DialogueTask_CheckSubmitStatus/SubmitItemType","value__","System.Int32","public","False","False","False","","0x04004A8A"
"DolocTown.NodeCanvas.DialogueTask_CheckSubmitStatus/SubmitItemType","Plant","DolocTown.NodeCanvas.DialogueTask_CheckSubmitStatus/SubmitItemType","public","True","False","True","0","0x04004A8B"
"DolocTown.NodeCanvas.DialogueTask_CheckSubmitStatus/SubmitItemType","Chip","DolocTown.NodeCanvas.DialogueTask_CheckSubmitStatus/SubmitItemType","public","True","False","True","1","0x04004A8C"
"DolocTown.GameData.NpcScheduleWorkPlant/<>c__DisplayClass11_0","seed","DolocTown.ItemSeed","public","False","False","False","","0x04004B35"
"DolocTown.GameData.NianConfig","toolAttack","System.Single","public","False","False","False","","0x0400264D"
"DolocTown.GameData.SpawnedItemHoldPlace","<SpawnId>k__BackingField","System.String","private","False","True","False","","0x04002656"
"DolocTown.GameData.SpawnedItemHoldPlace","<Volume>k__BackingField","System.Int32","private","False","True","False","","0x04002657"
"DolocTown.GameData.SpawnPoint","bufferedItems","System.Collections.Generic.List`1<DolocTown.GameData.ISpawnedItem>","private","False","False","False","","0x0400265C"
"DolocTown.GameData.SpawnPointGroup/<>c","<>9__12_0","System.Func`2<DolocTown.GameData.ISpawnedItem,System.Int32>","public","True","False","False","","0x04004B4F"
"DolocTown.GameData.RoomPresetObjectProto","inventory","DolocTown.CountItem[]","public","False","True","False","","0x040026B5"
"DolocTown.GameData.CountItemListConfig","itemListId","System.String","private","False","False","False","","0x040026E4"
"DolocTown.GameData.CountItemListConfig/<>c","<>9","DolocTown.GameData.CountItemListConfig/<>c","public","True","True","False","","0x04004B59"
"DolocTown.GameData.CountItemListConfig/<>c","<>9__9_0","System.Func`2<DolocTown.CountItem,DolocTown.Item>","public","True","False","False","","0x04004B5A"
"DolocTown.GameData.RangedItemListConfig","itemListId","System.String","private","False","False","False","","0x040026E5"
"DolocTown.GameData.RangedItemListConfig/<>c","<>9","DolocTown.GameData.RangedItemListConfig/<>c","public","True","True","False","","0x04004B5B"
"DolocTown.GameData.RangedItemListConfig/<>c","<>9__7_0","System.Func`2<DolocTown.RangedItem,DolocTown.Item>","public","True","False","False","","0x04004B5C"
"DolocTown.GameData.RangedItemListConfig/<>c","<>9__8_0","System.Func`2<DolocTown.RangedItem,DolocTown.CountItem>","public","True","False","False","","0x04004B5D"
"DolocTown.GameData.RoomPresetObjectSO","inventory","DolocTown.GameData.CountItemListConfig","private","False","False","False","","0x040026F3"
"DolocTown.GameData.AgentArchiveData","disableDisposeItem","System.Boolean","public","False","False","False","","0x04002758"
"DolocTown.GameData.FarmArchiveData","inventory","DolocTown.InventorySystem","public","False","True","False","","0x04002792"
"DolocTown.GameData.AgentEquipmentManager","<hatItem>k__BackingField","DolocTown.Item","private","False","False","False","","0x040027AF"
"DolocTown.GameData.AgentEquipmentManager","<droneItem>k__BackingField","DolocTown.Item","private","False","False","False","","0x040027B0"
"DolocTown.GameData.AgentEquipmentManager","<activeItem>k__BackingField","DolocTown.Item","private","False","False","False","","0x040027B1"
"DolocTown.GameData.AgentEquipmentManager","<passiveItem1>k__BackingField","DolocTown.Item","private","False","False","False","","0x040027B2"
"DolocTown.GameData.AgentEquipmentManager","<passiveItem2>k__BackingField","DolocTown.Item","private","False","False","False","","0x040027B3"
"DolocTown.GameData.AgentEquipmentManager","functions","System.Collections.Generic.Dictionary`2<DolocTown.Item,DolocTown.AgentEquipmentFunction>","private","False","True","False","","0x040027B4"
"DolocTown.GameData.AgentEquipmentManager/<>c","<>9__31_0","System.Func`2<System.Collections.Generic.KeyValuePair`2<DolocTown.Item,DolocTown.AgentEquipmentFunction>,System.Boolean>","public","True","False","False","","0x04004B8A"
"DolocTown.GameData.DRockEffectsConfig","_dungeonResourceDropItemPopYOffset","System.Single","private","False","False","False","","0x040027DF"
"DolocTown.GameData.DRockEffectsConfig","_dropItemGravityScale","System.Single","private","False","False","False","","0x040027E4"
"DolocTown.GameData.DRockEffectsConfig","_dropItemRaiseYForce","System.Single","private","False","False","False","","0x040027E5"
"DolocTown.GameData.DRockEffectsConfig","_dropItemRaiseXRange","UnityEngine.Vector2","private","False","False","False","","0x040027E6"
"DolocTown.GameData.DRockEffectsConfig","_dropItemZRange","UnityEngine.Vector2","private","False","False","False","","0x040027E7"
"DolocTown.GameData.DRockEffectsConfig","_borderColorMissionItem","UnityEngine.Color","private","False","False","False","","0x040027EB"
"DolocTown.GameData.GameInitConfig/Item","name","System.String","public","False","False","False","","0x04004B8B"
"DolocTown.GameData.GameInitConfig/Item","count","System.UInt16","public","False","False","False","","0x04004B8C"
"DolocTown.Config.Tables","<TbItemSubmitCondition>k__BackingField","DolocTown.Config.Mission.TbItemSubmitCondition","private","False","True","False","","0x0400289F"
"DolocTown.Config.Tables","<TbItemGeneCondition>k__BackingField","DolocTown.Config.Mission.TbItemGeneCondition","private","False","True","False","","0x040028A0"
"DolocTown.Config.Tables","<TbItem>k__BackingField","DolocTown.Config.Item.TbItem","private","False","True","False","","0x040028B0"
"DolocTown.Config.Tables","<TbItemOrder>k__BackingField","DolocTown.Config.Item.TbItemOrder","private","False","True","False","","0x040028B1"
"DolocTown.Config.Tables","<TbItemMainType>k__BackingField","DolocTown.Config.Item.TbItemMainType","private","False","True","False","","0x040028B2"
"DolocTown.Config.Tables","<TbItemSubType>k__BackingField","DolocTown.Config.Item.TbItemSubType","private","False","True","False","","0x040028B3"
"DolocTown.Config.Tables","<TbItemAutomationType>k__BackingField","DolocTown.Config.Item.TbItemAutomationType","private","False","True","False","","0x040028B4"
"DolocTown.Config.Tables","<TbItemSource>k__BackingField","DolocTown.Config.Item.TbItemSource","private","False","True","False","","0x040028B5"
"DolocTown.Config.Tables","<TbEatingEffect>k__BackingField","DolocTown.Config.Item.TbEatingEffect","private","False","True","False","","0x040028B6"
"DolocTown.Config.Tables","<TbMissionItem>k__BackingField","DolocTown.Config.Item.TbMissionItem","private","False","True","False","","0x040028B7"
"DolocTown.Config.Tables","<TbToolOverride>k__BackingField","DolocTown.Config.Item.TbToolOverride","private","False","True","False","","0x040028B8"
"DolocTown.Config.Tables","<TbCountItemList>k__BackingField","DolocTown.Config.Item.TbCountItemList","private","False","True","False","","0x040028B9"
"DolocTown.Config.Tables","<TbRangedItemList>k__BackingField","DolocTown.Config.Item.TbRangedItemList","private","False","True","False","","0x040028BA"
"DolocTown.Config.Tables","<TbStoreItemList>k__BackingField","DolocTown.Config.Store.TbStoreItemList","private","False","True","False","","0x040028DC"
"DolocTown.Config.Tables","<TbStoreItemUnlock>k__BackingField","DolocTown.Config.Store.TbStoreItemUnlock","private","False","True","False","","0x040028DE"
"DolocTown.Config.Tables","<TbItemSpawn>k__BackingField","DolocTown.Config.Item.TbItemSpawn","private","False","True","False","","0x040028F6"
"DolocTown.Config.Tables","<TbAgentEquipmentSkill>k__BackingField","DolocTown.Config.Player.TbAgentEquipmentSkill","private","False","True","False","","0x040028FE"
"DolocTown.Config.Tables","<TbModItemSpawnExtension>k__BackingField","DolocTown.Config.Mod.TbModItemSpawnExtension","private","False","True","False","","0x04002922"
"DolocTown.Config.Tables/<>c__DisplayClass567_0","extraItem","DolocTown.Config.Store.StoreItemSeasonData","public","False","False","False","","0x04004B9E"
"DolocTown.Config.Tables/<>c__DisplayClass568_0","extraItem","DolocTown.Config.Store.ExchangeStoreItemData","public","False","False","False","","0x04004B9F"
"DolocTown.Config.Tables/<>c__DisplayClass569_0","extraItem","DolocTown.Config.Item.ItemInfo","public","False","False","False","","0x04004BA0"
"DolocTown.Config.Tables/<>c__DisplayClass572_0","extraItem","DolocTown.Config.Item.ItemSpawnData","public","False","False","False","","0x04004BA3"
"DolocTown.Config.ModSpriteMeta","pixelsPerUnit","System.Single","public","False","False","False","","0x04002933"
"DolocTown.Config.ModSpriteMeta","pivot","UnityEngine.Vector2Int","public","False","False","False","","0x04002934"
"DolocTown.Config.SteamWorkshopUploader","queryItemDetailsResult","Steamworks.CallResult`1<Steamworks.SteamUGCQueryCompleted_t>","private","False","True","False","","0x04002967"
"DolocTown.Config.SteamWorkshopUploader","createItemResult","Steamworks.CallResult`1<Steamworks.CreateItemResult_t>","private","False","True","False","","0x04002968"
"DolocTown.Config.SteamWorkshopUploader","submitItemResult","Steamworks.CallResult`1<Steamworks.SubmitItemUpdateResult_t>","private","False","True","False","","0x04002969"
"DolocTown.Config.UI.CompendiumLabel","Item","DolocTown.Config.UI.CompendiumLabel","public","True","False","True","0","0x0400299C"
"DolocTown.Config.Time.SeasonInfo","<BirdDropSpawnEntry>k__BackingField","DolocTown.Config.Item.ItemSpawnRandom","private","False","False","False","","0x04002A30"
"DolocTown.Config.Store.ExchangeStoreInfo","<ItemList>k__BackingField","System.Collections.Generic.List`1<DolocTown.Config.Store.ExchangeStoreItemData>","private","False","False","False","","0x04002A90"
"DolocTown.Config.Store.ExchangeStoreInfo","<StoreItemMap>k__BackingField","System.Collections.Generic.Dictionary`2<System.String,DolocTown.Config.Store.ExchangeStoreItemData>","private","False","False","False","","0x04002A92"
"DolocTown.Config.Store.ExchangeStoreItemData","<RangedItem>k__BackingField","DolocTown.RangedItem","private","False","False","False","","0x04002A93"
"DolocTown.Config.Store.ExchangeStoreItemData","<Storage>k__BackingField","System.Int32","private","False","False","False","","0x04002A94"
"DolocTown.Config.Store.ExchangeStoreItemData","<GoldCost>k__BackingField","System.Int32","private","False","False","False","","0x04002A95"
"DolocTown.Config.Store.ExchangeStoreItemData","<ItemCosts>k__BackingField","DolocTown.CountItem[]","private","False","False","False","","0x04002A96"
"DolocTown.Config.Store.ExchangeStoreItemData","<PreConditionItemName>k__BackingField","System.String","private","False","False","False","","0x04002A97"
"DolocTown.Config.Store.ExchangeStoreItemData","<PreConditionItemName_Ref>k__BackingField","DolocTown.Config.Item.ItemInfo","private","False","False","False","","0x04002A98"
"DolocTown.Config.Store.ExchangeStoreItemData","<PreConditionItemCount>k__BackingField","System.Int32","private","False","False","False","","0x04002A99"
"DolocTown.Config.Store.ExchangeStoreItemData","<TechPoint>k__BackingField","System.Int32","private","False","False","False","","0x04002A9A"
"DolocTown.Config.Store.ExchangeStoreItemData","<DefaultUnlock>k__BackingField","System.Boolean","private","False","False","False","","0x04002A9B"
"DolocTown.Config.Store.ExchangeStoreItemData","__ID__","System.Int32","public","True","False","True","1995007598","0x04002A9C"
"DolocTown.Config.Store.StoreInfo","<ItemRecords>k__BackingField","System.String","private","False","False","False","","0x04002AA2"
"DolocTown.Config.Store.StoreInfo","<ItemRecords_Ref>k__BackingField","DolocTown.Config.Store.StoreItemListInfo","private","False","False","False","","0x04002AA3"
"DolocTown.Config.Store.StoreItemListInfo","<Id>k__BackingField","System.String","private","False","False","False","","0x04002AA8"
"DolocTown.Config.Store.StoreItemListInfo","<ItemList>k__BackingField","System.Collections.Generic.List`1<DolocTown.Config.Store.StoreItemSeasonData>","private","False","False","False","","0x04002AA9"
"DolocTown.Config.Store.StoreItemListInfo","ItemList_Index","System.Collections.Generic.Dictionary`2<System.String,DolocTown.Config.Store.StoreItemSeasonData>","public","False","True","False","","0x04002AAA"
"DolocTown.Config.Store.StoreItemListInfo","__ID__","System.Int32","public","True","False","True","-1766537709","0x04002AAB"
"DolocTown.Config.Store.StoreItemSeasonData","<ItemName>k__BackingField","System.String","private","False","False","False","","0x04002AAC"
"DolocTown.Config.Store.StoreItemSeasonData","<ItemName_Ref>k__BackingField","DolocTown.Config.Item.ItemInfo","private","False","False","False","","0x04002AAD"
"DolocTown.Config.Store.StoreItemSeasonData","<Storage>k__BackingField","System.Int32","private","False","False","False","","0x04002AAE"
"DolocTown.Config.Store.StoreItemSeasonData","<DefaultUnlock>k__BackingField","System.Boolean","private","False","False","False","","0x04002AAF"
"DolocTown.Config.Store.StoreItemSeasonData","<SeasonSpawnData>k__BackingField","DolocTown.Config.Store.StoreItemSpawnData[]","private","False","False","False","","0x04002AB0"
"DolocTown.Config.Store.StoreItemSeasonData","__ID__","System.Int32","public","True","False","True","-677833964","0x04002AB1"
"DolocTown.Config.Store.StoreItemSpawnData","<CountRange>k__BackingField","DolocTown.Config.General.RangeInt","private","False","False","False","","0x04002AB2"
"DolocTown.Config.Store.StoreItemSpawnData","<SpawnWeight>k__BackingField","System.Single","private","False","False","False","","0x04002AB3"
"DolocTown.Config.Store.StoreItemSpawnData","__ID__","System.Int32","public","True","False","True","1943001854","0x04002AB4"
"DolocTown.Config.Store.StoreItemUnlockInfo","<Id>k__BackingField","System.String","private","False","False","False","","0x04002AB5"
"DolocTown.Config.Store.StoreItemUnlockInfo","<ConditionType>k__BackingField","DolocTown.Config.Store.StoreItemUnlockType","private","False","False","False","","0x04002AB6"
"DolocTown.Config.Store.StoreItemUnlockInfo","<StoreId>k__BackingField","System.String","private","False","False","False","","0x04002AB7"
"DolocTown.Config.Store.StoreItemUnlockInfo","<UnlockItemName>k__BackingField","System.String","private","False","False","False","","0x04002AB8"
"DolocTown.Config.Store.StoreItemUnlockInfo","<UnlockItemName_Ref>k__BackingField","DolocTown.Config.Item.ItemInfo","private","False","False","False","","0x04002AB9"
"DolocTown.Config.Store.StoreItemUnlockInfo","__ID__","System.Int32","public","True","False","True","-2063211527","0x04002ABA"
"DolocTown.Config.Store.StoreItemUnlockType","value__","System.Int32","public","False","False","False","","0x04002ABB"
"DolocTown.Config.Store.StoreItemUnlockType","ObtainItem","DolocTown.Config.Store.StoreItemUnlockType","public","True","False","True","0","0x04002ABC"
"DolocTown.Config.Store.StoreItemUnlockType","CompleteFactionMission","DolocTown.Config.Store.StoreItemUnlockType","public","True","False","True","1","0x04002ABD"
"DolocTown.Config.Store.StoreItemUnlockType","ReadEmail","DolocTown.Config.Store.StoreItemUnlockType","public","True","False","True","2","0x04002ABE"
"DolocTown.Config.Store.StoreScaleOfType","<ItemSubType>k__BackingField","System.String","private","False","False","False","","0x04002AC6"
"DolocTown.Config.Store.StoreScaleOfType","<ItemSubType_Ref>k__BackingField","DolocTown.Config.Item.ItemSubTypeInfo","private","False","False","False","","0x04002AC7"
"DolocTown.Config.Store.TbStoreItemList","_dataMap","System.Collections.Generic.Dictionary`2<System.String,DolocTown.Config.Store.StoreItemListInfo>","private","False","True","False","","0x04002AD0"
"DolocTown.Config.Store.TbStoreItemList","_dataList","System.Collections.Generic.List`1<DolocTown.Config.Store.StoreItemListInfo>","private","False","True","False","","0x04002AD1"
"DolocTown.Config.Store.TbStoreItemUnlock","_dataMap","System.Collections.Generic.Dictionary`2<System.String,DolocTown.Config.Store.StoreItemUnlockInfo>","private","False","True","False","","0x04002AD2"
"DolocTown.Config.Store.TbStoreItemUnlock","_dataList","System.Collections.Generic.List`1<DolocTown.Config.Store.StoreItemUnlockInfo>","private","False","True","False","","0x04002AD3"
"DolocTown.Config.Settings.GlobalParameterInfo","<InventoryLineCapacity>k__BackingField","System.Int32","private","False","False","False","","0x04002AFA"
"DolocTown.Config.Settings.GlobalParameterInfo","<ItemCollectionLabels>k__BackingField","System.String[]","private","False","False","False","","0x04002AFC"
"DolocTown.Config.Settings.GlobalParameterInfo","<ItemCollectionLabels_Ref>k__BackingField","DolocTown.Config.Item.ItemMainTypeInfo[]","private","False","False","False","","0x04002AFD"
"DolocTown.Config.Settings.GlobalParameterInfo","<FoodItemSubTypes>k__BackingField","System.String[]","private","False","False","False","","0x04002AFE"
"DolocTown.Config.Settings.GlobalParameterInfo","<FoodItemSubTypes_Ref>k__BackingField","DolocTown.Config.Item.ItemSubTypeInfo[]","private","False","False","False","","0x04002AFF"
"DolocTown.Config.Settings.GlobalParameterInfo","<ItemDefaultType>k__BackingField","System.String","private","False","False","False","","0x04002B00"
"DolocTown.Config.Settings.GlobalParameterInfo","<ItemDefaultType_Ref>k__BackingField","DolocTown.Config.Item.ItemMainTypeInfo","private","False","False","False","","0x04002B01"
"DolocTown.Config.Settings.GlobalParameterInfo","<QuickInventoryTimer>k__BackingField","System.String","private","False","False","False","","0x04002B0C"
"DolocTown.Config.Settings.GlobalParameterInfo","<QuickInventoryTimer_Ref>k__BackingField","DolocTown.Config.Settings.TimerInfo","private","False","False","False","","0x04002B0D"
"DolocTown.Config.Settings.GlobalParameterInfo","<ContinuouslyUseItemTimer>k__BackingField","System.String","private","False","False","False","","0x04002B10"
"DolocTown.Config.Settings.GlobalParameterInfo","<ContinuouslyUseItemTimer_Ref>k__BackingField","DolocTown.Config.Settings.TimerInfo","private","False","False","False","","0x04002B11"
"DolocTown.Config.Settings.GlobalParameterInfo","<TicketItemName>k__BackingField","System.String","private","False","False","False","","0x04002B14"
"DolocTown.Config.Settings.GlobalParameterInfo","<TicketItemName_Ref>k__BackingField","DolocTown.Config.Item.ItemInfo","private","False","False","False","","0x04002B15"
"DolocTown.Config.Settings.GlobalParameterInfo","<ItemsCanNotBuyback>k__BackingField","System.String[]","private","False","False","False","","0x04002B21"
"DolocTown.Config.Settings.GlobalParameterInfo","<ItemsCanNotBuyback_Ref>k__BackingField","DolocTown.Config.Item.ItemInfo[]","private","False","False","False","","0x04002B22"
"DolocTown.Config.Settings.GlobalParameterInfo","<InventoryAroundArea>k__BackingField","UnityEngine.Vector2Int","private","False","False","False","","0x04002B23"
"DolocTown.Config.Settings.GlobalParameterInfo","<InventoryAroundOffset>k__BackingField","UnityEngine.Vector2Int","private","False","False","False","","0x04002B24"
"DolocTown.Config.Settings.GlobalParameterInfo","<InitHat_Ref>k__BackingField","DolocTown.Config.Item.ItemInfo","private","False","False","False","","0x04002B41"
"DolocTown.Config.Settings.GlobalParameterInfo","<ToolEnergyCost>k__BackingField","System.Int32","private","False","False","False","","0x04002B6F"
"DolocTown.Config.Settings.GlobalParameterInfo","<ItemSubscriptHasGene>k__BackingField","DolocTown.SpriteAssetArray","private","False","False","False","","0x04002BCB"
"DolocTown.Config.Settings.GlobalParameterInfo","<ItemSubscriptClone>k__BackingField","DolocTown.SpriteAssetArray","private","False","False","False","","0x04002BCC"
"DolocTown.Config.Settings.GlobalParameterInfo","<ChipItemName>k__BackingField","System.String","private","False","False","False","","0x04002BD2"
"DolocTown.Config.Settings.GlobalParameterInfo","<WaterItems>k__BackingField","System.String[]","private","False","False","False","","0x04002BD7"
"DolocTown.Config.Settings.GlobalParameterInfo","<WaterItems_Ref>k__BackingField","DolocTown.Config.Item.ItemInfo[]","private","False","False","False","","0x04002BD8"
"DolocTown.Config.Settings.GlobalParameterInfo","<BetterWaterExtraBuff>k__BackingField","DolocTown.Config.Item.FoodEffect","private","False","False","False","","0x04002BD9"
"DolocTown.Config.Settings.GlobalParameterInfo","<ItemRefTimeBomb>k__BackingField","System.String","private","False","False","False","","0x04002BEA"
"DolocTown.Config.Settings.GlobalParameterInfo","<ItemRefTimeBomb_Ref>k__BackingField","DolocTown.Config.Item.ItemInfo","private","False","False","False","","0x04002BEB"
"DolocTown.Config.Settings.GlobalParameterInfo","<ItemRefBottleOfWater>k__BackingField","System.String","private","False","False","False","","0x04002BEC"
"DolocTown.Config.Settings.GlobalParameterInfo","<ItemRefBottleOfWater_Ref>k__BackingField","DolocTown.Config.Item.ItemInfo","private","False","False","False","","0x04002BED"
"DolocTown.Config.Settings.GlobalParameterInfo","<ItemRefWastePlasticBottle>k__BackingField","System.String","private","False","False","False","","0x04002BEE"
"DolocTown.Config.Settings.GlobalParameterInfo","<ItemRefWastePlasticBottle_Ref>k__BackingField","DolocTown.Config.Item.ItemInfo","private","False","False","False","","0x04002BEF"
"DolocTown.Config.Settings.GlobalParameterInfo","<ItemRefFaeces>k__BackingField","System.String","private","False","False","False","","0x04002BF0"
"DolocTown.Config.Settings.GlobalParameterInfo","<ItemRefFaeces_Ref>k__BackingField","DolocTown.Config.Item.ItemInfo","private","False","False","False","","0x04002BF1"
"DolocTown.Config.Settings.GlobalParameterInfo","<ItemRefSturdySack>k__BackingField","System.String","private","False","False","False","","0x04002BF2"
"DolocTown.Config.Settings.GlobalParameterInfo","<ItemRefSturdySack_Ref>k__BackingField","DolocTown.Config.Item.ItemInfo","private","False","False","False","","0x04002BF3"
"DolocTown.Config.Settings.GlobalParameterInfo","<ItemRefWeeds>k__BackingField","System.String","private","False","False","False","","0x04002BF4"
"DolocTown.Config.Settings.GlobalParameterInfo","<ItemRefWeeds_Ref>k__BackingField","DolocTown.Config.Item.ItemInfo","private","False","False","False","","0x04002BF5"
"DolocTown.Config.Settings.GlobalParameterInfo","<ItemRefTicket>k__BackingField","System.String","private","False","False","False","","0x04002BF6"
"DolocTown.Config.Settings.GlobalParameterInfo","<ItemRefTicket_Ref>k__BackingField","DolocTown.Config.Item.ItemInfo","private","False","False","False","","0x04002BF7"
"DolocTown.Config.Settings.GlobalParameterInfo","<ItemRefBox>k__BackingField","System.String","private","False","False","False","","0x04002BF8"
"DolocTown.Config.Settings.GlobalParameterInfo","<ItemRefBox_Ref>k__BackingField","DolocTown.Config.Item.ItemInfo","private","False","False","False","","0x04002BF9"
"DolocTown.Config.Settings.GlobalParameterInfo","<ItemRefSeedEndyam>k__BackingField","System.String","private","False","False","False","","0x04002BFA"
"DolocTown.Config.Settings.GlobalParameterInfo","<ItemRefSeedEndyam_Ref>k__BackingField","DolocTown.Config.Item.ItemInfo","private","False","False","False","","0x04002BFB"
"DolocTown.Config.Settings.GlobalParameterInfo","<ItemRefRoastedEndyam>k__BackingField","System.String","private","False","False","False","","0x04002BFC"
"DolocTown.Config.Settings.GlobalParameterInfo","<ItemRefRoastedEndyam_Ref>k__BackingField","DolocTown.Config.Item.ItemInfo","private","False","False","False","","0x04002BFD"
"DolocTown.Config.Settings.GlobalParameterInfo","<ItemRefFishFry>k__BackingField","System.String","private","False","False","False","","0x04002BFE"
"DolocTown.Config.Settings.GlobalParameterInfo","<ItemRefFishFry_Ref>k__BackingField","DolocTown.Config.Item.ItemInfo","private","False","False","False","","0x04002BFF"
"DolocTown.Config.Settings.GlobalParameterInfo","<ItemRefGeneCapsuleEmpty>k__BackingField","System.String","private","False","False","False","","0x04002C00"
"DolocTown.Config.Settings.GlobalParameterInfo","<ItemRefGeneCapsuleEmpty_Ref>k__BackingField","DolocTown.Config.Item.ItemInfo","private","False","False","False","","0x04002C01"
"DolocTown.Config.Settings.GlobalParameterInfo","<ItemRefOldBattery>k__BackingField","System.String","private","False","False","False","","0x04002C02"
"DolocTown.Config.Settings.GlobalParameterInfo","<ItemRefOldBattery_Ref>k__BackingField","DolocTown.Config.Item.ItemInfo","private","False","False","False","","0x04002C03"
"DolocTown.Config.Settings.GlobalParameterInfo","<ItemRefMilk>k__BackingField","System.String","private","False","False","False","","0x04002C04"
"DolocTown.Config.Settings.GlobalParameterInfo","<ItemRefMilk_Ref>k__BackingField","DolocTown.Config.Item.ItemInfo","private","False","False","False","","0x04002C05"
"DolocTown.Config.Settings.UserSettingType","NormalInput_UseTool","DolocTown.Config.Settings.UserSettingType","public","True","False","True","66","0x04002C84"
"DolocTown.Config.Settings.UserSettingType","NormalInput_UseItem","DolocTown.Config.Settings.UserSettingType","public","True","False","True","67","0x04002C85"
"DolocTown.Config.Settings.UserSettingType","NormalInput_DisposeItemInBackpack","DolocTown.Config.Settings.UserSettingType","public","True","False","True","73","0x04002C8B"
"DolocTown.Config.Settings.UserSettingType","NormalInput_ScrollInventoryUp","DolocTown.Config.Settings.UserSettingType","public","True","False","True","74","0x04002C8C"
"DolocTown.Config.Settings.UserSettingType","NormalInput_ScrollInventoryDown","DolocTown.Config.Settings.UserSettingType","public","True","False","True","75","0x04002C8D"
"DolocTown.Config.Settings.UserSettingType","BaseInput_SubmitItem","DolocTown.Config.Settings.UserSettingType","public","True","False","True","116","0x04002CB6"
"DolocTown.Config.Settings.UserSettingType","BaseInput_SortItem","DolocTown.Config.Settings.UserSettingType","public","True","False","True","129","0x04002CC3"
"DolocTown.Config.Settings.UserSettingType","BaseInput_LockItem","DolocTown.Config.Settings.UserSettingType","public","True","False","True","130","0x04002CC4"
"DolocTown.Config.Settings.UserSettingType","BaseInput_SplitItem","DolocTown.Config.Settings.UserSettingType","public","True","False","True","131","0x04002CC5"
"DolocTown.Config.Settings.UserSettingType","BaseInput_DisposeItem","DolocTown.Config.Settings.UserSettingType","public","True","False","True","133","0x04002CC7"
"DolocTown.Config.Settings.UserSettingType","BaseInput_DestroyItem","DolocTown.Config.Settings.UserSettingType","public","True","False","True","134","0x04002CC8"
"DolocTown.Config.Settings.UserSettingType","BaseInput_PutMaxItem","DolocTown.Config.Settings.UserSettingType","public","True","False","True","135","0x04002CC9"
"DolocTown.Config.Settings.UserSettingType","BaseInput_PutAllItem","DolocTown.Config.Settings.UserSettingType","public","True","False","True","136","0x04002CCA"
"DolocTown.Config.Resource.DungeonResourceClass","Garbage","DolocTown.Config.Resource.DungeonResourceClass","public","True","False","True","2","0x04002D9D"
"DolocTown.Config.Resource.GlobalGuaranteedInfo","<SpawnId_Ref>k__BackingField","DolocTown.Config.Item.ItemInfo","private","False","False","False","","0x04002DC2"
"DolocTown.Config.Resource.ResinCollectorOutputInfo","<Output_Ref>k__BackingField","DolocTown.Config.Item.ItemInfo","private","False","False","False","","0x04002DD1"
"DolocTown.Config.Resource.ResourceLevelData","<DropSpawnEntry>k__BackingField","DolocTown.Config.Item.ItemSpawnEntry","private","False","False","False","","0x04002DF8"
"DolocTown.Config.Resource.ResourceLevelData","<ToolConstraints>k__BackingField","DolocTown.Config.Item.ToolConstraint[]","private","False","False","False","","0x04002DFB"
"DolocTown.Config.Resource.VegetationInfo","<ToolConstraints>k__BackingField","DolocTown.Config.Item.ToolConstraint[]","private","False","False","False","","0x04002E42"
"DolocTown.Config.Resource.VegetationInfo","<DropSpawnEntry>k__BackingField","DolocTown.Config.Item.ItemSpawnEntry","private","False","False","False","","0x04002E43"
"DolocTown.Config.Recipe.DishInfo","<OutputItemByThresholds>k__BackingField","System.Collections.Generic.List`1<DolocTown.Config.Item.RangedItemWithPriceThreshold>","private","False","False","False","","0x04002E71"
"DolocTown.Config.Recipe.DishInfo","orderedItems","DolocTown.Config.Item.RangedItemWithPriceThreshold[]","private","False","False","False","","0x04002E75"
"DolocTown.Config.Recipe.DishInfo/<>c","<>9__40_0","System.Func`2<DolocTown.Config.Item.RangedItemWithPriceThreshold,System.Int32>","public","True","False","False","","0x04004BD2"
"DolocTown.Config.Recipe.DismantleRecipeInfo","<InputItems>k__BackingField","DolocTown.CountItem[]","private","False","False","False","","0x04002E82"
"DolocTown.Config.Recipe.DismantleRecipeInfo","<OutputItemSpawnEntry>k__BackingField","DolocTown.Config.Item.ItemSpawnEntry","private","False","False","False","","0x04002E83"
"DolocTown.Config.Recipe.IngredientGroupInfo","<Items>k__BackingField","System.Collections.Generic.List`1<System.String>","private","False","False","False","","0x04002E8D"
"DolocTown.Config.Recipe.IngredientGroupInfo","<Items_Ref>k__BackingField","System.Collections.Generic.List`1<DolocTown.Config.Item.ItemInfo>","private","False","False","False","","0x04002E8E"
"DolocTown.Config.Recipe.RecipeInfo","<OutputItem>k__BackingField","DolocTown.RangedItem","private","False","False","False","","0x04002EA2"
"DolocTown.Config.Recipe.RecipeInfo","<InputItems>k__BackingField","DolocTown.CountItem[]","private","False","False","False","","0x04002EA3"
"DolocTown.Config.Recipe.RecipeSubTypeInfo","<ItemTitleFormat>k__BackingField","System.String","private","False","False","False","","0x04002EB2"
"DolocTown.Config.Recipe.RecipeSubTypeInfo","<ItemTitleFormat_l10n_key>k__BackingField","System.String","private","False","True","False","","0x04002EB3"
"DolocTown.Config.Recipe.RecipeSubTypeInfo","<ItemDescFormat>k__BackingField","System.String","private","False","False","False","","0x04002EB4"
"DolocTown.Config.Recipe.RecipeSubTypeInfo","<ItemDescFormat_l10n_key>k__BackingField","System.String","private","False","True","False","","0x04002EB5"
"DolocTown.Config.Player.AgentEquipmentFuncProtoExtraResource","<ItemLut>k__BackingField","System.String","private","False","False","False","","0x04002EDA"
"DolocTown.Config.Player.AgentEquipmentFuncProtoFoodEffectsAddition","<ItemNames>k__BackingField","System.String[]","private","False","False","False","","0x04002EE2"
"DolocTown.Config.Player.AgentEquipmentFuncProtoFoodEffectsAddition","<ItemNames_Ref>k__BackingField","DolocTown.Config.Item.ItemInfo[]","private","False","False","False","","0x04002EE3"
"DolocTown.Config.Player.HatInfo","<Id_Ref>k__BackingField","DolocTown.Config.Item.ItemInfo","private","False","False","False","","0x04002F08"
"DolocTown.Config.Player.TbAgentEquipmentSkill","_dataMap","System.Collections.Generic.Dictionary`2<System.String,DolocTown.Config.Player.AgentEquipmentSkillInfo>","private","False","True","False","","0x04002F1A"
"DolocTown.Config.Player.TbAgentEquipmentSkill","_dataList","System.Collections.Generic.List`1<DolocTown.Config.Player.AgentEquipmentSkillInfo>","private","False","True","False","","0x04002F1B"
"DolocTown.Config.Plant.CropGeneFuncProtoFertilityEnhance","<FertilizerItem>k__BackingField","System.String","private","False","False","False","","0x04002F4F"
"DolocTown.Config.Plant.CropGeneFuncProtoFertilityEnhance","<FertilizerItem_Ref>k__BackingField","DolocTown.Config.Item.ItemInfo","private","False","False","False","","0x04002F50"
"DolocTown.Config.Plant.CropGeneInfo","<CapsuleItem>k__BackingField","System.String","private","False","False","False","","0x04002F7E"
"DolocTown.Config.Plant.CropGeneInfo","<CapsuleItem_Ref>k__BackingField","DolocTown.Config.Item.ItemInfo","private","False","False","False","","0x04002F7F"
"DolocTown.Config.Plant.CropGeneMatrixInfo","<Id_Ref>k__BackingField","DolocTown.Config.Item.ItemInfo","private","False","False","False","","0x04002F8A"
"DolocTown.Config.Plant.SeedInfo","<Id_Ref>k__BackingField","DolocTown.Config.Item.ItemInfo","private","False","False","False","","0x04002F91"
"DolocTown.Config.Plant.SeedInfo","<CropOutputs>k__BackingField","DolocTown.RangedItem[]","private","False","False","False","","0x04002F9A"
"DolocTown.Config.Plant.SeedUnlockInfo","<Id_Ref>k__BackingField","DolocTown.Config.Item.ItemInfo","private","False","False","False","","0x04002FA8"
"DolocTown.Config.Plant.SeedUnlockInfo","<Costs>k__BackingField","DolocTown.CountItem[]","private","False","False","False","","0x04002FA9"
"DolocTown.Config.NPC.NpcLikingInfo","<Id_Ref>k__BackingField","DolocTown.Config.Item.ItemInfo","private","False","False","False","","0x04002FFA"
"DolocTown.Config.NPC.NpcLikingInfo","<ItemMap>k__BackingField","System.Collections.Generic.Dictionary`2<System.String,System.Int32>","private","False","False","False","","0x04002FFB"
"DolocTown.Config.Monster.MonsterDocumentInfo","<SpecialDrop_Ref>k__BackingField","DolocTown.Config.Item.ItemInfo[]","private","False","False","False","","0x04003012"
"DolocTown.Config.Monster.MonsterInfo","<DropSpawnEntry>k__BackingField","DolocTown.Config.Item.ItemSpawnEntry","private","False","False","False","","0x0400301F"
"DolocTown.Config.Mod.ModExchangeStoreExtensionInfo","<ExtraItems>k__BackingField","DolocTown.Config.Store.ExchangeStoreItemData[]","private","False","False","False","","0x04003045"
"DolocTown.Config.Mod.ModIngredientGroupExtensionInfo","<ExtraItems>k__BackingField","System.String[]","private","False","False","False","","0x04003052"
"DolocTown.Config.Mod.ModIngredientGroupExtensionInfo","<ExtraItems_Ref>k__BackingField","DolocTown.Config.Item.ItemInfo[]","private","False","False","False","","0x04003053"
"DolocTown.Config.Mod.ModItemSpawnExtensionInfo","<Id>k__BackingField","System.String","private","False","False","False","","0x04003055"
"DolocTown.Config.Mod.ModItemSpawnExtensionInfo","<Id_Ref>k__BackingField","DolocTown.Config.Item.ItemSpawnInfo","private","False","False","False","","0x04003056"
"DolocTown.Config.Mod.ModItemSpawnExtensionInfo","<ExtraItems>k__BackingField","DolocTown.Config.Item.ItemSpawnData[]","private","False","False","False","","0x04003057"
"DolocTown.Config.Mod.ModItemSpawnExtensionInfo","ExtraItems_Index","System.Collections.Generic.Dictionary`2<System.String,DolocTown.Config.Item.ItemSpawnData>","public","False","True","False","","0x04003058"
"DolocTown.Config.Mod.ModItemSpawnExtensionInfo","__ID__","System.Int32","public","True","False","True","2076344251","0x04003059"
"DolocTown.Config.Mod.ModStoreExtensionInfo","<ExtraItems>k__BackingField","DolocTown.Config.Store.StoreItemSeasonData[]","private","False","False","False","","0x04003065"
"DolocTown.Config.Mod.ModStoreExtensionInfo","ExtraItems_Index","System.Collections.Generic.Dictionary`2<System.String,DolocTown.Config.Store.StoreItemSeasonData>","public","False","True","False","","0x04003066"
"DolocTown.Config.Mod.TbModItemSpawnExtension","_dataList","System.Collections.Generic.List`1<DolocTown.Config.Mod.ModItemSpawnExtensionInfo>","private","False","True","False","","0x04003071"
"DolocTown.Config.Mission.FactionMissionInfo","<RequiredItems>k__BackingField","System.Collections.Generic.List`1<DolocTown.CountItem>","private","False","False","False","","0x040030A2"
"DolocTown.Config.Mission.ItemGeneConditionInfo","<Id>k__BackingField","System.String","private","False","False","False","","0x040030C2"
"DolocTown.Config.Mission.ItemGeneConditionInfo","<GeneMinCount>k__BackingField","System.Int32","private","False","False","False","","0x040030C3"
"DolocTown.Config.Mission.ItemGeneConditionInfo","<IsCloned>k__BackingField","System.Boolean","private","False","False","False","","0x040030C4"
"DolocTown.Config.Mission.ItemGeneConditionInfo","<GeneFilter>k__BackingField","System.String[]","private","False","False","False","","0x040030C5"
"DolocTown.Config.Mission.ItemGeneConditionInfo","<GeneFilter_Ref>k__BackingField","DolocTown.Config.Plant.CropGeneInfo[]","private","False","False","False","","0x040030C6"
"DolocTown.Config.Mission.ItemGeneConditionInfo","__ID__","System.Int32","public","True","False","True","1271285087","0x040030C7"
"DolocTown.Config.Mission.ItemSubmitConditionInfo","<Id>k__BackingField","System.String","private","False","False","False","","0x040030C8"
"DolocTown.Config.Mission.ItemSubmitConditionInfo","<SubmitCount>k__BackingField","System.Int32","private","False","False","False","","0x040030C9"
"DolocTown.Config.Mission.ItemSubmitConditionInfo","<ShouldCostItem>k__BackingField","System.Boolean","private","False","False","False","","0x040030CA"
"DolocTown.Config.Mission.ItemSubmitConditionInfo","<ItemTypeFilter>k__BackingField","System.Collections.Generic.List`1<System.String>","private","False","False","False","","0x040030CB"
"DolocTown.Config.Mission.ItemSubmitConditionInfo","<ItemTypeFilter_Ref>k__BackingField","System.Collections.Generic.List`1<DolocTown.Config.Item.ItemMainTypeInfo>","private","False","False","False","","0x040030CC"
"DolocTown.Config.Mission.ItemSubmitConditionInfo","<ItemSubTypeFilter>k__BackingField","System.Collections.Generic.List`1<System.String>","private","False","False","False","","0x040030CD"
"DolocTown.Config.Mission.ItemSubmitConditionInfo","<ItemSubTypeFilter_Ref>k__BackingField","System.Collections.Generic.List`1<DolocTown.Config.Item.ItemSubTypeInfo>","private","False","False","False","","0x040030CE"
"DolocTown.Config.Mission.ItemSubmitConditionInfo","<ItemNameFilter>k__BackingField","System.Collections.Generic.List`1<System.String>","private","False","False","False","","0x040030CF"
"DolocTown.Config.Mission.ItemSubmitConditionInfo","<ItemNameFilter_Ref>k__BackingField","System.Collections.Generic.List`1<DolocTown.Config.Item.ItemInfo>","private","False","False","False","","0x040030D0"
"DolocTown.Config.Mission.ItemSubmitConditionInfo","<GeneCondition>k__BackingField","System.String","private","False","False","False","","0x040030D1"
"DolocTown.Config.Mission.ItemSubmitConditionInfo","<GeneCondition_Ref>k__BackingField","DolocTown.Config.Mission.ItemGeneConditionInfo","private","False","False","False","","0x040030D2"
"DolocTown.Config.Mission.ItemSubmitConditionInfo","__ID__","System.Int32","public","True","False","True","-1927903620","0x040030D3"
"DolocTown.Config.Mission.RewardType","ITEM","DolocTown.Config.Mission.RewardType","public","True","False","True","2","0x0400310A"
"DolocTown.Config.Mission.TbItemGeneCondition","_dataMap","System.Collections.Generic.Dictionary`2<System.String,DolocTown.Config.Mission.ItemGeneConditionInfo>","private","False","True","False","","0x0400311E"
"DolocTown.Config.Mission.TbItemGeneCondition","_dataList","System.Collections.Generic.List`1<DolocTown.Config.Mission.ItemGeneConditionInfo>","private","False","True","False","","0x0400311F"
"DolocTown.Config.Mission.TbItemSubmitCondition","_dataMap","System.Collections.Generic.Dictionary`2<System.String,DolocTown.Config.Mission.ItemSubmitConditionInfo>","private","False","True","False","","0x04003120"
"DolocTown.Config.Mission.TbItemSubmitCondition","_dataList","System.Collections.Generic.List`1<DolocTown.Config.Mission.ItemSubmitConditionInfo>","private","False","True","False","","0x04003121"
"DolocTown.Config.Localization.StaticTextInfo","<UiItemSimpleTip>k__BackingField","System.String","private","False","False","False","","0x04003162"
"DolocTown.Config.Localization.StaticTextInfo","<UiItemSimpleTip_l10n_key>k__BackingField","System.String","private","False","True","False","","0x04003163"
"DolocTown.Config.Localization.StaticTextInfo","<UiItemTip>k__BackingField","System.String","private","False","False","False","","0x04003164"
"DolocTown.Config.Localization.StaticTextInfo","<UiItemTip_l10n_key>k__BackingField","System.String","private","False","True","False","","0x04003165"
"DolocTown.Config.Localization.StaticTextInfo","<UiErrNotDisposeItem>k__BackingField","System.String","private","False","False","False","","0x0400316E"
"DolocTown.Config.Localization.StaticTextInfo","<UiErrNotDisposeItem_l10n_key>k__BackingField","System.String","private","False","True","False","","0x0400316F"
"DolocTown.Config.Localization.StaticTextInfo","<UiQuesDisposeItem>k__BackingField","System.String","private","False","False","False","","0x04003170"
"DolocTown.Config.Localization.StaticTextInfo","<UiQuesDisposeItem_l10n_key>k__BackingField","System.String","private","False","True","False","","0x04003171"
"DolocTown.Config.Localization.StaticTextInfo","<UiMenuItemnotavaiable>k__BackingField","System.String","private","False","False","False","","0x04003172"
"DolocTown.Config.Localization.StaticTextInfo","<UiMenuItemnotavaiable_l10n_key>k__BackingField","System.String","private","False","True","False","","0x04003173"
"DolocTown.Config.Localization.StaticTextInfo","<UiLoseItemTip>k__BackingField","System.String","private","False","False","False","","0x0400317C"
"DolocTown.Config.Localization.StaticTextInfo","<UiLoseItemTip_l10n_key>k__BackingField","System.String","private","False","True","False","","0x0400317D"
"DolocTown.Config.Localization.StaticTextInfo","<UiGiftItemConfirm>k__BackingField","System.String","private","False","False","False","","0x04003194"
"DolocTown.Config.Localization.StaticTextInfo","<UiGiftItemConfirm_l10n_key>k__BackingField","System.String","private","False","True","False","","0x04003195"
"DolocTown.Config.Localization.StaticTextInfo","<UiTipDestroyItem>k__BackingField","System.String","private","False","False","False","","0x040031F8"
"DolocTown.Config.Localization.StaticTextInfo","<UiTipDestroyItem_l10n_key>k__BackingField","System.String","private","False","True","False","","0x040031F9"
"DolocTown.Config.Localization.StaticTextInfo","<UiOperationErrLowToolLevel>k__BackingField","System.String","private","False","False","False","","0x040032BE"
"DolocTown.Config.Localization.StaticTextInfo","<UiOperationErrLowToolLevel_l10n_key>k__BackingField","System.String","private","False","True","False","","0x040032BF"
"DolocTown.Config.Localization.StaticTextInfo","<UiOperationGiftItemFail>k__BackingField","System.String","private","False","False","False","","0x040032E8"
"DolocTown.Config.Localization.StaticTextInfo","<UiOperationGiftItemFail_l10n_key>k__BackingField","System.String","private","False","True","False","","0x040032E9"
"DolocTown.Config.Localization.StaticTextInfo","<StoreItemNotSaleable>k__BackingField","System.String","private","False","False","False","","0x04003308"
"DolocTown.Config.Localization.StaticTextInfo","<StoreItemNotSaleable_l10n_key>k__BackingField","System.String","private","False","True","False","","0x04003309"
"DolocTown.Config.Localization.StaticTextInfo","<StoreItemSoldOut>k__BackingField","System.String","private","False","False","False","","0x0400330A"
"DolocTown.Config.Localization.StaticTextInfo","<StoreItemSoldOut_l10n_key>k__BackingField","System.String","private","False","True","False","","0x0400330B"
"DolocTown.Config.Localization.StaticTextInfo","<StoreItemNotSaleableComment>k__BackingField","System.String","private","False","False","False","","0x04003316"
"DolocTown.Config.Localization.StaticTextInfo","<StoreItemNotSaleableComment_l10n_key>k__BackingField","System.String","private","False","True","False","","0x04003317"
"DolocTown.Config.Localization.StaticTextInfo","<StoreItemTipPlantbasinLocked>k__BackingField","System.String","private","False","False","False","","0x04003328"
"DolocTown.Config.Localization.StaticTextInfo","<StoreItemTipPlantbasinLocked_l10n_key>k__BackingField","System.String","private","False","True","False","","0x04003329"
"DolocTown.Config.Localization.StaticTextInfo","<UiEmailReciveItem>k__BackingField","System.String","private","False","False","False","","0x040033CC"
"DolocTown.Config.Localization.StaticTextInfo","<UiEmailReciveItem_l10n_key>k__BackingField","System.String","private","False","True","False","","0x040033CD"
"DolocTown.Config.Localization.StaticTextInfo","<RecipePanelExistItems>k__BackingField","System.String","private","False","False","False","","0x040033F4"
"DolocTown.Config.Localization.StaticTextInfo","<RecipePanelExistItems_l10n_key>k__BackingField","System.String","private","False","True","False","","0x040033F5"
"DolocTown.Config.Localization.StaticTextInfo","<ItemBuildingProtoError>k__BackingField","System.String","private","False","False","False","","0x04003400"
"DolocTown.Config.Localization.StaticTextInfo","<ItemBuildingProtoError_l10n_key>k__BackingField","System.String","private","False","True","False","","0x04003401"
"DolocTown.Config.Localization.StaticTextInfo","<ItemEquipmentProtoError>k__BackingField","System.String","private","False","False","False","","0x04003402"
"DolocTown.Config.Localization.StaticTextInfo","<ItemEquipmentProtoError_l10n_key>k__BackingField","System.String","private","False","True","False","","0x04003403"
"DolocTown.Config.Localization.StaticTextInfo","<ItemSendEmailOnOverflow>k__BackingField","System.String","private","False","False","False","","0x04003404"
"DolocTown.Config.Localization.StaticTextInfo","<ItemSendEmailOnOverflow_l10n_key>k__BackingField","System.String","private","False","True","False","","0x04003405"
"DolocTown.Config.Localization.StaticTextInfo","<ItemSleepingBagConditionFailedMonster>k__BackingField","System.String","private","False","False","False","","0x04003406"
"DolocTown.Config.Localization.StaticTextInfo","<ItemSleepingBagConditionFailedMonster_l10n_key>k__BackingField","System.String","private","False","True","False","","0x04003407"
"DolocTown.Config.Localization.StaticTextInfo","<ItemSleepingBagConditionFailedWater>k__BackingField","System.String","private","False","False","False","","0x04003408"
"DolocTown.Config.Localization.StaticTextInfo","<ItemSleepingBagConditionFailedWater_l10n_key>k__BackingField","System.String","private","False","True","False","","0x04003409"
"DolocTown.Config.Localization.StaticTextInfo","<ItemRescuePagerConditionFailed>k__BackingField","System.String","private","False","False","False","","0x0400340A"
"DolocTown.Config.Localization.StaticTextInfo","<ItemRescuePagerConditionFailed_l10n_key>k__BackingField","System.String","private","False","True","False","","0x0400340B"
"DolocTown.Config.Localization.StaticTextInfo","<ItemTipPrice>k__BackingField","System.String","private","False","False","False","","0x0400340C"
"DolocTown.Config.Localization.StaticTextInfo","<ItemTipPrice_l10n_key>k__BackingField","System.String","private","False","True","False","","0x0400340D"
"DolocTown.Config.Localization.StaticTextInfo","<ItemTipBasicsPrice>k__BackingField","System.String","private","False","False","False","","0x0400340E"
"DolocTown.Config.Localization.StaticTextInfo","<ItemTipBasicsPrice_l10n_key>k__BackingField","System.String","private","False","True","False","","0x0400340F"
"DolocTown.Config.Localization.StaticTextInfo","<ItemTipMoneyUnit>k__BackingField","System.String","private","False","False","False","","0x04003410"
"DolocTown.Config.Localization.StaticTextInfo","<ItemTipMoneyUnit_l10n_key>k__BackingField","System.String","private","False","True","False","","0x04003411"
"DolocTown.Config.Localization.StaticTextInfo","<ItemChipAttackIncrease>k__BackingField","System.String","private","False","False","False","","0x04003412"
"DolocTown.Config.Localization.StaticTextInfo","<ItemChipAttackIncrease_l10n_key>k__BackingField","System.String","private","False","True","False","","0x04003413"
"DolocTown.Config.Localization.StaticTextInfo","<ItemChipAttackIncreaseFixed>k__BackingField","System.String","private","False","False","False","","0x04003414"
"DolocTown.Config.Localization.StaticTextInfo","<ItemChipAttackIncreaseFixed_l10n_key>k__BackingField","System.String","private","False","True","False","","0x04003415"
"DolocTown.Config.Localization.StaticTextInfo","<ItemChipCriticalRateIncrease>k__BackingField","System.String","private","False","False","False","","0x04003416"
"DolocTown.Config.Localization.StaticTextInfo","<ItemChipCriticalRateIncrease_l10n_key>k__BackingField","System.String","private","False","True","False","","0x04003417"
"DolocTown.Config.Localization.StaticTextInfo","<ItemChipAttackSpeedIncrease>k__BackingField","System.String","private","False","False","False","","0x04003418"
"DolocTown.Config.Localization.StaticTextInfo","<ItemChipAttackSpeedIncrease_l10n_key>k__BackingField","System.String","private","False","True","False","","0x04003419"
"DolocTown.Config.Localization.StaticTextInfo","<ItemChipAccuracyIncrease>k__BackingField","System.String","private","False","False","False","","0x0400341A"
"DolocTown.Config.Localization.StaticTextInfo","<ItemChipAccuracyIncrease_l10n_key>k__BackingField","System.String","private","False","True","False","","0x0400341B"
"DolocTown.Config.Localization.StaticTextInfo","<ItemChipPowerCostDecrease>k__BackingField","System.String","private","False","False","False","","0x0400341C"
"DolocTown.Config.Localization.StaticTextInfo","<ItemChipPowerCostDecrease_l10n_key>k__BackingField","System.String","private","False","True","False","","0x0400341D"
"DolocTown.Config.Localization.StaticTextInfo","<ItemChipAttackDistanceIncrease>k__BackingField","System.String","private","False","False","False","","0x0400341E"
"DolocTown.Config.Localization.StaticTextInfo","<ItemChipAttackDistanceIncrease_l10n_key>k__BackingField","System.String","private","False","True","False","","0x0400341F"
"DolocTown.Config.Localization.StaticTextInfo","<ItemChipMoveSpeedIncrease>k__BackingField","System.String","private","False","False","False","","0x04003420"
"DolocTown.Config.Localization.StaticTextInfo","<ItemChipMoveSpeedIncrease_l10n_key>k__BackingField","System.String","private","False","True","False","","0x04003421"
"DolocTown.Config.Localization.StaticTextInfo","<ItemChipClipCapacityAddition>k__BackingField","System.String","private","False","False","False","","0x04003422"
"DolocTown.Config.Localization.StaticTextInfo","<ItemChipClipCapacityAddition_l10n_key>k__BackingField","System.String","private","False","True","False","","0x04003423"
"DolocTown.Config.Localization.StaticTextInfo","<ItemChipReloadDurationDecrease>k__BackingField","System.String","private","False","False","False","","0x04003424"
"DolocTown.Config.Localization.StaticTextInfo","<ItemChipReloadDurationDecrease_l10n_key>k__BackingField","System.String","private","False","True","False","","0x04003425"
"DolocTown.Config.Localization.StaticTextInfo","<ItemEngineMoveSpeedIncrease>k__BackingField","System.String","private","False","False","False","","0x04003426"
"DolocTown.Config.Localization.StaticTextInfo","<ItemEngineMoveSpeedIncrease_l10n_key>k__BackingField","System.String","private","False","True","False","","0x04003427"
"DolocTown.Config.Localization.StaticTextInfo","<ItemEnginePowerCapacityIncrease>k__BackingField","System.String","private","False","False","False","","0x04003428"
"DolocTown.Config.Localization.StaticTextInfo","<ItemEnginePowerCapacityIncrease_l10n_key>k__BackingField","System.String","private","False","True","False","","0x04003429"
"DolocTown.Config.Localization.StaticTextInfo","<ItemEnginePowerRecvIncrease>k__BackingField","System.String","private","False","False","False","","0x0400342A"
"DolocTown.Config.Localization.StaticTextInfo","<ItemEnginePowerRecvIncrease_l10n_key>k__BackingField","System.String","private","False","True","False","","0x0400342B"
"DolocTown.Config.Localization.StaticTextInfo","<ItemStructureMoveSpeedIncrease>k__BackingField","System.String","private","False","False","False","","0x0400342C"
"DolocTown.Config.Localization.StaticTextInfo","<ItemStructureMoveSpeedIncrease_l10n_key>k__BackingField","System.String","private","False","True","False","","0x0400342D"
"DolocTown.Config.Localization.StaticTextInfo","<ItemStructurePowerCapacity>k__BackingField","System.String","private","False","False","False","","0x0400342E"
"DolocTown.Config.Localization.StaticTextInfo","<ItemStructurePowerCapacity_l10n_key>k__BackingField","System.String","private","False","True","False","","0x0400342F"
"DolocTown.Config.Localization.StaticTextInfo","<ItemStructurePowerRecv>k__BackingField","System.String","private","False","False","False","","0x04003430"
"DolocTown.Config.Localization.StaticTextInfo","<ItemStructurePowerRecv_l10n_key>k__BackingField","System.String","private","False","True","False","","0x04003431"
"DolocTown.Config.Localization.StaticTextInfo","<ItemMaxDurability>k__BackingField","System.String","private","False","False","False","","0x04003432"
"DolocTown.Config.Localization.StaticTextInfo","<ItemMaxDurability_l10n_key>k__BackingField","System.String","private","False","True","False","","0x04003433"
"DolocTown.Config.Localization.StaticTextInfo","<ItemTitleInfoFormat>k__BackingField","System.String","private","False","False","False","","0x04003434"
"DolocTown.Config.Localization.StaticTextInfo","<ItemTitleInfoFormat_l10n_key>k__BackingField","System.String","private","False","True","False","","0x04003435"
"DolocTown.Config.Localization.StaticTextInfo","<ItemConfirmUse>k__BackingField","System.String","private","False","False","False","","0x04003436"
"DolocTown.Config.Localization.StaticTextInfo","<ItemConfirmUse_l10n_key>k__BackingField","System.String","private","False","True","False","","0x04003437"
"DolocTown.Config.Localization.StaticTextInfo","<ItemWaterCanArea>k__BackingField","System.String","private","False","False","False","","0x04003438"
"DolocTown.Config.Localization.StaticTextInfo","<ItemWaterCanArea_l10n_key>k__BackingField","System.String","private","False","True","False","","0x04003439"
"DolocTown.Config.Localization.StaticTextInfo","<ItemWaterCanEndlessWater>k__BackingField","System.String","private","False","False","False","","0x0400343A"
"DolocTown.Config.Localization.StaticTextInfo","<ItemWaterCanEndlessWater_l10n_key>k__BackingField","System.String","private","False","True","False","","0x0400343B"
"DolocTown.Config.Localization.StaticTextInfo","<ItemGeneDescFormat>k__BackingField","System.String","private","False","False","False","","0x0400343C"
"DolocTown.Config.Localization.StaticTextInfo","<ItemGeneDescFormat_l10n_key>k__BackingField","System.String","private","False","True","False","","0x0400343D"
"DolocTown.Config.Localization.StaticTextInfo","<ItemSeedCloned>k__BackingField","System.String","private","False","False","False","","0x0400343E"
"DolocTown.Config.Localization.StaticTextInfo","<ItemSeedCloned_l10n_key>k__BackingField","System.String","private","False","True","False","","0x0400343F"
"DolocTown.Config.Localization.StaticTextInfo","<ItemWpIsAvailableFor>k__BackingField","System.String","private","False","False","False","","0x04003440"
"DolocTown.Config.Localization.StaticTextInfo","<ItemWpIsAvailableFor_l10n_key>k__BackingField","System.String","private","False","True","False","","0x04003441"
"DolocTown.Config.Localization.StaticTextInfo","<ItemWpAvailableAll>k__BackingField","System.String","private","False","False","False","","0x04003442"
"DolocTown.Config.Localization.StaticTextInfo","<ItemWpAvailableAll_l10n_key>k__BackingField","System.String","private","False","True","False","","0x04003443"
"DolocTown.Config.Localization.StaticTextInfo","<ItemFishFryTitleFormat>k__BackingField","System.String","private","False","False","False","","0x04003444"
"DolocTown.Config.Localization.StaticTextInfo","<ItemFishFryTitleFormat_l10n_key>k__BackingField","System.String","private","False","True","False","","0x04003445"
"DolocTown.Config.Localization.StaticTextInfo","<ItemToolLevelFormat>k__BackingField","System.String","private","False","False","False","","0x04003446"
"DolocTown.Config.Localization.StaticTextInfo","<ItemToolLevelFormat_l10n_key>k__BackingField","System.String","private","False","True","False","","0x04003447"
"DolocTown.Config.Localization.StaticTextInfo","<ItemPatchValueFormat>k__BackingField","System.String","private","False","False","False","","0x04003448"
"DolocTown.Config.Localization.StaticTextInfo","<ItemPatchValueFormat_l10n_key>k__BackingField","System.String","private","False","True","False","","0x04003449"
"DolocTown.Config.Localization.StaticTextInfo","<ItemBoxValueFormat>k__BackingField","System.String","private","False","False","False","","0x0400344A"
"DolocTown.Config.Localization.StaticTextInfo","<ItemBoxValueFormat_l10n_key>k__BackingField","System.String","private","False","True","False","","0x0400344B"
"DolocTown.Config.Localization.StaticTextInfo","<ItemFilmValueFormat>k__BackingField","System.String","private","False","False","False","","0x0400344C"
"DolocTown.Config.Localization.StaticTextInfo","<ItemFilmValueFormat_l10n_key>k__BackingField","System.String","private","False","True","False","","0x0400344D"
"DolocTown.Config.Localization.StaticTextInfo","<ItemDroneWeaponValueFormat>k__BackingField","System.String","private","False","False","False","","0x0400344E"
"DolocTown.Config.Localization.StaticTextInfo","<ItemDroneWeaponValueFormat_l10n_key>k__BackingField","System.String","private","False","True","False","","0x0400344F"
"DolocTown.Config.Localization.StaticTextInfo","<ItemMoneyTitle>k__BackingField","System.String","private","False","False","False","","0x04003450"
"DolocTown.Config.Localization.StaticTextInfo","<ItemMoneyTitle_l10n_key>k__BackingField","System.String","private","False","True","False","","0x04003451"
"DolocTown.Config.Localization.StaticTextInfo","<ItemMoneyDesc>k__BackingField","System.String","private","False","False","False","","0x04003452"
"DolocTown.Config.Localization.StaticTextInfo","<ItemMoneyDesc_l10n_key>k__BackingField","System.String","private","False","True","False","","0x04003453"
"DolocTown.Config.Localization.StaticTextInfo","<ItemMoneyType>k__BackingField","System.String","private","False","False","False","","0x04003454"
"DolocTown.Config.Localization.StaticTextInfo","<ItemMoneyType_l10n_key>k__BackingField","System.String","private","False","True","False","","0x04003455"
"DolocTown.Config.Localization.StaticTextInfo","<RewardInfoItem>k__BackingField","System.String","private","False","False","False","","0x0400346A"
"DolocTown.Config.Localization.StaticTextInfo","<RewardInfoItem_l10n_key>k__BackingField","System.String","private","False","True","False","","0x0400346B"
"DolocTown.Config.Localization.StaticTextInfo","<AutomateBotPanelItemError>k__BackingField","System.String","private","False","False","False","","0x04003498"
"DolocTown.Config.Localization.StaticTextInfo","<AutomateBotPanelItemError_l10n_key>k__BackingField","System.String","private","False","True","False","","0x04003499"
"DolocTown.Config.Localization.StaticTextInfo","<InventoryPanelCannotPutIn>k__BackingField","System.String","private","False","False","False","","0x040034B2"
"DolocTown.Config.Localization.StaticTextInfo","<InventoryPanelCannotPutIn_l10n_key>k__BackingField","System.String","private","False","True","False","","0x040034B3"
"DolocTown.Config.Localization.StaticTextInfo","<InventoryPanelContainerFull>k__BackingField","System.String","private","False","False","False","","0x040034B4"
"DolocTown.Config.Localization.StaticTextInfo","<InventoryPanelContainerFull_l10n_key>k__BackingField","System.String","private","False","True","False","","0x040034B5"
"DolocTown.Config.Localization.StaticTextInfo","<InventoryPanelDungeonCaseTitle>k__BackingField","System.String","private","False","False","False","","0x040034C4"
"DolocTown.Config.Localization.StaticTextInfo","<InventoryPanelDungeonCaseTitle_l10n_key>k__BackingField","System.String","private","False","True","False","","0x040034C5"
"DolocTown.Config.Localization.StaticTextInfo","<InventoryPanelBackpackTitle>k__BackingField","System.String","private","False","False","False","","0x040034C6"
"DolocTown.Config.Localization.StaticTextInfo","<InventoryPanelBackpackTitle_l10n_key>k__BackingField","System.String","private","False","True","False","","0x040034C7"
"DolocTown.Config.Localization.StaticTextInfo","<InventoryPanelSocketTitle>k__BackingField","System.String","private","False","False","False","","0x040034CA"
"DolocTown.Config.Localization.StaticTextInfo","<InventoryPanelSocketTitle_l10n_key>k__BackingField","System.String","private","False","True","False","","0x040034CB"
"DolocTown.Config.Localization.StaticTextInfo","<InventoryPanelPutBoxFirst>k__BackingField","System.String","private","False","False","False","","0x040034CC"
"DolocTown.Config.Localization.StaticTextInfo","<InventoryPanelPutBoxFirst_l10n_key>k__BackingField","System.String","private","False","True","False","","0x040034CD"
"DolocTown.Config.Localization.StaticTextInfo","<InventoryPanelInfoGeneIncubator>k__BackingField","System.String","private","False","False","False","","0x040034CE"
"DolocTown.Config.Localization.StaticTextInfo","<InventoryPanelInfoGeneIncubator_l10n_key>k__BackingField","System.String","private","False","True","False","","0x040034CF"
"DolocTown.Config.Localization.StaticTextInfo","<InventoryPanelCapsuleTitle>k__BackingField","System.String","private","False","False","False","","0x040034D0"
"DolocTown.Config.Localization.StaticTextInfo","<InventoryPanelCapsuleTitle_l10n_key>k__BackingField","System.String","private","False","True","False","","0x040034D1"
"DolocTown.Config.Localization.StaticTextInfo","<InventoryPanelInfoGeneReplicator>k__BackingField","System.String","private","False","False","False","","0x040034D2"
"DolocTown.Config.Localization.StaticTextInfo","<InventoryPanelInfoGeneReplicator_l10n_key>k__BackingField","System.String","private","False","True","False","","0x040034D3"
"DolocTown.Config.Localization.StaticTextInfo","<InventoryPanelGeneReplicatorLocked>k__BackingField","System.String","private","False","False","False","","0x040034D4"
"DolocTown.Config.Localization.StaticTextInfo","<InventoryPanelGeneReplicatorLocked_l10n_key>k__BackingField","System.String","private","False","True","False","","0x040034D5"
"DolocTown.Config.Localization.StaticTextInfo","<InventoryPanelInfoGeneSynthesizer>k__BackingField","System.String","private","False","False","False","","0x040034D6"
"DolocTown.Config.Localization.StaticTextInfo","<InventoryPanelInfoGeneSynthesizer_l10n_key>k__BackingField","System.String","private","False","True","False","","0x040034D7"
"DolocTown.Config.Localization.StaticTextInfo","<InventoryPanelGeneSynthesizerLocked>k__BackingField","System.String","private","False","False","False","","0x040034D8"
"DolocTown.Config.Localization.StaticTextInfo","<InventoryPanelGeneSynthesizerLocked_l10n_key>k__BackingField","System.String","private","False","True","False","","0x040034D9"
"DolocTown.Config.Localization.StaticTextInfo","<CollectionPanelItemLabel>k__BackingField","System.String","private","False","False","False","","0x040035D0"
"DolocTown.Config.Localization.StaticTextInfo","<CollectionPanelItemLabel_l10n_key>k__BackingField","System.String","private","False","True","False","","0x040035D1"
"DolocTown.Config.Localization.StaticTextInfo","<CollectionPanelItemRecipeTime>k__BackingField","System.String","private","False","False","False","","0x040035D2"
"DolocTown.Config.Localization.StaticTextInfo","<CollectionPanelItemRecipeTime_l10n_key>k__BackingField","System.String","private","False","True","False","","0x040035D3"
"DolocTown.Config.Localization.StaticTextInfo","<CollectionPanelItemRecipeEmpty>k__BackingField","System.String","private","False","False","False","","0x040035D4"
"DolocTown.Config.Localization.StaticTextInfo","<CollectionPanelItemRecipeEmpty_l10n_key>k__BackingField","System.String","private","False","True","False","","0x040035D5"
"DolocTown.Config.Localization.StaticTextInfo","<CollectionPanelItemUnknown>k__BackingField","System.String","private","False","False","False","","0x040035D6"
"DolocTown.Config.Localization.StaticTextInfo","<CollectionPanelItemUnknown_l10n_key>k__BackingField","System.String","private","False","True","False","","0x040035D7"
"DolocTown.Config.Localization.StaticTextInfo","<CollectionPanelItemSource>k__BackingField","System.String","private","False","False","False","","0x040035D8"
"DolocTown.Config.Localization.StaticTextInfo","<CollectionPanelItemSource_l10n_key>k__BackingField","System.String","private","False","True","False","","0x040035D9"
"DolocTown.Config.Localization.StaticTextInfo","<BuilderActionSelectedItem>k__BackingField","System.String","private","False","False","False","","0x04003638"
"DolocTown.Config.Localization.StaticTextInfo","<BuilderActionSelectedItem_l10n_key>k__BackingField","System.String","private","False","True","False","","0x04003639"
"DolocTown.Config.Localization.StaticTextInfo","<BuilderActionRollingItem>k__BackingField","System.String","private","False","False","False","","0x04003642"
"DolocTown.Config.Localization.StaticTextInfo","<BuilderActionRollingItem_l10n_key>k__BackingField","System.String","private","False","True","False","","0x04003643"
"DolocTown.Config.Localization.StaticTextInfo","<GarbageSubmitErrItem>k__BackingField","System.String","private","False","False","False","","0x040036CC"
"DolocTown.Config.Localization.StaticTextInfo","<GarbageSubmitErrItem_l10n_key>k__BackingField","System.String","private","False","True","False","","0x040036CD"
"DolocTown.Config.Localization.StaticTextInfo","<ItemEdenFruitTip>k__BackingField","System.String","private","False","False","False","","0x040036F0"
"DolocTown.Config.Localization.StaticTextInfo","<ItemEdenFruitTip_l10n_key>k__BackingField","System.String","private","False","True","False","","0x040036F1"
"DolocTown.Config.Localization.StaticTextInfo","<UiItemGenerateElectricityEntry>k__BackingField","System.String","private","False","False","False","","0x040036F8"
"DolocTown.Config.Localization.StaticTextInfo","<UiItemGenerateElectricityEntry_l10n_key>k__BackingField","System.String","private","False","True","False","","0x040036F9"
"DolocTown.Config.Item.CfgCountItem","<ItemName>k__BackingField","System.String","private","False","False","False","","0x04003770"
"DolocTown.Config.Item.CfgCountItem","<ItemName_Ref>k__BackingField","DolocTown.Config.Item.ItemInfo","private","False","False","False","","0x04003771"
"DolocTown.Config.Item.CfgCountItem","<ItemCount>k__BackingField","System.Int32","private","False","False","False","","0x04003772"
"DolocTown.Config.Item.CfgCountItem","__ID__","System.Int32","public","True","False","True","423431097","0x04003773"
"DolocTown.Config.Item.CfgRangedItem","<ItemName>k__BackingField","System.String","private","False","False","False","","0x04003774"
"DolocTown.Config.Item.CfgRangedItem","<ItemName_Ref>k__BackingField","DolocTown.Config.Item.ItemInfo","private","False","False","False","","0x04003775"
"DolocTown.Config.Item.CfgRangedItem","<MinCount>k__BackingField","System.Int32","private","False","False","False","","0x04003776"
"DolocTown.Config.Item.CfgRangedItem","<MaxCount>k__BackingField","System.Int32","private","False","False","False","","0x04003777"
"DolocTown.Config.Item.CfgRangedItem","__ID__","System.Int32","public","True","False","True","-514812317","0x04003778"
"DolocTown.Config.Item.CfgRewardProto","<RewardType>k__BackingField","DolocTown.Config.Mission.RewardType","private","False","False","False","","0x04003779"
"DolocTown.Config.Item.CfgRewardProto","<TargetId>k__BackingField","System.String","private","False","False","False","","0x0400377A"
"DolocTown.Config.Item.CfgRewardProto","<TargetCount>k__BackingField","System.Int32","private","False","False","False","","0x0400377B"
"DolocTown.Config.Item.CfgRewardProto","__ID__","System.Int32","public","True","False","True","-1860454096","0x0400377C"
"DolocTown.Config.Item.CountItemListInfo","<Id>k__BackingField","System.String","private","False","False","False","","0x0400377D"
"DolocTown.Config.Item.CountItemListInfo","<Items>k__BackingField","DolocTown.CountItem[]","private","False","False","False","","0x0400377E"
"DolocTown.Config.Item.CountItemListInfo","__ID__","System.Int32","public","True","False","True","-198887629","0x0400377F"
"DolocTown.Config.Item.EatingEffectInfo","<Id>k__BackingField","System.String","private","False","False","False","","0x04003780"
"DolocTown.Config.Item.EatingEffectInfo","<SoundEvent>k__BackingField","System.String","private","False","False","False","","0x04003781"
"DolocTown.Config.Item.EatingEffectInfo","<OutputItems>k__BackingField","DolocTown.CountItem[]","private","False","False","False","","0x04003782"
"DolocTown.Config.Item.EatingEffectInfo","<Effects>k__BackingField","DolocTown.Config.Item.FoodEffect[]","private","False","False","False","","0x04003783"
"DolocTown.Config.Item.EatingEffectInfo","__ID__","System.Int32","public","True","False","True","-102027132","0x04003784"
"DolocTown.Config.Item.FoodEffect","<Buff>k__BackingField","System.String","private","False","False","False","","0x04003785"
"DolocTown.Config.Item.FoodEffect","<Buff_Ref>k__BackingField","DolocTown.Config.Buff.BuffInfo","private","False","False","False","","0x04003786"
"DolocTown.Config.Item.FoodEffect","<Scale>k__BackingField","System.Single","private","False","False","False","","0x04003787"
"DolocTown.Config.Item.FoodEffect","__ID__","System.Int32","public","True","False","True","1599869258","0x04003788"
"DolocTown.Config.Item.ItemAutomationTypeInfo","<Id>k__BackingField","System.String","private","False","False","False","","0x04003789"
"DolocTown.Config.Item.ItemAutomationTypeInfo","<Title>k__BackingField","System.String","private","False","False","False","","0x0400378A"
"DolocTown.Config.Item.ItemAutomationTypeInfo","<Title_l10n_key>k__BackingField","System.String","private","False","True","False","","0x0400378B"
"DolocTown.Config.Item.ItemAutomationTypeInfo","<UiSpriteAsset>k__BackingField","DolocTown.SpriteAsset","private","False","False","False","","0x0400378C"
"DolocTown.Config.Item.ItemAutomationTypeInfo","<SpriteAsset>k__BackingField","DolocTown.SpriteAsset","private","False","False","False","","0x0400378D"
"DolocTown.Config.Item.ItemAutomationTypeInfo","__ID__","System.Int32","public","True","False","True","-2044837139","0x0400378E"
"DolocTown.Config.Item.ItemFunction","__ID__","System.Int32","public","True","False","True","849586950","0x0400378F"
"DolocTown.Config.Item.ItemFunctionAnimalPackage","<UiSpriteCatch>k__BackingField","DolocTown.SpriteAsset","private","False","False","False","","0x04003790"
"DolocTown.Config.Item.ItemFunctionAnimalPackage","<PresetAnimal>k__BackingField","System.String","private","False","False","False","","0x04003791"
"DolocTown.Config.Item.ItemFunctionAnimalPackage","<PresetAnimal_Ref>k__BackingField","DolocTown.Config.Animal.AnimalInfo","private","False","False","False","","0x04003792"
"DolocTown.Config.Item.ItemFunctionAnimalPackage","<Reusable>k__BackingField","System.Boolean","private","False","False","False","","0x04003793"
"DolocTown.Config.Item.ItemFunctionAnimalPackage","<TypeWhenFull>k__BackingField","System.String","private","False","False","False","","0x04003794"
"DolocTown.Config.Item.ItemFunctionAnimalPackage","<TypeWhenFull_Ref>k__BackingField","DolocTown.Config.Item.ItemSubTypeInfo","private","False","False","False","","0x04003795"
"DolocTown.Config.Item.ItemFunctionAnimalPackage","__ID__","System.Int32","public","True","False","True","97773892","0x04003796"
"DolocTown.Config.Item.ItemFunctionAnimation","__ID__","System.Int32","public","True","False","True","-1759340770","0x04003797"
"DolocTown.Config.Item.ItemFunctionAnimationBase","<DialogueNode>k__BackingField","System.String","private","False","False","False","","0x04003798"
"DolocTown.Config.Item.ItemFunctionAnimationBase","<ConfirmMessage>k__BackingField","System.String","private","False","False","False","","0x04003799"
"DolocTown.Config.Item.ItemFunctionAnimationBase","<ConfirmMessage_l10n_key>k__BackingField","System.String","private","False","True","False","","0x0400379A"
"DolocTown.Config.Item.ItemFunctionAutomateBot","__ID__","System.Int32","public","True","False","True","-1870458611","0x0400379B"
"DolocTown.Config.Item.ItemFunctionBattery","<Power>k__BackingField","System.Int32","private","False","False","False","","0x0400379C"
"DolocTown.Config.Item.ItemFunctionBattery","__ID__","System.Int32","public","True","False","True","1203193895","0x0400379D"
"DolocTown.Config.Item.ItemFunctionBottle","<Capacity>k__BackingField","System.Int32","private","False","False","False","","0x0400379E"
"DolocTown.Config.Item.ItemFunctionBottle","__ID__","System.Int32","public","True","False","True","-363899796","0x0400379F"
"DolocTown.Config.Item.ItemFunctionBox","<TotalCapacity>k__BackingField","System.Int32","private","False","False","False","","0x040037A0"
"DolocTown.Config.Item.ItemFunctionBox","<LineCapacity>k__BackingField","System.Int32","private","False","False","False","","0x040037A1"
"DolocTown.Config.Item.ItemFunctionBox","<Durability>k__BackingField","System.Int32","private","False","False","False","","0x040037A2"
"DolocTown.Config.Item.ItemFunctionBox","<ItemAfterBreak>k__BackingField","DolocTown.CountItem","private","False","False","False","","0x040037A3"
"DolocTown.Config.Item.ItemFunctionBox","<RepairItem>k__BackingField","DolocTown.CountItem","private","False","False","False","","0x040037A4"
"DolocTown.Config.Item.ItemFunctionBox","<RepairValue>k__BackingField","System.Int32","private","False","False","False","","0x040037A5"
"DolocTown.Config.Item.ItemFunctionBox","<SkinColor>k__BackingField","UnityEngine.Color[]","private","False","False","False","","0x040037A6"
"DolocTown.Config.Item.ItemFunctionBox","<SkinOpen>k__BackingField","DolocTown.SpriteAsset[]","private","False","False","False","","0x040037A7"
"DolocTown.Config.Item.ItemFunctionBox","<SkinClose>k__BackingField","DolocTown.SpriteAsset[]","private","False","False","False","","0x040037A8"
"DolocTown.Config.Item.ItemFunctionBox","__ID__","System.Int32","public","True","False","True","-197380891","0x040037A9"
"DolocTown.Config.Item.ItemFunctionBox","Skins","System.Collections.Generic.List`1<DolocTown.Config.Item.BoxSkin>","public","False","False","False","","0x040037AA"
"DolocTown.Config.Item.ItemFunctionBuilding","__ID__","System.Int32","public","True","False","True","-1107837990","0x040037AB"
"DolocTown.Config.Item.ItemFunctionBuildingExterior","<ExteriorId>k__BackingField","System.String","private","False","False","False","","0x040037AC"
"DolocTown.Config.Item.ItemFunctionBuildingExterior","<ExteriorId_Ref>k__BackingField","DolocTown.Config.Building.BuildingExteriorInfo","private","False","False","False","","0x040037AD"
"DolocTown.Config.Item.ItemFunctionBuildingExterior","__ID__","System.Int32","public","True","False","True","-1381566280","0x040037AE"
"DolocTown.Config.Item.ItemFunctionConstructController","__ID__","System.Int32","public","True","False","True","-49527315","0x040037AF"
"DolocTown.Config.Item.ItemFunctionCrop","<SeedItem>k__BackingField","System.String","private","False","False","False","","0x040037B0"
"DolocTown.Config.Item.ItemFunctionCrop","<SeedItem_Ref>k__BackingField","DolocTown.Config.Item.ItemInfo","private","False","False","False","","0x040037B1"
"DolocTown.Config.Item.ItemFunctionCrop","<EatingEffect>k__BackingField","System.String","private","False","False","False","","0x040037B2"
"DolocTown.Config.Item.ItemFunctionCrop","<EatingEffect_Ref>k__BackingField","DolocTown.Config.Item.EatingEffectInfo","private","False","False","False","","0x040037B3"
"DolocTown.Config.Item.ItemFunctionCrop","__ID__","System.Int32","public","True","False","True","-1823807818","0x040037B4"
"DolocTown.Config.Item.ItemFunctionDemolitionTool","__ID__","System.Int32","public","True","False","True","1510783506","0x040037B5"
"DolocTown.Config.Item.ItemFunctionDoorplate","__ID__","System.Int32","public","True","False","True","42880962","0x040037B6"
"DolocTown.Config.Item.ItemFunctionDroneAssist","__ID__","System.Int32","public","True","False","True","1195993275","0x040037B7"
"DolocTown.Config.Item.ItemFunctionDroneChip","__ID__","System.Int32","public","True","False","True","850454302","0x040037B8"
"DolocTown.Config.Item.ItemFunctionDroneEngine","__ID__","System.Int32","public","True","False","True","1305534612","0x040037B9"
"DolocTown.Config.Item.ItemFunctionDroneStructure","__ID__","System.Int32","public","True","False","True","1796722145","0x040037BA"
"DolocTown.Config.Item.ItemFunctionDroneWeapon","__ID__","System.Int32","public","True","False","True","1812375662","0x040037BB"
"DolocTown.Config.Item.ItemFunctionEdenFruit","<MaxHealth>k__BackingField","System.Int32","private","False","False","False","","0x040037BC"
"DolocTown.Config.Item.ItemFunctionEdenFruit","<MaxEnergy>k__BackingField","System.Int32","private","False","False","False","","0x040037BD"
"DolocTown.Config.Item.ItemFunctionEdenFruit","<MaxSpirit>k__BackingField","System.Int32","private","False","False","False","","0x040037BE"
"DolocTown.Config.Item.ItemFunctionEdenFruit","__ID__","System.Int32","public","True","False","True","101140230","0x040037BF"
"DolocTown.Config.Item.ItemFunctionEquipment","__ID__","System.Int32","public","True","False","True","-1801494232","0x040037C0"
"DolocTown.Config.Item.ItemFunctionFarmingGun","<Capacity>k__BackingField","System.Int32","private","False","False","False","","0x040037C1"
"DolocTown.Config.Item.ItemFunctionFarmingGun","<Area>k__BackingField","UnityEngine.Vector2Int","private","False","False","False","","0x040037C2"
"DolocTown.Config.Item.ItemFunctionFarmingGun","<Offset>k__BackingField","UnityEngine.Vector2Int","private","False","False","False","","0x040037C3"
"DolocTown.Config.Item.ItemFunctionFarmingGun","__ID__","System.Int32","public","True","False","True","1063333210","0x040037C4"
"DolocTown.Config.Item.ItemFunctionFertilizer","<Addition>k__BackingField","System.Single","private","False","False","False","","0x040037C5"
"DolocTown.Config.Item.ItemFunctionFertilizer","<Duration>k__BackingField","System.Int32","private","False","False","False","","0x040037C6"
"DolocTown.Config.Item.ItemFunctionFertilizer","<IsTree>k__BackingField","System.Boolean","private","False","False","False","","0x040037C7"
"DolocTown.Config.Item.ItemFunctionFertilizer","<FertilizerSprite>k__BackingField","DolocTown.SpriteAsset","private","False","False","False","","0x040037C8"
"DolocTown.Config.Item.ItemFunctionFertilizer","__ID__","System.Int32","public","True","False","True","44302184","0x040037C9"
"DolocTown.Config.Item.ItemFunctionFilm","<HealingAmount>k__BackingField","System.Int32","private","False","False","False","","0x040037CA"
"DolocTown.Config.Item.ItemFunctionFilm","<LevelSprites>k__BackingField","DolocTown.SpriteAssetArray","private","False","False","False","","0x040037CB"
"DolocTown.Config.Item.ItemFunctionFilm","__ID__","System.Int32","public","True","False","True","-1823727190","0x040037CC"
"DolocTown.Config.Item.ItemFunctionFishFry","__ID__","System.Int32","public","True","False","True","685963727","0x040037CD"
"DolocTown.Config.Item.ItemFunctionFishingRod","<Level>k__BackingField","System.Int32","private","False","False","False","","0x040037CE"
"DolocTown.Config.Item.ItemFunctionFishingRod","<CatchSpeed>k__BackingField","System.Single","private","False","False","False","","0x040037CF"
"DolocTown.Config.Item.ItemFunctionFishingRod","<AntiEscapeMultiplier>k__BackingField","System.Single","private","False","False","False","","0x040037D0"
"DolocTown.Config.Item.ItemFunctionFishingRod","<AntiStruggleMultiplier>k__BackingField","System.Single","private","False","False","False","","0x040037D1"
"DolocTown.Config.Item.ItemFunctionFishingRod","<BonusMultiplier>k__BackingField","System.Single","private","False","False","False","","0x040037D2"
"DolocTown.Config.Item.ItemFunctionFishingRod","<InitProgress>k__BackingField","System.Single","private","False","False","False","","0x040037D3"
"DolocTown.Config.Item.ItemFunctionFishingRod","<LineColor>k__BackingField","System.String","private","False","False","False","","0x040037D4"
"DolocTown.Config.Item.ItemFunctionFishingRod","__ID__","System.Int32","public","True","False","True","1088868995","0x040037D5"
"DolocTown.Config.Item.ItemFunctionFishRoe","__ID__","System.Int32","public","True","False","True","685975146","0x040037D6"
"DolocTown.Config.Item.ItemFunctionFood","<EatingEffect>k__BackingField","System.String","private","False","False","False","","0x040037D7"
"DolocTown.Config.Item.ItemFunctionFood","<EatingEffect_Ref>k__BackingField","DolocTown.Config.Item.EatingEffectInfo","private","False","False","False","","0x040037D8"
"DolocTown.Config.Item.ItemFunctionFood","__ID__","System.Int32","public","True","False","True","-1823721340","0x040037D9"
"DolocTown.Config.Item.ItemFunctionGeneCapsule","<Genes>k__BackingField","System.String[]","private","False","False","False","","0x040037DA"
"DolocTown.Config.Item.ItemFunctionGeneCapsule","<Genes_Ref>k__BackingField","DolocTown.Config.Plant.CropGeneInfo[]","private","False","False","False","","0x040037DB"
"DolocTown.Config.Item.ItemFunctionGeneCapsule","__ID__","System.Int32","public","True","False","True","-1830102414","0x040037DC"
"DolocTown.Config.Item.ItemFunctionHat","__ID__","System.Int32","public","True","False","True","-197375563","0x040037DD"
"DolocTown.Config.Item.ItemFunctionHatBase","<HatId>k__BackingField","System.String","private","False","False","False","","0x040037DE"
"DolocTown.Config.Item.ItemFunctionHatBase","<HatId_Ref>k__BackingField","DolocTown.Config.Player.HatInfo","private","False","False","False","","0x040037DF"
"DolocTown.Config.Item.ItemFunctionHatShield","<MaxShieldValue>k__BackingField","System.Int32","private","False","False","False","","0x040037E0"
"DolocTown.Config.Item.ItemFunctionHatShield","__ID__","System.Int32","public","True","False","True","2021030270","0x040037E1"
"DolocTown.Config.Item.ItemFunctionHerbPackage","<FullSprite>k__BackingField","DolocTown.SpriteAsset","private","False","False","False","","0x040037E2"
"DolocTown.Config.Item.ItemFunctionHerbPackage","__ID__","System.Int32","public","True","False","True","-265050957","0x040037E3"
"DolocTown.Config.Item.ItemFunctionMissile","<Name>k__BackingField","System.String","private","False","False","False","","0x040037E4"
"DolocTown.Config.Item.ItemFunctionMissile","<InvokeMethod>k__BackingField","System.String","private","False","False","False","","0x040037E5"
"DolocTown.Config.Item.ItemFunctionMissile","<Damage>k__BackingField","System.Int32","private","False","False","False","","0x040037E6"
"DolocTown.Config.Item.ItemFunctionMissile","<CriticalRate>k__BackingField","System.Single","private","False","False","False","","0x040037E7"
"DolocTown.Config.Item.ItemFunctionMissile","__ID__","System.Int32","public","True","False","True","-1691083968","0x040037E8"
"DolocTown.Config.Item.ItemFunctionMotorKey","__ID__","System.Int32","public","True","False","True","171230928","0x040037E9"
"DolocTown.Config.Item.ItemFunctionPassive","__ID__","System.Int32","public","True","False","True","742394177","0x040037EA"
"DolocTown.Config.Item.ItemFunctionPassiveBase","<Skill>k__BackingField","System.String","private","False","False","False","","0x040037EB"
"DolocTown.Config.Item.ItemFunctionPassiveBase","<Skill_Ref>k__BackingField","DolocTown.Config.Player.AgentEquipmentSkillInfo","private","False","False","False","","0x040037EC"
"DolocTown.Config.Item.ItemFunctionPatch","<HealingAmount>k__BackingField","System.Single","private","False","False","False","","0x040037ED"
"DolocTown.Config.Item.ItemFunctionPatch","__ID__","System.Int32","public","True","False","True","-691963678","0x040037EE"
"DolocTown.Config.Item.ItemFunctionPlatform","__ID__","System.Int32","public","True","False","True","-2097475175","0x040037EF"
"DolocTown.Config.Item.ItemFunctionRandomPackage","<DropSpawnEntry>k__BackingField","DolocTown.Config.Item.ItemSpawnEntry","private","False","False","False","","0x040037F0"
"DolocTown.Config.Item.ItemFunctionRandomPackage","__ID__","System.Int32","public","True","False","True","1308865693","0x040037F1"
"DolocTown.Config.Item.ItemFunctionRecipe","<RecipeId>k__BackingField","System.String","private","False","False","False","","0x040037F2"
"DolocTown.Config.Item.ItemFunctionRecipe","<RecipeId_Ref>k__BackingField","DolocTown.Config.Recipe.RecipeInfo","private","False","False","False","","0x040037F3"
"DolocTown.Config.Item.ItemFunctionRecipe","__ID__","System.Int32","public","True","False","True","84414516","0x040037F4"
"DolocTown.Config.Item.ItemFunctionRecipeGroup","<RecipeGroupId>k__BackingField","System.String","private","False","False","False","","0x040037F5"
"DolocTown.Config.Item.ItemFunctionRecipeGroup","<RecipeGroupId_Ref>k__BackingField","DolocTown.Config.Recipe.RecipeGroupInfo","private","False","False","False","","0x040037F6"
"DolocTown.Config.Item.ItemFunctionRecipeGroup","<DialogueNode>k__BackingField","System.String","private","False","False","False","","0x040037F7"
"DolocTown.Config.Item.ItemFunctionRecipeGroup","__ID__","System.Int32","public","True","False","True","-1973684565","0x040037F8"
"DolocTown.Config.Item.ItemFunctionRescuePager","__ID__","System.Int32","public","True","False","True","1750203146","0x040037F9"
"DolocTown.Config.Item.ItemFunctionSeed","<SeedId>k__BackingField","System.String","private","False","False","False","","0x040037FA"
"DolocTown.Config.Item.ItemFunctionSeed","<SeedId_Ref>k__BackingField","DolocTown.Config.Plant.SeedInfo","private","False","False","False","","0x040037FB"
"DolocTown.Config.Item.ItemFunctionSeed","__ID__","System.Int32","public","True","False","True","-1823343977","0x040037FC"
"DolocTown.Config.Item.ItemFunctionSeedMaternal","<SeedItemId>k__BackingField","System.String","private","False","False","False","","0x040037FD"
"DolocTown.Config.Item.ItemFunctionSeedMaternal","<SeedItemId_Ref>k__BackingField","DolocTown.Config.Item.ItemInfo","private","False","False","False","","0x040037FE"
"DolocTown.Config.Item.ItemFunctionSeedMaternal","__ID__","System.Int32","public","True","False","True","281235363","0x040037FF"
"DolocTown.Config.Item.ItemFunctionSeedTree","<TreeSeedId>k__BackingField","System.String","private","False","False","False","","0x04003800"
"DolocTown.Config.Item.ItemFunctionSeedTree","<TreeSeedId_Ref>k__BackingField","DolocTown.Config.Plant.TreeSeedInfo","private","False","False","False","","0x04003801"
"DolocTown.Config.Item.ItemFunctionSeedTree","__ID__","System.Int32","public","True","False","True","1312603861","0x04003802"
"DolocTown.Config.Item.ItemFunctionSleepingBag","__ID__","System.Int32","public","True","False","True","1597650807","0x04003803"
"DolocTown.Config.Item.ItemFunctionTool","<ToolType>k__BackingField","DolocTown.Config.Item.ToolType","private","False","False","False","","0x04003804"
"DolocTown.Config.Item.ItemFunctionTool","<Level>k__BackingField","System.Int32","private","False","False","False","","0x04003805"
"DolocTown.Config.Item.ItemFunctionTool","<ChopNumber>k__BackingField","System.Int32","private","False","False","False","","0x04003806"
"DolocTown.Config.Item.ItemFunctionTool","<Attack>k__BackingField","System.Int32","private","False","False","False","","0x04003807"
"DolocTown.Config.Item.ItemFunctionTool","<MaxChopObjects>k__BackingField","System.Int32","private","False","False","False","","0x04003808"
"DolocTown.Config.Item.ItemFunctionTool","<ColliderSize>k__BackingField","UnityEngine.Vector2Int","private","False","False","False","","0x04003809"
"DolocTown.Config.Item.ItemFunctionTool","<ColliderOffset>k__BackingField","UnityEngine.Vector2Int","private","False","False","False","","0x0400380A"
"DolocTown.Config.Item.ItemFunctionTool","<AgentAnimName>k__BackingField","System.String","private","False","False","False","","0x0400380B"
"DolocTown.Config.Item.ItemFunctionTool","<AudioEvent>k__BackingField","System.String","private","False","False","False","","0x0400380C"
"DolocTown.Config.Item.ItemFunctionTool","__ID__","System.Int32","public","True","False","True","-1823304258","0x0400380D"
"DolocTown.Config.Item.ItemFunctionWallpaper","<WallpaperId>k__BackingField","System.String","private","False","False","False","","0x0400380E"
"DolocTown.Config.Item.ItemFunctionWallpaper","<WallpaperId_Ref>k__BackingField","DolocTown.Config.Building.BuildingWallpaperInfo","private","False","False","False","","0x0400380F"
"DolocTown.Config.Item.ItemFunctionWallpaper","__ID__","System.Int32","public","True","False","True","-1403156068","0x04003810"
"DolocTown.Config.Item.ItemFunctionWaterCan","<Capacity>k__BackingField","System.Int32","private","False","False","False","","0x04003811"
"DolocTown.Config.Item.ItemFunctionWaterCan","<Range>k__BackingField","System.Int32","private","False","False","False","","0x04003812"
"DolocTown.Config.Item.ItemFunctionWaterCan","__ID__","System.Int32","public","True","False","True","870072415","0x04003813"
"DolocTown.Config.Item.ItemInfo","<Id>k__BackingField","System.String","private","False","False","False","","0x04003814"
"DolocTown.Config.Item.ItemInfo","<Id_Ref>k__BackingField","DolocTown.Config.Item.ItemOrderInfo","private","False","False","False","","0x04003815"
"DolocTown.Config.Item.ItemInfo","<SubType>k__BackingField","System.String","private","False","False","False","","0x04003816"
"DolocTown.Config.Item.ItemInfo","<SubType_Ref>k__BackingField","DolocTown.Config.Item.ItemSubTypeInfo","private","False","False","False","","0x04003817"
"DolocTown.Config.Item.ItemInfo","<Salable>k__BackingField","System.Boolean","private","False","False","False","","0x04003818"
"DolocTown.Config.Item.ItemInfo","<Disposable>k__BackingField","System.Boolean","private","False","False","False","","0x04003819"
"DolocTown.Config.Item.ItemInfo","<Consumable>k__BackingField","System.Boolean","private","False","False","False","","0x0400381A"
"DolocTown.Config.Item.ItemInfo","<Cookable>k__BackingField","System.Boolean","private","False","False","False","","0x0400381B"
"DolocTown.Config.Item.ItemInfo","<ElectricEnergy>k__BackingField","System.Int32","private","False","False","False","","0x0400381C"
"DolocTown.Config.Item.ItemInfo","<Viewable>k__BackingField","System.Boolean","private","False","False","False","","0x0400381D"
"DolocTown.Config.Item.ItemInfo","<Source>k__BackingField","System.String[]","private","False","False","False","","0x0400381E"
"DolocTown.Config.Item.ItemInfo","<Source_Ref>k__BackingField","DolocTown.Config.Item.ItemSourceInfo[]","private","False","False","False","","0x0400381F"
"DolocTown.Config.Item.ItemInfo","<SellingPrice>k__BackingField","System.Int32","private","False","False","False","","0x04003820"
"DolocTown.Config.Item.ItemInfo","<BuyingPrice>k__BackingField","System.Int32","private","False","False","False","","0x04003821"
"DolocTown.Config.Item.ItemInfo","<Overlay>k__BackingField","System.Int32","private","False","False","False","","0x04003822"
"DolocTown.Config.Item.ItemInfo","<UiSpriteAsset>k__BackingField","DolocTown.SpriteAsset","private","False","False","False","","0x04003823"
"DolocTown.Config.Item.ItemInfo","<Title>k__BackingField","System.String","private","False","False","False","","0x04003824"
"DolocTown.Config.Item.ItemInfo","<Title_l10n_key>k__BackingField","System.String","private","False","True","False","","0x04003825"
"DolocTown.Config.Item.ItemInfo","<DescriptionBasic>k__BackingField","System.String","private","False","False","False","","0x04003826"
"DolocTown.Config.Item.ItemInfo","<DescriptionBasic_l10n_key>k__BackingField","System.String","private","False","True","False","","0x04003827"
"DolocTown.Config.Item.ItemInfo","<Function>k__BackingField","DolocTown.Config.Item.ItemFunctionBase","private","False","False","False","","0x04003828"
"DolocTown.Config.Item.ItemInfo","__ID__","System.Int32","public","True","False","True","799826652","0x04003829"
"DolocTown.Config.Item.ItemMainTypeInfo","<Id>k__BackingField","System.String","private","False","False","False","","0x0400382A"
"DolocTown.Config.Item.ItemMainTypeInfo","<Title>k__BackingField","System.String","private","False","False","False","","0x0400382B"
"DolocTown.Config.Item.ItemMainTypeInfo","<Title_l10n_key>k__BackingField","System.String","private","False","True","False","","0x0400382C"
"DolocTown.Config.Item.ItemMainTypeInfo","__ID__","System.Int32","public","True","False","True","339790863","0x0400382D"
"DolocTown.Config.Item.ItemOrderInfo","<Id>k__BackingField","System.String","private","False","False","False","","0x0400382E"
"DolocTown.Config.Item.ItemOrderInfo","<CustomOrder>k__BackingField","System.Single","private","False","False","False","","0x0400382F"
"DolocTown.Config.Item.ItemOrderInfo","__ID__","System.Int32","public","True","False","True","316061614","0x04003830"
"DolocTown.Config.Item.ItemOrderInfo","<SortingOrder>k__BackingField","System.Single","private","False","False","False","","0x04003831"
"DolocTown.Config.Item.ItemSourceInfo","<Id>k__BackingField","System.String","private","False","False","False","","0x04003832"
"DolocTown.Config.Item.ItemSourceInfo","<Title>k__BackingField","System.String","private","False","False","False","","0x04003833"
"DolocTown.Config.Item.ItemSourceInfo","<Title_l10n_key>k__BackingField","System.String","private","False","True","False","","0x04003834"
"DolocTown.Config.Item.ItemSourceInfo","__ID__","System.Int32","public","True","False","True","-639705321","0x04003835"
"DolocTown.Config.Item.ItemSpawnData","<ItemName>k__BackingField","System.String","private","False","False","False","","0x04003836"
"DolocTown.Config.Item.ItemSpawnData","<ItemName_Ref>k__BackingField","DolocTown.Config.Item.ItemInfo","private","False","False","False","","0x04003837"
"DolocTown.Config.Item.ItemSpawnData","__ID__","System.Int32","public","True","False","True","334483543","0x04003838"
"DolocTown.Config.Item.ItemSpawnEntry","<SpawnLut>k__BackingField","System.String","private","False","False","False","","0x04003839"
"DolocTown.Config.Item.ItemSpawnEntry","<SpawnLut_Ref>k__BackingField","DolocTown.Config.Item.ItemSpawnInfo","private","False","False","False","","0x0400383A"
"DolocTown.Config.Item.ItemSpawnEntry","<CountRange>k__BackingField","DolocTown.Config.General.RangeInt","private","False","False","False","","0x0400383B"
"DolocTown.Config.Item.ItemSpawnEntry","__ID__","System.Int32","public","True","False","True","1780366693","0x0400383C"
"DolocTown.Config.Item.ItemSpawnInfo","<Id>k__BackingField","System.String","private","False","False","False","","0x0400383D"
"DolocTown.Config.Item.ItemSpawnInfo","<SpawnDatas>k__BackingField","System.Collections.Generic.List`1<DolocTown.Config.Item.ItemSpawnData>","private","False","False","False","","0x0400383E"
"DolocTown.Config.Item.ItemSpawnInfo","SpawnDatas_Index","System.Collections.Generic.Dictionary`2<System.String,DolocTown.Config.Item.ItemSpawnData>","public","False","True","False","","0x0400383F"
"DolocTown.Config.Item.ItemSpawnInfo","__ID__","System.Int32","public","True","False","True","334644571","0x04003840"
"DolocTown.Config.Item.ItemSpawnInfo","<Ceiling>k__BackingField","System.Int32","private","False","False","False","","0x04003841"
"DolocTown.Config.Item.ItemSpawnInfo","<SpawnDataList>k__BackingField","System.Collections.Generic.List`1<DolocTown.Config.Global.SpawnData>","private","False","False","False","","0x04003842"
"DolocTown.Config.Item.ItemSpawnInfo/<>c","<>9","DolocTown.Config.Item.ItemSpawnInfo/<>c","public","True","True","False","","0x04004BE3"
"DolocTown.Config.Item.ItemSpawnInfo/<>c","<>9__18_0","System.Func`2<DolocTown.Config.Item.ItemSpawnData,DolocTown.Config.Global.SpawnData>","public","True","False","False","","0x04004BE4"
"DolocTown.Config.Item.ItemSpawnInfo/<>c","<>9__27_0","System.Func`2<System.Collections.Generic.KeyValuePair`2<DolocTown.Config.Item.ItemSpawnData,System.Int32>,DolocTown.CountItem>","public","True","False","False","","0x04004BE5"
"DolocTown.Config.Item.ItemSpawnRandom","<SpawnLut>k__BackingField","System.String","private","False","False","False","","0x04003843"
"DolocTown.Config.Item.ItemSpawnRandom","<SpawnLut_Ref>k__BackingField","DolocTown.Config.Item.ItemSpawnInfo","private","False","False","False","","0x04003844"
"DolocTown.Config.Item.ItemSpawnRandom","<CountRange>k__BackingField","DolocTown.Config.General.RangeInt","private","False","False","False","","0x04003845"
"DolocTown.Config.Item.ItemSpawnRandom","<Probability>k__BackingField","System.Single","private","False","False","False","","0x04003846"
"DolocTown.Config.Item.ItemSpawnRandom","__ID__","System.Int32","public","True","False","True","-283226576","0x04003847"
"DolocTown.Config.Item.ItemSubTypeInfo","<Id>k__BackingField","System.String","private","False","False","False","","0x04003848"
"DolocTown.Config.Item.ItemSubTypeInfo","<MainType>k__BackingField","System.String","private","False","False","False","","0x04003849"
"DolocTown.Config.Item.ItemSubTypeInfo","<MainType_Ref>k__BackingField","DolocTown.Config.Item.ItemMainTypeInfo","private","False","False","False","","0x0400384A"
"DolocTown.Config.Item.ItemSubTypeInfo","<AutomationType>k__BackingField","System.String","private","False","False","False","","0x0400384B"
"DolocTown.Config.Item.ItemSubTypeInfo","<AutomationType_Ref>k__BackingField","DolocTown.Config.Item.ItemAutomationTypeInfo","private","False","False","False","","0x0400384C"
"DolocTown.Config.Item.ItemSubTypeInfo","<Title>k__BackingField","System.String","private","False","False","False","","0x0400384D"
"DolocTown.Config.Item.ItemSubTypeInfo","<Title_l10n_key>k__BackingField","System.String","private","False","True","False","","0x0400384E"
"DolocTown.Config.Item.ItemSubTypeInfo","__ID__","System.Int32","public","True","False","True","-1907986566","0x0400384F"
"DolocTown.Config.Item.MissionItemInfo","<Id>k__BackingField","System.String","private","False","False","False","","0x04003850"
"DolocTown.Config.Item.MissionItemInfo","<Id_Ref>k__BackingField","DolocTown.Config.Item.ItemInfo","private","False","False","False","","0x04003851"
"DolocTown.Config.Item.MissionItemInfo","<SceneAsset>k__BackingField","DolocTown.SpriteAsset","private","False","False","False","","0x04003852"
"DolocTown.Config.Item.MissionItemInfo","__ID__","System.Int32","public","True","False","True","-299635918","0x04003853"
"DolocTown.Config.Item.RangedItemListInfo","<Id>k__BackingField","System.String","private","False","False","False","","0x04003854"
"DolocTown.Config.Item.RangedItemListInfo","<Items>k__BackingField","DolocTown.RangedItem[]","private","False","False","False","","0x04003855"
"DolocTown.Config.Item.RangedItemListInfo","__ID__","System.Int32","public","True","False","True","197667265","0x04003856"
"DolocTown.Config.Item.RangedItemWithPriceThreshold","<PriceThreshold>k__BackingField","System.Int32","private","False","False","False","","0x04003857"
"DolocTown.Config.Item.RangedItemWithPriceThreshold","<RangedItem>k__BackingField","DolocTown.RangedItem","private","False","False","False","","0x04003858"
"DolocTown.Config.Item.RangedItemWithPriceThreshold","__ID__","System.Int32","public","True","False","True","1881675933","0x04003859"
"DolocTown.Config.Item.TbCountItemList","_dataMap","System.Collections.Generic.Dictionary`2<System.String,DolocTown.Config.Item.CountItemListInfo>","private","False","True","False","","0x0400385A"
"DolocTown.Config.Item.TbCountItemList","_dataList","System.Collections.Generic.List`1<DolocTown.Config.Item.CountItemListInfo>","private","False","True","False","","0x0400385B"
"DolocTown.Config.Item.TbEatingEffect","_dataMap","System.Collections.Generic.Dictionary`2<System.String,DolocTown.Config.Item.EatingEffectInfo>","private","False","True","False","","0x0400385C"
"DolocTown.Config.Item.TbEatingEffect","_dataList","System.Collections.Generic.List`1<DolocTown.Config.Item.EatingEffectInfo>","private","False","True","False","","0x0400385D"
"DolocTown.Config.Item.TbItem","_dataMap","System.Collections.Generic.Dictionary`2<System.String,DolocTown.Config.Item.ItemInfo>","private","False","True","False","","0x0400385E"
"DolocTown.Config.Item.TbItem","_dataList","System.Collections.Generic.List`1<DolocTown.Config.Item.ItemInfo>","private","False","True","False","","0x0400385F"
"DolocTown.Config.Item.TbItemAutomationType","_dataMap","System.Collections.Generic.Dictionary`2<System.String,DolocTown.Config.Item.ItemAutomationTypeInfo>","private","False","True","False","","0x04003860"
"DolocTown.Config.Item.TbItemAutomationType","_dataList","System.Collections.Generic.List`1<DolocTown.Config.Item.ItemAutomationTypeInfo>","private","False","True","False","","0x04003861"
"DolocTown.Config.Item.TbItemMainType","_dataMap","System.Collections.Generic.Dictionary`2<System.String,DolocTown.Config.Item.ItemMainTypeInfo>","private","False","True","False","","0x04003862"
"DolocTown.Config.Item.TbItemMainType","_dataList","System.Collections.Generic.List`1<DolocTown.Config.Item.ItemMainTypeInfo>","private","False","True","False","","0x04003863"
"DolocTown.Config.Item.TbItemOrder","_dataMap","System.Collections.Generic.Dictionary`2<System.String,DolocTown.Config.Item.ItemOrderInfo>","private","False","True","False","","0x04003864"
"DolocTown.Config.Item.TbItemOrder","_dataList","System.Collections.Generic.List`1<DolocTown.Config.Item.ItemOrderInfo>","private","False","True","False","","0x04003865"
"DolocTown.Config.Item.TbItemSource","_dataMap","System.Collections.Generic.Dictionary`2<System.String,DolocTown.Config.Item.ItemSourceInfo>","private","False","True","False","","0x04003866"
"DolocTown.Config.Item.TbItemSource","_dataList","System.Collections.Generic.List`1<DolocTown.Config.Item.ItemSourceInfo>","private","False","True","False","","0x04003867"
"DolocTown.Config.Item.TbItemSpawn","_dataMap","System.Collections.Generic.Dictionary`2<System.String,DolocTown.Config.Item.ItemSpawnInfo>","private","False","True","False","","0x04003868"
"DolocTown.Config.Item.TbItemSpawn","_dataList","System.Collections.Generic.List`1<DolocTown.Config.Item.ItemSpawnInfo>","private","False","True","False","","0x04003869"
"DolocTown.Config.Item.TbItemSubType","_dataMap","System.Collections.Generic.Dictionary`2<System.String,DolocTown.Config.Item.ItemSubTypeInfo>","private","False","True","False","","0x0400386A"
"DolocTown.Config.Item.TbItemSubType","_dataList","System.Collections.Generic.List`1<DolocTown.Config.Item.ItemSubTypeInfo>","private","False","True","False","","0x0400386B"
"DolocTown.Config.Item.TbMissionItem","_dataMap","System.Collections.Generic.Dictionary`2<System.String,DolocTown.Config.Item.MissionItemInfo>","private","False","True","False","","0x0400386C"
"DolocTown.Config.Item.TbMissionItem","_dataList","System.Collections.Generic.List`1<DolocTown.Config.Item.MissionItemInfo>","private","False","True","False","","0x0400386D"
"DolocTown.Config.Item.TbRangedItemList","_dataMap","System.Collections.Generic.Dictionary`2<System.String,DolocTown.Config.Item.RangedItemListInfo>","private","False","True","False","","0x0400386E"
"DolocTown.Config.Item.TbRangedItemList","_dataList","System.Collections.Generic.List`1<DolocTown.Config.Item.RangedItemListInfo>","private","False","True","False","","0x0400386F"
"DolocTown.Config.Item.TbToolOverride","_dataMap","System.Collections.Generic.Dictionary`2<System.String,DolocTown.Config.Item.ToolOverrideInfo>","private","False","True","False","","0x04003870"
"DolocTown.Config.Item.TbToolOverride","_dataList","System.Collections.Generic.List`1<DolocTown.Config.Item.ToolOverrideInfo>","private","False","True","False","","0x04003871"
"DolocTown.Config.Item.ToolConstraint","<ToolType>k__BackingField","DolocTown.Config.Item.ToolType","private","False","False","False","","0x04003872"
"DolocTown.Config.Item.ToolConstraint","<ToolLevel>k__BackingField","System.Int32","private","False","False","False","","0x04003873"
"DolocTown.Config.Item.ToolConstraint","__ID__","System.Int32","public","True","False","True","-724662832","0x04003874"
"DolocTown.Config.Item.ToolExtraSpawnLutByResourceClass","<TargetResourceClass>k__BackingField","DolocTown.Config.Resource.DungeonResourceClass","private","False","False","False","","0x04003875"
"DolocTown.Config.Item.ToolExtraSpawnLutByResourceClass","<SpawnEntry>k__BackingField","DolocTown.Config.Item.ItemSpawnRandom","private","False","False","False","","0x04003876"
"DolocTown.Config.Item.ToolExtraSpawnLutByResourceClass","<TargetLevels>k__BackingField","System.Int32[]","private","False","False","False","","0x04003877"
"DolocTown.Config.Item.ToolExtraSpawnLutByResourceClass","__ID__","System.Int32","public","True","False","True","1819256134","0x04003878"
"DolocTown.Config.Item.ToolExtraSpawnLutByResourceName","<TargetResourceName>k__BackingField","System.String","private","False","False","False","","0x04003879"
"DolocTown.Config.Item.ToolExtraSpawnLutByResourceName","<TargetResourceName_Ref>k__BackingField","DolocTown.Config.Resource.ResourceInfo","private","False","False","False","","0x0400387A"
"DolocTown.Config.Item.ToolExtraSpawnLutByResourceName","<SpawnEntry>k__BackingField","DolocTown.Config.Item.ItemSpawnRandom","private","False","False","False","","0x0400387B"
"DolocTown.Config.Item.ToolExtraSpawnLutByResourceName","<TargetLevels>k__BackingField","System.Int32[]","private","False","False","False","","0x0400387C"
"DolocTown.Config.Item.ToolExtraSpawnLutByResourceName","__ID__","System.Int32","public","True","False","True","-1049375491","0x0400387D"
"DolocTown.Config.Item.ToolOverrideInfo","<Id>k__BackingField","System.String","private","False","False","False","","0x0400387E"
"DolocTown.Config.Item.ToolOverrideInfo","<Id_Ref>k__BackingField","DolocTown.Config.Item.ItemInfo","private","False","False","False","","0x0400387F"
"DolocTown.Config.Item.ToolOverrideInfo","<OverrideLevels>k__BackingField","DolocTown.Config.Item.ToolOverrideLevel[]","private","False","False","False","","0x04003880"
"DolocTown.Config.Item.ToolOverrideInfo","OverrideLevels_Index","System.Collections.Generic.Dictionary`2<DolocTown.Config.Resource.DungeonResourceClass,DolocTown.Config.Item.ToolOverrideLevel>","public","False","True","False","","0x04003881"
"DolocTown.Config.Item.ToolOverrideInfo","<OverrideSpawnLuts>k__BackingField","DolocTown.Config.Item.ToolOverrideSpawnLut[]","private","False","False","False","","0x04003882"
"DolocTown.Config.Item.ToolOverrideInfo","OverrideSpawnLuts_Index","System.Collections.Generic.Dictionary`2<DolocTown.Config.Resource.DungeonResourceClass,DolocTown.Config.Item.ToolOverrideSpawnLut>","public","False","True","False","","0x04003883"
"DolocTown.Config.Item.ToolOverrideInfo","<ExtraSpawnLutsByName>k__BackingField","DolocTown.Config.Item.ToolExtraSpawnLutByResourceName[]","private","False","False","False","","0x04003884"
"DolocTown.Config.Item.ToolOverrideInfo","ExtraSpawnLutsByName_Index","System.Collections.Generic.Dictionary`2<System.String,DolocTown.Config.Item.ToolExtraSpawnLutByResourceName>","public","False","True","False","","0x04003885"
"DolocTown.Config.Item.ToolOverrideInfo","<ExtraSpawnLutsByClass>k__BackingField","DolocTown.Config.Item.ToolExtraSpawnLutByResourceClass[]","private","False","False","False","","0x04003886"
"DolocTown.Config.Item.ToolOverrideInfo","ExtraSpawnLutsByClass_Index","System.Collections.Generic.Dictionary`2<DolocTown.Config.Resource.DungeonResourceClass,DolocTown.Config.Item.ToolExtraSpawnLutByResourceClass>","public","False","True","False","","0x04003887"
"DolocTown.Config.Item.ToolOverrideInfo","__ID__","System.Int32","public","True","False","True","2012900813","0x04003888"
"DolocTown.Config.Item.ToolOverrideLevel","<TargetResourceClass>k__BackingField","DolocTown.Config.Resource.DungeonResourceClass","private","False","False","False","","0x04003889"
"DolocTown.Config.Item.ToolOverrideLevel","<OverrideLevel>k__BackingField","System.Int32","private","False","False","False","","0x0400388A"
"DolocTown.Config.Item.ToolOverrideLevel","__ID__","System.Int32","public","True","False","True","-2022066619","0x0400388B"
"DolocTown.Config.Item.ToolOverrideSpawnLut","<TargetResourceClass>k__BackingField","DolocTown.Config.Resource.DungeonResourceClass","private","False","False","False","","0x0400388C"
"DolocTown.Config.Item.ToolOverrideSpawnLut","<OverrideSpawnLut>k__BackingField","System.String","private","False","False","False","","0x0400388D"
"DolocTown.Config.Item.ToolOverrideSpawnLut","<OverrideSpawnLut_Ref>k__BackingField","DolocTown.Config.Item.ItemSpawnInfo","private","False","False","False","","0x0400388E"
"DolocTown.Config.Item.ToolOverrideSpawnLut","__ID__","System.Int32","public","True","False","True","1727570991","0x0400388F"
"DolocTown.Config.Item.ToolType","value__","System.Int32","public","False","False","False","","0x04003890"
"DolocTown.Config.Item.ToolType","AXE","DolocTown.Config.Item.ToolType","public","True","False","True","0","0x04003891"
"DolocTown.Config.Item.ToolType","PICKAXE","DolocTown.Config.Item.ToolType","public","True","False","True","1","0x04003892"
"DolocTown.Config.Item.ToolType","SICKLE","DolocTown.Config.Item.ToolType","public","True","False","True","2","0x04003893"
"DolocTown.Config.Item.BoxSkin","skinIndex","System.Int32","public","False","False","False","","0x04003894"
"DolocTown.Config.Item.BoxSkin","color","UnityEngine.Color","public","False","False","False","","0x04003895"
"DolocTown.Config.Item.BoxSkin","emptySprite","DolocTown.SpriteAsset","public","False","False","False","","0x04003896"
"DolocTown.Config.Item.BoxSkin","fullSprite","DolocTown.SpriteAsset","public","False","False","False","","0x04003897"
"DolocTown.Config.Fishing.FarmFishFormationInfo/FormationCondition/<>c__DisplayClass2_0","items","System.Collections.Generic.IEnumerable`1<System.String>","public","False","False","False","","0x04004C3F"
"DolocTown.Config.Fishing.FarmFishFormationInfo/<>c__DisplayClass30_0","items","System.Collections.Generic.IEnumerable`1<System.String>","public","False","False","False","","0x04004BEA"
"DolocTown.Config.Fishing.FarmFishFormationInfo/<>c__DisplayClass34_0","items","System.Collections.Generic.IEnumerable`1<System.String>","public","False","False","False","","0x04004BEB"
"DolocTown.Config.Fishing.FarmFishInfo","<Id_Ref>k__BackingField","DolocTown.Config.Item.ItemInfo","private","False","False","False","","0x040038B7"
"DolocTown.Config.Fishing.FarmFishInfo","<ProduceSpawnEntry>k__BackingField","DolocTown.Config.Item.ItemSpawnEntry","private","False","False","False","","0x040038BC"
"DolocTown.Config.Fishing.FarmFishInfo","<RoeItem>k__BackingField","System.String","private","False","False","False","","0x040038BE"
"DolocTown.Config.Fishing.FarmFishInfo","<RoeItem_Ref>k__BackingField","DolocTown.Config.Item.ItemInfo","private","False","False","False","","0x040038BF"
"DolocTown.Config.Fishing.FishDocumentInfo","<Id_Ref>k__BackingField","DolocTown.Config.Item.ItemInfo","private","False","False","False","","0x040038C2"
"DolocTown.Config.Fishing.FishFeedInfo","<Id_Ref>k__BackingField","DolocTown.Config.Item.ItemInfo","private","False","False","False","","0x040038CA"
"DolocTown.Config.Fishing.FishInfo","<Id_Ref>k__BackingField","DolocTown.Config.Item.ItemInfo","private","False","False","False","","0x040038D2"
"DolocTown.Config.Fishing.FishInfo","<IsGarbage>k__BackingField","System.Boolean","private","False","False","False","","0x040038D5"
"DolocTown.Config.Fishing.FishInfo","<FishBait_Ref>k__BackingField","DolocTown.Config.Item.ItemInfo[]","private","False","False","False","","0x040038DD"
"DolocTown.Config.Fishing.FishingPoolInfo","<GarbageProbability>k__BackingField","System.Single","private","False","False","False","","0x040038F0"
"DolocTown.Config.Equipment.EquipmentFuncGarbageShredder","<InFarm>k__BackingField","System.Boolean","private","False","False","False","","0x04003985"
"DolocTown.Config.Equipment.EquipmentFuncGarbageShredder","<GoldCost>k__BackingField","System.Int32","private","False","False","False","","0x04003986"
"DolocTown.Config.Equipment.EquipmentFuncGarbageShredder","<RecycleFactor>k__BackingField","System.Single","private","False","False","False","","0x04003987"
"DolocTown.Config.Equipment.EquipmentFuncGarbageShredder","<RecipeGroupName>k__BackingField","System.String","private","False","False","False","","0x04003988"
"DolocTown.Config.Equipment.EquipmentFuncGarbageShredder","<RecipeGroupName_Ref>k__BackingField","DolocTown.Config.Recipe.DismantleRecipeGroupInfo","private","False","False","False","","0x04003989"
"DolocTown.Config.Equipment.EquipmentFuncGarbageShredder","<Interval>k__BackingField","System.Int32","private","False","False","False","","0x0400398A"
"DolocTown.Config.Equipment.EquipmentFuncGarbageShredder","__ID__","System.Int32","public","True","False","True","1398314136","0x0400398B"
"DolocTown.Config.Equipment.EquipmentFuncGeneSynthesizer","<DefaultCapsuleItem>k__BackingField","System.String","private","False","False","False","","0x04003998"
"DolocTown.Config.Equipment.EquipmentFuncGeneSynthesizer","<DefaultCapsuleItem_Ref>k__BackingField","DolocTown.Config.Item.ItemInfo","private","False","False","False","","0x04003999"
"DolocTown.Config.Equipment.EquipmentFuncSynthesizerGenerator","<OutputItemName>k__BackingField","System.String","private","False","False","False","","0x040039F7"
"DolocTown.Config.Equipment.EquipmentFuncSynthesizerGenerator","<OutputItemName_Ref>k__BackingField","DolocTown.Config.Item.ItemInfo","private","False","False","False","","0x040039F8"
"DolocTown.Config.EnvOptimizer.EnvOptimizerSlotInfo","<Id_Ref>k__BackingField","DolocTown.Config.Item.ItemInfo","private","False","False","False","","0x04003A74"
"DolocTown.Config.Drone.DroneEngineInfo","<Id_Ref>k__BackingField","DolocTown.Config.Item.ItemInfo","private","False","False","False","","0x04003AAB"
"DolocTown.Config.Drone.DroneFunctionProtoChipDissolver","<ItemName>k__BackingField","System.String","private","False","False","False","","0x04003ABD"
"DolocTown.Config.Drone.DroneFunctionProtoChipDissolver","<ItemName_Ref>k__BackingField","DolocTown.Config.Item.ItemInfo","private","False","False","False","","0x04003ABE"
"DolocTown.Config.Drone.DroneFunctionProtoCollectorHelper","<ToolLevel>k__BackingField","System.Int32","private","False","False","False","","0x04003AC2"
"DolocTown.Config.Drone.DroneFunctionProtoGarbageCombustionEngine","<AvailableItemNames>k__BackingField","System.String[]","private","False","False","False","","0x04003AC9"
"DolocTown.Config.Drone.DroneFunctionProtoGarbageCombustionEngine","<AvailableItemNames_Ref>k__BackingField","DolocTown.Config.Item.ItemInfo[]","private","False","False","False","","0x04003ACA"
"DolocTown.Config.Drone.DroneFunctionProtoGarbageCombustionEngine","<Energy>k__BackingField","System.Single","private","False","False","False","","0x04003ACB"
"DolocTown.Config.Drone.DroneFunctionProtoGarbageCombustionEngine","__ID__","System.Int32","public","True","False","True","1520843772","0x04003ACC"
"DolocTown.Config.Drone.DroneStructureInfo","<Id_Ref>k__BackingField","DolocTown.Config.Item.ItemInfo","private","False","False","False","","0x04003AE8"
"DolocTown.Config.Drone.DroneWeaponInfo","<Id_Ref>k__BackingField","DolocTown.Config.Item.ItemInfo","private","False","False","False","","0x04003AF2"
"DolocTown.Config.Building.BuildingExteriorData","<OverrideItemIcon>k__BackingField","DolocTown.SpriteAsset","private","False","False","False","","0x04003B57"
"DolocTown.Config.Building.BuildingInfo","<BlueprintItem>k__BackingField","System.String","private","False","False","False","","0x04003B64"
"DolocTown.Config.Building.BuildingInfo","<BlueprintItem_Ref>k__BackingField","DolocTown.Config.Item.ItemInfo","private","False","False","False","","0x04003B65"
"DolocTown.Config.Building.BuildingInfo","<ItemCost>k__BackingField","DolocTown.CountItem[]","private","False","False","False","","0x04003B73"
"DolocTown.Config.Buff.BuffBasicType","GarbageCollectionScaler","DolocTown.Config.Buff.BuffBasicType","public","True","False","True","13","0x04003BC0"
"DolocTown.Config.Buff.BuffBasicType","GarbageCollectionAdder","DolocTown.Config.Buff.BuffBasicType","public","True","False","True","14","0x04003BC1"
"DolocTown.Config.Automate.AutomateBotFunctionFilling","<DefaultFuelType_Ref>k__BackingField","DolocTown.Config.Item.ItemSubTypeInfo","private","False","False","False","","0x04003C05"
"DolocTown.Config.Automate.AutomateBotFunctionFilling","<DefaultAnimalFeedsType_Ref>k__BackingField","DolocTown.Config.Item.ItemSubTypeInfo","private","False","False","False","","0x04003C08"
"DolocTown.Config.Automate.AutomateBotFunctionFilling","<DefaultFishFeedsType_Ref>k__BackingField","DolocTown.Config.Item.ItemSubTypeInfo","private","False","False","False","","0x04003C0B"
"DolocTown.Config.Automate.AutomateBotInfo","<Id_Ref>k__BackingField","DolocTown.Config.Item.ItemInfo","private","False","False","False","","0x04003C12"
"DolocTown.Config.Automate.AutomateBotPerformanceInfo","<InventoryCapacity>k__BackingField","System.Int32","private","False","False","False","","0x04003C1E"
"DolocTown.Config.Archives.PlantDocumentInfo","<Id_Ref>k__BackingField","DolocTown.Config.Item.ItemInfo","private","False","False","False","","0x04003C6D"
"DolocTown.Config.Animal.AnimalHusbandryData","<Output_Ref>k__BackingField","DolocTown.Config.Item.ItemInfo","private","False","False","False","","0x04003C8C"
"DolocTown.Config.Animal.AnimalInfo","<ProduceSpawnEntry>k__BackingField","DolocTown.Config.Item.ItemSpawnEntry","private","False","False","False","","0x04003CAC"
"DolocTown.Config.Animal.FeedInfo","<Id_Ref>k__BackingField","DolocTown.Config.Item.ItemInfo","private","False","False","False","","0x04003CDB"
