"type","name","full_name","return_type","parameters","visibility","is_static","is_virtual","is_abstract","is_constructor","has_body","body_code_size","token"
"DolocAPI","get_Motor","DolocTown.MotorController DolocAPI::get_Motor()","DolocTown.MotorController","","public","True","False","False","False","True","6","0x0600006D"
"DolocAPI","set_Motor","System.Void DolocAPI::set_Motor(DolocTown.MotorController)","System.Void","DolocTown.MotorController value","private","True","False","False","False","True","7","0x0600006E"
"DolocAPI","DoTransport","System.Boolean DolocAPI::DoTransport(System.String,UnityEngine.Vector2,System.Action,System.Boolean,System.Boolean,System.Boolean,DolocTown.TransportOverrideInfo)","System.Boolean","System.String markPointId; UnityEngine.Vector2 offset; System.Action callback; System.Boolean resetVelocity; System.Boolean disableFadeIn; System.Boolean disableFadeOut; DolocTown.TransportOverrideInfo overrideInfo","public","True","False","False","False","True","206","0x0600011C"
"DolocAPI","IsMotor","System.Boolean DolocAPI::IsMotor(UnityEngine.Collider2D)","System.Boolean","UnityEngine.Collider2D other","public","True","False","False","False","True","24","0x06000133"
"DolocAPI","get_IsAgentRiding","System.Boolean DolocAPI::get_IsAgentRiding()","System.Boolean","","public","True","False","False","False","True","25","0x06000172"
"DolocAPI","GetMotorDirToAgentInMap","System.Boolean DolocAPI::GetMotorDirToAgentInMap(UnityEngine.Vector2&)","System.Boolean","UnityEngine.Vector2& dir","public","True","False","False","False","True","230","0x0600017B"
"DolocAPI","GetMotorPosInMap","System.Boolean DolocAPI::GetMotorPosInMap(UnityEngine.Vector2&)","System.Boolean","UnityEngine.Vector2& pos","public","True","False","False","False","True","109","0x0600017D"
"DolocAPI","UnlockMotor","System.Void DolocAPI::UnlockMotor(System.Single)","System.Void","System.Single offset","public","True","False","False","False","True","71","0x06000202"
"DolocAPI","SetMotorPosition","System.Void DolocAPI::SetMotorPosition(DolocTown.Room,UnityEngine.Vector2)","System.Void","DolocTown.Room room; UnityEngine.Vector2 position","public","True","False","False","False","True","79","0x06000203"
"DolocAPI","ResetMotorStatus","System.Void DolocAPI::ResetMotorStatus()","System.Void","","public","True","False","False","False","True","37","0x06000204"
"DolocAPI","Command_UnlockMotor","System.Void DolocAPI::Command_UnlockMotor(System.Single)","System.Void","System.Single yOffset","private","True","False","False","False","True","7","0x06000338"
"DolocAPI","Command_SetMotorPosition","System.Void DolocAPI::Command_SetMotorPosition(System.Single,System.Single)","System.Void","System.Single x; System.Single y","private","True","False","False","False","True","14","0x06000339"
"DolocAPI","DevMenuItem_EnterDolocMountain","System.Void DolocAPI::DevMenuItem_EnterDolocMountain()","System.Void","","private","True","False","False","False","True","13","0x06000394"
"RedSaw.ReflectionUtils","IsFunctionOverride","System.Boolean RedSaw.ReflectionUtils::IsFunctionOverride(System.Type,System.Type,System.String)","System.Boolean","System.Type parent; System.Type childType; System.String name","public","True","False","False","False","True","51","0x06000BEB"
"DolocTown.IGate","get_AvailableToMotor","System.Boolean DolocTown.IGate::get_AvailableToMotor()","System.Boolean","","public","False","True","True","False","False","0","0x06001081"
"DolocTown.Gate","get_AvailableToMotor","System.Boolean DolocTown.Gate::get_AvailableToMotor()","System.Boolean","","public","False","True","False","False","True","18","0x060010CB"
"DolocTown.DialogueData","get_overrideEntrance","System.String DolocTown.DialogueData::get_overrideEntrance()","System.String","","public","False","False","False","False","True","7","0x060010ED"
"DolocTown.DialogueData","set_overrideEntrance","System.Void DolocTown.DialogueData::set_overrideEntrance(System.String)","System.Void","System.String value","public","False","False","False","False","True","8","0x060010EE"
"DolocTown.DialogueData","SetOverrideEntrance","System.Void DolocTown.DialogueData::SetOverrideEntrance(System.String)","System.Void","System.String nodeName","public","False","False","False","False","True","8","0x060010F7"
"DolocTown.DialogueManager","SetOverrideEntrance","System.Boolean DolocTown.DialogueManager::SetOverrideEntrance(System.String,System.String)","System.Boolean","System.String nodeName; System.String npcName","public","False","False","False","False","True","52","0x06001131"
"DolocTown.DialogueManager","RemoveOverrideEntrance","System.Void DolocTown.DialogueManager::RemoveOverrideEntrance(System.String)","System.Void","System.String npcName","public","False","False","False","False","True","24","0x06001132"
"DolocTown.Npc","get_overrideMarkPoint","System.String DolocTown.Npc::get_overrideMarkPoint()","System.String","","public","False","False","False","False","True","7","0x06001492"
"DolocTown.Npc","set_overrideMarkPoint","System.Void DolocTown.Npc::set_overrideMarkPoint(System.String)","System.Void","System.String value","private","False","False","False","False","True","8","0x06001493"
"DolocTown.MonsterMoverContextSteering","SetOverridenPath","System.Void DolocTown.MonsterMoverContextSteering::SetOverridenPath(UnityEngine.Vector2Int[])","System.Void","UnityEngine.Vector2Int[] path","public","False","False","False","False","True","8","0x06001A22"
"DolocTown.Equipment","get_OverrideUiSprite","UnityEngine.Sprite DolocTown.Equipment::get_OverrideUiSprite()","UnityEngine.Sprite","","public","False","True","False","False","True","2","0x060023BE"
"DolocTown.BuildingGate","get_AvailableToMotor","System.Boolean DolocTown.BuildingGate::get_AvailableToMotor()","System.Boolean","","public","False","True","False","False","True","2","0x060024FA"
"DolocTown.BuildingLinkGate","get_AvailableToMotor","System.Boolean DolocTown.BuildingLinkGate::get_AvailableToMotor()","System.Boolean","","public","False","True","False","False","True","2","0x06002519"
"DolocTown.BuildingRenderer","get_overrideOutlineSprite","UnityEngine.Sprite DolocTown.BuildingRenderer::get_overrideOutlineSprite()","UnityEngine.Sprite","","protected","False","True","False","False","True","12","0x06002565"
"DolocTown.StorageShelf","get_OverrideUiSprite","UnityEngine.Sprite DolocTown.StorageShelf::get_OverrideUiSprite()","UnityEngine.Sprite","","public","False","True","False","False","True","27","0x06002794"
"DolocTown.WD_AcidRain_PlantBasin","get_CallOriginWhileNoOverride","System.Boolean DolocTown.WD_AcidRain_PlantBasin::get_CallOriginWhileNoOverride()","System.Boolean","","public","False","True","False","False","True","2","0x06002ADD"
"DolocTown.WD_AcidRain_Worker","get_CallOriginWhileNoOverride","System.Boolean DolocTown.WD_AcidRain_Worker::get_CallOriginWhileNoOverride()","System.Boolean","","public","False","True","False","False","True","2","0x06002AF6"
"DolocTown.WD_ScorchSun_PlantBasin","get_CallOriginWhileNoOverride","System.Boolean DolocTown.WD_ScorchSun_PlantBasin::get_CallOriginWhileNoOverride()","System.Boolean","","public","False","True","False","False","True","2","0x06002B05"
"DolocTown.WeatherDecorator","get_CallOriginWhileNoOverride","System.Boolean DolocTown.WeatherDecorator::get_CallOriginWhileNoOverride()","System.Boolean","","public","False","True","False","False","True","2","0x06002B18"
"DolocTown.ItemMotorKey",".ctor","System.Void DolocTown.ItemMotorKey::.ctor(DolocTown.Config.Item.ItemInfo,System.Int32)","System.Void","DolocTown.Config.Item.ItemInfo proto; System.Int32 count","public","False","False","False","True","True","9","0x06002C3F"
"DolocTown.ItemMotorKey",".ctor","System.Void DolocTown.ItemMotorKey::.ctor(System.String,System.Int32)","System.Void","System.String itemName; System.Int32 itemCount","protected","False","False","False","True","True","9","0x06002C40"
"DolocTown.ItemMotorKey","OnUseAsTool","System.Void DolocTown.ItemMotorKey::OnUseAsTool()","System.Void","","protected","False","True","False","False","True","13","0x06002C41"
"DolocTown.ItemMotorKey","OnUseAsItem","System.Void DolocTown.ItemMotorKey::OnUseAsItem()","System.Void","","protected","False","True","False","False","True","13","0x06002C42"
"DolocTown.ItemMotorKey","GetMotorFlyPosition","UnityEngine.Vector2 DolocTown.ItemMotorKey::GetMotorFlyPosition()","UnityEngine.Vector2","","private","False","False","False","False","True","11","0x06002C43"
"DolocTown.ItemMotorKey","OnUse","System.Void DolocTown.ItemMotorKey::OnUse()","System.Void","","public","False","False","False","False","True","385","0x06002C44"
"DolocTown.ItemMotorKey","_GetDirToAgent","UnityEngine.Vector2 DolocTown.ItemMotorKey::_GetDirToAgent()","UnityEngine.Vector2","","private","False","False","False","False","True","117","0x06002C45"
"DolocTown.ItemMotorKey","IsSame","System.Boolean DolocTown.ItemMotorKey::IsSame(DolocTown.Item)","System.Boolean","DolocTown.Item other","public","False","True","False","False","True","2","0x06002C46"
"DolocTown.ItemDroneStructure","get_availableIfRiding","System.Boolean DolocTown.ItemDroneStructure::get_availableIfRiding()","System.Boolean","","public","False","True","False","False","True","2","0x06002D15"
"DolocTown.ItemFilm","get_HealingAmount","System.Int32 DolocTown.ItemFilm::get_HealingAmount()","System.Int32","","public","False","False","False","False","True","22","0x06002DE2"
"DolocTown.ItemMissile","get_availableIfRiding","System.Boolean DolocTown.ItemMissile::get_availableIfRiding()","System.Boolean","","public","False","True","False","False","True","2","0x06002DFA"
"DolocTown.Item","get_availableIfRiding","System.Boolean DolocTown.Item::get_availableIfRiding()","System.Boolean","","public","False","True","False","False","True","2","0x06002E8A"
"DolocTown.Crop","OverrideCropData","System.Void DolocTown.Crop::OverrideCropData(System.Func`2<DolocTown.CropData,DolocTown.CropData>)","System.Void","System.Func`2<DolocTown.CropData,DolocTown.CropData> func","public","False","False","False","False","True","19","0x06002F06"
"DolocTown.CropGeneFunction","OverrideCropData","System.Void DolocTown.CropGeneFunction::OverrideCropData(System.Func`2<DolocTown.CropData,DolocTown.CropData>)","System.Void","System.Func`2<DolocTown.CropData,DolocTown.CropData> func","public","False","False","False","False","True","29","0x06002FAE"
"DolocTown.PlayerAndMotorChecker",".ctor","System.Void DolocTown.PlayerAndMotorChecker::.ctor(System.Func`1<System.Boolean>)","System.Void","System.Func`1<System.Boolean> allowMotorGetter","public","False","False","False","True","True","49","0x06003474"
"DolocTown.PlayerAndMotorChecker","Check","System.Boolean DolocTown.PlayerAndMotorChecker::Check(UnityEngine.GameObject)","System.Boolean","UnityEngine.GameObject other","public","False","True","False","False","True","34","0x06003475"
"DolocTown.PlayerAndMotorChecker/<>c",".cctor","System.Void DolocTown.PlayerAndMotorChecker/<>c::.cctor()","System.Void","","private","True","False","False","True","True","11","0x06009FBE"
"DolocTown.PlayerAndMotorChecker/<>c",".ctor","System.Void DolocTown.PlayerAndMotorChecker/<>c::.ctor()","System.Void","","public","False","False","False","True","True","7","0x06009FBF"
"DolocTown.PlayerAndMotorChecker/<>c","<.ctor>b__1_0","System.Boolean DolocTown.PlayerAndMotorChecker/<>c::<.ctor>b__1_0()","System.Boolean","","internal","False","False","False","False","True","2","0x06009FC0"
"DolocTown.InteractableObject","get_shouldShowTipInRiding","System.Boolean DolocTown.InteractableObject::get_shouldShowTipInRiding()","System.Boolean","","protected","False","True","False","False","True","2","0x060034C0"
"DolocTown.AnimatedGate","get_shouldShowTipInRiding","System.Boolean DolocTown.AnimatedGate::get_shouldShowTipInRiding()","System.Boolean","","protected","False","True","False","False","True","2","0x06003616"
"DolocTown.AnimatedGate","get_AvailableToMotor","System.Boolean DolocTown.AnimatedGate::get_AvailableToMotor()","System.Boolean","","public","False","True","False","False","True","18","0x0600361A"
"DolocTown.TransportOverrideInfo",".ctor","System.Void DolocTown.TransportOverrideInfo::.ctor(System.String,UnityEngine.Vector2)","System.Void","System.String roomId; UnityEngine.Vector2 position","public","False","False","False","True","True","21","0x06003629"
"DolocTown.AgentControllerState","get_IsRidingNow","System.Boolean DolocTown.AgentControllerState::get_IsRidingNow()","System.Boolean","","public","False","False","False","False","True","7","0x060037EA"
"DolocTown.AgentControllerState","set_IsRidingNow","System.Void DolocTown.AgentControllerState::set_IsRidingNow(System.Boolean)","System.Void","System.Boolean value","private","False","False","False","False","True","8","0x060037EB"
"DolocTown.AgentControllerState",".ctor","System.Void DolocTown.AgentControllerState::.ctor(DolocTown.BodyController,DolocTown.MotorController,DolocTown.UI.QuickInventoryPanel,DolocTown.CameraController,DolocTown.DolocUserInput)","System.Void","DolocTown.BodyController body; DolocTown.MotorController motor; DolocTown.UI.QuickInventoryPanel quickInventoryPanel; DolocTown.CameraController cameraController; DolocTown.DolocUserInput userInputEx","public","False","False","False","True","True","552","0x060037ED"
"DolocTown.AgentControllerState","OnUpdateRiding","System.Void DolocTown.AgentControllerState::OnUpdateRiding(System.Single,DolocTown.AgentBehaviorSettings)","System.Void","System.Single dt; DolocTown.AgentBehaviorSettings settings","private","False","False","False","False","True","418","0x060037F7"
"DolocTown.AgentControllerState","GetOnMotor","System.Void DolocTown.AgentControllerState::GetOnMotor()","System.Void","","public","False","False","False","False","True","152","0x06003801"
"DolocTown.AgentControllerState","GetOffMotor","System.Void DolocTown.AgentControllerState::GetOffMotor()","System.Void","","public","False","False","False","False","True","147","0x06003802"
"DolocTown.AgentControllerState","GetOffIfRiding","System.Void DolocTown.AgentControllerState::GetOffIfRiding()","System.Void","","public","False","False","False","False","True","15","0x06003803"
"DolocTown.AgentHatRenderer","SetAsRiding","System.Void DolocTown.AgentHatRenderer::SetAsRiding()","System.Void","","public","False","False","False","False","True","19","0x06003A07"
"DolocTown.MotorController","get_AccelerationX","System.Single DolocTown.MotorController::get_AccelerationX()","System.Single","","private","False","False","False","False","True","11","0x06003AFE"
"DolocTown.MotorController","get_AccelerationRX","System.Single DolocTown.MotorController::get_AccelerationRX()","System.Single","","private","False","False","False","False","True","11","0x06003AFF"
"DolocTown.MotorController","get_DecelerationX","System.Single DolocTown.MotorController::get_DecelerationX()","System.Single","","private","False","False","False","False","True","11","0x06003B00"
"DolocTown.MotorController","get_MaxSpeedX","System.Single DolocTown.MotorController::get_MaxSpeedX()","System.Single","","private","False","False","False","False","True","11","0x06003B01"
"DolocTown.MotorController","get_Gravity","System.Single DolocTown.MotorController::get_Gravity()","System.Single","","private","False","False","False","False","True","11","0x06003B02"
"DolocTown.MotorController","get_MaxDropSpeed","System.Single DolocTown.MotorController::get_MaxDropSpeed()","System.Single","","private","False","False","False","False","True","11","0x06003B03"
"DolocTown.MotorController","get_GroundRayLength","System.Single DolocTown.MotorController::get_GroundRayLength()","System.Single","","private","False","False","False","False","True","11","0x06003B04"
"DolocTown.MotorController","get_NaturalJumpAccelerationRange","UnityEngine.Vector2 DolocTown.MotorController::get_NaturalJumpAccelerationRange()","UnityEngine.Vector2","","private","False","False","False","False","True","11","0x06003B05"
"DolocTown.MotorController","get_NaturalJumpThreshold","System.Single DolocTown.MotorController::get_NaturalJumpThreshold()","System.Single","","private","False","False","False","False","True","11","0x06003B06"
"DolocTown.MotorController","get_MaxNaturalJumpSpeed","System.Single DolocTown.MotorController::get_MaxNaturalJumpSpeed()","System.Single","","private","False","False","False","False","True","11","0x06003B07"
"DolocTown.MotorController","get_PushJumpAcceleration","System.Single DolocTown.MotorController::get_PushJumpAcceleration()","System.Single","","private","False","False","False","False","True","11","0x06003B08"
"DolocTown.MotorController","get_MaxPushJumpSpeed","System.Single DolocTown.MotorController::get_MaxPushJumpSpeed()","System.Single","","private","False","False","False","False","True","11","0x06003B09"
"DolocTown.MotorController","get_EnduranceDuration","System.Single DolocTown.MotorController::get_EnduranceDuration()","System.Single","","private","False","False","False","False","True","11","0x06003B0A"
"DolocTown.MotorController","get_EnduranceRecoveryRate","System.Single DolocTown.MotorController::get_EnduranceRecoveryRate()","System.Single","","private","False","False","False","False","True","11","0x06003B0B"
"DolocTown.MotorController","get_HorizontalReboundSpeedRate","System.Single DolocTown.MotorController::get_HorizontalReboundSpeedRate()","System.Single","","private","False","False","False","False","True","11","0x06003B0C"
"DolocTown.MotorController","get_MaxVerticalReboundSpeed","System.Single DolocTown.MotorController::get_MaxVerticalReboundSpeed()","System.Single","","private","False","False","False","False","True","11","0x06003B0D"
"DolocTown.MotorController","get_VerticalReboundSpeedRate","System.Single DolocTown.MotorController::get_VerticalReboundSpeedRate()","System.Single","","private","False","False","False","False","True","11","0x06003B0E"
"DolocTown.MotorController","get_DroneFollowPoint","UnityEngine.Transform DolocTown.MotorController::get_DroneFollowPoint()","UnityEngine.Transform","","public","False","False","False","False","True","7","0x06003B0F"
"DolocTown.MotorController","get_rb","UnityEngine.Rigidbody2D DolocTown.MotorController::get_rb()","UnityEngine.Rigidbody2D","","public","False","False","False","False","True","7","0x06003B10"
"DolocTown.MotorController","set_rb","System.Void DolocTown.MotorController::set_rb(UnityEngine.Rigidbody2D)","System.Void","UnityEngine.Rigidbody2D value","private","False","False","False","False","True","8","0x06003B11"
"DolocTown.MotorController","get_driverRenderer","DolocTown.MotorDriverRenderer DolocTown.MotorController::get_driverRenderer()","DolocTown.MotorDriverRenderer","","public","False","False","False","False","True","7","0x06003B12"
"DolocTown.MotorController","set_driverRenderer","System.Void DolocTown.MotorController::set_driverRenderer(DolocTown.MotorDriverRenderer)","System.Void","DolocTown.MotorDriverRenderer value","private","False","False","False","False","True","8","0x06003B13"
"DolocTown.MotorController","get_motorRenderer","DolocTown.MotorRenderer DolocTown.MotorController::get_motorRenderer()","DolocTown.MotorRenderer","","public","False","False","False","False","True","7","0x06003B14"
"DolocTown.MotorController","set_motorRenderer","System.Void DolocTown.MotorController::set_motorRenderer(DolocTown.MotorRenderer)","System.Void","DolocTown.MotorRenderer value","private","False","False","False","False","True","8","0x06003B15"
"DolocTown.MotorController","get_scannerGate","DolocTown.ScannerGate DolocTown.MotorController::get_scannerGate()","DolocTown.ScannerGate","","public","False","False","False","False","True","7","0x06003B16"
"DolocTown.MotorController","set_scannerGate","System.Void DolocTown.MotorController::set_scannerGate(DolocTown.ScannerGate)","System.Void","DolocTown.ScannerGate value","private","False","False","False","False","True","8","0x06003B17"
"DolocTown.MotorController","get_scannerInteractable","DolocTown.ScannerInteractableOfMotor DolocTown.MotorController::get_scannerInteractable()","DolocTown.ScannerInteractableOfMotor","","public","False","False","False","False","True","7","0x06003B18"
"DolocTown.MotorController","set_scannerInteractable","System.Void DolocTown.MotorController::set_scannerInteractable(DolocTown.ScannerInteractableOfMotor)","System.Void","DolocTown.ScannerInteractableOfMotor value","private","False","False","False","False","True","8","0x06003B19"
"DolocTown.MotorController","get_motorInteractable","DolocTown.MotorInteractable DolocTown.MotorController::get_motorInteractable()","DolocTown.MotorInteractable","","public","False","False","False","False","True","7","0x06003B1A"
"DolocTown.MotorController","set_motorInteractable","System.Void DolocTown.MotorController::set_motorInteractable(DolocTown.MotorInteractable)","System.Void","DolocTown.MotorInteractable value","private","False","False","False","False","True","8","0x06003B1B"
"DolocTown.MotorController","get_IsRiding","System.Boolean DolocTown.MotorController::get_IsRiding()","System.Boolean","","public","False","False","False","False","True","7","0x06003B1C"
"DolocTown.MotorController","set_IsRiding","System.Void DolocTown.MotorController::set_IsRiding(System.Boolean)","System.Void","System.Boolean value","private","False","False","False","False","True","8","0x06003B1D"
"DolocTown.MotorController","get_IsFaceRight","System.Boolean DolocTown.MotorController::get_IsFaceRight()","System.Boolean","","public","False","False","False","False","True","24","0x06003B1E"
"DolocTown.MotorController","set_IsFaceRight","System.Void DolocTown.MotorController::set_IsFaceRight(System.Boolean)","System.Void","System.Boolean value","public","False","False","False","False","True","35","0x06003B1F"
"DolocTown.MotorController","__Init","System.Void DolocTown.MotorController::__Init()","System.Void","","protected","False","True","False","False","True","213","0x06003B20"
"DolocTown.MotorController","get_EnduranceProgress","System.Single DolocTown.MotorController::get_EnduranceProgress()","System.Single","","public","False","False","False","False","True","14","0x06003B21"
"DolocTown.MotorController","Control","System.Void DolocTown.MotorController::Control(System.Single,System.Single)","System.Void","System.Single inputX; System.Single inputY","public","False","False","False","False","True","103","0x06003B22"
"DolocTown.MotorController","GetAllSpriteRenderers","System.Collections.Generic.IEnumerable`1<UnityEngine.SpriteRenderer> DolocTown.MotorController::GetAllSpriteRenderers()","System.Collections.Generic.IEnumerable`1<UnityEngine.SpriteRenderer>","","private","False","False","False","False","True","15","0x06003B23"
"DolocTown.MotorController","SetMotorForeground","System.Void DolocTown.MotorController::SetMotorForeground(System.Boolean)","System.Void","System.Boolean value","public","False","False","False","False","True","130","0x06003B24"
"DolocTown.MotorController","AutoFlyTo","System.Void DolocTown.MotorController::AutoFlyTo(System.Func`1<UnityEngine.Vector2>,System.Action)","System.Void","System.Func`1<UnityEngine.Vector2> positionGetter; System.Action callback","public","False","False","False","False","True","138","0x06003B25"
"DolocTown.MotorController","FlyToTargetCoroutine","System.Collections.IEnumerator DolocTown.MotorController::FlyToTargetCoroutine(System.Func`1<UnityEngine.Vector2>,System.Action)","System.Collections.IEnumerator","System.Func`1<UnityEngine.Vector2> positionGetter; System.Action callback","private","False","False","False","False","True","28","0x06003B26"
"DolocTown.MotorController","StopFollowing","System.Void DolocTown.MotorController::StopFollowing()","System.Void","","public","False","False","False","False","True","44","0x06003B27"
"DolocTown.MotorController","SetIsRiding","System.Void DolocTown.MotorController::SetIsRiding(System.Boolean)","System.Void","System.Boolean value","public","False","False","False","False","True","303","0x06003B28"
"DolocTown.MotorController","RecordVelocity","System.Void DolocTown.MotorController::RecordVelocity()","System.Void","","private","False","False","False","False","True","34","0x06003B29"
"DolocTown.MotorController","RestoreVelocity","System.Void DolocTown.MotorController::RestoreVelocity()","System.Void","","private","False","False","False","False","True","18","0x06003B2A"
"DolocTown.MotorController","PauseRigidbody","System.Void DolocTown.MotorController::PauseRigidbody()","System.Void","","public","False","False","False","False","True","44","0x06003B2B"
"DolocTown.MotorController","ResumeRigidbody","System.Void DolocTown.MotorController::ResumeRigidbody()","System.Void","","public","False","False","False","False","True","53","0x06003B2C"
"DolocTown.MotorController","ClearVelocity","System.Void DolocTown.MotorController::ClearVelocity()","System.Void","","private","False","False","False","False","True","61","0x06003B2D"
"DolocTown.MotorController","CheckVelocityAbs","System.Boolean DolocTown.MotorController::CheckVelocityAbs(System.Single)","System.Boolean","System.Single threshold","public","False","False","False","False","True","15","0x06003B2E"
"DolocTown.MotorController","CheckInputAbs","System.Boolean DolocTown.MotorController::CheckInputAbs(System.Single)","System.Boolean","System.Single threshold","public","False","False","False","False","True","15","0x06003B2F"
"DolocTown.MotorController","UpdateVelocityX","System.Void DolocTown.MotorController::UpdateVelocityX(System.Single)","System.Void","System.Single dt","private","False","False","False","False","True","192","0x06003B30"
"DolocTown.MotorController","UpdateUiPosition","System.Void DolocTown.MotorController::UpdateUiPosition()","System.Void","","private","False","False","False","False","True","60","0x06003B31"
"DolocTown.MotorController","UpdateRotation","System.Void DolocTown.MotorController::UpdateRotation()","System.Void","","private","False","False","False","False","True","116","0x06003B32"
"DolocTown.MotorController","UpdateVelocityY","System.Void DolocTown.MotorController::UpdateVelocityY(System.Single)","System.Void","System.Single dt","private","False","False","False","False","True","178","0x06003B33"
"DolocTown.MotorController","UpdateVelocityYWhileNoInput","System.Void DolocTown.MotorController::UpdateVelocityYWhileNoInput(System.Single)","System.Void","System.Single dt","private","False","False","False","False","True","213","0x06003B34"
"DolocTown.MotorController","CostEndurance","System.Void DolocTown.MotorController::CostEndurance(System.Single)","System.Void","System.Single dt","private","False","False","False","False","True","110","0x06003B35"
"DolocTown.MotorController","RecoveryEndurance","System.Void DolocTown.MotorController::RecoveryEndurance(System.Single)","System.Void","System.Single dt","private","False","False","False","False","True","87","0x06003B36"
"DolocTown.MotorController","GetDstToGround","System.Single DolocTown.MotorController::GetDstToGround(System.Single)","System.Single","System.Single rayLength","private","False","False","False","False","True","169","0x06003B37"
"DolocTown.MotorController","SetVisible","System.Void DolocTown.MotorController::SetVisible(System.Boolean)","System.Void","System.Boolean value","public","False","True","False","False","True","56","0x06003B38"
"DolocTown.MotorController","Reset","System.Void DolocTown.MotorController::Reset()","System.Void","","public","False","False","False","False","True","112","0x06003B39"
"DolocTown.MotorController","UpdatePerTU","System.Void DolocTown.MotorController::UpdatePerTU()","System.Void","","public","False","False","False","False","True","12","0x06003B3A"
"DolocTown.MotorController","OnFixedUpdate","System.Void DolocTown.MotorController::OnFixedUpdate(System.Single)","System.Void","System.Single dt","public","False","False","False","False","True","131","0x06003B3B"
"DolocTown.MotorController","ResumeReboundLatch","System.Collections.IEnumerator DolocTown.MotorController::ResumeReboundLatch(System.Single)","System.Collections.IEnumerator","System.Single wait","private","False","False","False","False","True","21","0x06003B3C"
"DolocTown.MotorController","OnCollisionEnter2D","System.Void DolocTown.MotorController::OnCollisionEnter2D(UnityEngine.Collision2D)","System.Void","UnityEngine.Collision2D other","private","False","False","False","False","True","227","0x06003B3D"
"DolocTown.MotorController",".ctor","System.Void DolocTown.MotorController::.ctor()","System.Void","","public","False","False","False","True","True","7","0x06003B3E"
"DolocTown.MotorController/<GetAllSpriteRenderers>d__109",".ctor","System.Void DolocTown.MotorController/<GetAllSpriteRenderers>d__109::.ctor(System.Int32)","System.Void","System.Int32 <>1__state","public","False","False","False","True","True","25","0x0600A071"
"DolocTown.MotorController/<GetAllSpriteRenderers>d__109","System.IDisposable.Dispose","System.Void DolocTown.MotorController/<GetAllSpriteRenderers>d__109::System.IDisposable.Dispose()","System.Void","","private","False","True","False","False","True","1","0x0600A072"
"DolocTown.MotorController/<GetAllSpriteRenderers>d__109","MoveNext","System.Boolean DolocTown.MotorController/<GetAllSpriteRenderers>d__109::MoveNext()","System.Boolean","","private","False","True","False","False","True","167","0x0600A073"
"DolocTown.MotorController/<GetAllSpriteRenderers>d__109","System.Collections.Generic.IEnumerator<UnityEngine.SpriteRenderer>.get_Current","UnityEngine.SpriteRenderer DolocTown.MotorController/<GetAllSpriteRenderers>d__109::System.Collections.Generic.IEnumerator<UnityEngine.SpriteRenderer>.get_Current()","UnityEngine.SpriteRenderer","","private","False","True","False","False","True","7","0x0600A074"
"DolocTown.MotorController/<GetAllSpriteRenderers>d__109","System.Collections.IEnumerator.Reset","System.Void DolocTown.MotorController/<GetAllSpriteRenderers>d__109::System.Collections.IEnumerator.Reset()","System.Void","","private","False","True","False","False","True","6","0x0600A075"
"DolocTown.MotorController/<GetAllSpriteRenderers>d__109","System.Collections.IEnumerator.get_Current","System.Object DolocTown.MotorController/<GetAllSpriteRenderers>d__109::System.Collections.IEnumerator.get_Current()","System.Object","","private","False","True","False","False","True","7","0x0600A076"
"DolocTown.MotorController/<GetAllSpriteRenderers>d__109","System.Collections.Generic.IEnumerable<UnityEngine.SpriteRenderer>.GetEnumerator","System.Collections.Generic.IEnumerator`1<UnityEngine.SpriteRenderer> DolocTown.MotorController/<GetAllSpriteRenderers>d__109::System.Collections.Generic.IEnumerable<UnityEngine.SpriteRenderer>.GetEnumerator()","System.Collections.Generic.IEnumerator`1<UnityEngine.SpriteRenderer>","","private","False","True","False","False","True","55","0x0600A077"
"DolocTown.MotorController/<GetAllSpriteRenderers>d__109","System.Collections.IEnumerable.GetEnumerator","System.Collections.IEnumerator DolocTown.MotorController/<GetAllSpriteRenderers>d__109::System.Collections.IEnumerable.GetEnumerator()","System.Collections.IEnumerator","","private","False","True","False","False","True","7","0x0600A078"
"DolocTown.MotorController/<>c__DisplayClass111_0",".ctor","System.Void DolocTown.MotorController/<>c__DisplayClass111_0::.ctor()","System.Void","","public","False","False","False","True","True","7","0x0600A079"
"DolocTown.MotorController/<>c__DisplayClass111_0","<AutoFlyTo>b__0","UnityEngine.Vector2 DolocTown.MotorController/<>c__DisplayClass111_0::<AutoFlyTo>b__0()","UnityEngine.Vector2","","internal","False","False","False","False","True","22","0x0600A07A"
"DolocTown.MotorController/<>c__DisplayClass111_0","<AutoFlyTo>b__1","System.Void DolocTown.MotorController/<>c__DisplayClass111_0::<AutoFlyTo>b__1()","System.Void","","internal","False","False","False","False","True","80","0x0600A07B"
"DolocTown.MotorController/<FlyToTargetCoroutine>d__112",".ctor","System.Void DolocTown.MotorController/<FlyToTargetCoroutine>d__112::.ctor(System.Int32)","System.Void","System.Int32 <>1__state","public","False","False","False","True","True","14","0x0600A07C"
"DolocTown.MotorController/<FlyToTargetCoroutine>d__112","System.IDisposable.Dispose","System.Void DolocTown.MotorController/<FlyToTargetCoroutine>d__112::System.IDisposable.Dispose()","System.Void","","private","False","True","False","False","True","1","0x0600A07D"
"DolocTown.MotorController/<FlyToTargetCoroutine>d__112","MoveNext","System.Boolean DolocTown.MotorController/<FlyToTargetCoroutine>d__112::MoveNext()","System.Boolean","","private","False","True","False","False","True","279","0x0600A07E"
"DolocTown.MotorController/<FlyToTargetCoroutine>d__112","System.Collections.Generic.IEnumerator<System.Object>.get_Current","System.Object DolocTown.MotorController/<FlyToTargetCoroutine>d__112::System.Collections.Generic.IEnumerator<System.Object>.get_Current()","System.Object","","private","False","True","False","False","True","7","0x0600A07F"
"DolocTown.MotorController/<FlyToTargetCoroutine>d__112","System.Collections.IEnumerator.Reset","System.Void DolocTown.MotorController/<FlyToTargetCoroutine>d__112::System.Collections.IEnumerator.Reset()","System.Void","","private","False","True","False","False","True","6","0x0600A080"
"DolocTown.MotorController/<FlyToTargetCoroutine>d__112","System.Collections.IEnumerator.get_Current","System.Object DolocTown.MotorController/<FlyToTargetCoroutine>d__112::System.Collections.IEnumerator.get_Current()","System.Object","","private","False","True","False","False","True","7","0x0600A081"
"DolocTown.MotorController/<ResumeReboundLatch>d__135",".ctor","System.Void DolocTown.MotorController/<ResumeReboundLatch>d__135::.ctor(System.Int32)","System.Void","System.Int32 <>1__state","public","False","False","False","True","True","14","0x0600A082"
"DolocTown.MotorController/<ResumeReboundLatch>d__135","System.IDisposable.Dispose","System.Void DolocTown.MotorController/<ResumeReboundLatch>d__135::System.IDisposable.Dispose()","System.Void","","private","False","True","False","False","True","1","0x0600A083"
"DolocTown.MotorController/<ResumeReboundLatch>d__135","MoveNext","System.Boolean DolocTown.MotorController/<ResumeReboundLatch>d__135::MoveNext()","System.Boolean","","private","False","True","False","False","True","72","0x0600A084"
"DolocTown.MotorController/<ResumeReboundLatch>d__135","System.Collections.Generic.IEnumerator<System.Object>.get_Current","System.Object DolocTown.MotorController/<ResumeReboundLatch>d__135::System.Collections.Generic.IEnumerator<System.Object>.get_Current()","System.Object","","private","False","True","False","False","True","7","0x0600A085"
"DolocTown.MotorController/<ResumeReboundLatch>d__135","System.Collections.IEnumerator.Reset","System.Void DolocTown.MotorController/<ResumeReboundLatch>d__135::System.Collections.IEnumerator.Reset()","System.Void","","private","False","True","False","False","True","6","0x0600A086"
"DolocTown.MotorController/<ResumeReboundLatch>d__135","System.Collections.IEnumerator.get_Current","System.Object DolocTown.MotorController/<ResumeReboundLatch>d__135::System.Collections.IEnumerator.get_Current()","System.Object","","private","False","True","False","False","True","7","0x0600A087"
"DolocTown.MotorDriverRenderer","get_AnimationName","System.String DolocTown.MotorDriverRenderer::get_AnimationName()","System.String","","private","False","False","False","False","True","31","0x06003B3F"
"DolocTown.MotorDriverRenderer","get_SoundName","DolocTown.SoundEvents DolocTown.MotorDriverRenderer::get_SoundName()","DolocTown.SoundEvents","","private","False","False","False","False","True","31","0x06003B40"
"DolocTown.MotorDriverRenderer","__Init","System.Void DolocTown.MotorDriverRenderer::__Init()","System.Void","","protected","False","True","False","False","True","122","0x06003B41"
"DolocTown.MotorDriverRenderer","UpdatePerTU","System.Void DolocTown.MotorDriverRenderer::UpdatePerTU()","System.Void","","public","False","False","False","False","True","12","0x06003B42"
"DolocTown.MotorDriverRenderer","SetHatInfo","System.Void DolocTown.MotorDriverRenderer::SetHatInfo(DolocTown.Config.Player.HatInfo)","System.Void","DolocTown.Config.Player.HatInfo info","public","False","False","False","False","True","311","0x06003B43"
"DolocTown.MotorDriverRenderer","PlayAnimation","System.Void DolocTown.MotorDriverRenderer::PlayAnimation(System.String)","System.Void","System.String name","private","False","False","False","False","True","42","0x06003B44"
"DolocTown.MotorDriverRenderer","OnEnable","System.Void DolocTown.MotorDriverRenderer::OnEnable()","System.Void","","private","False","False","False","False","True","41","0x06003B45"
"DolocTown.MotorDriverRenderer","OnDisable","System.Void DolocTown.MotorDriverRenderer::OnDisable()","System.Void","","private","False","False","False","False","True","19","0x06003B46"
"DolocTown.MotorDriverRenderer","Update","System.Void DolocTown.MotorDriverRenderer::Update()","System.Void","","private","False","False","False","False","True","73","0x06003B47"
"DolocTown.MotorDriverRenderer",".ctor","System.Void DolocTown.MotorDriverRenderer::.ctor()","System.Void","","public","False","False","False","True","True","29","0x06003B48"
"DolocTown.MotorInteractable","__Init","System.Void DolocTown.MotorInteractable::__Init()","System.Void","","protected","False","True","False","False","True","38","0x06003B49"
"DolocTown.MotorInteractable","get_OnlyTouch","System.Boolean DolocTown.MotorInteractable::get_OnlyTouch()","System.Boolean","","public","False","True","False","False","True","2","0x06003B4A"
"DolocTown.MotorInteractable","get_CanInteractContinues","System.Boolean DolocTown.MotorInteractable::get_CanInteractContinues()","System.Boolean","","public","False","True","False","False","True","2","0x06003B4B"
"DolocTown.MotorInteractable","OnTouch","System.Void DolocTown.MotorInteractable::OnTouch()","System.Void","","public","False","True","False","False","True","44","0x06003B4C"
"DolocTown.MotorInteractable","OnDisTouch","System.Void DolocTown.MotorInteractable::OnDisTouch()","System.Void","","public","False","True","False","False","True","7","0x06003B4D"
"DolocTown.MotorInteractable","OnInteract","System.Void DolocTown.MotorInteractable::OnInteract()","System.Void","","public","False","True","False","False","True","16","0x06003B4E"
"DolocTown.MotorInteractable","DolocTown.IAttackable.get_attackableType","DolocTown.AttackableType DolocTown.MotorInteractable::DolocTown.IAttackable.get_attackableType()","DolocTown.AttackableType","","private","False","True","False","False","True","11","0x06003B4F"
"DolocTown.MotorInteractable","DolocTown.IAttackable.OnAttacked","System.Boolean DolocTown.MotorInteractable::DolocTown.IAttackable.OnAttacked(System.Single,System.Boolean,UnityEngine.Vector2,System.Boolean&)","System.Boolean","System.Single attack; System.Boolean criticalRate; UnityEngine.Vector2 position; System.Boolean& isDead","private","False","True","False","False","True","86","0x06003B50"
"DolocTown.MotorInteractable","OnSwordAttack","System.Boolean DolocTown.MotorInteractable::OnSwordAttack(System.Single,System.Boolean,UnityEngine.Vector2,System.Boolean&)","System.Boolean","System.Single attack; System.Boolean criticalRate; UnityEngine.Vector2 pos; System.Boolean& isDead","public","False","True","False","False","True","81","0x06003B51"
"DolocTown.MotorInteractable",".ctor","System.Void DolocTown.MotorInteractable::.ctor()","System.Void","","public","False","False","False","True","True","7","0x06003B52"
"DolocTown.MotorLight","__Init","System.Void DolocTown.MotorLight::__Init()","System.Void","","protected","False","True","False","False","True","31","0x06003B53"
"DolocTown.MotorLight","OnFixedUpdate","System.Void DolocTown.MotorLight::OnFixedUpdate(System.Single)","System.Void","System.Single dt","public","False","False","False","False","True","22","0x06003B54"
"DolocTown.MotorLight","CheckStatus","System.Void DolocTown.MotorLight::CheckStatus()","System.Void","","public","False","False","False","False","True","63","0x06003B55"
"DolocTown.MotorLight","CheckRiding","System.Void DolocTown.MotorLight::CheckRiding(System.Boolean)","System.Void","System.Boolean useTrait","public","False","False","False","False","True","103","0x06003B56"
"DolocTown.MotorLight","TurnOn","System.Void DolocTown.MotorLight::TurnOn()","System.Void","","public","False","False","False","False","True","112","0x06003B57"
"DolocTown.MotorLight","TurnOff","System.Void DolocTown.MotorLight::TurnOff()","System.Void","","public","False","False","False","False","True","89","0x06003B58"
"DolocTown.MotorLight",".ctor","System.Void DolocTown.MotorLight::.ctor()","System.Void","","public","False","False","False","True","True","34","0x06003B59"
"DolocTown.MotorRenderer","get_ShouldRun","System.Boolean DolocTown.MotorRenderer::get_ShouldRun()","System.Boolean","","public","False","False","False","False","True","7","0x06003B5A"
"DolocTown.MotorRenderer","set_ShouldRun","System.Void DolocTown.MotorRenderer::set_ShouldRun(System.Boolean)","System.Void","System.Boolean value","public","False","False","False","False","True","8","0x06003B5B"
"DolocTown.MotorRenderer","Play","System.Void DolocTown.MotorRenderer::Play()","System.Void","","private","False","False","False","False","True","60","0x06003B5C"
"DolocTown.MotorRenderer","Stop","System.Void DolocTown.MotorRenderer::Stop()","System.Void","","private","False","False","False","False","True","25","0x06003B5D"
"DolocTown.MotorRenderer","Update","System.Void DolocTown.MotorRenderer::Update()","System.Void","","private","False","False","False","False","True","150","0x06003B5E"
"DolocTown.MotorRenderer",".ctor","System.Void DolocTown.MotorRenderer::.ctor()","System.Void","","public","False","False","False","True","True","7","0x06003B5F"
"DolocTown.MotorWorldContentHandle","__Init","System.Void DolocTown.MotorWorldContentHandle::__Init()","System.Void","","protected","False","True","False","False","True","30","0x06003B60"
"DolocTown.MotorWorldContentHandle","OnTriggerEnter2D","System.Void DolocTown.MotorWorldContentHandle::OnTriggerEnter2D(UnityEngine.Collider2D)","System.Void","UnityEngine.Collider2D other","private","False","False","False","False","True","39","0x06003B61"
"DolocTown.MotorWorldContentHandle",".ctor","System.Void DolocTown.MotorWorldContentHandle::.ctor()","System.Void","","public","False","False","False","True","True","7","0x06003B62"
"DolocTown.ManagerGate","TryInteractOnMotor","System.Boolean DolocTown.ManagerGate::TryInteractOnMotor()","System.Boolean","","public","False","False","False","False","True","35","0x06003BA1"
"DolocTown.ManagerGate","TryEnterOnMotor","System.Boolean DolocTown.ManagerGate::TryEnterOnMotor()","System.Boolean","","public","False","False","False","False","True","35","0x06003BA3"
"DolocTown.ManagerGate","TryQuitOnMotor","System.Boolean DolocTown.ManagerGate::TryQuitOnMotor()","System.Boolean","","public","False","False","False","False","True","35","0x06003BA5"
"DolocTown.ManagerGate","TryInteractOnMotor","System.Void DolocTown.ManagerGate::TryInteractOnMotor(DolocTown.IGate)","System.Void","DolocTown.IGate gate","private","False","False","False","False","True","34","0x06003BA6"
"DolocTown.ScannerInteractableOfMotor","get_Manager","DolocTown.InteractableManagerEx DolocTown.ScannerInteractableOfMotor::get_Manager()","DolocTown.InteractableManagerEx","","public","False","False","False","False","True","7","0x06003BC8"
"DolocTown.ScannerInteractableOfMotor","set_Manager","System.Void DolocTown.ScannerInteractableOfMotor::set_Manager(DolocTown.InteractableManagerEx)","System.Void","DolocTown.InteractableManagerEx value","public","False","False","False","False","True","8","0x06003BC9"
"DolocTown.ScannerInteractableOfMotor","OnTriggerEnter2D","System.Void DolocTown.ScannerInteractableOfMotor::OnTriggerEnter2D(UnityEngine.Collider2D)","System.Void","UnityEngine.Collider2D other","private","False","False","False","False","True","74","0x06003BCA"
"DolocTown.ScannerInteractableOfMotor","OnTriggerExit2D","System.Void DolocTown.ScannerInteractableOfMotor::OnTriggerExit2D(UnityEngine.Collider2D)","System.Void","UnityEngine.Collider2D other","private","False","False","False","False","True","74","0x06003BCB"
"DolocTown.ScannerInteractableOfMotor","ResetCollider","System.Void DolocTown.ScannerInteractableOfMotor::ResetCollider()","System.Void","","public","False","False","False","False","True","20","0x06003BCC"
"DolocTown.ScannerInteractableOfMotor",".ctor","System.Void DolocTown.ScannerInteractableOfMotor::.ctor()","System.Void","","public","False","False","False","True","True","7","0x06003BCD"
"DolocTown.Room","get_DisableMotor","System.Boolean DolocTown.Room::get_DisableMotor()","System.Boolean","","public","False","False","False","False","True","12","0x06003DA8"
"DolocTown.DolocUserInput","RevertBindingOverrides","System.Void DolocTown.DolocUserInput::RevertBindingOverrides(System.String)","System.Void","System.String rebinds","public","False","False","False","False","True","39","0x060044DA"
"DolocTown.DolocUserInput","LoadBindingOverrides","System.Void DolocTown.DolocUserInput::LoadBindingOverrides()","System.Void","","public","False","False","False","False","True","78","0x060044DB"
"DolocTown.DolocUserInput","SaveBindingOverrides","System.Void DolocTown.DolocUserInput::SaveBindingOverrides()","System.Void","","public","False","False","False","False","True","25","0x060044DC"
"DolocTown.DolocUserInput","GetCurrentOverride","System.String DolocTown.DolocUserInput::GetCurrentOverride()","System.String","","public","False","False","False","False","True","12","0x060044DD"
"DolocTown.GameRendererEntity","get_overrideOutlineSprite","UnityEngine.Sprite DolocTown.GameRendererEntity::get_overrideOutlineSprite()","UnityEngine.Sprite","","protected","False","True","False","False","True","7","0x06004832"
"DolocTown.HatSpriteOverrideHandler","get_useRuntimeOverride","System.Boolean DolocTown.HatSpriteOverrideHandler::get_useRuntimeOverride()","System.Boolean","","protected","False","True","False","False","True","2","0x0600490B"
"DolocTown.HatSpriteOverrideHandler","TryGetRuntimeOverrideSprite","System.Boolean DolocTown.HatSpriteOverrideHandler::TryGetRuntimeOverrideSprite(System.String,UnityEngine.Sprite&)","System.Boolean","System.String oldSpriteName; UnityEngine.Sprite& overrideSprite","protected","False","True","False","False","True","34","0x0600490C"
"DolocTown.HatSpriteOverrideHandler","TryGetModOverrideSprite","System.Boolean DolocTown.HatSpriteOverrideHandler::TryGetModOverrideSprite(System.String,UnityEngine.Sprite&)","System.Boolean","System.String oldSpriteName; UnityEngine.Sprite& overrideSprite","protected","False","True","False","False","True","29","0x0600490D"
"DolocTown.HatSpriteOverrideHandler","TryGetOverrideSpriteName","System.Boolean DolocTown.HatSpriteOverrideHandler::TryGetOverrideSpriteName(System.String,System.String&)","System.Boolean","System.String oldSpriteName; System.String& overrideSpriteName","private","False","False","False","False","True","89","0x0600490E"
"DolocTown.HatSpriteOverrideHandler",".ctor","System.Void DolocTown.HatSpriteOverrideHandler::.ctor()","System.Void","","public","False","False","False","True","True","7","0x0600490F"
"DolocTown.PlayerSpriteOverrideHandler","get_useRuntimeOverride","System.Boolean DolocTown.PlayerSpriteOverrideHandler::get_useRuntimeOverride()","System.Boolean","","protected","False","True","False","False","True","2","0x06004910"
"DolocTown.PlayerSpriteOverrideHandler","Start","System.Void DolocTown.PlayerSpriteOverrideHandler::Start()","System.Void","","private","False","False","False","False","True","14","0x06004911"
"DolocTown.PlayerSpriteOverrideHandler","TryGetRuntimeOverrideSprite","System.Boolean DolocTown.PlayerSpriteOverrideHandler::TryGetRuntimeOverrideSprite(System.String,UnityEngine.Sprite&)","System.Boolean","System.String oldSpriteName; UnityEngine.Sprite& overrideSprite","protected","False","True","False","False","True","95","0x06004912"
"DolocTown.PlayerSpriteOverrideHandler","TryGetModOverrideSprite","System.Boolean DolocTown.PlayerSpriteOverrideHandler::TryGetModOverrideSprite(System.String,UnityEngine.Sprite&)","System.Boolean","System.String oldSpriteName; UnityEngine.Sprite& overrideSprite","protected","False","True","False","False","True","110","0x06004913"
"DolocTown.PlayerSpriteOverrideHandler",".ctor","System.Void DolocTown.PlayerSpriteOverrideHandler::.ctor()","System.Void","","public","False","False","False","True","True","7","0x06004914"
"DolocTown.SpriteOverrideHandler","get_useModOverride","System.Boolean DolocTown.SpriteOverrideHandler::get_useModOverride()","System.Boolean","","protected","False","True","False","False","True","6","0x06004915"
"DolocTown.SpriteOverrideHandler","get_useRuntimeOverride","System.Boolean DolocTown.SpriteOverrideHandler::get_useRuntimeOverride()","System.Boolean","","protected","False","True","False","False","True","2","0x06004916"
"DolocTown.SpriteOverrideHandler","Awake","System.Void DolocTown.SpriteOverrideHandler::Awake()","System.Void","","protected","False","True","False","False","True","42","0x06004917"
"DolocTown.SpriteOverrideHandler","OnEnable","System.Void DolocTown.SpriteOverrideHandler::OnEnable()","System.Void","","private","False","False","False","False","True","8","0x06004918"
"DolocTown.SpriteOverrideHandler","LateUpdate","System.Void DolocTown.SpriteOverrideHandler::LateUpdate()","System.Void","","protected","False","False","False","False","True","223","0x06004919"
"DolocTown.SpriteOverrideHandler","TryGetRuntimeOverrideSprite","System.Boolean DolocTown.SpriteOverrideHandler::TryGetRuntimeOverrideSprite(System.String,UnityEngine.Sprite&)","System.Boolean","System.String oldSpriteName; UnityEngine.Sprite& overrideSprite","protected","False","True","False","False","True","5","0x0600491A"
"DolocTown.SpriteOverrideHandler","TryGetModOverrideSprite","System.Boolean DolocTown.SpriteOverrideHandler::TryGetModOverrideSprite(System.String,UnityEngine.Sprite&)","System.Boolean","System.String oldSpriteName; UnityEngine.Sprite& overrideSprite","protected","False","True","False","False","True","28","0x0600491B"
"DolocTown.SpriteOverrideHandler",".ctor","System.Void DolocTown.SpriteOverrideHandler::.ctor()","System.Void","","public","False","False","False","True","True","7","0x0600491C"
"DolocTown.UI.DroneEquipmentBar","RenderMotorBar","System.Void DolocTown.UI.DroneEquipmentBar::RenderMotorBar(System.Boolean,System.String)","System.Void","System.Boolean unlock; System.String place","public","False","False","False","False","True","14","0x06005118"
"DolocTown.UI.MotorBar","Render","System.Void DolocTown.UI.MotorBar::Render(System.Boolean,System.String)","System.Void","System.Boolean unlock; System.String place","public","False","False","False","False","True","114","0x0600511D"
"DolocTown.UI.MotorBar",".ctor","System.Void DolocTown.UI.MotorBar::.ctor()","System.Void","","public","False","False","False","True","True","7","0x0600511E"
"DolocTown.UI.CityMapPanel","RegisterMotorPosition","System.Void DolocTown.UI.CityMapPanel::RegisterMotorPosition()","System.Void","","private","False","False","False","False","True","106","0x06005302"
"DolocTown.UI.RebindActionSlot","get_OverridePath","System.String DolocTown.UI.RebindActionSlot::get_OverridePath()","System.String","","public","False","False","False","False","True","48","0x06005757"
"DolocTown.ScorchSun.WD_ScorchSun_IWaterContainer","get_CallOriginWhileNoOverride","System.Boolean DolocTown.ScorchSun.WD_ScorchSun_IWaterContainer::get_CallOriginWhileNoOverride()","System.Boolean","","public","False","True","False","False","True","2","0x060058A8"
"DolocTown.NodeCanvas.GameProcessGraph","get_allowBlackboardOverrides","System.Boolean DolocTown.NodeCanvas.GameProcessGraph::get_allowBlackboardOverrides()","System.Boolean","","public","False","True","False","False","True","2","0x06005A01"
"DolocTown.NodeCanvas.SwitchScheduleGraph","get_allowBlackboardOverrides","System.Boolean DolocTown.NodeCanvas.SwitchScheduleGraph::get_allowBlackboardOverrides()","System.Boolean","","public","False","True","False","False","True","2","0x06005A72"
"DolocTown.NodeCanvas.MissionGraph","get_allowBlackboardOverrides","System.Boolean DolocTown.NodeCanvas.MissionGraph::get_allowBlackboardOverrides()","System.Boolean","","public","False","True","False","False","True","2","0x06005A7B"
"DolocTown.NodeCanvas.NpcScheduleGraph","get_allowBlackboardOverrides","System.Boolean DolocTown.NodeCanvas.NpcScheduleGraph::get_allowBlackboardOverrides()","System.Boolean","","public","False","True","False","False","True","2","0x06005B86"
"DolocTown.GameData.RoutineGraph","get_allowBlackboardOverrides","System.Boolean DolocTown.GameData.RoutineGraph::get_allowBlackboardOverrides()","System.Boolean","","public","False","True","False","False","True","2","0x06005CDD"
"DolocTown.GameData.DataPersistenceManager","LoadBindingOverrides","System.Boolean DolocTown.GameData.DataPersistenceManager::LoadBindingOverrides(System.String&)","System.Boolean","System.String& rebinds","public","False","False","False","False","True","13","0x06005F22"
"DolocTown.GameData.DataPersistenceManager","SaveBindingOverrides","System.Boolean DolocTown.GameData.DataPersistenceManager::SaveBindingOverrides(System.String)","System.Boolean","System.String rebinds","public","False","False","False","False","True","13","0x06005F23"
"DolocTown.GameData.IFileDataHandler","LoadUserBindingOverrides","System.Boolean DolocTown.GameData.IFileDataHandler::LoadUserBindingOverrides(System.String&)","System.Boolean","System.String& rebinds","public","False","True","True","False","False","0","0x06005F3C"
"DolocTown.GameData.IFileDataHandler","SaveUserBindingOverrides","System.Boolean DolocTown.GameData.IFileDataHandler::SaveUserBindingOverrides(System.String)","System.Boolean","System.String rebinds","public","False","True","True","False","False","0","0x06005F3E"
"DolocTown.GameData.LocalSave","LoadUserBindingOverrides","System.Boolean DolocTown.GameData.LocalSave::LoadUserBindingOverrides(System.String&)","System.Boolean","System.String& rebinds","public","False","True","False","False","True","145","0x06005F66"
"DolocTown.GameData.LocalSave","SaveUserBindingOverrides","System.Boolean DolocTown.GameData.LocalSave::SaveUserBindingOverrides(System.String)","System.Boolean","System.String rebinds","public","False","True","False","False","True","150","0x06005F67"
"DolocTown.GameData.AgentArchiveData",".ctor","System.Void DolocTown.GameData.AgentArchiveData::.ctor(System.String,UnityEngine.Vector2Int,UnityEngine.Vector3,System.Int32,System.Int32,System.Int32,System.Int32,System.Int32,System.Int32,System.Int32,System.Int32,System.Boolean,System.Int32,System.Boolean,System.Boolean,System.Int32,System.Boolean,System.Boolean,DolocTown.BuffManager,System.Boolean,System.Boolean,System.Int32,System.Int32,System.Int32,System.Boolean,DolocTown.GameData.AgentEquipmentManager,DolocTown.GameData.MotorDataManager,System.String,System.String,RedSaw.Counter)","System.Void","System.String customPlayerName; UnityEngine.Vector2Int birthday; UnityEngine.Vector3 agentPosition; System.Int32 maxHealth; System.Int32 maxEnergy; System.Int32 maxSpirit; System.Int32 energy; System.Int32 health; System.Int32 spirit; System.Int32 overflowHealth; System.Int32 overflowEnergy; System.Boolean spiritEnabled; System.Int32 money; System.Boolean disableDisposeItem; System.Boolean hasComeoutAfterSleep; System.Int32 tuAfterWakeUp; System.Boolean isDashUnlocked; System.Boolean isDoubleJumpUnlocked; DolocTown.BuffManager buffManager; System.Boolean unfoldMissionTips; System.Boolean autoBattle; System.Int32 garbageShredderCarLevel; System.Int32 backpackLevel; System.Int32 farmLevel; System.Boolean hasShoweredToday; DolocTown.GameData.AgentEquipmentManager agentEquipment; DolocTown.GameData.MotorDataManager motorData; System.String backupBackpackJson; System.String backupEquipmentJson; RedSaw.Counter corrosionCounter","public","False","False","False","True","True","324","0x06005F7F"
"DolocTown.GameData.ArchiveOperationGlobal","UnlockMotor","System.Void DolocTown.GameData.ArchiveOperationGlobal::UnlockMotor(DolocTown.GameData.ArchiveDataHandle)","System.Void","DolocTown.GameData.ArchiveDataHandle handle","public","True","False","False","False","True","68","0x060060B7"
"DolocTown.GameData.ArchiveOperationGlobal","UpdateMotorRoom","System.Void DolocTown.GameData.ArchiveOperationGlobal::UpdateMotorRoom(DolocTown.GameData.ArchiveDataHandle,DolocTown.Room)","System.Void","DolocTown.GameData.ArchiveDataHandle handle; DolocTown.Room room","public","True","False","False","False","True","23","0x060060B8"
"DolocTown.GameData.ArchiveOperationGlobal","IsMotorUnlocked","System.Boolean DolocTown.GameData.ArchiveOperationGlobal::IsMotorUnlocked(DolocTown.GameData.ArchiveDataHandle)","System.Boolean","DolocTown.GameData.ArchiveDataHandle handle","public","True","False","False","False","True","22","0x060060B9"
"DolocTown.GameData.MotorDataManager","get_isUnlocked","System.Boolean DolocTown.GameData.MotorDataManager::get_isUnlocked()","System.Boolean","","public","False","False","False","False","True","7","0x06006101"
"DolocTown.GameData.MotorDataManager","set_isUnlocked","System.Void DolocTown.GameData.MotorDataManager::set_isUnlocked(System.Boolean)","System.Void","System.Boolean value","private","False","False","False","False","True","8","0x06006102"
"DolocTown.GameData.MotorDataManager","get_roomId","System.String DolocTown.GameData.MotorDataManager::get_roomId()","System.String","","public","False","False","False","False","True","7","0x06006103"
"DolocTown.GameData.MotorDataManager","set_roomId","System.Void DolocTown.GameData.MotorDataManager::set_roomId(System.String)","System.Void","System.String value","private","False","False","False","False","True","8","0x06006104"
"DolocTown.GameData.MotorDataManager","get_dungeonName","System.String DolocTown.GameData.MotorDataManager::get_dungeonName()","System.String","","public","False","False","False","False","True","7","0x06006105"
"DolocTown.GameData.MotorDataManager","set_dungeonName","System.Void DolocTown.GameData.MotorDataManager::set_dungeonName(System.String)","System.Void","System.String value","private","False","False","False","False","True","8","0x06006106"
"DolocTown.GameData.MotorDataManager","get_position","UnityEngine.Vector2 DolocTown.GameData.MotorDataManager::get_position()","UnityEngine.Vector2","","public","False","False","False","False","True","11","0x06006107"
"DolocTown.GameData.MotorDataManager","get_CurrentRoom","DolocTown.Room DolocTown.GameData.MotorDataManager::get_CurrentRoom()","DolocTown.Room","","public","False","False","False","False","True","7","0x06006108"
"DolocTown.GameData.MotorDataManager","set_CurrentRoom","System.Void DolocTown.GameData.MotorDataManager::set_CurrentRoom(DolocTown.Room)","System.Void","DolocTown.Room value","private","False","False","False","False","True","8","0x06006109"
"DolocTown.GameData.MotorDataManager",".ctor","System.Void DolocTown.GameData.MotorDataManager::.ctor()","System.Void","","public","False","False","False","True","True","21","0x0600610A"
"DolocTown.GameData.MotorDataManager",".ctor","System.Void DolocTown.GameData.MotorDataManager::.ctor(System.Boolean,System.String,System.String,UnityEngine.Vector2)","System.Void","System.Boolean isUnlocked; System.String roomId; System.String dungeonName; UnityEngine.Vector2 position","public","False","False","False","True","True","36","0x0600610B"
"DolocTown.GameData.MotorDataManager","UnlockMotor","System.Void DolocTown.GameData.MotorDataManager::UnlockMotor()","System.Void","","public","False","False","False","False","True","8","0x0600610C"
"DolocTown.GameData.MotorDataManager","GetDungeonId","System.String DolocTown.GameData.MotorDataManager::GetDungeonId(DolocTown.Room)","System.String","DolocTown.Room room","private","True","False","False","False","True","45","0x0600610D"
"DolocTown.GameData.MotorDataManager","UpdateMotorRoom","System.Void DolocTown.GameData.MotorDataManager::UpdateMotorRoom(DolocTown.Room)","System.Void","DolocTown.Room room","public","False","False","False","False","True","38","0x0600610E"
"DolocTown.GameData.MotorDataManager","OnExitRoom","System.Void DolocTown.GameData.MotorDataManager::OnExitRoom(DolocTown.Room)","System.Void","DolocTown.Room room","public","False","False","False","False","True","47","0x0600610F"
"DolocTown.GameData.MotorDataManager","OnEnterRoom","System.Void DolocTown.GameData.MotorDataManager::OnEnterRoom(DolocTown.Room)","System.Void","DolocTown.Room room","public","False","False","False","False","True","123","0x06006110"
"DolocTown.GameData.MotorDataManager","AfterLoadData","System.Void DolocTown.GameData.MotorDataManager::AfterLoadData()","System.Void","","public","False","False","False","False","True","78","0x06006111"
"DolocTown.GameData.GameConfigSO","get_motorReboundMask","UnityEngine.LayerMask DolocTown.GameData.GameConfigSO::get_motorReboundMask()","UnityEngine.LayerMask","","public","False","True","False","False","True","29","0x06006153"
"DolocTown.GameData.TreeGraphSO`3","get_allowBlackboardOverrides","System.Boolean DolocTown.GameData.TreeGraphSO`3::get_allowBlackboardOverrides()","System.Boolean","","public","False","True","False","False","True","2","0x06006193"
"DolocTown.GameServiceLocator.IGameConfigProvider","get_motorReboundMask","UnityEngine.LayerMask DolocTown.GameServiceLocator.IGameConfigProvider::get_motorReboundMask()","UnityEngine.LayerMask","","public","False","True","True","False","False","0","0x060061D2"
"DolocTown.Config.Tables","get_TbToolOverride","DolocTown.Config.Item.TbToolOverride DolocTown.Config.Tables::get_TbToolOverride()","DolocTown.Config.Item.TbToolOverride","","public","False","False","False","False","True","7","0x060062AE"
"DolocTown.Config.ModInfo","get_HasPlayerOverride","System.Boolean DolocTown.Config.ModInfo::get_HasPlayerOverride()","System.Boolean","","public","False","False","False","False","True","7","0x06006363"
"DolocTown.Config.ModInfo","set_HasPlayerOverride","System.Void DolocTown.Config.ModInfo::set_HasPlayerOverride(System.Boolean)","System.Void","System.Boolean value","private","False","False","False","False","True","8","0x06006364"
"DolocTown.Config.ModInfo","get_HasPlayerHairOverride","System.Boolean DolocTown.Config.ModInfo::get_HasPlayerHairOverride()","System.Boolean","","public","False","False","False","False","True","7","0x06006365"
"DolocTown.Config.ModInfo","set_HasPlayerHairOverride","System.Void DolocTown.Config.ModInfo::set_HasPlayerHairOverride(System.Boolean)","System.Void","System.Boolean value","private","False","False","False","False","True","8","0x06006366"
"DolocTown.Config.ModInfo","get_HasPlayerBodyOverride","System.Boolean DolocTown.Config.ModInfo::get_HasPlayerBodyOverride()","System.Boolean","","public","False","False","False","False","True","7","0x06006367"
"DolocTown.Config.ModInfo","set_HasPlayerBodyOverride","System.Void DolocTown.Config.ModInfo::set_HasPlayerBodyOverride(System.Boolean)","System.Void","System.Boolean value","private","False","False","False","False","True","8","0x06006368"
"DolocTown.Config.ModManager","get_HasPlayerOverride","System.Boolean DolocTown.Config.ModManager::get_HasPlayerOverride()","System.Boolean","","public","False","False","False","False","True","7","0x0600638E"
"DolocTown.Config.ModManager","set_HasPlayerOverride","System.Void DolocTown.Config.ModManager::set_HasPlayerOverride(System.Boolean)","System.Void","System.Boolean value","private","False","False","False","False","True","8","0x0600638F"
"DolocTown.Config.ModManager","get_HasPlayerHairOverride","System.Boolean DolocTown.Config.ModManager::get_HasPlayerHairOverride()","System.Boolean","","public","False","False","False","False","True","7","0x06006390"
"DolocTown.Config.ModManager","set_HasPlayerHairOverride","System.Void DolocTown.Config.ModManager::set_HasPlayerHairOverride(System.Boolean)","System.Void","System.Boolean value","private","False","False","False","False","True","8","0x06006391"
"DolocTown.Config.ModManager","get_HasPlayerBodyOverride","System.Boolean DolocTown.Config.ModManager::get_HasPlayerBodyOverride()","System.Boolean","","public","False","False","False","False","True","7","0x06006392"
"DolocTown.Config.ModManager","set_HasPlayerBodyOverride","System.Void DolocTown.Config.ModManager::set_HasPlayerBodyOverride(System.Boolean)","System.Void","System.Boolean value","private","False","False","False","False","True","8","0x06006393"
"DolocTown.Config.Time.SeasonWeatherInfo","get_WeatherOverride","DolocTown.Config.Weather.WeatherType[] DolocTown.Config.Time.SeasonWeatherInfo::get_WeatherOverride()","DolocTown.Config.Weather.WeatherType[]","","public","False","False","False","False","True","7","0x0600656D"
"DolocTown.Config.Time.SeasonWeatherInfo","set_WeatherOverride","System.Void DolocTown.Config.Time.SeasonWeatherInfo::set_WeatherOverride(DolocTown.Config.Weather.WeatherType[])","System.Void","DolocTown.Config.Weather.WeatherType[] value","private","False","False","False","False","True","8","0x0600656E"
"DolocTown.Config.Time.TbSeasonWeather","LoadLutOverride","System.Collections.Generic.Dictionary`2<UnityEngine.Vector2Int,System.ValueTuple`2<System.Int32,DolocTown.Config.Weather.WeatherType>> DolocTown.Config.Time.TbSeasonWeather::LoadLutOverride()","System.Collections.Generic.Dictionary`2<UnityEngine.Vector2Int,System.ValueTuple`2<System.Int32,DolocTown.Config.Weather.WeatherType>>","","private","True","False","False","False","True","164","0x06006594"
"DolocTown.Config.Time.TbSeasonWeather","QueryWeatherOverride","System.Boolean DolocTown.Config.Time.TbSeasonWeather::QueryWeatherOverride(System.Int32,System.Int32,System.Int32,DolocTown.Config.Weather.WeatherType&)","System.Boolean","System.Int32 month; System.Int32 day; System.Int32 optimizeLv; DolocTown.Config.Weather.WeatherType& weatherType","public","True","False","False","False","True","72","0x06006596"
"DolocTown.Config.Settings.GlobalParameterInfo","get_MotorHorizontalAcceleration","System.Single DolocTown.Config.Settings.GlobalParameterInfo::get_MotorHorizontalAcceleration()","System.Single","","public","False","False","False","False","True","7","0x060068BA"
"DolocTown.Config.Settings.GlobalParameterInfo","set_MotorHorizontalAcceleration","System.Void DolocTown.Config.Settings.GlobalParameterInfo::set_MotorHorizontalAcceleration(System.Single)","System.Void","System.Single value","private","False","False","False","False","True","8","0x060068BB"
"DolocTown.Config.Settings.GlobalParameterInfo","get_MotorHorizontalRevertAcceleration","System.Single DolocTown.Config.Settings.GlobalParameterInfo::get_MotorHorizontalRevertAcceleration()","System.Single","","public","False","False","False","False","True","7","0x060068BC"
"DolocTown.Config.Settings.GlobalParameterInfo","set_MotorHorizontalRevertAcceleration","System.Void DolocTown.Config.Settings.GlobalParameterInfo::set_MotorHorizontalRevertAcceleration(System.Single)","System.Void","System.Single value","private","False","False","False","False","True","8","0x060068BD"
"DolocTown.Config.Settings.GlobalParameterInfo","get_MotorHorizontalDeceleration","System.Single DolocTown.Config.Settings.GlobalParameterInfo::get_MotorHorizontalDeceleration()","System.Single","","public","False","False","False","False","True","7","0x060068BE"
"DolocTown.Config.Settings.GlobalParameterInfo","set_MotorHorizontalDeceleration","System.Void DolocTown.Config.Settings.GlobalParameterInfo::set_MotorHorizontalDeceleration(System.Single)","System.Void","System.Single value","private","False","False","False","False","True","8","0x060068BF"
"DolocTown.Config.Settings.GlobalParameterInfo","get_MotorHorizontalMaxSpeed","System.Single DolocTown.Config.Settings.GlobalParameterInfo::get_MotorHorizontalMaxSpeed()","System.Single","","public","False","False","False","False","True","7","0x060068C0"
"DolocTown.Config.Settings.GlobalParameterInfo","set_MotorHorizontalMaxSpeed","System.Void DolocTown.Config.Settings.GlobalParameterInfo::set_MotorHorizontalMaxSpeed(System.Single)","System.Void","System.Single value","private","False","False","False","False","True","8","0x060068C1"
"DolocTown.Config.Settings.GlobalParameterInfo","get_MotorHorizontalReboundSpeedRate","System.Single DolocTown.Config.Settings.GlobalParameterInfo::get_MotorHorizontalReboundSpeedRate()","System.Single","","public","False","False","False","False","True","7","0x060068C2"
"DolocTown.Config.Settings.GlobalParameterInfo","set_MotorHorizontalReboundSpeedRate","System.Void DolocTown.Config.Settings.GlobalParameterInfo::set_MotorHorizontalReboundSpeedRate(System.Single)","System.Void","System.Single value","private","False","False","False","False","True","8","0x060068C3"
"DolocTown.Config.Settings.GlobalParameterInfo","get_MotorGravity","System.Single DolocTown.Config.Settings.GlobalParameterInfo::get_MotorGravity()","System.Single","","public","False","False","False","False","True","7","0x060068C4"
"DolocTown.Config.Settings.GlobalParameterInfo","set_MotorGravity","System.Void DolocTown.Config.Settings.GlobalParameterInfo::set_MotorGravity(System.Single)","System.Void","System.Single value","private","False","False","False","False","True","8","0x060068C5"
"DolocTown.Config.Settings.GlobalParameterInfo","get_MotorDropMaxSpeed","System.Single DolocTown.Config.Settings.GlobalParameterInfo::get_MotorDropMaxSpeed()","System.Single","","public","False","False","False","False","True","7","0x060068C6"
"DolocTown.Config.Settings.GlobalParameterInfo","set_MotorDropMaxSpeed","System.Void DolocTown.Config.Settings.GlobalParameterInfo::set_MotorDropMaxSpeed(System.Single)","System.Void","System.Single value","private","False","False","False","False","True","8","0x060068C7"
"DolocTown.Config.Settings.GlobalParameterInfo","get_MotorRaycastLength","System.Single DolocTown.Config.Settings.GlobalParameterInfo::get_MotorRaycastLength()","System.Single","","public","False","False","False","False","True","7","0x060068C8"
"DolocTown.Config.Settings.GlobalParameterInfo","set_MotorRaycastLength","System.Void DolocTown.Config.Settings.GlobalParameterInfo::set_MotorRaycastLength(System.Single)","System.Void","System.Single value","private","False","False","False","False","True","8","0x060068C9"
"DolocTown.Config.Settings.GlobalParameterInfo","get_MotorNaturalJumpAccRange","UnityEngine.Vector2 DolocTown.Config.Settings.GlobalParameterInfo::get_MotorNaturalJumpAccRange()","UnityEngine.Vector2","","public","False","False","False","False","True","7","0x060068CA"
"DolocTown.Config.Settings.GlobalParameterInfo","set_MotorNaturalJumpAccRange","System.Void DolocTown.Config.Settings.GlobalParameterInfo::set_MotorNaturalJumpAccRange(UnityEngine.Vector2)","System.Void","UnityEngine.Vector2 value","private","False","False","False","False","True","8","0x060068CB"
"DolocTown.Config.Settings.GlobalParameterInfo","get_MotorNaturalJumpThreshold","System.Single DolocTown.Config.Settings.GlobalParameterInfo::get_MotorNaturalJumpThreshold()","System.Single","","public","False","False","False","False","True","7","0x060068CC"
"DolocTown.Config.Settings.GlobalParameterInfo","set_MotorNaturalJumpThreshold","System.Void DolocTown.Config.Settings.GlobalParameterInfo::set_MotorNaturalJumpThreshold(System.Single)","System.Void","System.Single value","private","False","False","False","False","True","8","0x060068CD"
"DolocTown.Config.Settings.GlobalParameterInfo","get_MotorNaturalJumpMaxSpeed","System.Single DolocTown.Config.Settings.GlobalParameterInfo::get_MotorNaturalJumpMaxSpeed()","System.Single","","public","False","False","False","False","True","7","0x060068CE"
"DolocTown.Config.Settings.GlobalParameterInfo","set_MotorNaturalJumpMaxSpeed","System.Void DolocTown.Config.Settings.GlobalParameterInfo::set_MotorNaturalJumpMaxSpeed(System.Single)","System.Void","System.Single value","private","False","False","False","False","True","8","0x060068CF"
"DolocTown.Config.Settings.GlobalParameterInfo","get_MotorVerticalAcceleration","System.Single DolocTown.Config.Settings.GlobalParameterInfo::get_MotorVerticalAcceleration()","System.Single","","public","False","False","False","False","True","7","0x060068D0"
"DolocTown.Config.Settings.GlobalParameterInfo","set_MotorVerticalAcceleration","System.Void DolocTown.Config.Settings.GlobalParameterInfo::set_MotorVerticalAcceleration(System.Single)","System.Void","System.Single value","private","False","False","False","False","True","8","0x060068D1"
"DolocTown.Config.Settings.GlobalParameterInfo","get_MotorVerticalMaxSpeed","System.Single DolocTown.Config.Settings.GlobalParameterInfo::get_MotorVerticalMaxSpeed()","System.Single","","public","False","False","False","False","True","7","0x060068D2"
"DolocTown.Config.Settings.GlobalParameterInfo","set_MotorVerticalMaxSpeed","System.Void DolocTown.Config.Settings.GlobalParameterInfo::set_MotorVerticalMaxSpeed(System.Single)","System.Void","System.Single value","private","False","False","False","False","True","8","0x060068D3"
"DolocTown.Config.Settings.GlobalParameterInfo","get_MotorEnduranceDuration","System.Single DolocTown.Config.Settings.GlobalParameterInfo::get_MotorEnduranceDuration()","System.Single","","public","False","False","False","False","True","7","0x060068D4"
"DolocTown.Config.Settings.GlobalParameterInfo","set_MotorEnduranceDuration","System.Void DolocTown.Config.Settings.GlobalParameterInfo::set_MotorEnduranceDuration(System.Single)","System.Void","System.Single value","private","False","False","False","False","True","8","0x060068D5"
"DolocTown.Config.Settings.GlobalParameterInfo","get_MotorEnduranceRecv","System.Single DolocTown.Config.Settings.GlobalParameterInfo::get_MotorEnduranceRecv()","System.Single","","public","False","False","False","False","True","7","0x060068D6"
"DolocTown.Config.Settings.GlobalParameterInfo","set_MotorEnduranceRecv","System.Void DolocTown.Config.Settings.GlobalParameterInfo::set_MotorEnduranceRecv(System.Single)","System.Void","System.Single value","private","False","False","False","False","True","8","0x060068D7"
"DolocTown.Config.Settings.GlobalParameterInfo","get_MotorCollisionVerticalSpeed","System.Single DolocTown.Config.Settings.GlobalParameterInfo::get_MotorCollisionVerticalSpeed()","System.Single","","public","False","False","False","False","True","7","0x060068D8"
"DolocTown.Config.Settings.GlobalParameterInfo","set_MotorCollisionVerticalSpeed","System.Void DolocTown.Config.Settings.GlobalParameterInfo::set_MotorCollisionVerticalSpeed(System.Single)","System.Void","System.Single value","private","False","False","False","False","True","8","0x060068D9"
"DolocTown.Config.Settings.GlobalParameterInfo","get_MotorVerticalReboundSpeedRate","System.Single DolocTown.Config.Settings.GlobalParameterInfo::get_MotorVerticalReboundSpeedRate()","System.Single","","public","False","False","False","False","True","7","0x060068DA"
"DolocTown.Config.Settings.GlobalParameterInfo","set_MotorVerticalReboundSpeedRate","System.Void DolocTown.Config.Settings.GlobalParameterInfo::set_MotorVerticalReboundSpeedRate(System.Single)","System.Void","System.Single value","private","False","False","False","False","True","8","0x060068DB"
"DolocTown.Config.Settings.GlobalParameterInfo","get_MotorCallSpeed","System.Single DolocTown.Config.Settings.GlobalParameterInfo::get_MotorCallSpeed()","System.Single","","public","False","False","False","False","True","7","0x060068DC"
"DolocTown.Config.Settings.GlobalParameterInfo","set_MotorCallSpeed","System.Void DolocTown.Config.Settings.GlobalParameterInfo::set_MotorCallSpeed(System.Single)","System.Void","System.Single value","private","False","False","False","False","True","8","0x060068DD"
"DolocTown.Config.Settings.GlobalParameterInfo","get_DefaultVehiclePreview","DolocTown.SpriteAsset DolocTown.Config.Settings.GlobalParameterInfo::get_DefaultVehiclePreview()","DolocTown.SpriteAsset","","public","False","False","False","False","True","7","0x0600690C"
"DolocTown.Config.Settings.GlobalParameterInfo","set_DefaultVehiclePreview","System.Void DolocTown.Config.Settings.GlobalParameterInfo::set_DefaultVehiclePreview(DolocTown.SpriteAsset)","System.Void","DolocTown.SpriteAsset value","private","False","False","False","False","True","8","0x0600690D"
"DolocTown.Config.Settings.TbGlobalParameter","get_MotorHorizontalAcceleration","System.Single DolocTown.Config.Settings.TbGlobalParameter::get_MotorHorizontalAcceleration()","System.Single","","public","False","False","False","False","True","12","0x06006A81"
"DolocTown.Config.Settings.TbGlobalParameter","get_MotorHorizontalRevertAcceleration","System.Single DolocTown.Config.Settings.TbGlobalParameter::get_MotorHorizontalRevertAcceleration()","System.Single","","public","False","False","False","False","True","12","0x06006A82"
"DolocTown.Config.Settings.TbGlobalParameter","get_MotorHorizontalDeceleration","System.Single DolocTown.Config.Settings.TbGlobalParameter::get_MotorHorizontalDeceleration()","System.Single","","public","False","False","False","False","True","12","0x06006A83"
"DolocTown.Config.Settings.TbGlobalParameter","get_MotorHorizontalMaxSpeed","System.Single DolocTown.Config.Settings.TbGlobalParameter::get_MotorHorizontalMaxSpeed()","System.Single","","public","False","False","False","False","True","12","0x06006A84"
"DolocTown.Config.Settings.TbGlobalParameter","get_MotorHorizontalReboundSpeedRate","System.Single DolocTown.Config.Settings.TbGlobalParameter::get_MotorHorizontalReboundSpeedRate()","System.Single","","public","False","False","False","False","True","12","0x06006A85"
"DolocTown.Config.Settings.TbGlobalParameter","get_MotorGravity","System.Single DolocTown.Config.Settings.TbGlobalParameter::get_MotorGravity()","System.Single","","public","False","False","False","False","True","12","0x06006A86"
"DolocTown.Config.Settings.TbGlobalParameter","get_MotorDropMaxSpeed","System.Single DolocTown.Config.Settings.TbGlobalParameter::get_MotorDropMaxSpeed()","System.Single","","public","False","False","False","False","True","12","0x06006A87"
"DolocTown.Config.Settings.TbGlobalParameter","get_MotorRaycastLength","System.Single DolocTown.Config.Settings.TbGlobalParameter::get_MotorRaycastLength()","System.Single","","public","False","False","False","False","True","12","0x06006A88"
"DolocTown.Config.Settings.TbGlobalParameter","get_MotorNaturalJumpAccRange","UnityEngine.Vector2 DolocTown.Config.Settings.TbGlobalParameter::get_MotorNaturalJumpAccRange()","UnityEngine.Vector2","","public","False","False","False","False","True","12","0x06006A89"
"DolocTown.Config.Settings.TbGlobalParameter","get_MotorNaturalJumpThreshold","System.Single DolocTown.Config.Settings.TbGlobalParameter::get_MotorNaturalJumpThreshold()","System.Single","","public","False","False","False","False","True","12","0x06006A8A"
"DolocTown.Config.Settings.TbGlobalParameter","get_MotorNaturalJumpMaxSpeed","System.Single DolocTown.Config.Settings.TbGlobalParameter::get_MotorNaturalJumpMaxSpeed()","System.Single","","public","False","False","False","False","True","12","0x06006A8B"
"DolocTown.Config.Settings.TbGlobalParameter","get_MotorVerticalAcceleration","System.Single DolocTown.Config.Settings.TbGlobalParameter::get_MotorVerticalAcceleration()","System.Single","","public","False","False","False","False","True","12","0x06006A8C"
"DolocTown.Config.Settings.TbGlobalParameter","get_MotorVerticalMaxSpeed","System.Single DolocTown.Config.Settings.TbGlobalParameter::get_MotorVerticalMaxSpeed()","System.Single","","public","False","False","False","False","True","12","0x06006A8D"
"DolocTown.Config.Settings.TbGlobalParameter","get_MotorEnduranceDuration","System.Single DolocTown.Config.Settings.TbGlobalParameter::get_MotorEnduranceDuration()","System.Single","","public","False","False","False","False","True","12","0x06006A8E"
"DolocTown.Config.Settings.TbGlobalParameter","get_MotorEnduranceRecv","System.Single DolocTown.Config.Settings.TbGlobalParameter::get_MotorEnduranceRecv()","System.Single","","public","False","False","False","False","True","12","0x06006A8F"
"DolocTown.Config.Settings.TbGlobalParameter","get_MotorCollisionVerticalSpeed","System.Single DolocTown.Config.Settings.TbGlobalParameter::get_MotorCollisionVerticalSpeed()","System.Single","","public","False","False","False","False","True","12","0x06006A90"
"DolocTown.Config.Settings.TbGlobalParameter","get_MotorVerticalReboundSpeedRate","System.Single DolocTown.Config.Settings.TbGlobalParameter::get_MotorVerticalReboundSpeedRate()","System.Single","","public","False","False","False","False","True","12","0x06006A91"
"DolocTown.Config.Settings.TbGlobalParameter","get_MotorCallSpeed","System.Single DolocTown.Config.Settings.TbGlobalParameter::get_MotorCallSpeed()","System.Single","","public","False","False","False","False","True","12","0x06006A92"
"DolocTown.Config.Settings.TbGlobalParameter","get_DefaultVehiclePreview","DolocTown.SpriteAsset DolocTown.Config.Settings.TbGlobalParameter::get_DefaultVehiclePreview()","DolocTown.SpriteAsset","","public","False","False","False","False","True","12","0x06006AA6"
"DolocTown.Config.Room.PortalInfo","get_AvailableToMotor","System.Boolean DolocTown.Config.Room.PortalInfo::get_AvailableToMotor()","System.Boolean","","public","False","False","False","False","True","7","0x06006BF7"
"DolocTown.Config.Room.PortalInfo","set_AvailableToMotor","System.Void DolocTown.Config.Room.PortalInfo::set_AvailableToMotor(System.Boolean)","System.Void","System.Boolean value","private","False","False","False","False","True","8","0x06006BF8"
"DolocTown.Config.Room.RoomInfo","get_DisableMotor","System.Boolean DolocTown.Config.Room.RoomInfo::get_DisableMotor()","System.Boolean","","public","False","False","False","False","True","7","0x06006C49"
"DolocTown.Config.Room.RoomInfo","set_DisableMotor","System.Void DolocTown.Config.Room.RoomInfo::set_DisableMotor(System.Boolean)","System.Void","System.Boolean value","private","False","False","False","False","True","8","0x06006C4A"
"DolocTown.Config.Player.AgentEquipmentFuncProtoHerbPackage","get_RecoveryAmount","System.Int32 DolocTown.Config.Player.AgentEquipmentFuncProtoHerbPackage::get_RecoveryAmount()","System.Int32","","public","False","False","False","False","True","7","0x060070C0"
"DolocTown.Config.Player.AgentEquipmentFuncProtoHerbPackage","set_RecoveryAmount","System.Void DolocTown.Config.Player.AgentEquipmentFuncProtoHerbPackage::set_RecoveryAmount(System.Int32)","System.Void","System.Int32 value","private","False","False","False","False","True","8","0x060070C1"
"DolocTown.Config.Player.PlayerAnimationFrameInfo","get_OverrideId","System.String DolocTown.Config.Player.PlayerAnimationFrameInfo::get_OverrideId()","System.String","","public","False","False","False","False","True","7","0x06007153"
"DolocTown.Config.Player.PlayerAnimationFrameInfo","set_OverrideId","System.Void DolocTown.Config.Player.PlayerAnimationFrameInfo::set_OverrideId(System.String)","System.Void","System.String value","private","False","False","False","False","True","8","0x06007154"
"DolocTown.Config.Localization.StaticTextInfo","get_UiOperationErrCannotUseIfRiding","System.String DolocTown.Config.Localization.StaticTextInfo::get_UiOperationErrCannotUseIfRiding()","System.String","","public","False","False","False","False","True","7","0x060079D8"
"DolocTown.Config.Localization.StaticTextInfo","set_UiOperationErrCannotUseIfRiding","System.Void DolocTown.Config.Localization.StaticTextInfo::set_UiOperationErrCannotUseIfRiding(System.String)","System.Void","System.String value","private","False","False","False","False","True","8","0x060079D9"
"DolocTown.Config.Localization.StaticTextInfo","get_UiOperationErrCannotUseIfRiding_l10n_key","System.String DolocTown.Config.Localization.StaticTextInfo::get_UiOperationErrCannotUseIfRiding_l10n_key()","System.String","","public","False","False","False","False","True","7","0x060079DA"
"DolocTown.Config.Localization.StaticTextInfo","get_UiOperationErrCannotCallMotor","System.String DolocTown.Config.Localization.StaticTextInfo::get_UiOperationErrCannotCallMotor()","System.String","","public","False","False","False","False","True","7","0x060079DB"
"DolocTown.Config.Localization.StaticTextInfo","set_UiOperationErrCannotCallMotor","System.Void DolocTown.Config.Localization.StaticTextInfo::set_UiOperationErrCannotCallMotor(System.String)","System.Void","System.String value","private","False","False","False","False","True","8","0x060079DC"
"DolocTown.Config.Localization.StaticTextInfo","get_UiOperationErrCannotCallMotor_l10n_key","System.String DolocTown.Config.Localization.StaticTextInfo::get_UiOperationErrCannotCallMotor_l10n_key()","System.String","","public","False","False","False","False","True","7","0x060079DD"
"DolocTown.Config.Localization.StaticTextInfo","get_UiOperationRide","System.String DolocTown.Config.Localization.StaticTextInfo::get_UiOperationRide()","System.String","","public","False","False","False","False","True","7","0x06007A14"
"DolocTown.Config.Localization.StaticTextInfo","set_UiOperationRide","System.Void DolocTown.Config.Localization.StaticTextInfo::set_UiOperationRide(System.String)","System.Void","System.String value","private","False","False","False","False","True","8","0x06007A15"
"DolocTown.Config.Localization.StaticTextInfo","get_UiOperationRide_l10n_key","System.String DolocTown.Config.Localization.StaticTextInfo::get_UiOperationRide_l10n_key()","System.String","","public","False","False","False","False","True","7","0x06007A16"
"DolocTown.Config.Localization.StaticTextInfo","get_EquipmentBarMotorTitle","System.String DolocTown.Config.Localization.StaticTextInfo::get_EquipmentBarMotorTitle()","System.String","","public","False","False","False","False","True","7","0x06007E0D"
"DolocTown.Config.Localization.StaticTextInfo","set_EquipmentBarMotorTitle","System.Void DolocTown.Config.Localization.StaticTextInfo::set_EquipmentBarMotorTitle(System.String)","System.Void","System.String value","private","False","False","False","False","True","8","0x06007E0E"
"DolocTown.Config.Localization.StaticTextInfo","get_EquipmentBarMotorTitle_l10n_key","System.String DolocTown.Config.Localization.StaticTextInfo::get_EquipmentBarMotorTitle_l10n_key()","System.String","","public","False","False","False","False","True","7","0x06007E0F"
"DolocTown.Config.Localization.StaticTextInfo","get_EquipmentBarMotorLock","System.String DolocTown.Config.Localization.StaticTextInfo::get_EquipmentBarMotorLock()","System.String","","public","False","False","False","False","True","7","0x06007E10"
"DolocTown.Config.Localization.StaticTextInfo","set_EquipmentBarMotorLock","System.Void DolocTown.Config.Localization.StaticTextInfo::set_EquipmentBarMotorLock(System.String)","System.Void","System.String value","private","False","False","False","False","True","8","0x06007E11"
"DolocTown.Config.Localization.StaticTextInfo","get_EquipmentBarMotorLock_l10n_key","System.String DolocTown.Config.Localization.StaticTextInfo::get_EquipmentBarMotorLock_l10n_key()","System.String","","public","False","False","False","False","True","7","0x06007E12"
"DolocTown.Config.Localization.StaticTextInfo","get_UiTipNotAvailableToMotor","System.String DolocTown.Config.Localization.StaticTextInfo::get_UiTipNotAvailableToMotor()","System.String","","public","False","False","False","False","True","7","0x06007E5B"
"DolocTown.Config.Localization.StaticTextInfo","set_UiTipNotAvailableToMotor","System.Void DolocTown.Config.Localization.StaticTextInfo::set_UiTipNotAvailableToMotor(System.String)","System.Void","System.String value","private","False","False","False","False","True","8","0x06007E5C"
"DolocTown.Config.Localization.StaticTextInfo","get_UiTipNotAvailableToMotor_l10n_key","System.String DolocTown.Config.Localization.StaticTextInfo::get_UiTipNotAvailableToMotor_l10n_key()","System.String","","public","False","False","False","False","True","7","0x06007E5D"
"DolocTown.Config.Localization.StaticTextInfo","get_UiTipCurrentMotorPosition","System.String DolocTown.Config.Localization.StaticTextInfo::get_UiTipCurrentMotorPosition()","System.String","","public","False","False","False","False","True","7","0x06007FF0"
"DolocTown.Config.Localization.StaticTextInfo","set_UiTipCurrentMotorPosition","System.Void DolocTown.Config.Localization.StaticTextInfo::set_UiTipCurrentMotorPosition(System.String)","System.Void","System.String value","private","False","False","False","False","True","8","0x06007FF1"
"DolocTown.Config.Localization.StaticTextInfo","get_UiTipCurrentMotorPosition_l10n_key","System.String DolocTown.Config.Localization.StaticTextInfo::get_UiTipCurrentMotorPosition_l10n_key()","System.String","","public","False","False","False","False","True","7","0x06007FF2"
"DolocTown.Config.Localization.TbStaticText","get_UiOperationErrCannotUseIfRiding","System.String DolocTown.Config.Localization.TbStaticText::get_UiOperationErrCannotUseIfRiding()","System.String","","public","False","False","False","False","True","12","0x06008132"
"DolocTown.Config.Localization.TbStaticText","get_UiOperationErrCannotCallMotor","System.String DolocTown.Config.Localization.TbStaticText::get_UiOperationErrCannotCallMotor()","System.String","","public","False","False","False","False","True","12","0x06008133"
"DolocTown.Config.Localization.TbStaticText","get_UiOperationRide","System.String DolocTown.Config.Localization.TbStaticText::get_UiOperationRide()","System.String","","public","False","False","False","False","True","12","0x06008146"
"DolocTown.Config.Localization.TbStaticText","get_EquipmentBarMotorTitle","System.String DolocTown.Config.Localization.TbStaticText::get_EquipmentBarMotorTitle()","System.String","","public","False","False","False","False","True","12","0x06008299"
"DolocTown.Config.Localization.TbStaticText","get_EquipmentBarMotorLock","System.String DolocTown.Config.Localization.TbStaticText::get_EquipmentBarMotorLock()","System.String","","public","False","False","False","False","True","12","0x0600829A"
"DolocTown.Config.Localization.TbStaticText","get_UiTipNotAvailableToMotor","System.String DolocTown.Config.Localization.TbStaticText::get_UiTipNotAvailableToMotor()","System.String","","public","False","False","False","False","True","12","0x060082B3"
"DolocTown.Config.Localization.TbStaticText","get_UiTipCurrentMotorPosition","System.String DolocTown.Config.Localization.TbStaticText::get_UiTipCurrentMotorPosition()","System.String","","public","False","False","False","False","True","12","0x0600833A"
"DolocTown.Config.Item.ItemFunctionFilm","get_HealingAmount","System.Int32 DolocTown.Config.Item.ItemFunctionFilm::get_HealingAmount()","System.Int32","","public","False","False","False","False","True","7","0x060085C0"
"DolocTown.Config.Item.ItemFunctionFilm","set_HealingAmount","System.Void DolocTown.Config.Item.ItemFunctionFilm::set_HealingAmount(System.Int32)","System.Void","System.Int32 value","private","False","False","False","False","True","8","0x060085C1"
"DolocTown.Config.Item.ItemFunctionMotorKey",".ctor","System.Void DolocTown.Config.Item.ItemFunctionMotorKey::.ctor(SimpleJSON.JSONNode)","System.Void","SimpleJSON.JSONNode _json","public","False","False","False","True","True","8","0x06008633"
"DolocTown.Config.Item.ItemFunctionMotorKey",".ctor","System.Void DolocTown.Config.Item.ItemFunctionMotorKey::.ctor()","System.Void","","public","False","False","False","True","True","7","0x06008634"
"DolocTown.Config.Item.ItemFunctionMotorKey","DeserializeItemFunctionMotorKey","DolocTown.Config.Item.ItemFunctionMotorKey DolocTown.Config.Item.ItemFunctionMotorKey::DeserializeItemFunctionMotorKey(SimpleJSON.JSONNode)","DolocTown.Config.Item.ItemFunctionMotorKey","SimpleJSON.JSONNode _json","public","True","False","False","False","True","7","0x06008635"
"DolocTown.Config.Item.ItemFunctionMotorKey","GetTypeId","System.Int32 DolocTown.Config.Item.ItemFunctionMotorKey::GetTypeId()","System.Int32","","public","False","True","False","False","True","6","0x06008636"
"DolocTown.Config.Item.ItemFunctionMotorKey","Resolve","System.Void DolocTown.Config.Item.ItemFunctionMotorKey::Resolve(System.Collections.Generic.Dictionary`2<System.String,System.Object>)","System.Void","System.Collections.Generic.Dictionary`2<System.String,System.Object> _tables","public","False","True","False","False","True","8","0x06008637"
"DolocTown.Config.Item.ItemFunctionMotorKey","TranslateText","System.Void DolocTown.Config.Item.ItemFunctionMotorKey::TranslateText(System.Func`3<System.String,System.String,System.String>)","System.Void","System.Func`3<System.String,System.String,System.String> translator","public","False","True","False","False","True","8","0x06008638"
"DolocTown.Config.Item.ItemFunctionMotorKey","ToString","System.String DolocTown.Config.Item.ItemFunctionMotorKey::ToString()","System.String","","public","False","True","False","False","True","6","0x06008639"
"DolocTown.Config.Item.ItemFunctionPatch","get_HealingAmount","System.Single DolocTown.Config.Item.ItemFunctionPatch::get_HealingAmount()","System.Single","","public","False","False","False","False","True","7","0x0600864E"
"DolocTown.Config.Item.ItemFunctionPatch","set_HealingAmount","System.Void DolocTown.Config.Item.ItemFunctionPatch::set_HealingAmount(System.Single)","System.Void","System.Single value","private","False","False","False","False","True","8","0x0600864F"
"DolocTown.Config.Item.TbToolOverride",".ctor","System.Void DolocTown.Config.Item.TbToolOverride::.ctor(SimpleJSON.JSONNode)","System.Void","SimpleJSON.JSONNode _json","public","False","False","False","True","True","135","0x06008803"
"DolocTown.Config.Item.TbToolOverride","get_DataMap","System.Collections.Generic.Dictionary`2<System.String,DolocTown.Config.Item.ToolOverrideInfo> DolocTown.Config.Item.TbToolOverride::get_DataMap()","System.Collections.Generic.Dictionary`2<System.String,DolocTown.Config.Item.ToolOverrideInfo>","","public","False","False","False","False","True","7","0x06008804"
"DolocTown.Config.Item.TbToolOverride","get_DataList","System.Collections.Generic.List`1<DolocTown.Config.Item.ToolOverrideInfo> DolocTown.Config.Item.TbToolOverride::get_DataList()","System.Collections.Generic.List`1<DolocTown.Config.Item.ToolOverrideInfo>","","public","False","False","False","False","True","7","0x06008805"
"DolocTown.Config.Item.TbToolOverride","GetOrDefault","DolocTown.Config.Item.ToolOverrideInfo DolocTown.Config.Item.TbToolOverride::GetOrDefault(System.String)","DolocTown.Config.Item.ToolOverrideInfo","System.String key","public","False","False","False","False","True","20","0x06008806"
"DolocTown.Config.Item.TbToolOverride","Get","DolocTown.Config.Item.ToolOverrideInfo DolocTown.Config.Item.TbToolOverride::Get(System.String)","DolocTown.Config.Item.ToolOverrideInfo","System.String key","public","False","False","False","False","True","13","0x06008807"
"DolocTown.Config.Item.TbToolOverride","get_Item","DolocTown.Config.Item.ToolOverrideInfo DolocTown.Config.Item.TbToolOverride::get_Item(System.String)","DolocTown.Config.Item.ToolOverrideInfo","System.String key","public","False","False","False","False","True","13","0x06008808"
"DolocTown.Config.Item.TbToolOverride","Resolve","System.Void DolocTown.Config.Item.TbToolOverride::Resolve(System.Collections.Generic.Dictionary`2<System.String,System.Object>)","System.Void","System.Collections.Generic.Dictionary`2<System.String,System.Object> _tables","public","False","False","False","False","True","53","0x06008809"
"DolocTown.Config.Item.TbToolOverride","TranslateText","System.Void DolocTown.Config.Item.TbToolOverride::TranslateText(System.Func`3<System.String,System.String,System.String>)","System.Void","System.Func`3<System.String,System.String,System.String> translator","public","False","False","False","False","True","53","0x0600880A"
"DolocTown.Config.Item.ToolOverrideInfo",".ctor","System.Void DolocTown.Config.Item.ToolOverrideInfo::.ctor(SimpleJSON.JSONNode)","System.Void","SimpleJSON.JSONNode _json","public","False","False","False","True","True","806","0x06008832"
"DolocTown.Config.Item.ToolOverrideInfo",".ctor","System.Void DolocTown.Config.Item.ToolOverrideInfo::.ctor(System.String,DolocTown.Config.Item.ToolOverrideLevel[],DolocTown.Config.Item.ToolOverrideSpawnLut[],DolocTown.Config.Item.ToolExtraSpawnLutByResourceName[],DolocTown.Config.Item.ToolExtraSpawnLutByResourceClass[])","System.Void","System.String id; DolocTown.Config.Item.ToolOverrideLevel[] override_levels; DolocTown.Config.Item.ToolOverrideSpawnLut[] override_spawn_luts; DolocTown.Config.Item.ToolExtraSpawnLutByResourceName[] extra_spawn_luts_by_name; DolocTown.Config.Item.ToolExtraSpawnLutByResourceClass[] extra_spawn_luts_by_class","public","False","False","False","True","True","275","0x06008833"
"DolocTown.Config.Item.ToolOverrideInfo","DeserializeToolOverrideInfo","DolocTown.Config.Item.ToolOverrideInfo DolocTown.Config.Item.ToolOverrideInfo::DeserializeToolOverrideInfo(SimpleJSON.JSONNode)","DolocTown.Config.Item.ToolOverrideInfo","SimpleJSON.JSONNode _json","public","True","False","False","False","True","7","0x06008834"
"DolocTown.Config.Item.ToolOverrideInfo","get_Id","System.String DolocTown.Config.Item.ToolOverrideInfo::get_Id()","System.String","","public","False","False","False","False","True","7","0x06008835"
"DolocTown.Config.Item.ToolOverrideInfo","set_Id","System.Void DolocTown.Config.Item.ToolOverrideInfo::set_Id(System.String)","System.Void","System.String value","private","False","False","False","False","True","8","0x06008836"
"DolocTown.Config.Item.ToolOverrideInfo","get_Id_Ref","DolocTown.Config.Item.ItemInfo DolocTown.Config.Item.ToolOverrideInfo::get_Id_Ref()","DolocTown.Config.Item.ItemInfo","","public","False","False","False","False","True","7","0x06008837"
"DolocTown.Config.Item.ToolOverrideInfo","set_Id_Ref","System.Void DolocTown.Config.Item.ToolOverrideInfo::set_Id_Ref(DolocTown.Config.Item.ItemInfo)","System.Void","DolocTown.Config.Item.ItemInfo value","private","False","False","False","False","True","8","0x06008838"
"DolocTown.Config.Item.ToolOverrideInfo","get_OverrideLevels","DolocTown.Config.Item.ToolOverrideLevel[] DolocTown.Config.Item.ToolOverrideInfo::get_OverrideLevels()","DolocTown.Config.Item.ToolOverrideLevel[]","","public","False","False","False","False","True","7","0x06008839"
"DolocTown.Config.Item.ToolOverrideInfo","set_OverrideLevels","System.Void DolocTown.Config.Item.ToolOverrideInfo::set_OverrideLevels(DolocTown.Config.Item.ToolOverrideLevel[])","System.Void","DolocTown.Config.Item.ToolOverrideLevel[] value","private","False","False","False","False","True","8","0x0600883A"
"DolocTown.Config.Item.ToolOverrideInfo","get_OverrideSpawnLuts","DolocTown.Config.Item.ToolOverrideSpawnLut[] DolocTown.Config.Item.ToolOverrideInfo::get_OverrideSpawnLuts()","DolocTown.Config.Item.ToolOverrideSpawnLut[]","","public","False","False","False","False","True","7","0x0600883B"
"DolocTown.Config.Item.ToolOverrideInfo","set_OverrideSpawnLuts","System.Void DolocTown.Config.Item.ToolOverrideInfo::set_OverrideSpawnLuts(DolocTown.Config.Item.ToolOverrideSpawnLut[])","System.Void","DolocTown.Config.Item.ToolOverrideSpawnLut[] value","private","False","False","False","False","True","8","0x0600883C"
"DolocTown.Config.Item.ToolOverrideInfo","get_ExtraSpawnLutsByName","DolocTown.Config.Item.ToolExtraSpawnLutByResourceName[] DolocTown.Config.Item.ToolOverrideInfo::get_ExtraSpawnLutsByName()","DolocTown.Config.Item.ToolExtraSpawnLutByResourceName[]","","public","False","False","False","False","True","7","0x0600883D"
"DolocTown.Config.Item.ToolOverrideInfo","set_ExtraSpawnLutsByName","System.Void DolocTown.Config.Item.ToolOverrideInfo::set_ExtraSpawnLutsByName(DolocTown.Config.Item.ToolExtraSpawnLutByResourceName[])","System.Void","DolocTown.Config.Item.ToolExtraSpawnLutByResourceName[] value","private","False","False","False","False","True","8","0x0600883E"
"DolocTown.Config.Item.ToolOverrideInfo","get_ExtraSpawnLutsByClass","DolocTown.Config.Item.ToolExtraSpawnLutByResourceClass[] DolocTown.Config.Item.ToolOverrideInfo::get_ExtraSpawnLutsByClass()","DolocTown.Config.Item.ToolExtraSpawnLutByResourceClass[]","","public","False","False","False","False","True","7","0x0600883F"
"DolocTown.Config.Item.ToolOverrideInfo","set_ExtraSpawnLutsByClass","System.Void DolocTown.Config.Item.ToolOverrideInfo::set_ExtraSpawnLutsByClass(DolocTown.Config.Item.ToolExtraSpawnLutByResourceClass[])","System.Void","DolocTown.Config.Item.ToolExtraSpawnLutByResourceClass[] value","private","False","False","False","False","True","8","0x06008840"
"DolocTown.Config.Item.ToolOverrideInfo","GetTypeId","System.Int32 DolocTown.Config.Item.ToolOverrideInfo::GetTypeId()","System.Int32","","public","False","True","False","False","True","6","0x06008841"
"DolocTown.Config.Item.ToolOverrideInfo","Resolve","System.Void DolocTown.Config.Item.ToolOverrideInfo::Resolve(System.Collections.Generic.Dictionary`2<System.String,System.Object>)","System.Void","System.Collections.Generic.Dictionary`2<System.String,System.Object> _tables","public","False","False","False","False","True","181","0x06008842"
"DolocTown.Config.Item.ToolOverrideInfo","TranslateText","System.Void DolocTown.Config.Item.ToolOverrideInfo::TranslateText(System.Func`3<System.String,System.String,System.String>)","System.Void","System.Func`3<System.String,System.String,System.String> translator","public","False","False","False","False","True","148","0x06008843"
"DolocTown.Config.Item.ToolOverrideInfo","ToString","System.String DolocTown.Config.Item.ToolOverrideInfo::ToString()","System.String","","public","False","True","False","False","True","128","0x06008844"
"DolocTown.Config.Item.ToolOverrideLevel",".ctor","System.Void DolocTown.Config.Item.ToolOverrideLevel::.ctor(SimpleJSON.JSONNode)","System.Void","SimpleJSON.JSONNode _json","public","False","False","False","True","True","99","0x06008845"
"DolocTown.Config.Item.ToolOverrideLevel",".ctor","System.Void DolocTown.Config.Item.ToolOverrideLevel::.ctor(DolocTown.Config.Resource.DungeonResourceClass,System.Int32)","System.Void","DolocTown.Config.Resource.DungeonResourceClass target_resource_class; System.Int32 override_level","public","False","False","False","True","True","21","0x06008846"
"DolocTown.Config.Item.ToolOverrideLevel","DeserializeToolOverrideLevel","DolocTown.Config.Item.ToolOverrideLevel DolocTown.Config.Item.ToolOverrideLevel::DeserializeToolOverrideLevel(SimpleJSON.JSONNode)","DolocTown.Config.Item.ToolOverrideLevel","SimpleJSON.JSONNode _json","public","True","False","False","False","True","7","0x06008847"
"DolocTown.Config.Item.ToolOverrideLevel","get_TargetResourceClass","DolocTown.Config.Resource.DungeonResourceClass DolocTown.Config.Item.ToolOverrideLevel::get_TargetResourceClass()","DolocTown.Config.Resource.DungeonResourceClass","","public","False","False","False","False","True","7","0x06008848"
"DolocTown.Config.Item.ToolOverrideLevel","set_TargetResourceClass","System.Void DolocTown.Config.Item.ToolOverrideLevel::set_TargetResourceClass(DolocTown.Config.Resource.DungeonResourceClass)","System.Void","DolocTown.Config.Resource.DungeonResourceClass value","private","False","False","False","False","True","8","0x06008849"
"DolocTown.Config.Item.ToolOverrideLevel","get_OverrideLevel","System.Int32 DolocTown.Config.Item.ToolOverrideLevel::get_OverrideLevel()","System.Int32","","public","False","False","False","False","True","7","0x0600884A"
"DolocTown.Config.Item.ToolOverrideLevel","set_OverrideLevel","System.Void DolocTown.Config.Item.ToolOverrideLevel::set_OverrideLevel(System.Int32)","System.Void","System.Int32 value","private","False","False","False","False","True","8","0x0600884B"
"DolocTown.Config.Item.ToolOverrideLevel","GetTypeId","System.Int32 DolocTown.Config.Item.ToolOverrideLevel::GetTypeId()","System.Int32","","public","False","True","False","False","True","6","0x0600884C"
"DolocTown.Config.Item.ToolOverrideLevel","Resolve","System.Void DolocTown.Config.Item.ToolOverrideLevel::Resolve(System.Collections.Generic.Dictionary`2<System.String,System.Object>)","System.Void","System.Collections.Generic.Dictionary`2<System.String,System.Object> _tables","public","False","False","False","False","True","1","0x0600884D"
"DolocTown.Config.Item.ToolOverrideLevel","TranslateText","System.Void DolocTown.Config.Item.ToolOverrideLevel::TranslateText(System.Func`3<System.String,System.String,System.String>)","System.Void","System.Func`3<System.String,System.String,System.String> translator","public","False","False","False","False","True","1","0x0600884E"
"DolocTown.Config.Item.ToolOverrideLevel","ToString","System.String DolocTown.Config.Item.ToolOverrideLevel::ToString()","System.String","","public","False","True","False","False","True","76","0x0600884F"
"DolocTown.Config.Item.ToolOverrideSpawnLut",".ctor","System.Void DolocTown.Config.Item.ToolOverrideSpawnLut::.ctor(SimpleJSON.JSONNode)","System.Void","SimpleJSON.JSONNode _json","public","False","False","False","True","True","99","0x06008850"
"DolocTown.Config.Item.ToolOverrideSpawnLut",".ctor","System.Void DolocTown.Config.Item.ToolOverrideSpawnLut::.ctor(DolocTown.Config.Resource.DungeonResourceClass,System.String)","System.Void","DolocTown.Config.Resource.DungeonResourceClass target_resource_class; System.String override_spawn_lut","public","False","False","False","True","True","21","0x06008851"
"DolocTown.Config.Item.ToolOverrideSpawnLut","DeserializeToolOverrideSpawnLut","DolocTown.Config.Item.ToolOverrideSpawnLut DolocTown.Config.Item.ToolOverrideSpawnLut::DeserializeToolOverrideSpawnLut(SimpleJSON.JSONNode)","DolocTown.Config.Item.ToolOverrideSpawnLut","SimpleJSON.JSONNode _json","public","True","False","False","False","True","7","0x06008852"
"DolocTown.Config.Item.ToolOverrideSpawnLut","get_TargetResourceClass","DolocTown.Config.Resource.DungeonResourceClass DolocTown.Config.Item.ToolOverrideSpawnLut::get_TargetResourceClass()","DolocTown.Config.Resource.DungeonResourceClass","","public","False","False","False","False","True","7","0x06008853"
"DolocTown.Config.Item.ToolOverrideSpawnLut","set_TargetResourceClass","System.Void DolocTown.Config.Item.ToolOverrideSpawnLut::set_TargetResourceClass(DolocTown.Config.Resource.DungeonResourceClass)","System.Void","DolocTown.Config.Resource.DungeonResourceClass value","private","False","False","False","False","True","8","0x06008854"
"DolocTown.Config.Item.ToolOverrideSpawnLut","get_OverrideSpawnLut","System.String DolocTown.Config.Item.ToolOverrideSpawnLut::get_OverrideSpawnLut()","System.String","","public","False","False","False","False","True","7","0x06008855"
"DolocTown.Config.Item.ToolOverrideSpawnLut","set_OverrideSpawnLut","System.Void DolocTown.Config.Item.ToolOverrideSpawnLut::set_OverrideSpawnLut(System.String)","System.Void","System.String value","private","False","False","False","False","True","8","0x06008856"
"DolocTown.Config.Item.ToolOverrideSpawnLut","get_OverrideSpawnLut_Ref","DolocTown.Config.Item.ItemSpawnInfo DolocTown.Config.Item.ToolOverrideSpawnLut::get_OverrideSpawnLut_Ref()","DolocTown.Config.Item.ItemSpawnInfo","","public","False","False","False","False","True","7","0x06008857"
"DolocTown.Config.Item.ToolOverrideSpawnLut","set_OverrideSpawnLut_Ref","System.Void DolocTown.Config.Item.ToolOverrideSpawnLut::set_OverrideSpawnLut_Ref(DolocTown.Config.Item.ItemSpawnInfo)","System.Void","DolocTown.Config.Item.ItemSpawnInfo value","private","False","False","False","False","True","8","0x06008858"
"DolocTown.Config.Item.ToolOverrideSpawnLut","GetTypeId","System.Int32 DolocTown.Config.Item.ToolOverrideSpawnLut::GetTypeId()","System.Int32","","public","False","True","False","False","True","6","0x06008859"
"DolocTown.Config.Item.ToolOverrideSpawnLut","Resolve","System.Void DolocTown.Config.Item.ToolOverrideSpawnLut::Resolve(System.Collections.Generic.Dictionary`2<System.String,System.Object>)","System.Void","System.Collections.Generic.Dictionary`2<System.String,System.Object> _tables","public","False","False","False","False","True","34","0x0600885A"
"DolocTown.Config.Item.ToolOverrideSpawnLut","TranslateText","System.Void DolocTown.Config.Item.ToolOverrideSpawnLut::TranslateText(System.Func`3<System.String,System.String,System.String>)","System.Void","System.Func`3<System.String,System.String,System.String> translator","public","False","False","False","False","True","1","0x0600885B"
"DolocTown.Config.Item.ToolOverrideSpawnLut","ToString","System.String DolocTown.Config.Item.ToolOverrideSpawnLut::ToString()","System.String","","public","False","True","False","False","True","68","0x0600885C"
"DolocTown.Config.Building.BuildingExteriorData","get_OverrideItemIcon","DolocTown.SpriteAsset DolocTown.Config.Building.BuildingExteriorData::get_OverrideItemIcon()","DolocTown.SpriteAsset","","public","False","False","False","False","True","7","0x060090DA"
"DolocTown.Config.Building.BuildingExteriorData","set_OverrideItemIcon","System.Void DolocTown.Config.Building.BuildingExteriorData::set_OverrideItemIcon(DolocTown.SpriteAsset)","System.Void","DolocTown.SpriteAsset value","private","False","False","False","False","True","8","0x060090DB"
