"type","method","method_full_name","offset","length","text"
"<>f__AnonymousType0`2","ToString","System.String <>f__AnonymousType0`2::ToString()","IL_0001","30","{{ value = {0}, score = {1} }}"
"DolocAPI","QueryResourceProto","System.Boolean DolocAPI::QueryResourceProto(System.String,DolocTown.Config.Resource.ResourceInfo&)","IL_0010","0",""
"DolocAPI","QueryVegetationProto","System.Boolean DolocAPI::QueryVegetationProto(System.String,DolocTown.Config.Resource.VegetationInfo&)","IL_0010","0",""
"DolocAPI","SetDialogueTargetForeground","System.Void DolocAPI::SetDialogueTargetForeground(System.String,System.Boolean)","IL_000A","6","player"
"DolocAPI","RefreshResourceByType","System.Void DolocAPI::RefreshResourceByType(DolocTown.Room,DolocTown.Config.Resource.DungeonResourceType)","IL_00EB","0",""
"DolocAPI","Command_GenerateDungeonResource","System.Void DolocAPI::Command_GenerateDungeonResource(System.String)","IL_0008","7","资源名不能为空"
"DolocAPI","Command_GenerateDungeonResource","System.Void DolocAPI::Command_GenerateDungeonResource(System.String)","IL_002C","3","资源"""
"DolocAPI","Command_GenerateDungeonResource","System.Void DolocAPI::Command_GenerateDungeonResource(System.String)","IL_0032","4","""不存在"
"DolocAPI","Command_GenerateVegetation","System.Void DolocAPI::Command_GenerateVegetation(System.String)","IL_0008","7","植被名不能为空"
"DolocAPI","Command_GenerateVegetation","System.Void DolocAPI::Command_GenerateVegetation(System.String)","IL_002C","3","植被"""
"DolocAPI","Command_GenerateVegetation","System.Void DolocAPI::Command_GenerateVegetation(System.String)","IL_0032","4","""不存在"
"DolocAPI","Command_AddTechTreeExp","System.Void DolocAPI::Command_AddTechTreeExp(System.String,System.Int32)","IL_0008","9","科技树类型不能为空"
"DolocAPI","Command_AddTechTreeExp","System.Void DolocAPI::Command_AddTechTreeExp(System.String,System.Int32)","IL_0017","8","经验值必须大于0"
"DolocAPI","Command_AddTechTreeExp","System.Void DolocAPI::Command_AddTechTreeExp(System.String,System.Int32)","IL_002D","8","未知的科技树类型"
"DolocAPI","Command_RefreshStore","System.Void DolocAPI::Command_RefreshStore(System.String)","IL_0008","8","商店名称不能为空"
"DolocAPI","Command_UnlockStoreItem","System.Void DolocAPI::Command_UnlockStoreItem(System.String,System.String)","IL_0010","6","参数不能为空"
"DolocAPI","Command_RevertUnlockStoreItem","System.Void DolocAPI::Command_RevertUnlockStoreItem(System.String,System.String)","IL_000A","0",""
"DolocAPI","Command_RevertUnlockStoreItem","System.Void DolocAPI::Command_RevertUnlockStoreItem(System.String,System.String)","IL_001E","0",""
"DolocAPI","Command_OpenExchangeStore","Cysharp.Threading.Tasks.UniTask DolocAPI::Command_OpenExchangeStore(System.String)","IL_0010","0",""
"DolocAPI","Command_OpenStore","Cysharp.Threading.Tasks.UniTask DolocAPI::Command_OpenStore(System.String)","IL_0008","8","商店名称不能为空"
"DolocAPI","Command_OpenStore","Cysharp.Threading.Tasks.UniTask DolocAPI::Command_OpenStore(System.String)","IL_0024","3","商店<"
"DolocAPI","Command_OpenStore","Cysharp.Threading.Tasks.UniTask DolocAPI::Command_OpenStore(System.String)","IL_002A","7",">不存在或无效"
"DolocAPI","Command_ClearDropItems","System.Void DolocAPI::Command_ClearDropItems()","IL_000E","11","当前房间不是掉落物宿主"
"DolocAPI","GenerateDropItems","System.Boolean DolocAPI::GenerateDropItems(DolocTown.IDropItemHost,DolocTown.Config.Item.ItemSpawnEntry,System.Int32,UnityEngine.Vector2,System.Boolean)","IL_001E","0",""
"DolocAPI","GenerateDropItems","System.Boolean DolocAPI::GenerateDropItems(DolocTown.IDropItemHost,DolocTown.Config.Item.ItemSpawnEntry,UnityEngine.Vector2,System.Boolean)","IL_0032","0",""
"DolocAPI/<>c","<FastButton_OpenSeedStore>b__1003_0","System.Boolean DolocAPI/<>c::<FastButton_OpenSeedStore>b__1003_0(DolocTown.StoreUiState)","IL_0001","12","villain_shop"
"DolocInputSource",".ctor","System.Void DolocInputSource::.ctor()","IL_0015","219418","{
    ""name"": ""GameInput"",
    ""maps"": [
        {
            ""name"": ""NormalInput"",
            ""id"": ""41395cad-578b-44c2-b8e5-61b051956e01"",
            ""actions"": [
                {
                    ""name"": ""Move"",
                    ""type"": ""Value"",
                    ""id"": ""24efa0a3-cc26-4bdc-a19a-552327be56dd"",
                    ""expectedControlType"": ""Vector2"",
                    ""processors"": """",
                    ""interactions"": """",
                    ""initialStateCheck"": true
                },
                {
                    ""name"": ""Jump"",
                    ""type"": ""Button"",
                    ""id"": ""10faa65d-aab6-4dc8-92a2-1114065ef9fe"",
                    ""expectedControlType"": ""Button"",
                    ""processors"": """",
                    ""interactions"": """",
                    ""initialStateCheck"": false
                },
                {
                    ""name"": ""JumpDown"",
                    ""type"": ""Button"",
                    ""id"": ""b65e165d-ad8e-44fd-bbc7-20b6504205e2"",
                    ""expectedControlType"": ""Button"",
                    ""processors"": """",
                    ""interactions"": """",
                    ""initialStateCheck"": false
                },
                {
                    ""name"": ""Dash"",
                    ""type"": ""Button"",
                    ""id"": ""11ad8edd-8ecd-4d9b-8bb8-22f4da064cb4"",
                    ""expectedControlType"": ""Button"",
                    ""processors"": """",
                    ""interactions"": """",
                    ""initialStateCheck"": false
                },
                {
                    ""name"": ""UseTool"",
                    ""type"": ""Button"",
                    ""id"": ""1e9a3d86-ca86-42e1-80db-5ed834688e6f"",
                    ""expectedControlType"": ""Button"",
                    ""processors"": """",
                    ""interactions"": """",
                    ""initialStateCheck"": false
                },
                {
                    ""name"": ""UseItem"",
                    ""type"": ""Button"",
                    ""id"": ""aa78d825-e579-4bcb-b6b3-e98b2f179671"",
                    ""expectedControlType"": ""Button"",
                    ""processors"": """",
                    ""interactions"": """",
                    ""initialStateCheck"": false
                },
                {
                    ""name"": ""ScrollInventoryUp"",
                    ""type"": ""Button"",
                    ""id"": ""03c08201-4e9a-4b20-8a2f-1f66b0319b46"",
                    ""expectedControlType"": ""Button"",
                    ""processors"": """",
                    ""interactions"": """",
                    ""initialStateCheck"": false
                },
                {
                    ""name"": ""ScrollInventoryDown"",
                    ""type"": ""Button"",
                    ""id"": ""a651e312-4618-46f4-affd-df6303be05a9"",
                    ""expectedControlType"": ""Button"",
                    ""processors"": """",
                    ""interactions"": """",
                    ""initialStateCheck"": false
                },
                {
                    ""name"": ""AssistMove"",
                    ""type"": ""Value"",
                    ""id"": ""e25d5442-0da4-45da-ac54-313bff071979"",
                    ""expectedControlType"": ""Vector2"",
                    ""processors"": """",
                    ""interactions"": """",
                    ""initialStateCheck"": true
                },
                {
                    ""name"": ""RoomInteract"",
                    ""type"": ""Button"",
                    ""id"": ""ebbb186a-8b8d-410b-9e53-c00dd980538a"",
                    ""expectedControlType"": ""Button"",
                    ""processors"": """",
                    ""interactions"": """",
                    ""initialStateCheck"": false
                },
                {
                    ""name"": ""SwitchAutoFire"",
                    ""type"": ""Button"",
                    ""id"": ""884ead0d-3dbd-4264-bdf2-a145983d276e"",
                    ""expectedControlType"": ""Button"",
                    ""processors"": """",
                    ""interactions"": """",
                    ""initialStateCheck"": false
                },
                {
                    ""name"": ""SelectedDrone"",
                    ""type"": ""Button"",
                    ""id"": ""c79a9628-2640-458d-aaf8-98f5ecdebbd7"",
                    ""expectedControlType"": ""Button"",
                    ""processors"": """",
                    ""interactions"": """",
                    ""initialStateCheck"": false
                },
                {
                    ""name"": ""SelectedActive"",
                    ""type"": ""Button"",
                    ""id"": ""a010c530-1574-4efc-a406-f0de8e39ed83"",
                    ""expectedControlType"": ""Button"",
                    ""processors"": """",
                    ""interactions"": """",
                    ""initialStateCheck"": false
                },
                {
                    ""name"": ""QuickSelect_1"",
                    ""type"": ""Button"",
                    ""id"": ""a5326758-f200-4124-baf2-725e9e4abd87"",
                    ""expectedControlType"": ""Button"",
                    ""processors"": """",
                    ""interactions"": """",
                    ""initialStateCheck"": false
                },
                {
                    ""name"": ""QuickSelect_2"",
                    ""type"": ""Button"",
                    ""id"": ""7910f3d2-de5d-45b5-b5f8-33afa0697ac0"",
                    ""expectedControlType"": ""Button"",
                    ""processors"": """",
                    ""interactions"": """",
                    ""initialStateCheck"": false
                },
                {
                    ""name"": ""QuickSelect_3"",
                    ""type"": ""Button"",
                    ""id"": ""581fb11a-893c-4ee8-ad6d-b3e797f59220"",
                    ""expectedControlType"": ""Button"",
                    ""processors"": """",
                    ""interactions"": """",
                    ""initialStateCheck"": false
                },
                {
                    ""name"": ""QuickSelect_4"",
                    ""type"": ""Button"",
                    ""id"": ""942e42d7-bcf9-449f-83c8-4bda8792dfa9"",
                    ""expectedControlType"": ""Button"",
                    ""processors"": """",
                    ""interactions"": """",
                    ""initialStateCheck"": false
                },
                {
                    ""name"": ""QuickSelect_5"",
                    ""type"": ""Button"",
                    ""id"": ""117b457c-64b3-486d-aac0-0492166bd07c"",
                    ""expectedControlType"": ""Button"",
                    ""processors"": """",
                    ""interactions"": """",
                    ""initialStateCheck"": false
                },
                {
                    ""name"": ""QuickSelect_6"",
                    ""type"": ""Button"",
                    ""id"": ""d94aa5b5-a47a-4b71-8442-6af01d3a9760"",
                    ""expectedControlType"": ""Button"",
                    ""processors"": """",
                    ""interactions"": """",
                    ""initialStateCheck"": false
                },
                {
                    ""name"": ""QuickSelect_7"",
                    ""type"": ""Button"",
                    ""id"": ""503c318b-5d88-4806-bf20-1d923c02a606"",
                    ""expectedControlType"": ""Button"",
                    ""processors"": """",
                    ""interactions"": """",
                    ""initialStateCheck"": false
                },
                {
                    ""name"": ""QuickSelect_8"",
                    ""type"": ""Button"",
                    ""id"": ""f1d84a2b-1499-4156-83f0-46dc9c323d73"",
                    ""expectedControlType"": ""Button"",
                    ""processors"": """",
                    ""interactions"": """",
                    ""initialStateCheck"": false
                },
                {
                    ""name"": ""QuickSelect_9"",
                    ""type"": ""Button"",
                    ""id"": ""79f18114-1d4b-4fae-a0bd-a072eb621169"",
                    ""expectedControlType"": ""Button"",
                    ""processors"": """",
                    ""interactions"": """",
                    ""initialStateCheck"": false
                },
                {
                    ""name"": ""QuickSelect_0"",
                    ""type"": ""Button"",
                    ""id"": ""fc873d99-e278-4a65-92e6-01fd7319e87c"",
                    ""expectedControlType"": ""Button"",
                    ""processors"": """",
                    ""interactions"": """",
                    ""initialStateCheck"": false
                },
                {
                    ""name"": ""Fishing"",
                    ""type"": ""Button"",
                    ""id"": ""0f04ba59-385c-458a-b636-44d6bfbab401"",
                    ""expectedControlType"": ""Button"",
                    ""processors"": """",
                    ""interactions"": """",
                    ""initialStateCheck"": false
                },
                {
                    ""name"": ""Debug"",
                    ""type"": ""Button"",
                    ""id"": ""cabfa602-7b60-4ba6-ae2d-526a939d788d"",
                    ""expectedControlType"": ""Button"",
                    ""processors"": """",
                    ""interactions"": """",
                    ""initialStateCheck"": false
                },
                {
                    ""name"": ""DisposeItemInBackpack"",
                    ""type"": ""Button"",
                    ""id"": ""c7258237-b6c0-408c-b2b2-3e81f3a52a17"",
                    ""expectedControlType"": ""Button"",
                    ""processors"": """",
                    ""interactions"": """",
                    ""initialStateCheck"": false
                },
                {
                    ""name"": ""Interact"",
                    ""type"": ""Button"",
                    ""id"": ""a2f78fb8-e47e-4e7e-999c-f002cab02ebf"",
                    ""expectedControlType"": ""Button"",
                    ""processors"": """",
                    ""interactions"": """",
                    ""initialStateCheck"": false
                },
                {
                    ""name"": ""SpeedUp"",
                    ""type"": ""Button"",
                    ""id"": ""38d13554-46aa-4da1-a844-5c5156d67b12"",
                    ""expectedControlType"": ""Button"",
                    ""processors"": """",
                    ""interactions"": """",
                    ""initialStateCheck"": false
                },
                {
                    ""name"": ""QuickSelectPrev"",
                    ""type"": ""Button"",
                    ""id"": ""bdc59761-e7b9-4a28-9490-b63426d74209"",
                    ""expectedControlType"": ""Button"",
                    ""processors"": """",
                    ""interactions"": """",
                    ""initialStateCheck"": false
                },
                {
                    ""name"": ""QuickSelectNext"",
                    ""type"": ""Button"",
                    ""id"": ""cd46fadb-398d-474d-87ca-b4ffed8caa76"",
                    ""expectedControlType"": ""Button"",
                    ""processors"": """",
                    ""interactions"": """",
                    ""initialStateCheck"": false
                },
                {
                    ""name"": ""ToggleMissionPanel"",
                    ""type"": ""Button"",
                    ""id"": ""2c803c82-10c1-48b8-bc7c-beb12bb3267f"",
                    ""expectedControlType"": ""Button"",
                    ""processors"": """",
                    ""interactions"": """",
                    ""initialStateCheck"": false
                },
                {
                    ""name"": ""ToggleTechTree"",
                    ""type"": ""Button"",
                    ""id"": ""b706dd7d-846f-4245-bfd7-a81568819d85"",
                    ""expectedControlType"": ""Button"",
                    ""processors"": """",
                    ""interactions"": """",
                    ""initialStateCheck"": false
                },
                {
                    ""name"": ""ToggleBackpack"",
                    ""type"": ""Button"",
                    ""id"": ""026c711f-21e0-48d1-9e14-a56ce1bf8aa1"",
                    ""expectedControlType"": ""Button"",
                    ""processors"": """",
                    ""interactions"": ""Tap"",
                    ""initialStateCheck"": false
                },
                {
                    ""name"": ""ToggleBackpackHold"",
                    ""type"": ""Button"",
                    ""id"": ""4c4ccdf0-77ef-4d54-844c-ea923ec68c9f"",
                    ""expectedControlType"": ""Button"",
                    ""processors"": """",
                    ""interactions"": ""Hold"",
                    ""initialStateCheck"": false
                },
                {
                    ""name"": ""ToggleMap"",
                    ""type"": ""Button"",
                    ""id"": ""2d4f2620-f732-4bf2-b921-c1dfc646db20"",
                    ""expectedControlType"": ""Button"",
                    ""processors"": """",
                    ""interactions"": """",
                    ""initialStateCheck"": false
                },
                {
                    ""name"": ""ToggleMenu"",
                    ""type"": ""Button"",
                    ""id"": ""1af44ea2-ca61-412b-ba31-7ed30f8e7da8"",
                    ""expectedControlType"": ""Button"",
                    ""processors"": """",
                    ""interactions"": """",
                    ""initialStateCheck"": false
                },
                {
                    ""name"": ""ToggleCollectionBook"",
                    ""type"": ""Button"",
                    ""id"": ""b4d39a79-3f68-4353-ba5d-75d0f76b9c17"",
                    ""expectedControlType"": ""Button"",
                    ""processors"": """",
                    ""interactions"": """",
                    ""initialStateCheck"": false
                },
                {
                    ""name"": ""Cancel"",
                    ""type"": ""Button"",
                    ""id"": ""7ddd62ab-b0b0-48d4-9187-a3a7e4bffd75"",
                    ""expectedControlType"": ""Button"",
                    ""processors"": """",
                    ""interactions"": """",
                    ""initialStateCheck"": false
                }
            ],
            ""bindings"": [
                {
                    ""name"": """",
                    ""id"": ""f02922d4-3a06-40d6-a0a6-4c1efd6b8451"",
                    ""path"": ""<Keyboard>/space"",
                    ""interactions"": """",
                    ""processors"": """",
                    ""groups"": ""KeyboardMouse"",
                    ""action"": ""Jump"",
                    ""isComposite"": false,
                    ""isPartOfComposite"": false
                },
                {
                    ""name"": """",
                    ""id"": ""9c6b2853-743b-42e1-921e-608f11d633b9"",
                    ""path"": ""<Keyboard>/s"",
                    ""interactions"": """",
                    ""processors"": """",
                    ""groups"": ""KeyboardMouse"",
                    ""action"": ""JumpDown"",
                    ""isComposite"": false,
                    ""isPartOfComposite"": false
                },
                {
                    ""name"": """",
                    ""id"": ""c8451b63-041e-4a8d-9b5d-0b6fa709822f"",
                    ""path"": ""<Gamepad>/leftStick/down"",
                    ""interactions"": """",
                    ""processors"": """",
                    ""groups"": ""GamePad"",
                    ""action"": ""JumpDown"",
                    ""isComposite"": false,
                    ""isPartOfComposite"": false
                },
                {
                    ""name"": """",
                    ""id"": ""6cf689c6-80e8-47d5-8ade-e66fdb7056ae"",
                    ""path"": ""<Keyboard>/leftShift"",
                    ""interactions"": """",
                    ""processors"": """",
                    ""groups"": ""KeyboardMouse"",
                    ""action"": ""Dash"",
                    ""isComposite"": false,
                    ""isPartOfComposite"": false
                },
                {
                    ""name"": ""Keyboard"",
                    ""id"": ""dcca9f5b-dc91-4b5e-98f7-867c3677efa4"",
                    ""path"": ""2DVector"",
                    ""interactions"": """",
                    ""processors"": """",
                    ""groups"": """",
                    ""action"": ""Move"",
                    ""isComposite"": true,
                    ""isPartOfComposite"": false
                },
                {
                    ""name"": ""Up"",
                    ""id"": ""71d31267-c167-44f2-892a-570fce1e6329"",
                    ""path"": ""<Keyboard>/w"",
                    ""interactions"": """",
                    ""processors"": """",
                    ""groups"": ""KeyboardMouse"",
                    ""action"": ""Move"",
                    ""isComposite"": false,
                    ""isPartOfComposite"": true
                },
                {
                    ""name"": ""Down"",
                    ""id"": ""57956f67-6228-4e8a-83ba-3c2072a7c3f8"",
                    ""path"": ""<Keyboard>/s"",
                    ""interactions"": """",
                    ""processors"": """",
                    ""groups"": ""KeyboardMouse"",
                    ""action"": ""Move"",
                    ""isComposite"": false,
                    ""isPartOfComposite"": true
                },
                {
                    ""name"": ""Left"",
                    ""id"": ""8aa23fa0-acf9-4801-93ba-45b9daf85e37"",
                    ""path"": ""<Keyboard>/a"",
                    ""interactions"": """",
                    ""processors"": """",
                    ""groups"": ""KeyboardMouse"",
                    ""action"": ""Move"",
                    ""isComposite"": false,
                    ""isPartOfComposite"": true
                },
                {
                    ""name"": ""Right"",
                    ""id"": ""6986df10-04ef-4b35-8657-fd0381818e0d"",
                    ""path"": ""<Keyboard>/d"",
                    ""interactions"": """",
                    ""processors"": """",
                    ""groups"": ""KeyboardMouse"",
                    ""action"": ""Move"",
                    ""isComposite"": false,
                    ""isPartOfComposite"": true
                },
                {
                    ""name"": ""GamePad"",
                    ""id"": ""fecd08d1-fbdf-4879-8884-f1a8076fd571"",
                    ""path"": ""2DVector"",
                    ""interactions"": """",
                    ""processors"": """",
                    ""groups"": """",
                    ""action"": ""Move"",
                    ""isComposite"": true,
                    ""isPartOfComposite"": false
                },
                {
                    ""name"": ""up"",
                    ""id"": ""76ecd1a1-e820-4b15-b591-b3a847e5180b"",
                    ""path"": ""<Gamepad>/leftStick/up"",
                    ""interactions"": """",
                    ""processors"": """",
                    ""groups"": ""GamePad"",
                    ""action"": ""Move"",
                    ""isComposite"": false,
                    ""isPartOfComposite"": true
                },
                {
                    ""name"": ""down"",
                    ""id"": ""a32746f4-a42f-42a1-a1ce-2eb4bce5ad21"",
                    ""path"": ""<Gamepad>/leftStick/down"",
                    ""interactions"": """",
                    ""processors"": """",
                    ""groups"": ""GamePad"",
                    ""action"": ""Move"",
                    ""isComposite"": false,
                    ""isPartOfComposite"": true
                },
                {
                    ""name"": ""left"",
                    ""id"": ""ad371f09-7ef1-4b30-a925-3441087c1be4"",
                    ""path"": ""<Gamepad>/leftStick/left"",
                    ""interactions"": """",
                    ""processors"": """",
                    ""groups"": ""GamePad"",
                    ""action"": ""Move"",
                    ""isComposite"": false,
                    ""isPartOfComposite"": true
                },
                {
                    ""name"": ""right"",
                    ""id"": ""299c3ff1-dff6-4e2a-9786-b52ee9376170"",
                    ""path"": ""<Gamepad>/leftStick/right"",
                    ""interactions"": """",
                    ""processors"": """",
                    ""groups"": ""GamePad"",
                    ""action"": ""Move"",
                    ""isComposite"": false,
                    ""isPartOfComposite"": true
                },
                {
                    ""name"": ""Additional [Keybord]"",
                    ""id"": ""97483b03-6d1d-461d-9681-c228e3452148"",
                    ""path"": ""2DVector"",
                    ""interactions"": """",
                    ""processors"": """",
                    ""groups"": """",
                    ""action"": ""Move"",
                    ""isComposite"": true,
                    ""isPartOfComposite"": false
                },
                {
                    ""name"": ""up"",
                    ""id"": ""c9e8a2b1-b6d3-4329-9f35-5f3282ad5754"",
                    ""path"": """",
                    ""interactions"": """",
                    ""processors"": """",
                    ""groups"": ""KeyboardMouse"",
                    ""action"": ""Move"",
                    ""isComposite"": false,
                    ""isPartOfComposite"": true
                },
                {
                    ""name"": ""down"",
                    ""id"": ""8c74223d-4280-4139-9bd4-0ed52cb53262"",
                    ""path"": """",
                    ""interactions"": """",
                    ""processors"": """",
                    ""groups"": ""KeyboardMouse"",
                    ""action"": ""Move"",
                    ""isComposite"": false,
                    ""isPartOfComposite"": true
                },
                {
                    ""name"": ""left"",
                    ""id"": ""33f47ac9-dd24-4c4f-91ef-47ab83ab9bad"",
                    ""path"": """",
                    ""interactions"": """",
                    ""processors"": """",
                    ""groups"": ""KeyboardMouse"",
                    ""action"": ""Move"",
                    ""isComposite"": false,
                    ""isPartOfComposite"": true
                },
                {
                    ""name"": ""right"",
                    ""id"": ""b13ef63d-a2e0-45fc-ad07-8cad6a009da8"",
                    ""path"": """",
                    ""interactions"": """",
                    ""processors"": """",
                    ""groups"": ""KeyboardMouse"",
                    ""action"": ""Move"",
                    ""isComposite"": false,
                    ""isPartOfComposite"": true
                },
                {
                    ""name"": ""Additional [GamePad]"",
                    ""id"": ""c3444f7a-4249-4d18-b9b7-15a64ee1349a"",
                    ""path"": ""2DVector"",
                    ""interactions"": """",
                    ""processors"": """",
                    ""groups"": """",
                    ""action"": ""Move"",
                    ""isComposite"": true,
                    ""isPartOfComposite"": false
                },
                {
                    ""name"": ""up"",
                    ""id"": ""b6e09f4d-918c-4b22-897b-24cf549b168d"",
                    ""path"": """",
                    ""interactions"": """",
                    ""processors"": """",
                    ""groups"": ""GamePad"",
                    ""action"": ""Move"",
                    ""isComposite"": false,
                    ""isPartOfComposite"": true
                },
                {
                    ""name"": ""down"",
                    ""id"": ""767e89e2-c0cb-4e19-9b65-8df03da868df"",
                    ""path"": """",
                    ""interactions"": """",
                    ""processors"": """",
                    ""groups"": ""GamePad"",
                    ""action"": ""Move"",
                    ""isComposite"": false,
                    ""isPartOfComposite"": true
                },
                {
                    ""name"": ""left"",
                    ""id"": ""28135baa-28ed-4c9e-8784-a316868f4084"",
                    ""path"": """",
                    ""interactions"": """",
                    ""processors"": """",
                    ""groups"": ""GamePad"",
                    ""action"": ""Move"",
                    ""isComposite"": false,
                    ""isPartOfComposite"": true
                },
                {
                    ""name"": ""right"",
                    ""id"": ""dd53aae3-8812-4809-a23e-e64f4c7204e8"",
                    ""path"": """",
                    ""interactions"": """",
                    ""processors"": """",
                    ""groups"": ""GamePad"",
                    ""action"": ""Move"",
                    ""isComposite"": false,
                    ""isPartOfComposite"": true
                },
                {
                    ""name"": """",
                    ""id"": ""6f60106f-811a-4a9f-a10b-f906edcfdcea"",
                    ""path"": ""<Keyboard>/w"",
                    ""interactions"": """",
                    ""processors"": """",
                    ""groups"": ""KeyboardMouse"",
                    ""action"": ""RoomInteract"",
                    ""isComposite"": false,
                    ""isPartOfComposite"": false
                },
                {
                    ""name"": """",
                    ""id"": ""c5e4907e-0a2b-4afe-88e3-709b66225c96"",
                    ""path"": ""<Gamepad>/leftStick/up"",
                    ""interactions"": """",
                    ""processors"": """",
                    ""groups"": ""GamePad"",
                    ""action"": ""RoomInteract"",
                    ""isComposite"": false,
                    ""isPartOfComposite"": false
                },
                {
                    ""name"": """",
                    ""id"": ""c92bf6a2-e6c6-4e1d-9412-b5a048da6dc2"",
                    ""path"": ""<Mouse>/middleButton"",
                    ""interactions"": """",
                    ""processors"": """",
                    ""groups"": ""KeyboardMouse"",
                    ""action"": ""SwitchAutoFire"",
                    ""isComposite"": false,
                    ""isPartOfComposite"": false
                },
                {
                    ""name"": """",
                    ""id"": ""fe08c4d2-65ea-402c-89e6-cb04c8631d3b"",
                    ""path"": ""<Keyboard>/r"",
                    ""interactions"": """",
                    ""processors"": """",
                    ""groups"": ""KeyboardMouse"",
                    ""action"": ""SwitchAutoFire"",
                    ""isComposite"": false,
                    ""isPartOfComposite"": false
                },
                {
                    ""name"": """",
                    ""id"": ""09a8b05f-61fe-4858-84a2-f444087989e2"",
                    ""path"": ""<Gamepad>/rightStickPress"",
                    ""interactions"": """",
                    ""processors"": """",
                    ""groups"": ""GamePad"",
                    ""action"": ""SwitchAutoFire"",
                    ""isComposite"": false,
                    ""isPartOfComposite"": false
                },
                {
                    ""name"": """",
                    ""id"": ""19974fd2-bc92-4737-9931-eb3e51e5234d"",
                    ""path"": ""<Mouse>/leftButton"",
                    ""interactions"": """",
                    ""processors"": """",
                    ""groups"": ""KeyboardMouse"",
                    ""action"": ""UseTool"",
                    ""isComposite"": false,
                    ""isPartOfComposite"": false
                },
                {
                    ""name"": """",
                    ""id"": ""b769a202-c6a7-4c6c-8d1f-4247ac7ab4c8"",
                    ""path"": ""<Gamepad>/buttonWest"",
                    ""interactions"": """",
                    ""processors"": """",
                    ""groups"": ""GamePad"",
                    ""action"": ""UseTool"",
                    ""isComposite"": false,
                    ""isPartOfComposite"": false
                },
                {
                    ""name"": """",
                    ""id"": ""c73f8025-aa0f-4a76-8178-5a686f1c5169"",
                    ""path"": ""<Keyboard>/1"",
                    ""interactions"": """",
                    ""processors"": """",
                    ""groups"": ""KeyboardMouse"",
                    ""action"": ""QuickSelect_1"",
                    ""isComposite"": false,
                    ""isPartOfComposite"": false
                },
                {
                    ""name"": """",
                    ""id"": ""8ed91cbb-55e7-4ce5-ba18-57715b2db2d6"",
                    ""path"": ""<Keyboard>/2"",
                    ""interactions"": """",
                    ""processors"": """",
                    ""groups"": ""KeyboardMouse"",
                    ""action"": ""QuickSelect_2"",
                    ""isComposite"": false,
                    ""isPartOfComposite"": false
                },
                {
                    ""name"": """",
                    ""id"": ""e06dd121-e209-4bf7-b70e-cf320783d4a6"",
                    ""path"": ""<Keyboard>/3"",
                    ""interactions"": """",
                    ""processors"": """",
                    ""groups"": ""KeyboardMouse"",
                    ""action"": ""QuickSelect_3"",
                    ""isComposite"": false,
                    ""isPartOfComposite"": false
                },
                {
                    ""name"": """",
                    ""id"": ""783c6bbd-50f8-4ce4-8d8a-8f8ec9e15c15"",
                    ""path"": ""<Keyboard>/4"",
                    ""interactions"": """",
                    ""processors"": """",
                    ""groups"": ""KeyboardMouse"",
                    ""action"": ""QuickSelect_4"",
                    ""isComposite"": false,
                    ""isPartOfComposite"": false
                },
                {
                    ""name"": """",
                    ""id"": ""70fcbbe1-93e4-4fd5-9dd1-1b23e809f542"",
                    ""path"": ""<Keyboard>/5"",
                    ""interactions"": """",
                    ""processors"": """",
                    ""groups"": ""KeyboardMouse"",
                    ""action"": ""QuickSelect_5"",
                    ""isComposite"": false,
                    ""isPartOfComposite"": false
                },
                {
                    ""name"": """",
                    ""id"": ""f12edbbe-4a1c-4479-b805-917e693aba73"",
                    ""path"": ""<Keyboard>/6"",
                    ""interactions"": """",
                    ""processors"": """",
                    ""groups"": ""KeyboardMouse"",
                    ""action"": ""QuickSelect_6"",
                    ""isComposite"": false,
                    ""isPartOfComposite"": false
                },
                {
                    ""name"": """",
                    ""id"": ""f08ade89-f8fe-4b2d-8460-5b1c69cadb9a"",
                    ""path"": ""<Keyboard>/7"",
                    ""interactions"": """",
                    ""processors"": """",
                    ""groups"": ""KeyboardMouse"",
                    ""action"": ""QuickSelect_7"",
                    ""isComposite"": false,
                    ""isPartOfComposite"": false
                },
                {
                    ""name"": """",
                    ""id"": ""745f15cc-906b-4f63-9ee0-5195d2806098"",
                    ""path"": ""<Keyboard>/8"",
                    ""interactions"": """",
                    ""processors"": """",
                    ""groups"": ""KeyboardMouse"",
                    ""action"": ""QuickSelect_8"",
                    ""isComposite"": false,
                    ""isPartOfComposite"": false
                },
                {
                    ""name"": """",
                    ""id"": ""dc5665bc-64b0-47d5-86e7-75ae1306b09a"",
                    ""path"": ""<Keyboard>/9"",
                    ""interactions"": """",
                    ""processors"": """",
                    ""groups"": ""KeyboardMouse"",
                    ""action"": ""QuickSelect_9"",
                    ""isComposite"": false,
                    ""isPartOfComposite"": false
                },
                {
                    ""name"": """",
                    ""id"": ""0b512fe6-d833-4b8a-8693-8a225b5f5772"",
                    ""path"": ""<Keyboard>/0"",
                    ""interactions"": """",
                    ""processors"": """",
                    ""groups"": ""KeyboardMouse"",
                    ""action"": ""QuickSelect_0"",
                    ""isComposite"": false,
                    ""isPartOfComposite"": false
                },
                {
                    ""name"": """",
                    ""id"": ""c1b5406e-33b2-425f-9a0d-35f1ca40ba23"",
                    ""path"": ""<Mouse>/rightButton"",
                    ""interactions"": """",
                    ""processors"": """",
                    ""groups"": ""KeyboardMouse"",
                    ""action"": ""UseItem"",
                    ""isComposite"": false,
                    ""isPartOfComposite"": false
                },
                {
                    ""name"": """",
                    ""id"": ""b8f3a803-55eb-455a-ba4a-9a8bca879ca0"",
                    ""path"": ""<Keyboard>/space"",
                    ""interactions"": """",
                    ""processors"": """",
                    ""groups"": ""KeyboardMouse"",
                    ""action"": ""Fishing"",
                    ""isComposite"": false,
                    ""isPartOfComposite"": false
                },
                {
                    ""name"": """",
                    ""id"": ""6a63bcc5-c7f0-4609-b125-d35127b9d72d"",
                    ""path"": ""<Gamepad>/leftTrigger"",
                    ""interactions"": """",
                    ""processors"": """",
                    ""groups"": ""GamePad"",
                    ""action"": ""Dash"",
                    ""isComposite"": false,
                    ""isPartOfComposite"": false
                },
                {
                    ""name"": """",
                    ""id"": ""99f49353-ec9b-4316-a512-9a94f14f728c"",
                    ""path"": ""<Keyboard>/z"",
                    ""interactions"": """",
                    ""processors"": """",
                    ""groups"": ""KeyboardMouse"",
                    ""action"": ""SelectedDrone"",
                    ""isComposite"": false,
                    ""isPartOfComposite"": false
                },
                {
                    ""name"": """",
                    ""id"": ""fbabaf69-2270-4f1a-a268-3816f5e5a1ac"",
                    ""path"": ""<Gamepad>/rightTrigger"",
                    ""interactions"": """",
                    ""processors"": """",
                    ""groups"": ""GamePad"",
                    ""action"": ""SelectedDrone"",
                    ""isComposite"": false,
                    ""isPartOfComposite"": false
                },
                {
                    ""name"": """",
                    ""id"": ""f18b0e0b-57fa-4247-bbca-773498d72318"",
                    ""path"": ""<Keyboard>/x"",
                    ""interactions"": """",
                    ""processors"": """",
                    ""groups"": ""KeyboardMouse"",
                    ""action"": ""SelectedActive"",
                    ""isComposite"": false,
                    ""isPartOfComposite"": false
                },
                {
                    ""name"": """",
                    ""id"": ""a10edb26-bd76-4381-81aa-907406847f5b"",
                    ""path"": ""<Gamepad>/buttonNorth"",
                    ""interactions"": """",
                    ""processors"": """",
                    ""groups"": ""GamePad"",
                    ""action"": ""UseItem"",
                    ""isComposite"": false,
                    ""isPartOfComposite"": false
                },
                {
                    ""name"": """",
                    ""id"": ""0ef713aa-0149-430d-bdc5-967f3e221e08"",
                    ""path"": ""<Gamepad>/buttonEast"",
                    ""interactions"": """",
                    ""processors"": """",
                    ""groups"": ""GamePad"",
                    ""action"": ""Jump"",
                    ""isComposite"": false,
                    ""isPartOfComposite"": false
                },
                {
                    ""name"": """",
                    ""id"": ""8f6e8a55-15fb-4bcf-80b4-bf709a61d289"",
                    ""path"": """",
                    ""interactions"": """",
                    ""processors"": """",
                    ""groups"": ""KeyboardMouse"",
                    ""action"": ""Jump"",
                    ""isComposite"": false,
                    ""isPartOfComposite"": false
                },
                {
                    ""name"": """",
                    ""id"": ""80bf93c0-b090-4d5f-8895-54153409bed2"",
                    ""path"": """",
                    ""interactions"": """",
                    ""processors"": """",
                    ""groups"": ""GamePad"",
                    ""action"": ""Jump"",
                    ""isComposite"": false,
                    ""isPartOfComposite"": false
                },
                {
                    ""name"": """",
                    ""id"": ""01ad3e4f-197c-4991-9c9b-7d22d102426f"",
                    ""path"": ""<Keyboard>/backquote"",
                    ""interactions"": """",
                    ""processors"": """",
                    ""groups"": ""KeyboardMouse"",
                    ""action"": ""Debug"",
                    ""isComposite"": false,
                    ""isPartOfComposite"": false
                },
                {
                    ""name"": """",
                    ""id"": ""8a35a85b-d4af-40dd-9cbc-74596f96f52c"",
                    ""path"": ""<Keyboard>/f3"",
                    ""interactions"": """",
                    ""processors"": """",
                    ""groups"": ""KeyboardMouse"",
                    ""action"": ""Debug"",
                    ""isComposite"": false,
                    ""isPartOfComposite"": false
                },
                {
                    ""name"": """",
                    ""id"": ""c2630fbc-b197-4d05-9a6e-d48cc5e4df2c"",
                    ""path"": """",
                    ""interactions"": """",
                    ""processors"": """",
                    ""groups"": ""KeyboardMouse"",
                    ""action"": ""JumpDown"",
                    ""isComposite"": false,
                    ""isPartOfComposite"": false
                },
                {
                    ""name"": """",
                    ""id"": ""9c107319-1dc1-4796-b1fe-5fc46464306b"",
                    ""path"": """",
                    ""interactions"": """",
                    ""processors"": """",
                    ""groups"": ""GamePad"",
                    ""action"": ""JumpDown"",
                    ""isComposite"": false,
                    ""isPartOfComposite"": false
                },
                {
                    ""name"": """",
                    ""id"": ""5c785c11-0683-41fd-b5ad-4a3a7791f3f8"",
                    ""path"": """",
                    ""interactions"": """",
                    ""processors"": """",
                    ""groups"": ""KeyboardMouse"",
                    ""action"": ""Dash"",
                    ""isComposite"": false,
                    ""isPartOfComposite"": false
                },
                {
                    ""name"": """",
                    ""id"": ""b1df767c-d461-40a8-b363-0a616cc43f6f"",
                    ""path"": """",
                    ""interactions"": """",
                    ""processors"": """",
                    ""groups"": ""GamePad"",
                    ""action"": ""Dash"",
                    ""isComposite"": false,
                    ""isPartOfComposite"": false
                },
                {
                    ""name"": """",
                    ""id"": ""b5887c29-5bd9-4f0f-9020-0e244a530c63"",
                    ""path"": """",
                    ""interactions"": """",
                    ""processors"": """",
                    ""groups"": ""KeyboardMouse"",
                    ""action"": ""UseTool"",
                    ""isComposite"": false,
                    ""isPartOfComposite"": false
                },
                {
                    ""name"": """",
                    ""id"": ""5bd7406b-0775-4265-9768-63b8a6b4ff41"",
                    ""path"": """",
                    ""interactions"": """",
                    ""processors"": """",
                    ""groups"": ""GamePad"",
                    ""action"": ""UseTool"",
                    ""isComposite"": false,
                    ""isPartOfComposite"": false
                },
                {
                    ""name"": """",
                    ""id"": ""308166dd-25e7-4631-b454-b50b7ba8a5f4"",
                    ""path"": """",
                    ""interactions"": """",
                    ""processors"": """",
                    ""groups"": ""KeyboardMouse"",
                    ""action"": ""UseItem"",
                    ""isComposite"": false,
                    ""isPartOfComposite"": false
                },
                {
                    ""name"": """",
                    ""id"": ""aaa4432d-b70f-4518-b8d6-ce623ccd3c40"",
                    ""path"": """",
                    ""interactions"": """",
                    ""processors"": """",
                    ""groups"": ""GamePad"",
                    ""action"": ""UseItem"",
                    ""isComposite"": false,
                    ""isPartOfComposite"": false
                },
                {
                    ""name"": """",
                    ""id"": ""fd5b561d-1369-45f0-8256-607608dd1bc6"",
                    ""path"": """",
                    ""interactions"": """",
                    ""processors"": """",
                    ""groups"": ""KeyboardMouse"",
                    ""action"": ""ScrollInventoryUp"",
                    ""isComposite"": false,
                    ""isPartOfComposite"": false
                },
                {
                    ""name"": """",
                    ""id"": ""d13df9b6-74ad-43ae-a3e9-ecd0d9d84bfe"",
                    ""path"": """",
                    ""interactions"": """",
                    ""processors"": """",
                    ""groups"": ""GamePad"",
                    ""action"": ""ScrollInventoryUp"",
                    ""isComposite"": false,
                    ""isPartOfComposite"": false
                },
                {
                    ""name"": """",
                    ""id"": ""248afade-2957-4e09-9636-a1cf2c44d0fb"",
                    ""path"": """",
                    ""interactions"": """",
                    ""processors"": """",
                    ""groups"": ""KeyboardMouse"",
                    ""action"": ""RoomInteract"",
                    ""isComposite"": false,
                    ""isPartOfComposite"": false
                },
                {
                    ""name"": """",
                    ""id"": ""6879c1c9-8434-4947-9c55-1f7930a236da"",
                    ""path"": """",
                    ""interactions"": """",
                    ""processors"": """",
                    ""groups"": ""GamePad"",
                    ""action"": ""RoomInteract"",
                    ""isComposite"": false,
                    ""isPartOfComposite"": false
                },
                {
                    ""name"": """",
                    ""id"": ""ad17bd76-379e-4607-b81f-cba630be6a3d"",
                    ""path"": """",
                    ""interactions"": """",
                    ""processors"": """",
                    ""groups"": ""GamePad"",
                    ""action"": ""SwitchAutoFire"",
                    ""isComposite"": false,
                    ""isPartOfComposite"": false
                },
                {
                    ""name"": """",
                    ""id"": ""723cf1fe-3e45-4032-8f10-af68da13a00b"",
                    ""path"": """",
                    ""interactions"": """",
                    ""processors"": """",
                    ""groups"": ""KeyboardMouse"",
                    ""action"": ""SelectedDrone"",
                    ""isComposite"": false,
                    ""isPartOfComposite"": false
                },
                {
                    ""name"": """",
                    ""id"": ""7120e253-2ac0-49b7-a290-0d30c7491085"",
                    ""path"": """",
                    ""interactions"": """",
                    ""processors"": """",
                    ""groups"": """",
                    ""action"": ""SelectedDrone"",
                    ""isComposite"": false,
                    ""isPartOfComposite"": false
                },
                {
                    ""name"": """",
                    ""id"": ""bf81a0a6-08fe-4282-b1e2-9fc595991802"",
                    ""path"": """",
                    ""interactions"": """",
                    ""processors"": """",
                    ""groups"": ""KeyboardMouse"",
                    ""action"": ""SelectedActive"",
                    ""isComposite"": false,
                    ""isPartOfComposite"": false
                },
                {
                    ""name"": """",
                    ""id"": ""ebcd8586-4561-4ccc-81c4-a3b0babe1503"",
                    ""path"": """",
                    ""interactions"": """",
                    ""processors"": """",
                    ""groups"": ""GamePad"",
                    ""action"": ""SelectedActive"",
                    ""isComposite"": false,
                    ""isPartOfComposite"": false
                },
                {
                    ""name"": """",
                    ""id"": ""6c7a8ed9-6875-4159-bff3-91f4aba3bdb3"",
                    ""path"": """",
                    ""interactions"": """",
                    ""processors"": """",
                    ""groups"": ""KeyboardMouse"",
                    ""action"": ""QuickSelect_1"",
                    ""isComposite"": false,
                    ""isPartOfComposite"": false
                },
                {
                    ""name"": """",
                    ""id"": ""58f40eef-4813-4eb5-beb6-635d33a79e2e"",
                    ""path"": """",
                    ""interactions"": """",
                    ""processors"": """",
                    ""groups"": ""GamePad"",
                    ""action"": ""QuickSelect_1"",
                    ""isComposite"": false,
                    ""isPartOfComposite"": false
                },
                {
                    ""name"": """",
                    ""id"": ""38f54240-849b-4934-b79b-7cb9334f7eb5"",
                    ""path"": """",
                    ""interactions"": """",
                    ""processors"": """",
                    ""groups"": ""KeyboardMouse"",
                    ""action"": ""QuickSelect_2"",
                    ""isComposite"": false,
                    ""isPartOfComposite"": false
                },
                {
                    ""name"": """",
                    ""id"": ""a978ecc2-d75e-4a83-ab56-498c2ba18d3f"",
                    ""path"": """",
                    ""interactions"": """",
                    ""processors"": """",
                    ""groups"": ""GamePad"",
                    ""action"": ""QuickSelect_2"",
                    ""isComposite"": false,
                    ""isPartOfComposite"": false
                },
                {
                    ""name"": """",
                    ""id"": ""90748dce-53f8-4b4d-9084-c538e42c6ac8"",
                    ""path"": """",
                    ""interactions"": """",
                    ""processors"": """",
                    ""groups"": ""KeyboardMouse"",
                    ""action"": ""QuickSelect_3"",
                    ""isComposite"": false,
                    ""isPartOfComposite"": false
                },
                {
                    ""name"": """",
                    ""id"": ""d02fd1ef-1de0-4667-9264-0a9550de97bc"",
                    ""path"": """",
                    ""interactions"": """",
                    ""processors"": """",
                    ""groups"": ""GamePad"",
                    ""action"": ""QuickSelect_3"",
                    ""isComposite"": false,
                    ""isPartOfComposite"": false
                },
                {
                    ""name"": """",
                    ""id"": ""abb95a8d-2e12-4a22-a965-1324a215aa33"",
                    ""path"": """",
                    ""interactions"": """",
                    ""processors"": """",
                    ""groups"": ""KeyboardMouse"",
                    ""action"": ""QuickSelect_4"",
                    ""isComposite"": false,
                    ""isPartOfComposite"": false
                },
                {
                    ""name"": """",
                    ""id"": ""15e48d0c-e37f-4509-9a24-d0280b1e0efe"",
                    ""path"": """",
                    ""interactions"": """",
                    ""processors"": """",
                    ""groups"": ""GamePad"",
                    ""action"": ""QuickSelect_4"",
                    ""isComposite"": false,
                    ""isPartOfComposite"": false
                },
                {
                    ""name"": """",
                    ""id"": ""627deb69-e22d-4c0d-8d85-e15aa9c20f56"",
                    ""path"": """",
                    ""interactions"": """",
                    ""processors"": """",
                    ""groups"": ""KeyboardMouse"",
                    ""action"": ""QuickSelect_5"",
                    ""isComposite"": false,
                    ""isPartOfComposite"": false
                },
                {
                    ""name"": """",
                    ""id"": ""3dce7a82-c967-4771-a035-dededbb2cdcc"",
                    ""path"": """",
                    ""interactions"": """",
                    ""processors"": """",
                    ""groups"": ""GamePad"",
                    ""action"": ""QuickSelect_5"",
                    ""isComposite"": false,
                    ""isPartOfComposite"": false
                },
                {
                    ""name"": """",
                    ""id"": ""7635ec35-d6a3-496c-a381-19cc41cb59e0"",
                    ""path"": """",
                    ""interactions"": """",
                    ""processors"": """",
                    ""groups"": ""KeyboardMouse"",
                    ""action"": ""QuickSelect_6"",
                    ""isComposite"": false,
                    ""isPartOfComposite"": false
                },
                {
                    ""name"": """",
                    ""id"": ""3e8b86c1-f869-421f-b6e8-9c0cadaea3eb"",
                    ""path"": """",
                    ""interactions"": """",
                    ""processors"": """",
                    ""groups"": ""GamePad"",
                    ""action"": ""QuickSelect_6"",
                    ""isComposite"": false,
                    ""isPartOfComposite"": false
                },
                {
                    ""name"": """",
                    ""id"": ""7b260af9-1e91-4d98-bcc7-a03ae6d851c2"",
                    ""path"": """",
                    ""interactions"": """",
                    ""processors"": """",
                    ""groups"": ""KeyboardMouse"",
                    ""action"": ""QuickSelect_7"",
                    ""isComposite"": false,
                    ""isPartOfComposite"": false
                },
                {
                    ""name"": """",
                    ""id"": ""5da6f062-061e-4c1d-be72-c3ded65ee7e0"",
                    ""path"": """",
                    ""interactions"": """",
                    ""processors"": """",
                    ""groups"": ""GamePad"",
                    ""action"": ""QuickSelect_7"",
                    ""isComposite"": false,
                    ""isPartOfComposite"": false
                },
                {
                    ""name"": """",
                    ""id"": ""4c9a21ca-abcc-4ba0-afbe-67a83b21a4fe"",
                    ""path"": """",
                    ""interactions"": """",
                    ""processors"": """",
                    ""groups"": ""KeyboardMouse"",
                    ""action"": ""QuickSelect_8"",
                    ""isComposite"": false,
                    ""isPartOfComposite"": false
                },
                {
                    ""name"": """",
                    ""id"": ""e6e527cb-4793-480a-91f2-bad2ff512912"",
                    ""path"": """",
                    ""interactions"": """",
                    ""processors"": """",
                    ""groups"": ""GamePad"",
                    ""action"": ""QuickSelect_8"",
                    ""isComposite"": false,
                    ""isPartOfComposite"": false
                },
                {
                    ""name"": """",
                    ""id"": ""5590965b-50c0-4c6b-b2f3-1948fa972c62"",
                    ""path"": """",
                    ""interactions"": """",
                    ""processors"": """",
                    ""groups"": ""KeyboardMouse"",
                    ""action"": ""QuickSelect_9"",
                    ""isComposite"": false,
                    ""isPartOfComposite"": false
                },
                {
                    ""name"": """",
                    ""id"": ""a960b84d-2447-41b3-92c9-71f2e96ebcf9"",
                    ""path"": """",
                    ""interactions"": """",
                    ""processors"": """",
                    ""groups"": ""GamePad"",
                    ""action"": ""QuickSelect_9"",
                    ""isComposite"": false,
                    ""isPartOfComposite"": false
                },
                {
                    ""name"": """",
                    ""id"": ""7bd55f12-7764-4cc6-8267-77ecdc48dad6"",
                    ""path"": """",
                    ""interactions"": """",
                    ""processors"": """",
                    ""groups"": ""KeyboardMouse"",
                    ""action"": ""QuickSelect_0"",
                    ""isComposite"": false,
                    ""isPartOfComposite"": false
                },
                {
                    ""name"": """",
                    ""id"": ""2ac29f61-ea2c-4ef1-bb06-4531f5f3bb14"",
                    ""path"": """",
                    ""interactions"": """",
                    ""processors"": """",
                    ""groups"": ""GamePad"",
                    ""action"": ""QuickSelect_0"",
                    ""isComposite"": false,
                    ""isPartOfComposite"": false
                },
                {
                    ""name"": """",
                    ""id"": ""1c7764b1-ae8b-45c8-90a5-854ac5da5989"",
                    ""path"": """",
                    ""interactions"": """",
                    ""processors"": """",
                    ""groups"": ""KeyboardMouse"",
                    ""action"": ""Fishing"",
                    ""isComposite"": false,
                    ""isPartOfComposite"": false
                },
                {
                    ""name"": """",
                    ""id"": ""ed415cfa-e63d-4414-b77e-4fb86197eade"",
                    ""path"": """",
                    ""interactions"": """",
                    ""processors"": """",
                    ""groups"": ""GamePad"",
                    ""action"": ""Fishing"",
                    ""isComposite"": false,
                    ""isPartOfComposite"": false
                },
                {
                    ""name"": """",
                    ""id"": ""983bb95d-3c17-45e5-bb83-9e76fed809e6"",
                    ""path"": """",
                    ""interactions"": """",
                    ""processors"": """",
                    ""groups"": ""GamePad"",
                    ""action"": ""Fishing"",
                    ""isComposite"": false,
                    ""isPartOfComposite"": false
                },
                {
                    ""name"": ""Keyboard"",
                    ""id"": ""1c5439da-3c9a-4d76-8992-96774b71b1a5"",
                    ""path"": ""2DVector"",
                    ""interactions"": """",
                    ""processors"": """",
                    ""groups"": """",
                    ""action"": ""AssistMove"",
                    ""isComposite"": true,
                    ""isPartOfComposite"": false
                },
                {
                    ""name"": ""up"",
                    ""id"": ""247204bc-c7f8-4083-b942-80c15f61937b"",
                    ""path"": """",
                    ""interactions"": """",
                    ""processors"": """",
                    ""groups"": ""KeyboardMouse"",
                    ""action"": ""AssistMove"",
                    ""isComposite"": false,
                    ""isPartOfComposite"": true
                },
                {
                    ""name"": ""down"",
                    ""id"": ""35b61385-a525-4723-84b3-5bb1bc382f29"",
                    ""path"": """",
                    ""interactions"": """",
                    ""processors"": """",
                    ""groups"": ""KeyboardMouse"",
                    ""action"": ""AssistMove"",
                    ""isComposite"": false,
                    ""isPartOfComposite"": true
                },
                {
                    ""name"": ""left"",
                    ""id"": ""7bab13d1-2e87-4b90-b57c-dfceae48504a"",
                    ""path"": """",
                    ""interactions"": """",
                    ""processors"": """",
                    ""groups"": ""KeyboardMouse"",
                    ""action"": ""AssistMove"",
                    ""isComposite"": false,
                    ""isPartOfComposite"": true
                },
                {
                    ""name"": ""right"",
                    ""id"": ""b69ac319-a3eb-4b6c-9378-b696de6537f6"",
                    ""path"": """",
                    ""interactions"": """",
                    ""processors"": """",
                    ""groups"": ""KeyboardMouse"",
                    ""action"": ""AssistMove"",
                    ""isComposite"": false,
                    ""isPartOfComposite"": true
                },
                {
                    ""name"": ""GamePad"",
                    ""id"": ""5735b43a-44e7-427b-8cfe-97348f329526"",
                    ""path"": ""2DVector"",
                    ""interactions"": """",
                    ""processors"": """",
                    ""groups"": """",
                    ""action"": ""AssistMove"",
                    ""isComposite"": true,
                    ""isPartOfComposite"": false
                },
                {
                    ""name"": ""up"",
                    ""id"": ""b19e0026-4946-4b70-8575-f21c50bdab4b"",
                    ""path"": ""<Gamepad>/rightStick/up"",
                    ""interactions"": """",
                    ""processors"": """",
                    ""groups"": ""GamePad"",
                    ""action"": ""AssistMove"",
                    ""isComposite"": false,
                    ""isPartOfComposite"": true
                },
                {
                    ""name"": ""down"",
                    ""id"": ""1f4c31d3-2bd7-492b-9cfb-af9ce581be4b"",
                    ""path"": ""<Gamepad>/rightStick/down"",
                    ""interactions"": """",
                    ""processors"": """",
                    ""groups"": ""GamePad"",
                    ""action"": ""AssistMove"",
                    ""isComposite"": false,
                    ""isPartOfComposite"": true
                },
                {
                    ""name"": ""left"",
                    ""id"": ""cf002eb1-912c-432e-93fc-4a02a0b54727"",
                    ""path"": ""<Gamepad>/rightStick/left"",
                    ""interactions"": """",
                    ""processors"": """",
                    ""groups"": ""GamePad"",
                    ""action"": ""AssistMove"",
                    ""isComposite"": false,
                    ""isPartOfComposite"": true
                },
                {
                    ""name"": ""right"",
                    ""id"": ""aa936546-7c89-43d9-bb12-38c6ed8167d8"",
                    ""path"": ""<Gamepad>/rightStick/right"",
                    ""interactions"": """",
                    ""processors"": """",
                    ""groups"": ""GamePad"",
                    ""action"": ""AssistMove"",
                    ""isComposite"": false,
                    ""isPartOfComposite"": true
                },
                {
                    ""name"": ""Additional [Keybord]"",
                    ""id"": ""61aec725-bf24-4111-a5f0-f757f30e09d5"",
                    ""path"": ""2DVector"",
                    ""interactions"": """",
                    ""processors"": """",
                    ""groups"": """",
                    ""action"": ""AssistMove"",
                    ""isComposite"": true,
                    ""isPartOfComposite"": false
                },
                {
                    ""name"": ""up"",
                    ""id"": ""d25df3a3-23cf-4475-9342-c3edc435181d"",
                    ""path"": """",
                    ""interactions"": """",
                    ""processors"": """",
                    ""groups"": ""KeyboardMouse"",
                    ""action"": ""AssistMove"",
                    ""isComposite"": false,
                    ""isPartOfComposite"": true
                },
                {
                    ""name"": ""down"",
                    ""id"": ""daaa85fe-06aa-4915-b8ab-230751551c6c"",
                    ""path"": """",
                    ""interactions"": """",
                    ""processors"": """",
                    ""groups"": ""KeyboardMouse"",
                    ""action"": ""AssistMove"",
                    ""isComposite"": false,
                    ""isPartOfComposite"": true
                },
                {
                    ""name"": ""left"",
                    ""id"": ""afa058d6-0185-4cb7-bc32-d0c44f53d512"",
                    ""path"": """",
                    ""interactions"": """",
                    ""processors"": """",
                    ""groups"": ""KeyboardMouse"",
                    ""action"": ""AssistMove"",
                    ""isComposite"": false,
                    ""isPartOfComposite"": true
                },
                {
                    ""name"": ""right"",
                    ""id"": ""bb9a2891-20d7-4ad2-a146-70fa069223c0"",
                    ""path"": """",
                    ""interactions"": """",
                    ""processors"": """",
                    ""groups"": ""KeyboardMouse"",
                    ""action"": ""AssistMove"",
                    ""isComposite"": false,
                    ""isPartOfComposite"": true
                },
                {
                    ""name"": ""Additional [GamePad]"",
                    ""id"": ""c72cca69-192e-4555-a10d-861e24561505"",
                    ""path"": ""2DVector"",
                    ""interactions"": """",
                    ""processors"": """",
                    ""groups"": """",
                    ""action"": ""AssistMove"",
                    ""isComposite"": true,
                    ""isPartOfComposite"": false
                },
                {
                    ""name"": ""up"",
                    ""id"": ""58fe3607-5db1-4d44-afde-58061b9604b5"",
                    ""path"": """",
                    ""interactions"": """",
                    ""processors"": """",
                    ""groups"": ""GamePad"",
                    ""action"": ""AssistMove"",
                    ""isComposite"": false,
                    ""isPartOfComposite"": true
                },
                {
                    ""name"": ""down"",
                    ""id"": ""e47a9868-d9ac-405a-b989-820ad8c612a9"",
                    ""path"": """",
                    ""interactions"": """",
                    ""processors"": """",
                    ""groups"": ""GamePad"",
                    ""action"": ""AssistMove"",
                    ""isComposite"": false,
                    ""isPartOfComposite"": true
                },
                {
                    ""name"": ""left"",
                    ""id"": ""6fafff50-5d96-4d24-b8f8-7b43eea83069"",
                    ""path"": """",
                    ""interactions"": """",
                    ""processors"": """",
                    ""groups"": ""GamePad"",
                    ""action"": ""AssistMove"",
                    ""isComposite"": false,
                    ""isPartOfComposite"": true
                },
                {
                    ""name"": ""right"",
                    ""id"": ""e9681042-2d0a-42fc-b252-125940579546"",
                    ""path"": """",
                    ""interactions"": """",
                    ""processors"": """",
                    ""groups"": ""GamePad"",
                    ""action"": ""AssistMove"",
                    ""isComposite"": false,
                    ""isPartOfComposite"": true
                },
                {
                    ""name"": """",
                    ""id"": ""38b635b3-7528-4f7a-82ec-860b14491f66"",
                    ""path"": """",
                    ""interactions"": """",
                    ""processors"": """",
                    ""groups"": ""KeyboardMouse"",
                    ""action"": ""DisposeItemInBackpack"",
                    ""isComposite"": false,
                    ""isPartOfComposite"": false
                },
                {
                    ""name"": """",
                    ""id"": ""4a502137-5c16-4ea6-a38e-938d1308979f"",
                    ""path"": """",
                    ""interactions"": """",
                    ""processors"": """",
                    ""groups"": ""KeyboardMouse"",
                    ""action"": ""DisposeItemInBackpack"",
                    ""isComposite"": false,
                    ""isPartOfComposite"": false
                },
                {
                    ""name"": """",
                    ""id"": ""409a0cb6-1621-4d8d-94cc-87b2344ebd8c"",
                    ""path"": """",
                    ""interactions"": """",
                    ""processors"": """",
                    ""groups"": ""GamePad"",
                    ""action"": ""DisposeItemInBackpack"",
                    ""isComposite"": false,
                    ""isPartOfComposite"": false
                },
                {
                    ""name"": """",
                    ""id"": ""c1f3e2ed-f947-4c20-94c1-e82c08b3f635"",
                    ""path"": """",
                    ""interactions"": """",
                    ""processors"": """",
                    ""groups"": ""GamePad"",
                    ""action"": ""DisposeItemInBackpack"",
                    ""isComposite"": false,
                    ""isPartOfComposite"": false
                },
                {
                    ""name"": """",
                    ""id"": ""2301caa3-e361-4ea4-b7c5-7f9e31cd33c9"",
                    ""path"": ""<Keyboard>/e"",
                    ""interactions"": """",
                    ""processors"": """",
                    ""groups"": ""KeyboardMouse"",
                    ""action"": ""Interact"",
                    ""isComposite"": false,
                    ""isPartOfComposite"": false
                },
                {
                    ""name"": """",
                    ""id"": ""ac401102-0b11-4a6e-837d-1e9f3a28f0b2"",
                    ""path"": ""<Gamepad>/buttonSouth"",
                    ""interactions"": """",
                    ""processors"": """",
                    ""groups"": ""GamePad"",
                    ""action"": ""Interact"",
                    ""isComposite"": false,
                    ""isPartOfComposite"": false
                },
                {
                    ""name"": """",
                    ""id"": ""b21598a1-964f-4c0f-8b05-8c13f0b16984"",
                    ""path"": """",
                    ""interactions"": """",
                    ""processors"": """",
                    ""groups"": ""KeyboardMouse"",
                    ""action"": ""Interact"",
                    ""isComposite"": false,
                    ""isPartOfComposite"": false
                },
                {
                    ""name"": """",
                    ""id"": ""dfe20744-40c0-47d9-b980-428ab6e578bd"",
                    ""path"": """",
                    ""interactions"": """",
                    ""processors"": """",
                    ""groups"": ""GamePad"",
                    ""action"": ""Interact"",
                    ""isComposite"": false,
                    ""isPartOfComposite"": false
                },
                {
                    ""name"": """",
                    ""id"": ""69388f9b-9d98-451b-a4e9-b2ce3170cdad"",
                    ""path"": ""<Mouse>/rightButton"",
                    ""interactions"": """",
                    ""processors"": """",
                    ""groups"": ""KeyboardMouse"",
                    ""action"": ""SpeedUp"",
                    ""isComposite"": false,
                    ""isPartOfComposite"": false
                },
                {
                    ""name"": """",
                    ""id"": ""ca671116-4cba-4125-92d5-e65aa629014c"",
                    ""path"": ""<Keyboard>/escape"",
                    ""interactions"": """",
                    ""processors"": """",
                    ""groups"": ""KeyboardMouse"",
                    ""action"": ""SpeedUp"",
                    ""isComposite"": false,
                    ""isPartOfComposite"": false
                },
                {
                    ""name"": """",
                    ""id"": ""45e1c99c-0074-4c26-8dff-502d6e1f10c0"",
                    ""path"": ""<Gamepad>/buttonEast"",
                    ""interactions"": """",
                    ""processors"": """",
                    ""groups"": ""GamePad"",
                    ""action"": ""SpeedUp"",
                    ""isComposite"": false,
                    ""isPartOfComposite"": false
                },
                {
                    ""name"": """",
                    ""id"": ""9680389c-15cb-4be5-8481-cd4d24c018a3"",
                    ""path"": """",
                    ""interactions"": """",
                    ""processors"": """",
                    ""groups"": ""GamePad"",
                    ""action"": ""SpeedUp"",
                    ""isComposite"": false,
                    ""isPartOfComposite"": false
                },
                {
                    ""name"": """",
                    ""id"": ""17eb39db-3783-4ddb-9042-2856259a82a3"",
                    ""path"": ""<Mouse>/scroll/up"",
                    ""interactions"": """",
                    ""processors"": """",
                    ""groups"": ""KeyboardMouse"",
                    ""action"": ""QuickSelectPrev"",
                    ""isComposite"": false,
                    ""isPartOfComposite"": false
                },
                {
                    ""name"": """",
                    ""id"": ""10b603b1-068e-4e95-a1dd-05eb545bf53e"",
                    ""path"": ""<Keyboard>/c"",
                    ""interactions"": """",
                    ""processors"": """",
                    ""groups"": ""KeyboardMouse"",
                    ""action"": ""QuickSelectPrev"",
                    ""isComposite"": false,
                    ""isPartOfComposite"": false
                },
                {
                    ""name"": """",
                    ""id"": ""7e20c595-c8ff-4520-8d03-363e8a5160c8"",
                    ""path"": ""<Gamepad>/leftShoulder"",
                    ""interactions"": """",
                    ""processors"": """",
                    ""groups"": ""GamePad"",
                    ""action"": ""QuickSelectPrev"",
                    ""isComposite"": false,
                    ""isPartOfComposite"": false
                },
                {
                    ""name"": """",
                    ""id"": ""32273fdb-b1fc-479f-853e-4bdbb7a24005"",
                    ""path"": """",
                    ""interactions"": """",
                    ""processors"": """",
                    ""groups"": ""GamePad"",
                    ""action"": ""QuickSelectPrev"",
                    ""isComposite"": false,
                    ""isPartOfComposite"": false
                },
                {
                    ""name"": """",
                    ""id"": ""8fafbd53-561a-4afc-b225-8e52eadb6852"",
                    ""path"": ""<Mouse>/scroll/down"",
                    ""interactions"": """",
                    ""processors"": """",
                    ""groups"": ""KeyboardMouse"",
                    ""action"": ""QuickSelectNext"",
                    ""isComposite"": false,
                    ""isPartOfComposite"": false
                },
                {
                    ""name"": """",
                    ""id"": ""3e47fe2f-9298-4323-8eef-e9f212243664"",
                    ""path"": ""<Keyboard>/v"",
                    ""interactions"": """",
                    ""processors"": """",
                    ""groups"": ""KeyboardMouse"",
                    ""action"": ""QuickSelectNext"",
                    ""isComposite"": false,
                    ""isPartOfComposite"": false
                },
                {
                    ""name"": """",
                    ""id"": ""49b0bb77-8f11-49c3-b065-f62c010eeac1"",
                    ""path"": ""<Gamepad>/rightShoulder"",
                    ""interactions"": """",
                    ""processors"": """",
                    ""groups"": ""GamePad"",
                    ""action"": ""QuickSelectNext"",
                    ""isComposite"": false,
                    ""isPartOfComposite"": false
                },
                {
                    ""name"": """",
                    ""id"": ""53e50306-fd09-422c-a3ca-ae1788402b0a"",
                    ""path"": """",
                    ""interactions"": """",
                    ""processors"": """",
                    ""groups"": ""GamePad"",
                    ""action"": ""QuickSelectNext"",
                    ""isComposite"": false,
                    ""isPartOfComposite"": false
                },
                {
                    ""name"": """",
                    ""id"": ""fdcd413d-5559-41fb-8f82-fb97332ac2e6"",
                    ""path"": ""<Keyboard>/q"",
                    ""interactions"": """",
                    ""processors"": """",
                    ""groups"": ""KeyboardMouse"",
                    ""action"": ""ToggleMissionPanel"",
                    ""isComposite"": false,
                    ""isPartOfComposite"": false
                },
                {
                    ""name"": """",
                    ""id"": ""62321750-bc13-4f8d-9ee8-d5c92a7784c4"",
                    ""path"": ""<Gamepad>/dpad/left"",
                    ""interactions"": """",
                    ""processors"": """",
                    ""groups"": ""GamePad"",
                    ""action"": ""ToggleMissionPanel"",
                    ""isComposite"": false,
                    ""isPartOfComposite"": false
                },
                {
                    ""name"": """",
                    ""id"": ""b47aa4ed-d50b-470b-8a55-22b73c1cd50e"",
                    ""path"": """",
                    ""interactions"": """",
                    ""processors"": """",
                    ""groups"": ""KeyboardMouse"",
                    ""action"": ""ToggleMissionPanel"",
                    ""isComposite"": false,
                    ""isPartOfComposite"": false
                },
                {
                    ""name"": """",
                    ""id"": ""97f00e8d-af9a-44c8-89d2-c47432732855"",
                    ""path"": """",
                    ""interactions"": """",
                    ""processors"": """",
                    ""groups"": ""GamePad"",
                    ""action"": ""ToggleMissionPanel"",
                    ""isComposite"": false,
                    ""isPartOfComposite"": false
                },
                {
                    ""name"": """",
                    ""id"": ""9d8e911a-3ff4-491e-84b9-7c908f9109e9"",
                    ""path"": ""<Keyboard>/t"",
                    ""interactions"": """",
                    ""processors"": """",
                    ""groups"": ""KeyboardMouse"",
                    ""action"": ""ToggleTechTree"",
                    ""isComposite"": false,
                    ""isPartOfComposite"": false
                },
                {
                    ""name"": """",
                    ""id"": ""7273c936-d1a0-43e6-8051-3eb5d49db953"",
                    ""path"": ""<Gamepad>/dpad/right"",
                    ""interactions"": """",
                    ""processors"": """",
                    ""groups"": ""GamePad"",
                    ""action"": ""ToggleTechTree"",
                    ""isComposite"": false,
                    ""isPartOfComposite"": false
                },
                {
                    ""name"": """",
                    ""id"": ""8f79893f-3c24-4368-8a1a-541838258be5"",
                    ""path"": """",
                    ""interactions"": """",
                    ""processors"": """",
                    ""groups"": ""KeyboardMouse"",
                    ""action"": ""ToggleTechTree"",
                    ""isComposite"": false,
                    ""isPartOfComposite"": false
                },
                {
                    ""name"": """",
                    ""id"": ""0daa02f5-ccf8-4053-932c-d05998654e46"",
                    ""path"": """",
                    ""interactions"": """",
                    ""processors"": """",
                    ""groups"": ""GamePad"",
                    ""action"": ""ToggleTechTree"",
                    ""isComposite"": false,
                    ""isPartOfComposite"": false
                },
                {
                    ""name"": """",
                    ""id"": ""adfbcf7e-aa91-464f-a309-09eefbc5e372"",
                    ""path"": ""<Keyboard>/b"",
                    ""interactions"": """",
                    ""processors"": """",
                    ""groups"": ""KeyboardMouse"",
                    ""action"": ""ToggleBackpack"",
                    ""isComposite"": false,
                    ""isPartOfComposite"": false
                },
                {
                    ""name"": """",
                    ""id"": ""2be9b142-a679-4f94-ba62-7a0edbdc55c6"",
                    ""path"": ""<Gamepad>/dpad/up"",
                    ""interactions"": """",
                    ""processors"": """",
                    ""groups"": ""GamePad"",
                    ""action"": ""ToggleBackpack"",
                    ""isComposite"": false,
                    ""isPartOfComposite"": false
                },
                {
                    ""name"": """",
                    ""id"": ""4b6dbd08-a59e-44c8-ad5f-fd5eb520f2c5"",
                    ""path"": """",
                    ""interactions"": """",
                    ""processors"": """",
                    ""groups"": ""KeyboardMouse"",
                    ""action"": ""ToggleBackpack"",
                    ""isComposite"": false,
                    ""isPartOfComposite"": false
                },
                {
                    ""name"": """",
                    ""id"": ""e49c27b5-25c0-4020-99dd-98aa749332f4"",
                    ""path"": """",
                    ""interactions"": """",
                    ""processors"": """",
                    ""groups"": ""GamePad"",
                    ""action"": ""ToggleBackpack"",
                    ""isComposite"": false,
                    ""isPartOfComposite"": false
                },
                {
                    ""name"": """",
                    ""id"": ""6af44cc0-dbdd-4ce1-a100-05c297808a7d"",
                    ""path"": ""<Keyboard>/b"",
                    ""interactions"": """",
                    ""processors"": """",
                    ""groups"": ""KeyboardMouse"",
                    ""action"": ""ToggleBackpackHold"",
                    ""isComposite"": false,
                    ""isPartOfComposite"": false
                },
                {
                    ""name"": """",
                    ""id"": ""08a53396-5239-4df2-bada-903e57d259eb"",
                    ""path"": ""<Gamepad>/dpad/up"",
                    ""interactions"": """",
                    ""processors"": """",
                    ""groups"": ""GamePad"",
                    ""action"": ""ToggleBackpackHold"",
                    ""isComposite"": false,
                    ""isPartOfComposite"": false
                },
                {
                    ""name"": """",
                    ""id"": ""1d2e3628-1d35-4eec-9390-97abfec908b4"",
                    ""path"": """",
                    ""interactions"": """",
                    ""processors"": """",
                    ""groups"": ""KeyboardMouse"",
                    ""action"": ""ToggleBackpackHold"",
                    ""isComposite"": false,
                    ""isPartOfComposite"": false
                },
                {
                    ""name"": """",
                    ""id"": ""048c979f-d8f6-4005-b290-5d6cea2226ba"",
                    ""path"": """",
                    ""interactions"": """",
                    ""processors"": """",
                    ""groups"": ""GamePad"",
                    ""action"": ""ToggleBackpackHold"",
                    ""isComposite"": false,
                    ""isPartOfComposite"": false
                },
                {
                    ""name"": """",
                    ""id"": ""72ac79af-13b2-4784-b4b1-fb65966c583e"",
                    ""path"": ""<Keyboard>/escape"",
                    ""interactions"": """",
                    ""processors"": """",
                    ""groups"": ""KeyboardMouse"",
                    ""action"": ""ToggleMenu"",
                    ""isComposite"": false,
                    ""isPartOfComposite"": false
                },
                {
                    ""name"": """",
                    ""id"": ""e48ae4b0-b553-4b74-ac7c-ab5bf700481e"",
                    ""path"": ""<Gamepad>/start"",
                    ""interactions"": """",
                    ""processors"": """",
                    ""groups"": ""GamePad"",
                    ""action"": ""ToggleMenu"",
                    ""isComposite"": false,
                    ""isPartOfComposite"": false
                },
                {
                    ""name"": """",
                    ""id"": ""d5cdc7da-9437-4f6d-8ac7-b0c310f98f59"",
                    ""path"": """",
                    ""interactions"": """",
                    ""processors"": """",
                    ""groups"": ""KeyboardMouse"",
                    ""action"": ""ToggleMenu"",
                    ""isComposite"": false,
                    ""isPartOfComposite"": false
                },
                {
                    ""name"": """",
                    ""id"": ""953ce4f6-0e77-425f-b88d-7ea1850f327a"",
                    ""path"": """",
                    ""interactions"": """",
                    ""processors"": """",
                    ""groups"": ""GamePad"",
                    ""action"": ""ToggleMenu"",
                    ""isComposite"": false,
                    ""isPartOfComposite"": false
                },
                {
                    ""name"": """",
                    ""id"": ""aa8c76cc-4af4-4449-a2c0-dc213c2f680b"",
                    ""path"": ""<Keyboard>/m"",
                    ""interactions"": """",
                    ""processors"": """",
                    ""groups"": ""KeyboardMouse"",
                    ""action"": ""ToggleMap"",
                    ""isComposite"": false,
                    ""isPartOfComposite"": false
                },
                {
                    ""name"": """",
                    ""id"": ""2f464ec7-4bba-44a2-b1d0-ba4abfa95676"",
                    ""path"": ""<Gamepad>/select"",
                    ""interactions"": """",
                    ""processors"": """",
                    ""groups"": ""GamePad"",
                    ""action"": ""ToggleMap"",
                    ""isComposite"": false,
                    ""isPartOfComposite"": false
                },
                {
                    ""name"": """",
                    ""id"": ""3295302a-427c-4eec-9b32-07503571a44e"",
                    ""path"": """",
                    ""interactions"": """",
                    ""processors"": """",
                    ""groups"": ""KeyboardMouse"",
                    ""action"": ""ToggleMap"",
                    ""isComposite"": false,
                    ""isPartOfComposite"": false
                },
                {
                    ""name"": """",
                    ""id"": ""7409ec21-6fb2-45ac-bb7c-62342f67d58d"",
                    ""path"": """",
                    ""interactions"": """",
                    ""processors"": """",
                    ""groups"": ""GamePad"",
                    ""action"": ""ToggleMap"",
                    ""isComposite"": false,
                    ""isPartOfComposite"": false
                },
                {
                    ""name"": """",
                    ""id"": ""5f26b48c-9cee-42f4-a39e-ef1bba9d53c7"",
                    ""path"": ""<Keyboard>/backquote"",
                    ""interactions"": """",
                    ""processors"": """",
                    ""groups"": ""KeyboardMouse"",
                    ""action"": ""ToggleCollectionBook"",
                    ""isComposite"": false,
                    ""isPartOfComposite"": false
                },
                {
                    ""name"": """",
                    ""id"": ""964320bd-913f-4964-84e1-58d0f8e8551c"",
                    ""path"": """",
                    ""interactions"": """",
                    ""processors"": """",
                    ""groups"": ""KeyboardMouse"",
                    ""action"": ""ToggleCollectionBook"",
                    ""isComposite"": false,
                    ""isPartOfComposite"": false
                },
                {
                    ""name"": """",
                    ""id"": ""6de2e001-5836-4b4f-aa79-5e06c7fd0531"",
                    ""path"": """",
                    ""interactions"": """",
                    ""processors"": """",
                    ""groups"": ""GamePad"",
                    ""action"": ""ToggleCollectionBook"",
                    ""isComposite"": false,
                    ""isPartOfComposite"": false
                },
                {
                    ""name"": """",
                    ""id"": ""435e1a9b-6b3f-48e7-903b-26be31493adf"",
                    ""path"": """",
                    ""interactions"": """",
                    ""processors"": """",
                    ""groups"": ""GamePad"",
                    ""action"": ""ToggleCollectionBook"",
                    ""isComposite"": false,
                    ""isPartOfComposite"": false
                },
                {
                    ""name"": """",
                    ""id"": ""e0f37d1b-f73f-4afc-b43c-0ab5d493dedc"",
                    ""path"": ""<Keyboard>/tab"",
                    ""interactions"": """",
                    ""processors"": """",
                    ""groups"": ""KeyboardMouse"",
                    ""action"": ""ScrollInventoryDown"",
                    ""isComposite"": false,
                    ""isPartOfComposite"": false
                },
                {
                    ""name"": """",
                    ""id"": ""9123b0c1-c6ac-41c8-a473-aecffc57aacc"",
                    ""path"": ""<Gamepad>/dpad/down"",
                    ""interactions"": """",
                    ""processors"": """",
                    ""groups"": ""GamePad"",
                    ""action"": ""ScrollInventoryDown"",
                    ""isComposite"": false,
                    ""isPartOfComposite"": false
                },
                {
                    ""name"": """",
                    ""id"": ""0643df8e-df52-4a6c-a566-736d42f009ca"",
                    ""path"": """",
                    ""interactions"": """",
                    ""processors"": """",
                    ""groups"": ""KeyboardMouse"",
                    ""action"": ""ScrollInventoryDown"",
                    ""isComposite"": false,
                    ""isPartOfComposite"": false
                },
                {
                    ""name"": """",
                    ""id"": ""06230d59-f87d-4c85-854a-ccabd8498136"",
                    ""path"": """",
                    ""interactions"": """",
                    ""processors"": """",
                    ""groups"": ""GamePad"",
                    ""action"": ""ScrollInventoryDown"",
                    ""isComposite"": false,
                    ""isPartOfComposite"": false
                },
                {
                    ""name"": """",
                    ""id"": ""4a8022a1-604e-4975-aef1-3130cacaee1f"",
                    ""path"": """",
                    ""interactions"": """",
                    ""processors"": """",
                    ""groups"": ""KeyboardMouse"",
                    ""action"": ""ScrollInventoryUp"",
                    ""isComposite"": false,
                    ""isPartOfComposite"": false
                },
                {
                    ""name"": """",
                    ""id"": ""e51ede5b-3931-430e-85e5-c1e116538f08"",
                    ""path"": """",
                    ""interactions"": """",
                    ""processors"": """",
                    ""groups"": ""GamePad"",
                    ""action"": ""ScrollInventoryUp"",
                    ""isComposite"": false,
                    ""isPartOfComposite"": false
                },
                {
                    ""name"": """",
                    ""id"": ""5d5eba17-1de9-4865-82d3-e9a0e0ac63b0"",
                    ""path"": ""<Keyboard>/escape"",
                    ""interactions"": """",
                    ""processors"": """",
                    ""groups"": ""KeyboardMouse"",
                    ""action"": ""Cancel"",
                    ""isComposite"": false,
                    ""isPartOfComposite"": false
                },
                {
                    ""name"": """",
                    ""id"": ""f2e67c21-8dea-4180-a073-ec2243d21af0"",
                    ""path"": ""<Gamepad>/buttonEast"",
                    ""interactions"": """",
                    ""processors"": """",
                    ""groups"": ""GamePad"",
                    ""action"": ""Cancel"",
                    ""isComposite"": false,
                    ""isPartOfComposite"": false
                },
                {
                    ""name"": """",
                    ""id"": ""5be569c6-b378-4d46-9d4e-cbd4c852d073"",
                    ""path"": """",
                    ""interactions"": """",
                    ""processors"": """",
                    ""groups"": ""KeyboardMouse"",
                    ""action"": ""Cancel"",
                    ""isComposite"": false,
                    ""isPartOfComposite"": false
                },
                {
                    ""name"": """",
                    ""id"": ""b97c00ec-56ce-44d5-85a3-4c6065ba610b"",
                    ""path"": """",
                    ""interactions"": """",
                    ""processors"": """",
                    ""groups"": ""GamePad"",
                    ""action"": ""Cancel"",
                    ""isComposite"": false,
                    ""isPartOfComposite"": false
                }
            ]
        },
        {
            ""name"": ""BuilderInput"",
            ""id"": ""cc736868-87a7-4f7e-af11-fa10bf5aaf64"",
            ""actions"": [
                {
                    ""name"": ""D-PadUp"",
                    ""type"": ""Button"",
                    ""id"": ""cf9be8bc-6db7-42bd-8a0d-1eb32d85a7ec"",
                    ""expectedControlType"": ""Button"",
                    ""processors"": """",
                    ""interactions"": """",
                    ""initialStateCheck"": false
                },
                {
                    ""name"": ""D-PadDown"",
                    ""type"": ""Button"",
                    ""id"": ""8711af3c-5b22-41b1-a057-f165f6f74534"",
                    ""expectedControlType"": ""Button"",
                    ""processors"": """",
                    ""interactions"": """",
                    ""initialStateCheck"": false
                },
                {
                    ""name"": ""D-PadLeft"",
                    ""type"": ""Button"",
                    ""id"": ""44b7537c-43f0-448f-85f6-42ad0c661625"",
                    ""expectedControlType"": ""Button"",
                    ""processors"": """",
                    ""interactions"": """",
                    ""initialStateCheck"": false
                },
                {
                    ""name"": ""D-PadRight"",
                    ""type"": ""Button"",
                    ""id"": ""323e82dc-6502-47ee-b2f8-777d8991dad9"",
                    ""expectedControlType"": ""Button"",
                    ""processors"": """",
                    ""interactions"": """",
                    ""initialStateCheck"": false
                },
                {
                    ""name"": ""BuilderLast"",
                    ""type"": ""Button"",
                    ""id"": ""dacce759-bc6a-4493-b079-85f9d30e86fc"",
                    ""expectedControlType"": ""Button"",
                    ""processors"": """",
                    ""interactions"": """",
                    ""initialStateCheck"": false
                },
                {
                    ""name"": ""BuilderNext"",
                    ""type"": ""Button"",
                    ""id"": ""db35f5c7-5e15-4c61-adbe-8bc6a832bf95"",
                    ""expectedControlType"": ""Button"",
                    ""processors"": """",
                    ""interactions"": """",
                    ""initialStateCheck"": false
                },
                {
                    ""name"": ""BuilderSelected"",
                    ""type"": ""Button"",
                    ""id"": ""b92364fe-1635-4089-b004-0d9225d4e9c1"",
                    ""expectedControlType"": ""Button"",
                    ""processors"": """",
                    ""interactions"": """",
                    ""initialStateCheck"": false
                },
                {
                    ""name"": ""BuilderRevocation"",
                    ""type"": ""Button"",
                    ""id"": ""a8b93b46-7c80-4689-bc98-f37b3c14edb7"",
                    ""expectedControlType"": ""Button"",
                    ""processors"": """",
                    ""interactions"": """",
                    ""initialStateCheck"": false
                },
                {
                    ""name"": ""BuilderDismantle"",
                    ""type"": ""Button"",
                    ""id"": ""0aab91ea-dd37-4cb1-8ffa-006546d334b2"",
                    ""expectedControlType"": ""Button"",
                    ""processors"": """",
                    ""interactions"": ""Tap"",
                    ""initialStateCheck"": false
                },
                {
                    ""name"": ""BuilderDismantleHold"",
                    ""type"": ""Button"",
                    ""id"": ""0eb65872-0a20-40b5-8c9c-00f4b3cfb6aa"",
                    ""expectedControlType"": ""Button"",
                    ""processors"": """",
                    ""interactions"": ""Hold"",
                    ""initialStateCheck"": false
                },
                {
                    ""name"": ""BuilderRotate"",
                    ""type"": ""Button"",
                    ""id"": ""3ca73212-a6f1-4900-a06e-d962e6291273"",
                    ""expectedControlType"": ""Button"",
                    ""processors"": """",
                    ""interactions"": """",
                    ""initialStateCheck"": false
                },
                {
                    ""name"": ""BuilderSwitch"",
                    ""type"": ""Button"",
                    ""id"": ""aac6c914-3e68-4a12-9a0b-11a131537267"",
                    ""expectedControlType"": ""Button"",
                    ""processors"": """",
                    ""interactions"": """",
                    ""initialStateCheck"": false
                },
                {
                    ""name"": ""BuilderSwitchInventory"",
                    ""type"": ""Button"",
                    ""id"": ""d73fb7df-ce98-4649-b087-499b08100e1d"",
                    ""expectedControlType"": ""Button"",
                    ""processors"": """",
                    ""interactions"": """",
                    ""initialStateCheck"": false
                }
            ],
            ""bindings"": [
                {
                    ""name"": """",
                    ""id"": ""6d1c8ff8-be7d-48a6-9afe-e54742977602"",
                    ""path"": ""<Mouse>/rightButton"",
                    ""interactions"": """",
                    ""processors"": """",
                    ""groups"": ""KeyboardMouse"",
                    ""action"": ""BuilderRevocation"",
                    ""isComposite"": false,
                    ""isPartOfComposite"": false
                },
                {
                    ""name"": """",
                    ""id"": ""2beacf01-c020-44e4-b6c8-c1108c178cf6"",
                    ""path"": ""<Gamepad>/buttonEast"",
                    ""interactions"": """",
                    ""processors"": """",
                    ""groups"": ""GamePad"",
                    ""action"": ""BuilderRevocation"",
                    ""isComposite"": false,
                    ""isPartOfComposite"": false
                },
                {
                    ""name"": """",
                    ""id"": ""7bdb22f7-1955-409d-8972-e29a3a6f123a"",
                    ""path"": ""<Mouse>/rightButton"",
                    ""interactions"": """",
                    ""processors"": """",
                    ""groups"": ""KeyboardMouse"",
                    ""action"": ""BuilderDismantle"",
                    ""isComposite"": false,
                    ""isPartOfComposite"": false
                },
                {
                    ""name"": """",
                    ""id"": ""82390f54-83c9-4a7e-a887-a19c46a2234d"",
                    ""path"": ""<Gamepad>/buttonNorth"",
                    ""interactions"": """",
                    ""processors"": """",
                    ""groups"": ""GamePad"",
                    ""action"": ""BuilderDismantle"",
                    ""isComposite"": false,
                    ""isPartOfComposite"": false
                },
                {
                    ""name"": """",
                    ""id"": ""7c8e6ba5-89e1-4e4b-aca6-9014cc7aaa7f"",
                    ""path"": ""<Keyboard>/r"",
                    ""interactions"": """",
                    ""processors"": """",
                    ""groups"": ""KeyboardMouse"",
                    ""action"": ""BuilderRotate"",
                    ""isComposite"": false,
                    ""isPartOfComposite"": false
                },
                {
                    ""name"": """",
                    ""id"": ""af8319b4-807e-4e8f-8d2e-9ab65c5bad39"",
                    ""path"": ""<Gamepad>/buttonWest"",
                    ""interactions"": """",
                    ""processors"": """",
                    ""groups"": ""GamePad"",
                    ""action"": ""BuilderRotate"",
                    ""isComposite"": false,
                    ""isPartOfComposite"": false
                },
                {
                    ""name"": """",
                    ""id"": ""e00b5f6b-2aa8-4ed2-85f5-d15294f95465"",
                    ""path"": ""<Gamepad>/leftStickPress"",
                    ""interactions"": """",
                    ""processors"": """",
                    ""groups"": ""GamePad"",
                    ""action"": ""BuilderSwitch"",
                    ""isComposite"": false,
                    ""isPartOfComposite"": false
                },
                {
                    ""name"": """",
                    ""id"": ""b5e4fae4-144d-420e-bb31-6108b923519c"",
                    ""path"": """",
                    ""interactions"": """",
                    ""processors"": """",
                    ""groups"": ""GamePad"",
                    ""action"": ""BuilderSwitch"",
                    ""isComposite"": false,
                    ""isPartOfComposite"": false
                },
                {
                    ""name"": """",
                    ""id"": ""a61d46b0-dabf-4eae-a8fc-9d37c4d47ba4"",
                    ""path"": ""<Gamepad>/dpad/right"",
                    ""interactions"": """",
                    ""processors"": """",
                    ""groups"": ""GamePad"",
                    ""action"": ""D-PadRight"",
                    ""isComposite"": false,
                    ""isPartOfComposite"": false
                },
                {
                    ""name"": """",
                    ""id"": ""a4b5cf79-7d54-4fc1-bfdc-e6160154f784"",
                    ""path"": ""<Gamepad>/dpad/down"",
                    ""interactions"": """",
                    ""processors"": """",
                    ""groups"": ""GamePad"",
                    ""action"": ""D-PadDown"",
                    ""isComposite"": false,
                    ""isPartOfComposite"": false
                },
                {
                    ""name"": """",
                    ""id"": ""f982df12-8687-4942-93eb-5b3e49add37e"",
                    ""path"": ""<Keyboard>/e"",
                    ""interactions"": """",
                    ""processors"": """",
                    ""groups"": ""KeyboardMouse"",
                    ""action"": ""BuilderNext"",
                    ""isComposite"": false,
                    ""isPartOfComposite"": false
                },
                {
                    ""name"": """",
                    ""id"": ""834b58e4-d5b6-4f30-b94b-fdd44108cd10"",
                    ""path"": ""<Gamepad>/rightTrigger"",
                    ""interactions"": """",
                    ""processors"": """",
                    ""groups"": ""GamePad"",
                    ""action"": ""BuilderNext"",
                    ""isComposite"": false,
                    ""isPartOfComposite"": false
                },
                {
                    ""name"": """",
                    ""id"": ""f2b89b92-931a-44c3-9fb2-1941ad1175bf"",
                    ""path"": """",
                    ""interactions"": """",
                    ""processors"": """",
                    ""groups"": ""KeyboardMouse"",
                    ""action"": ""BuilderNext"",
                    ""isComposite"": false,
                    ""isPartOfComposite"": false
                },
                {
                    ""name"": """",
                    ""id"": ""f3d5b75c-c70e-4fc6-9140-eb72d79f63c8"",
                    ""path"": """",
                    ""interactions"": """",
                    ""processors"": """",
                    ""groups"": ""GamePad"",
                    ""action"": ""BuilderNext"",
                    ""isComposite"": false,
                    ""isPartOfComposite"": false
                },
                {
                    ""name"": """",
                    ""id"": ""839c305e-908e-4eb4-ba17-11bbaf83da5b"",
                    ""path"": ""<Mouse>/leftButton"",
                    ""interactions"": """",
                    ""processors"": """",
                    ""groups"": ""KeyboardMouse"",
                    ""action"": ""BuilderSelected"",
                    ""isComposite"": false,
                    ""isPartOfComposite"": false
                },
                {
                    ""name"": """",
                    ""id"": ""b4045ad0-c07e-4a48-bf72-323808ed7cae"",
                    ""path"": ""<Gamepad>/buttonSouth"",
                    ""interactions"": """",
                    ""processors"": """",
                    ""groups"": ""GamePad"",
                    ""action"": ""BuilderSelected"",
                    ""isComposite"": false,
                    ""isPartOfComposite"": false
                },
                {
                    ""name"": """",
                    ""id"": ""039e063c-d5a2-4d79-99fe-d5763d29ca83"",
                    ""path"": ""<Gamepad>/dpad/up"",
                    ""interactions"": """",
                    ""processors"": """",
                    ""groups"": ""GamePad"",
                    ""action"": ""D-PadUp"",
                    ""isComposite"": false,
                    ""isPartOfComposite"": false
                },
                {
                    ""name"": """",
                    ""id"": ""48027522-c41e-4928-8749-c95a9ee48151"",
                    ""path"": ""<Gamepad>/dpad/left"",
                    ""interactions"": """",
                    ""processors"": """",
                    ""groups"": ""GamePad"",
                    ""action"": ""D-PadLeft"",
                    ""isComposite"": false,
                    ""isPartOfComposite"": false
                },
                {
                    ""name"": """",
                    ""id"": ""70a0d25a-b33f-4b4d-abcb-5355ed56955d"",
                    ""path"": """",
                    ""interactions"": """",
                    ""processors"": """",
                    ""groups"": ""KeyboardMouse"",
                    ""action"": ""BuilderSelected"",
                    ""isComposite"": false,
                    ""isPartOfComposite"": false
                },
                {
                    ""name"": """",
                    ""id"": ""be702b53-1aed-4356-a58d-f20c41b9b728"",
                    ""path"": """",
                    ""interactions"": """",
                    ""processors"": """",
                    ""groups"": ""GamePad"",
                    ""action"": ""BuilderSelected"",
                    ""isComposite"": false,
                    ""isPartOfComposite"": false
                },
                {
                    ""name"": """",
                    ""id"": ""09fe534e-58ef-4eb9-9143-578edf4e331c"",
                    ""path"": """",
                    ""interactions"": """",
                    ""processors"": """",
                    ""groups"": ""KeyboardMouse"",
                    ""action"": ""BuilderRevocation"",
                    ""isComposite"": false,
                    ""isPartOfComposite"": false
                },
                {
                    ""name"": """",
                    ""id"": ""96b43b3b-b0a6-46d7-9bbe-57f0bb58e052"",
                    ""path"": """",
                    ""interactions"": """",
                    ""processors"": """",
                    ""groups"": ""GamePad"",
                    ""action"": ""BuilderRevocation"",
                    ""isComposite"": false,
                    ""isPartOfComposite"": false
                },
                {
                    ""name"": """",
                    ""id"": ""497a85a2-55bb-418d-9f0b-0cb9f0a0ad96"",
                    ""path"": """",
                    ""interactions"": """",
                    ""processors"": """",
                    ""groups"": ""KeyboardMouse"",
                    ""action"": ""BuilderDismantle"",
                    ""isComposite"": false,
                    ""isPartOfComposite"": false
                },
                {
                    ""name"": """",
                    ""id"": ""39a56b3b-160f-4d95-88fc-60debc64747d"",
                    ""path"": """",
                    ""interactions"": """",
                    ""processors"": """",
                    ""groups"": ""GamePad"",
                    ""action"": ""BuilderDismantle"",
                    ""isComposite"": false,
                    ""isPartOfComposite"": false
                },
                {
                    ""name"": """",
                    ""id"": ""27279b79-281c-4771-bbcc-48a425760b1e"",
                    ""path"": """",
                    ""interactions"": """",
                    ""processors"": """",
                    ""groups"": ""KeyboardMouse"",
                    ""action"": ""BuilderRotate"",
                    ""isComposite"": false,
                    ""isPartOfComposite"": false
                },
                {
                    ""name"": """",
                    ""id"": ""f5d7f78e-822d-4c93-bf35-0d1b8b7a6a43"",
                    ""path"": """",
                    ""interactions"": """",
                    ""processors"": """",
                    ""groups"": ""GamePad"",
                    ""action"": ""BuilderRotate"",
                    ""isComposite"": false,
                    ""isPartOfComposite"": false
                },
                {
                    ""name"": """",
                    ""id"": ""b6c9250c-c6c5-40e0-a90d-e55618e9bd57"",
                    ""path"": ""<Mouse>/middleButton"",
                    ""interactions"": """",
                    ""processors"": """",
                    ""groups"": ""KeyboardMouse"",
                    ""action"": ""BuilderSwitchInventory"",
                    ""isComposite"": false,
                    ""isPartOfComposite"": false
                },
                {
                    ""name"": """",
                    ""id"": ""ae3d2f52-34db-4964-a1fb-242f97b62fe2"",
                    ""path"": ""<Gamepad>/rightStickPress"",
                    ""interactions"": """",
                    ""processors"": """",
                    ""groups"": ""GamePad"",
                    ""action"": ""BuilderSwitchInventory"",
                    ""isComposite"": false,
                    ""isPartOfComposite"": false
                },
                {
                    ""name"": """",
                    ""id"": ""c56004bc-6893-4987-bef8-ada6fb00468e"",
                    ""path"": """",
                    ""interactions"": """",
                    ""processors"": """",
                    ""groups"": ""KeyboardMouse"",
                    ""action"": ""BuilderSwitchInventory"",
                    ""isComposite"": false,
                    ""isPartOfComposite"": false
                },
                {
                    ""name"": """",
                    ""id"": ""3df6563b-68a5-4504-840b-0bcbfd783dc4"",
                    ""path"": """",
                    ""interactions"": """",
                    ""processors"": """",
                    ""groups"": ""GamePad"",
                    ""action"": ""BuilderSwitchInventory"",
                    ""isComposite"": false,
                    ""isPartOfComposite"": false
                },
                {
                    ""name"": """",
                    ""id"": ""2d8e8a9f-f794-46ad-8941-8800f4f39319"",
                    ""path"": ""<Mouse>/rightButton"",
                    ""interactions"": """",
                    ""processors"": """",
                    ""groups"": ""KeyboardMouse"",
                    ""action"": ""BuilderDismantleHold"",
                    ""isComposite"": false,
                    ""isPartOfComposite"": false
                },
                {
                    ""name"": """",
                    ""id"": ""c3f797e8-1753-4e0e-b982-efb7a34a8337"",
                    ""path"": ""<Gamepad>/buttonNorth"",
                    ""interactions"": """",
                    ""processors"": """",
                    ""groups"": ""GamePad"",
                    ""action"": ""BuilderDismantleHold"",
                    ""isComposite"": false,
                    ""isPartOfComposite"": false
                },
                {
                    ""name"": """",
                    ""id"": ""6d3bb7b9-eef0-48a5-8cd5-827b0e5102e5"",
                    ""path"": """",
                    ""interactions"": """",
                    ""processors"": """",
                    ""groups"": ""KeyboardMouse"",
                    ""action"": ""BuilderDismantleHold"",
                    ""isComposite"": false,
                    ""isPartOfComposite"": false
                },
                {
                    ""name"": """",
                    ""id"": ""31fd3e9f-1fa0-4669-a247-9a8a9e751b1c"",
                    ""path"": """",
                    ""interactions"": """",
                    ""processors"": """",
                    ""groups"": ""GamePad"",
                    ""action"": ""BuilderDismantleHold"",
                    ""isComposite"": false,
                    ""isPartOfComposite"": false
                },
                {
                    ""name"": """",
                    ""id"": ""3bc30234-b24a-4c93-80a7-1ef2c64c06b4"",
                    ""path"": ""<Keyboard>/q"",
                    ""interactions"": """",
                    ""processors"": """",
                    ""groups"": ""KeyboardMouse"",
                    ""action"": ""BuilderLast"",
                    ""isComposite"": false,
                    ""isPartOfComposite"": false
                },
                {
                    ""name"": """",
                    ""id"": ""d8be2a61-7063-4030-a944-064f24f4511d"",
                    ""path"": ""<Gamepad>/leftTrigger"",
                    ""interactions"": """",
                    ""processors"": """",
                    ""groups"": ""GamePad"",
                    ""action"": ""BuilderLast"",
                    ""isComposite"": false,
                    ""isPartOfComposite"": false
                },
                {
                    ""name"": """",
                    ""id"": ""7b067a4a-91f7-46b9-b970-4b4b6244c0d2"",
                    ""path"": """",
                    ""interactions"": """",
                    ""processors"": """",
                    ""groups"": ""KeyboardMouse"",
                    ""action"": ""BuilderLast"",
                    ""isComposite"": false,
                    ""isPartOfComposite"": false
                },
                {
                    ""name"": """",
                    ""id"": ""29d0cf9f-73e2-4026-a07a-37ed0c779c20"",
                    ""path"": """",
                    ""interactions"": """",
                    ""processors"": """",
                    ""groups"": ""GamePad"",
                    ""action"": ""BuilderLast"",
                    ""isComposite"": false,
                    ""isPartOfComposite"": false
                }
            ]
        },
        {
            ""name"": ""BaseInput"",
            ""id"": ""fb0de463-d75b-42b5-b215-b2c86e9fa8ef"",
            ""actions"": [
                {
                    ""name"": ""Move"",
                    ""type"": ""Value"",
                    ""id"": ""f3cebdb2-aa23-4d40-931a-fc7b55da616d"",
                    ""expectedControlType"": ""Vector2"",
                    ""processors"": """",
                    ""interactions"": """",
                    ""initialStateCheck"": true
                },
                {
                    ""name"": ""MoveLeft"",
                    ""type"": ""Button"",
                    ""id"": ""acffd6a7-b34c-424c-bb02-0e1b29febbf9"",
                    ""expectedControlType"": ""Button"",
                    ""processors"": """",
                    ""interactions"": """",
                    ""initialStateCheck"": false
                },
                {
                    ""name"": ""MoveRight"",
                    ""type"": ""Button"",
                    ""id"": ""8e2ecb29-bf3f-4256-9fea-7fe9eca8372a"",
                    ""expectedControlType"": ""Button"",
                    ""processors"": """",
                    ""interactions"": """",
                    ""initialStateCheck"": false
                },
                {
                    ""name"": ""MoveUp"",
                    ""type"": ""Button"",
                    ""id"": ""c4476d6a-5a34-494e-9542-2086dfbcf588"",
                    ""expectedControlType"": ""Button"",
                    ""processors"": """",
                    ""interactions"": """",
                    ""initialStateCheck"": false
                },
                {
                    ""name"": ""MoveDown"",
                    ""type"": ""Button"",
                    ""id"": ""36db2b7a-8589-417f-b353-7c77c7a4034d"",
                    ""expectedControlType"": ""Button"",
                    ""processors"": """",
                    ""interactions"": """",
                    ""initialStateCheck"": false
                },
                {
                    ""name"": ""MoveLast"",
                    ""type"": ""Button"",
                    ""id"": ""d4d77a97-1501-49a6-8711-6da130a50250"",
                    ""expectedControlType"": ""Button"",
                    ""processors"": """",
                    ""interactions"": """",
                    ""initialStateCheck"": false
                },
                {
                    ""name"": ""MoveNext"",
                    ""type"": ""Button"",
                    ""id"": ""a2e75ee5-f3ca-48b1-be5c-f507d2d46cfb"",
                    ""expectedControlType"": ""Button"",
                    ""processors"": """",
                    ""interactions"": """",
                    ""initialStateCheck"": false
                },
                {
                    ""name"": ""Cancel"",
                    ""type"": ""Button"",
                    ""id"": ""0cfd1c7b-8a98-4029-8e89-7f41ebe51477"",
                    ""expectedControlType"": ""Button"",
                    ""processors"": """",
                    ""interactions"": """",
                    ""initialStateCheck"": false
                },
                {
                    ""name"": ""Confirm"",
                    ""type"": ""Button"",
                    ""id"": ""a3aeb093-0d62-4b3c-9315-f392454f484c"",
                    ""expectedControlType"": ""Button"",
                    ""processors"": """",
                    ""interactions"": ""Tap"",
                    ""initialStateCheck"": false
                },
                {
                    ""name"": ""ConfirmHold"",
                    ""type"": ""Button"",
                    ""id"": ""21ab5b58-aecf-4f88-83f7-4a984e98cc67"",
                    ""expectedControlType"": ""Button"",
                    ""processors"": """",
                    ""interactions"": ""Hold"",
                    ""initialStateCheck"": false
                },
                {
                    ""name"": ""Scroll"",
                    ""type"": ""Value"",
                    ""id"": ""f1c1aa06-d6fc-4089-9ac6-5d58626c42a9"",
                    ""expectedControlType"": ""Vector2"",
                    ""processors"": """",
                    ""interactions"": """",
                    ""initialStateCheck"": true
                },
                {
                    ""name"": ""PageUp"",
                    ""type"": ""Button"",
                    ""id"": ""89682718-7f39-4fbf-a443-ec6c899304fd"",
                    ""expectedControlType"": ""Button"",
                    ""processors"": """",
                    ""interactions"": """",
                    ""initialStateCheck"": false
                },
                {
                    ""name"": ""PageDown"",
                    ""type"": ""Button"",
                    ""id"": ""f72ded6c-ca0c-486d-b321-ce621d5b7bc2"",
                    ""expectedControlType"": ""Button"",
                    ""processors"": """",
                    ""interactions"": """",
                    ""initialStateCheck"": false
                },
                {
                    ""name"": ""SplitItem"",
                    ""type"": ""Button"",
                    ""id"": ""73fcf8a8-bb36-49fe-8f05-fde283c1c980"",
                    ""expectedControlType"": ""Button"",
                    ""processors"": """",
                    ""interactions"": """",
                    ""initialStateCheck"": false
                },
                {
                    ""name"": ""SortItem"",
                    ""type"": ""Button"",
                    ""id"": ""fb654ea9-116a-4679-9d25-04bf2e94f085"",
                    ""expectedControlType"": ""Button"",
                    ""processors"": """",
                    ""interactions"": ""Tap"",
                    ""initialStateCheck"": false
                },
                {
                    ""name"": ""SortItemHold"",
                    ""type"": ""Button"",
                    ""id"": ""da47d5c6-017f-46c5-91a2-952ec767e50b"",
                    ""expectedControlType"": ""Button"",
                    ""processors"": """",
                    ""interactions"": ""Hold"",
                    ""initialStateCheck"": false
                },
                {
                    ""name"": ""LockItem"",
                    ""type"": ""Button"",
                    ""id"": ""ff6a0d5a-6d66-4d02-be8f-4d4a32d99487"",
                    ""expectedControlType"": ""Button"",
                    ""processors"": """",
                    ""interactions"": """",
                    ""initialStateCheck"": false
                },
                {
                    ""name"": ""DisposeItem"",
                    ""type"": ""Button"",
                    ""id"": ""58723fc6-78a2-488c-b150-22f951a52d6c"",
                    ""expectedControlType"": ""Button"",
                    ""processors"": """",
                    ""interactions"": ""Tap"",
                    ""initialStateCheck"": false
                },
                {
                    ""name"": ""DisposeItemHold"",
                    ""type"": ""Button"",
                    ""id"": ""841453d7-22dd-4435-abb3-19e12f399ea7"",
                    ""expectedControlType"": ""Button"",
                    ""processors"": """",
                    ""interactions"": ""Hold"",
                    ""initialStateCheck"": false
                },
                {
                    ""name"": ""DestroyItem"",
                    ""type"": ""Button"",
                    ""id"": ""1a8f1d1f-f41f-40bd-806e-c653cd0f94de"",
                    ""expectedControlType"": ""Button"",
                    ""processors"": """",
                    ""interactions"": """",
                    ""initialStateCheck"": false
                },
                {
                    ""name"": ""PutMaxItem"",
                    ""type"": ""Button"",
                    ""id"": ""8f2e6272-f647-488f-8c43-2472bcdd2fac"",
                    ""expectedControlType"": ""Button"",
                    ""processors"": """",
                    ""interactions"": ""Tap"",
                    ""initialStateCheck"": false
                },
                {
                    ""name"": ""PutMaxItemHold"",
                    ""type"": ""Button"",
                    ""id"": ""0f1db8e8-5873-4d38-8957-732f0dbada59"",
                    ""expectedControlType"": ""Button"",
                    ""processors"": """",
                    ""interactions"": ""Hold"",
                    ""initialStateCheck"": false
                },
                {
                    ""name"": ""PutAllItem"",
                    ""type"": ""Button"",
                    ""id"": ""7ad94714-b510-4301-8d4d-8c13d0f7d8c3"",
                    ""expectedControlType"": ""Button"",
                    ""processors"": """",
                    ""interactions"": """",
                    ""initialStateCheck"": false
                },
                {
                    ""name"": ""SubmitItem"",
                    ""type"": ""Button"",
                    ""id"": ""bb46cf5c-4b8a-441d-a7ca-a4948f558572"",
                    ""expectedControlType"": ""Button"",
                    ""processors"": """",
                    ""interactions"": """",
                    ""initialStateCheck"": false
                },
                {
                    ""name"": ""SubOne"",
                    ""type"": ""Button"",
                    ""id"": ""ecbdb6c3-381b-4409-915d-b9ad13a8acbe"",
                    ""expectedControlType"": ""Button"",
                    ""processors"": """",
                    ""interactions"": """",
                    ""initialStateCheck"": false
                },
                {
                    ""name"": ""AddOne"",
                    ""type"": ""Button"",
                    ""id"": ""31efc4e4-0455-4a00-b079-2d3d4d45db13"",
                    ""expectedControlType"": ""Button"",
                    ""processors"": """",
                    ""interactions"": """",
                    ""initialStateCheck"": false
                },
                {
                    ""name"": ""SubTen"",
                    ""type"": ""Button"",
                    ""id"": ""a7198e9c-b421-41e1-afc4-ee1a97473420"",
                    ""expectedControlType"": ""Button"",
                    ""processors"": """",
                    ""interactions"": """",
                    ""initialStateCheck"": false
                },
                {
                    ""name"": ""AddTen"",
                    ""type"": ""Button"",
                    ""id"": ""90c33cdb-a066-45ee-bfbb-8a20793e6402"",
                    ""expectedControlType"": ""Button"",
                    ""processors"": """",
                    ""interactions"": """",
                    ""initialStateCheck"": false
                },
                {
                    ""name"": ""SetMin"",
                    ""type"": ""Button"",
                    ""id"": ""7043b67c-2abe-45be-938d-3baab590e91c"",
                    ""expectedControlType"": ""Button"",
                    ""processors"": """",
                    ""interactions"": """",
                    ""initialStateCheck"": false
                },
                {
                    ""name"": ""SetMax"",
                    ""type"": ""Button"",
                    ""id"": ""b4aa4997-b01c-4f69-90da-2caff403c60b"",
                    ""expectedControlType"": ""Button"",
                    ""processors"": """",
                    ""interactions"": """",
                    ""initialStateCheck"": false
                },
                {
                    ""name"": ""ContinueDialogue"",
                    ""type"": ""Button"",
                    ""id"": ""e37597ae-bbad-4753-9660-105bad1294be"",
                    ""expectedControlType"": ""Button"",
                    ""processors"": """",
                    ""interactions"": """",
                    ""initialStateCheck"": true
                },
                {
                    ""name"": ""ToggleDialogueHistory"",
                    ""type"": ""Button"",
                    ""id"": ""e6c3b03c-2136-48af-b4ee-9989b9ea4fe5"",
                    ""expectedControlType"": ""Button"",
                    ""processors"": """",
                    ""interactions"": """",
                    ""initialStateCheck"": false
                },
                {
                    ""name"": ""AssistSplit"",
                    ""type"": ""Button"",
                    ""id"": ""27d693aa-1fb2-4b09-aa57-74c28616815f"",
                    ""expectedControlType"": ""Button"",
                    ""processors"": """",
                    ""interactions"": """",
                    ""initialStateCheck"": false
                },
                {
                    ""name"": ""Interact"",
                    ""type"": ""Button"",
                    ""id"": ""4666f292-d298-46c4-b16a-0c3d3eef34b3"",
                    ""expectedControlType"": ""Button"",
                    ""processors"": """",
                    ""interactions"": """",
                    ""initialStateCheck"": false
                },
                {
                    ""name"": ""SpeedUp"",
                    ""type"": ""Button"",
                    ""id"": ""70efe6d6-f666-4605-bbde-08d7d00f2800"",
                    ""expectedControlType"": ""Button"",
                    ""processors"": """",
                    ""interactions"": """",
                    ""initialStateCheck"": false
                },
                {
                    ""name"": ""QuickSelectPrev"",
                    ""type"": ""Button"",
                    ""id"": ""edfff60e-be69-4bde-85eb-4e55f8a9b1c7"",
                    ""expectedControlType"": ""Button"",
                    ""processors"": """",
                    ""interactions"": """",
                    ""initialStateCheck"": false
                },
                {
                    ""name"": ""QuickSelectNext"",
                    ""type"": ""Button"",
                    ""id"": ""b6e63df2-16cc-481e-8042-62f21733dd17"",
                    ""expectedControlType"": ""Button"",
                    ""processors"": """",
                    ""interactions"": """",
                    ""initialStateCheck"": false
                },
                {
                    ""name"": ""ToggleMissionPanel"",
                    ""type"": ""Button"",
                    ""id"": ""fe485cb1-291c-446f-ba3b-8b7a17a69ddf"",
                    ""expectedControlType"": ""Button"",
                    ""processors"": """",
                    ""interactions"": """",
                    ""initialStateCheck"": false
                },
                {
                    ""name"": ""ToggleTechTree"",
                    ""type"": ""Button"",
                    ""id"": ""da88fd40-6dec-4301-a3f3-04a28ee591fa"",
                    ""expectedControlType"": ""Button"",
                    ""processors"": """",
                    ""interactions"": """",
                    ""initialStateCheck"": false
                },
                {
                    ""name"": ""ToggleBackpack"",
                    ""type"": ""Button"",
                    ""id"": ""6abb8cfc-7ded-4225-ab12-7f64bc4fe7a9"",
                    ""expectedControlType"": ""Button"",
                    ""processors"": """",
                    ""interactions"": """",
                    ""initialStateCheck"": false
                },
                {
                    ""name"": ""ToggleMap"",
                    ""type"": ""Button"",
                    ""id"": ""00ee0001-f551-4471-9906-9b7e72c46df5"",
                    ""expectedControlType"": ""Button"",
                    ""processors"": """",
                    ""interactions"": """",
                    ""initialStateCheck"": false
                },
                {
                    ""name"": ""ToggleMenu"",
                    ""type"": ""Button"",
                    ""id"": ""b877fc7d-5693-4d0a-976b-3b96094f1f81"",
                    ""expectedControlType"": ""Button"",
                    ""processors"": """",
                    ""interactions"": """",
                    ""initialStateCheck"": false
                },
                {
                    ""name"": ""ToggleCollectionBook"",
                    ""type"": ""Button"",
                    ""id"": ""81fb53a4-20eb-4eb4-be3a-cddabbd7b7e4"",
                    ""expectedControlType"": ""Button"",
                    ""processors"": """",
                    ""interactions"": """",
                    ""initialStateCheck"": false
                },
                {
                    ""name"": ""MiscellaneousFunction"",
                    ""type"": ""Button"",
                    ""id"": ""a62be690-279a-4492-a220-06e79f3ed2bb"",
                    ""expectedControlType"": ""Button"",
                    ""processors"": """",
                    ""interactions"": """",
                    ""initialStateCheck"": false
                }
            ],
            ""bindings"": [
                {
                    ""name"": """",
                    ""id"": ""83f24a17-d72a-4328-8fbf-572bd2d7c72f"",
                    ""path"": ""<Keyboard>/w"",
                    ""interactions"": """",
                    ""processors"": """",
                    ""groups"": ""KeyboardMouse"",
                    ""action"": ""MoveUp"",
                    ""isComposite"": false,
                    ""isPartOfComposite"": false
                },
                {
                    ""name"": """",
                    ""id"": ""ac3e114a-b51b-4bc9-94bf-daa1a4e01cbb"",
                    ""path"": ""<Keyboard>/upArrow"",
                    ""interactions"": """",
                    ""processors"": """",
                    ""groups"": ""KeyboardMouse"",
                    ""action"": ""MoveUp"",
                    ""isComposite"": false,
                    ""isPartOfComposite"": false
                },
                {
                    ""name"": """",
                    ""id"": ""4db56e32-4227-40e1-a01e-f74948efcaab"",
                    ""path"": ""<Gamepad>/dpad/up"",
                    ""interactions"": """",
                    ""processors"": """",
                    ""groups"": ""GamePad"",
                    ""action"": ""MoveUp"",
                    ""isComposite"": false,
                    ""isPartOfComposite"": false
                },
                {
                    ""name"": """",
                    ""id"": ""93bb0bbe-5bc5-4256-b395-4abcfaf11706"",
                    ""path"": ""<Gamepad>/leftStick/up"",
                    ""interactions"": """",
                    ""processors"": """",
                    ""groups"": ""GamePad"",
                    ""action"": ""MoveUp"",
                    ""isComposite"": false,
                    ""isPartOfComposite"": false
                },
                {
                    ""name"": """",
                    ""id"": ""440d8eb0-66b2-4f40-b3b1-2e8df72bacef"",
                    ""path"": ""<Keyboard>/s"",
                    ""interactions"": """",
                    ""processors"": """",
                    ""groups"": ""KeyboardMouse"",
                    ""action"": ""MoveDown"",
                    ""isComposite"": false,
                    ""isPartOfComposite"": false
                },
                {
                    ""name"": """",
                    ""id"": ""f0a1b64d-7748-4c07-8250-1db23bb11628"",
                    ""path"": ""<Keyboard>/downArrow"",
                    ""interactions"": """",
                    ""processors"": """",
                    ""groups"": ""KeyboardMouse"",
                    ""action"": ""MoveDown"",
                    ""isComposite"": false,
                    ""isPartOfComposite"": false
                },
                {
                    ""name"": """",
                    ""id"": ""05136cd8-16f9-430b-994d-987beb79b10d"",
                    ""path"": ""<Gamepad>/dpad/down"",
                    ""interactions"": """",
                    ""processors"": """",
                    ""groups"": ""GamePad"",
                    ""action"": ""MoveDown"",
                    ""isComposite"": false,
                    ""isPartOfComposite"": false
                },
                {
                    ""name"": """",
                    ""id"": ""4dff74a3-1e21-4b97-a8e8-46775b732fb4"",
                    ""path"": ""<Gamepad>/leftStick/down"",
                    ""interactions"": """",
                    ""processors"": """",
                    ""groups"": ""GamePad"",
                    ""action"": ""MoveDown"",
                    ""isComposite"": false,
                    ""isPartOfComposite"": false
                },
                {
                    ""name"": """",
                    ""id"": ""177bf0ed-3dbb-4844-a5b7-87c2efe3a518"",
                    ""path"": ""<Keyboard>/q"",
                    ""interactions"": """",
                    ""processors"": """",
                    ""groups"": ""KeyboardMouse"",
                    ""action"": ""MoveLast"",
                    ""isComposite"": false,
                    ""isPartOfComposite"": false
                },
                {
                    ""name"": """",
                    ""id"": ""7ce9c59a-a581-431d-81c3-5e364c567ed1"",
                    ""path"": ""<Gamepad>/leftShoulder"",
                    ""interactions"": """",
                    ""processors"": """",
                    ""groups"": ""GamePad"",
                    ""action"": ""MoveLast"",
                    ""isComposite"": false,
                    ""isPartOfComposite"": false
                },
                {
                    ""name"": """",
                    ""id"": ""f64a6f7f-ee59-454b-b17b-be348a851359"",
                    ""path"": ""<Keyboard>/e"",
                    ""interactions"": """",
                    ""processors"": """",
                    ""groups"": ""KeyboardMouse"",
                    ""action"": ""MoveNext"",
                    ""isComposite"": false,
                    ""isPartOfComposite"": false
                },
                {
                    ""name"": """",
                    ""id"": ""3ab62e60-3c1e-4ab3-a1ba-b7c9dfc0e826"",
                    ""path"": ""<Gamepad>/rightShoulder"",
                    ""interactions"": """",
                    ""processors"": """",
                    ""groups"": ""GamePad"",
                    ""action"": ""MoveNext"",
                    ""isComposite"": false,
                    ""isPartOfComposite"": false
                },
                {
                    ""name"": """",
                    ""id"": ""415c0c33-6941-4e16-adfb-90ffcbf61870"",
                    ""path"": ""<Keyboard>/escape"",
                    ""interactions"": """",
                    ""processors"": """",
                    ""groups"": ""KeyboardMouse"",
                    ""action"": ""Cancel"",
                    ""isComposite"": false,
                    ""isPartOfComposite"": false
                },
                {
                    ""name"": """",
                    ""id"": ""42aa7fc4-1669-4e80-8c9c-dedadd3357f5"",
                    ""path"": ""<Gamepad>/buttonEast"",
                    ""interactions"": """",
                    ""processors"": """",
                    ""groups"": ""GamePad"",
                    ""action"": ""Cancel"",
                    ""isComposite"": false,
                    ""isPartOfComposite"": false
                },
                {
                    ""name"": """",
                    ""id"": ""c1d84ed8-171c-4e01-8833-4c73a24af264"",
                    ""path"": ""<Keyboard>/space"",
                    ""interactions"": """",
                    ""processors"": """",
                    ""groups"": ""KeyboardMouse"",
                    ""action"": ""Confirm"",
                    ""isComposite"": false,
                    ""isPartOfComposite"": false
                },
                {
                    ""name"": """",
                    ""id"": ""1348fde2-02f1-4c82-848c-53206808b877"",
                    ""path"": ""<Keyboard>/enter"",
                    ""interactions"": """",
                    ""processors"": """",
                    ""groups"": ""KeyboardMouse"",
                    ""action"": ""Confirm"",
                    ""isComposite"": false,
                    ""isPartOfComposite"": false
                },
                {
                    ""name"": """",
                    ""id"": ""f2de84f1-4858-4931-8aa0-ec1598549e18"",
                    ""path"": ""<Gamepad>/buttonSouth"",
                    ""interactions"": """",
                    ""processors"": """",
                    ""groups"": ""GamePad"",
                    ""action"": ""Confirm"",
                    ""isComposite"": false,
                    ""isPartOfComposite"": false
                },
                {
                    ""name"": """",
                    ""id"": ""69bfb733-e9c6-43e0-a3d7-bf083d4e3a43"",
                    ""path"": """",
                    ""interactions"": """",
                    ""processors"": """",
                    ""groups"": ""GamePad"",
                    ""action"": ""Confirm"",
                    ""isComposite"": false,
                    ""isPartOfComposite"": false
                },
                {
                    ""name"": """",
                    ""id"": ""ba386238-3b29-4bee-afc9-df04f7f22237"",
                    ""path"": ""<Keyboard>/z"",
                    ""interactions"": """",
                    ""processors"": """",
                    ""groups"": ""KeyboardMouse"",
                    ""action"": ""PageUp"",
                    ""isComposite"": false,
                    ""isPartOfComposite"": false
                },
                {
                    ""name"": """",
                    ""id"": ""46a44f16-eb2e-4556-9b88-3c2fc3cfcf69"",
                    ""path"": ""<Gamepad>/leftTrigger"",
                    ""interactions"": """",
                    ""processors"": """",
                    ""groups"": ""GamePad"",
                    ""action"": ""PageUp"",
                    ""isComposite"": false,
                    ""isPartOfComposite"": false
                },
                {
                    ""name"": """",
                    ""id"": ""afef7d8c-ff98-4d83-a8a4-57419f9a10f0"",
                    ""path"": """",
                    ""interactions"": """",
                    ""processors"": """",
                    ""groups"": ""KeyboardMouse"",
                    ""action"": ""PageUp"",
                    ""isComposite"": false,
                    ""isPartOfComposite"": false
                },
                {
                    ""name"": """",
                    ""id"": ""75466a9c-28e4-46ee-b95d-f6837e827240"",
                    ""path"": """",
                    ""interactions"": """",
                    ""processors"": """",
                    ""groups"": ""GamePad"",
                    ""action"": ""PageUp"",
                    ""isComposite"": false,
                    ""isPartOfComposite"": false
                },
                {
                    ""name"": """",
                    ""id"": ""ac733d38-fecc-4f45-8a5a-78dfb92e41e0"",
                    ""path"": ""<Keyboard>/x"",
                    ""interactions"": """",
                    ""processors"": """",
                    ""groups"": ""KeyboardMouse"",
                    ""action"": ""PageDown"",
                    ""isComposite"": false,
                    ""isPartOfComposite"": false
                },
                {
                    ""name"": """",
                    ""id"": ""9645df78-655e-45f8-933d-ded05f4e7a97"",
                    ""path"": ""<Gamepad>/rightTrigger"",
                    ""interactions"": """",
                    ""processors"": """",
                    ""groups"": ""GamePad"",
                    ""action"": ""PageDown"",
                    ""isComposite"": false,
                    ""isPartOfComposite"": false
                },
                {
                    ""name"": """",
                    ""id"": ""98737c33-2688-439d-8575-b30c44351516"",
                    ""path"": """",
                    ""interactions"": """",
                    ""processors"": """",
                    ""groups"": ""KeyboardMouse"",
                    ""action"": ""PageDown"",
                    ""isComposite"": false,
                    ""isPartOfComposite"": false
                },
                {
                    ""name"": """",
                    ""id"": ""db4dba85-f3ee-43ab-aba9-a72865c1845c"",
                    ""path"": """",
                    ""interactions"": """",
                    ""processors"": """",
                    ""groups"": ""GamePad"",
                    ""action"": ""PageDown"",
                    ""isComposite"": false,
                    ""isPartOfComposite"": false
                },
                {
                    ""name"": ""Keyboard"",
                    ""id"": ""42a863cf-d3cb-4be9-b51d-5173b5317d8a"",
                    ""path"": ""2DVector"",
                    ""interactions"": """",
                    ""processors"": """",
                    ""groups"": """",
                    ""action"": ""Scroll"",
                    ""isComposite"": true,
                    ""isPartOfComposite"": false
                },
                {
                    ""name"": ""up"",
                    ""id"": ""ea5de4ec-9fb5-4bd8-82cb-08931f1506aa"",
                    ""path"": """",
                    ""interactions"": """",
                    ""processors"": """",
                    ""groups"": ""KeyboardMouse"",
                    ""action"": ""Scroll"",
                    ""isComposite"": false,
                    ""isPartOfComposite"": true
                },
                {
                    ""name"": ""down"",
                    ""id"": ""f69b84a5-58b3-4794-8468-c57a7cda989a"",
                    ""path"": """",
                    ""interactions"": """",
                    ""processors"": """",
                    ""groups"": ""KeyboardMouse"",
                    ""action"": ""Scroll"",
                    ""isComposite"": false,
                    ""isPartOfComposite"": true
                },
                {
                    ""name"": ""left"",
                    ""id"": ""84027c75-1260-44e3-b031-776838310600"",
                    ""path"": """",
                    ""interactions"": """",
                    ""processors"": """",
                    ""groups"": ""KeyboardMouse"",
                    ""action"": ""Scroll"",
                    ""isComposite"": false,
                    ""isPartOfComposite"": true
                },
                {
                    ""name"": ""right"",
                    ""id"": ""a2106a5c-4f60-4766-a356-a14ad7d718aa"",
                    ""path"": """",
                    ""interactions"": """",
                    ""processors"": """",
                    ""groups"": ""KeyboardMouse"",
                    ""action"": ""Scroll"",
                    ""isComposite"": false,
                    ""isPartOfComposite"": true
                },
                {
                    ""name"": ""Gamepad"",
                    ""id"": ""fe216fa4-c8fa-412d-8708-ad3c41330a11"",
                    ""path"": ""2DVector"",
                    ""interactions"": """",
                    ""processors"": """",
                    ""groups"": """",
                    ""action"": ""Scroll"",
                    ""isComposite"": true,
                    ""isPartOfComposite"": false
                },
                {
                    ""name"": ""up"",
                    ""id"": ""67771214-c5aa-4c41-b09b-fdc801d61fb0"",
                    ""path"": ""<Gamepad>/rightStick/up"",
                    ""interactions"": """",
                    ""processors"": """",
                    ""groups"": ""GamePad"",
                    ""action"": ""Scroll"",
                    ""isComposite"": false,
                    ""isPartOfComposite"": true
                },
                {
                    ""name"": ""down"",
                    ""id"": ""babb0a60-a537-4f7f-b72b-793190d87492"",
                    ""path"": ""<Gamepad>/rightStick/down"",
                    ""interactions"": """",
                    ""processors"": """",
                    ""groups"": ""GamePad"",
                    ""action"": ""Scroll"",
                    ""isComposite"": false,
                    ""isPartOfComposite"": true
                },
                {
                    ""name"": ""left"",
                    ""id"": ""9b312d62-9a09-40b6-91fe-73faff404065"",
                    ""path"": ""<Gamepad>/rightStick/left"",
                    ""interactions"": """",
                    ""processors"": """",
                    ""groups"": ""GamePad"",
                    ""action"": ""Scroll"",
                    ""isComposite"": false,
                    ""isPartOfComposite"": true
                },
                {
                    ""name"": ""right"",
                    ""id"": ""acf7dfe8-7e19-425c-8914-815e199a769d"",
                    ""path"": ""<Gamepad>/rightStick/right"",
                    ""interactions"": """",
                    ""processors"": """",
                    ""groups"": ""GamePad"",
                    ""action"": ""Scroll"",
                    ""isComposite"": false,
                    ""isPartOfComposite"": true
                },
                {
                    ""name"": ""Additional [Keyboard]"",
                    ""id"": ""e51a873c-2f0c-4f5f-b7e9-1449d1b3f045"",
                    ""path"": ""2DVector"",
                    ""interactions"": """",
                    ""processors"": """",
                    ""groups"": """",
                    ""action"": ""Scroll"",
                    ""isComposite"": true,
                    ""isPartOfComposite"": false
                },
                {
                    ""name"": ""up"",
                    ""id"": ""cb9441fb-5415-4688-8e64-a72acf15db8c"",
                    ""path"": """",
                    ""interactions"": """",
                    ""processors"": """",
                    ""groups"": ""KeyboardMouse"",
                    ""action"": ""Scroll"",
                    ""isComposite"": false,
                    ""isPartOfComposite"": true
                },
                {
                    ""name"": ""down"",
                    ""id"": ""7db6ab6e-0e58-4d0a-a993-3092dc63c993"",
                    ""path"": """",
                    ""interactions"": """",
                    ""processors"": """",
                    ""groups"": ""KeyboardMouse"",
                    ""action"": ""Scroll"",
                    ""isComposite"": false,
                    ""isPartOfComposite"": true
                },
                {
                    ""name"": ""left"",
                    ""id"": ""05bfac55-98d1-431b-97f4-24d9a368af5d"",
                    ""path"": """",
                    ""interactions"": """",
                    ""processors"": """",
                    ""groups"": ""KeyboardMouse"",
                    ""action"": ""Scroll"",
                    ""isComposite"": false,
                    ""isPartOfComposite"": true
                },
                {
                    ""name"": ""right"",
                    ""id"": ""013d65c6-349b-4f95-9870-01cfb6528433"",
                    ""path"": """",
                    ""interactions"": """",
                    ""processors"": """",
                    ""groups"": ""KeyboardMouse"",
                    ""action"": ""Scroll"",
                    ""isComposite"": false,
                    ""isPartOfComposite"": true
                },
                {
                    ""name"": ""Additional [GamePad]"",
                    ""id"": ""b3e0b006-7566-4292-a367-473b11d4879b"",
                    ""path"": ""2DVector"",
                    ""interactions"": """",
                    ""processors"": """",
                    ""groups"": """",
                    ""action"": ""Scroll"",
                    ""isComposite"": true,
                    ""isPartOfComposite"": false
                },
                {
                    ""name"": ""up"",
                    ""id"": ""8e91d6f7-5734-475d-87c3-979fe8d6ad98"",
                    ""path"": """",
                    ""interactions"": """",
                    ""processors"": """",
                    ""groups"": ""GamePad"",
                    ""action"": ""Scroll"",
                    ""isComposite"": false,
                    ""isPartOfComposite"": true
                },
                {
                    ""name"": ""down"",
                    ""id"": ""24dea68c-bb5d-469b-97bd-52588ed1bfc4"",
                    ""path"": """",
                    ""interactions"": """",
                    ""processors"": """",
                    ""groups"": ""GamePad"",
                    ""action"": ""Scroll"",
                    ""isComposite"": false,
                    ""isPartOfComposite"": true
                },
                {
                    ""name"": ""left"",
                    ""id"": ""1a5a2a94-9694-4819-bd31-20bcdc901554"",
                    ""path"": """",
                    ""interactions"": """",
                    ""processors"": """",
                    ""groups"": ""GamePad"",
                    ""action"": ""Scroll"",
                    ""isComposite"": false,
                    ""isPartOfComposite"": true
                },
                {
                    ""name"": ""right"",
                    ""id"": ""43d4dcd8-484a-44d9-be81-66bcd6b52d9b"",
                    ""path"": """",
                    ""interactions"": """",
                    ""processors"": """",
                    ""groups"": ""GamePad"",
                    ""action"": ""Scroll"",
                    ""isComposite"": false,
                    ""isPartOfComposite"": true
                },
                {
                    ""name"": """",
                    ""id"": ""301c445c-d243-4716-ba67-5542c09824cd"",
                    ""path"": ""<Mouse>/scroll"",
                    ""interactions"": """",
                    ""processors"": """",
                    ""groups"": """",
                    ""action"": ""Scroll"",
                    ""isComposite"": false,
                    ""isPartOfComposite"": false
                },
                {
                    ""name"": """",
                    ""id"": ""cfe46ee2-65fa-4c4a-97f0-42a5e728bbfa"",
                    ""path"": ""<Keyboard>/v"",
                    ""interactions"": """",
                    ""processors"": """",
                    ""groups"": ""KeyboardMouse"",
                    ""action"": ""SplitItem"",
                    ""isComposite"": false,
                    ""isPartOfComposite"": false
                },
                {
                    ""name"": """",
                    ""id"": ""d41af82f-39bf-420c-846a-623551b8164b"",
                    ""path"": ""<Gamepad>/buttonWest"",
                    ""interactions"": """",
                    ""processors"": """",
                    ""groups"": ""GamePad"",
                    ""action"": ""SplitItem"",
                    ""isComposite"": false,
                    ""isPartOfComposite"": false
                },
                {
                    ""name"": """",
                    ""id"": ""a7dfd209-446c-48e1-85ab-c3e36ffd4f04"",
                    ""path"": """",
                    ""interactions"": """",
                    ""processors"": """",
                    ""groups"": ""KeyboardMouse"",
                    ""action"": ""SplitItem"",
                    ""isComposite"": false,
                    ""isPartOfComposite"": false
                },
                {
                    ""name"": """",
                    ""id"": ""dbe9e8fc-4af1-432c-b6a4-29477f8be014"",
                    ""path"": """",
                    ""interactions"": """",
                    ""processors"": """",
                    ""groups"": ""GamePad"",
                    ""action"": ""SplitItem"",
                    ""isComposite"": false,
                    ""isPartOfComposite"": false
                },
                {
                    ""name"": """",
                    ""id"": ""a4e4b858-223f-4f95-81ce-910d59e820f6"",
                    ""path"": ""<Keyboard>/r"",
                    ""interactions"": """",
                    ""processors"": """",
                    ""groups"": ""KeyboardMouse"",
                    ""action"": ""SortItem"",
                    ""isComposite"": false,
                    ""isPartOfComposite"": false
                },
                {
                    ""name"": """",
                    ""id"": ""4071a559-dc16-43ad-acf6-9f7481be0784"",
                    ""path"": ""<Gamepad>/buttonNorth"",
                    ""interactions"": """",
                    ""processors"": """",
                    ""groups"": ""GamePad"",
                    ""action"": ""SortItem"",
                    ""isComposite"": false,
                    ""isPartOfComposite"": false
                },
                {
                    ""name"": """",
                    ""id"": ""4c374227-2da4-4d9e-a7a8-fedc20bf3276"",
                    ""path"": """",
                    ""interactions"": """",
                    ""processors"": """",
                    ""groups"": ""KeyboardMouse"",
                    ""action"": ""SortItem"",
                    ""isComposite"": false,
                    ""isPartOfComposite"": false
                },
                {
                    ""name"": """",
                    ""id"": ""53bf3fb3-acfd-4844-b8d3-052ad0747569"",
                    ""path"": """",
                    ""interactions"": """",
                    ""processors"": """",
                    ""groups"": ""GamePad"",
                    ""action"": ""SortItem"",
                    ""isComposite"": false,
                    ""isPartOfComposite"": false
                },
                {
                    ""name"": """",
                    ""id"": ""e1124389-092d-4b32-b969-62f7e025e2b8"",
                    ""path"": """",
                    ""interactions"": """",
                    ""processors"": """",
                    ""groups"": ""KeyboardMouse"",
                    ""action"": ""DestroyItem"",
                    ""isComposite"": false,
                    ""isPartOfComposite"": false
                },
                {
                    ""name"": """",
                    ""id"": ""72ca0dd1-3975-4d89-ae97-c4278e99d9d9"",
                    ""path"": """",
                    ""interactions"": """",
                    ""processors"": """",
                    ""groups"": ""KeyboardMouse"",
                    ""action"": ""DestroyItem"",
                    ""isComposite"": false,
                    ""isPartOfComposite"": false
                },
                {
                    ""name"": """",
                    ""id"": ""6acbddac-ed1f-4eaf-9633-07a7b5099dbc"",
                    ""path"": """",
                    ""interactions"": """",
                    ""processors"": """",
                    ""groups"": ""GamePad"",
                    ""action"": ""DestroyItem"",
                    ""isComposite"": false,
                    ""isPartOfComposite"": false
                },
                {
                    ""name"": """",
                    ""id"": ""c63bb458-bb08-40aa-aee2-03e75ebd6b07"",
                    ""path"": """",
                    ""interactions"": """",
                    ""processors"": """",
                    ""groups"": ""GamePad"",
                    ""action"": ""DestroyItem"",
                    ""isComposite"": false,
                    ""isPartOfComposite"": false
                },
                {
                    ""name"": """",
                    ""id"": ""cac106ab-eb03-441a-9e79-26b592dd5f18"",
                    ""path"": ""<Keyboard>/f"",
                    ""interactions"": """",
                    ""processors"": """",
                    ""groups"": ""KeyboardMouse"",
                    ""action"": ""DisposeItem"",
                    ""isComposite"": false,
                    ""isPartOfComposite"": false
                },
                {
                    ""name"": """",
                    ""id"": ""7ec32bae-1466-420b-8a87-dad79c76bccd"",
                    ""path"": ""<Gamepad>/leftTrigger"",
                    ""interactions"": """",
                    ""processors"": """",
                    ""groups"": ""GamePad"",
                    ""action"": ""DisposeItem"",
                    ""isComposite"": false,
                    ""isPartOfComposite"": false
                },
                {
                    ""name"": """",
                    ""id"": ""f3abc399-7c05-4c7c-8097-9a2a6e50a0f0"",
                    ""path"": """",
                    ""interactions"": """",
                    ""processors"": """",
                    ""groups"": ""KeyboardMouse"",
                    ""action"": ""DisposeItem"",
                    ""isComposite"": false,
                    ""isPartOfComposite"": false
                },
                {
                    ""name"": """",
                    ""id"": ""2c57ee54-768b-443c-8d05-69f714c98dd8"",
                    ""path"": """",
                    ""interactions"": """",
                    ""processors"": """",
                    ""groups"": ""GamePad"",
                    ""action"": ""DisposeItem"",
                    ""isComposite"": false,
                    ""isPartOfComposite"": false
                },
                {
                    ""name"": """",
                    ""id"": ""33e032b5-a91d-4848-97b9-8e74f132ac79"",
                    ""path"": ""<Keyboard>/c"",
                    ""interactions"": """",
                    ""processors"": """",
                    ""groups"": ""KeyboardMouse"",
                    ""action"": ""PutMaxItem"",
                    ""isComposite"": false,
                    ""isPartOfComposite"": false
                },
                {
                    ""name"": """",
                    ""id"": ""6b7af67f-4d1d-4838-ab16-2984fd8281c0"",
                    ""path"": ""<Gamepad>/rightTrigger"",
                    ""interactions"": """",
                    ""processors"": """",
                    ""groups"": ""GamePad"",
                    ""action"": ""PutMaxItem"",
                    ""isComposite"": false,
                    ""isPartOfComposite"": false
                },
                {
                    ""name"": """",
                    ""id"": ""9b6058dd-8e16-4e94-98fa-d84c531226ed"",
                    ""path"": """",
                    ""interactions"": """",
                    ""processors"": """",
                    ""groups"": ""KeyboardMouse"",
                    ""action"": ""PutMaxItem"",
                    ""isComposite"": false,
                    ""isPartOfComposite"": false
                },
                {
                    ""name"": """",
                    ""id"": ""fc08c038-2b80-4a44-be02-c2476ab71cd4"",
                    ""path"": """",
                    ""interactions"": """",
                    ""processors"": """",
                    ""groups"": ""GamePad"",
                    ""action"": ""PutMaxItem"",
                    ""isComposite"": false,
                    ""isPartOfComposite"": false
                },
                {
                    ""name"": """",
                    ""id"": ""76b55137-4adc-42b5-8bf5-97546890500d"",
                    ""path"": """",
                    ""interactions"": """",
                    ""processors"": """",
                    ""groups"": ""KeyboardMouse"",
                    ""action"": ""PutAllItem"",
                    ""isComposite"": false,
                    ""isPartOfComposite"": false
                },
                {
                    ""name"": """",
                    ""id"": ""6509673c-0aa7-4738-ac57-ee33c5e856b1"",
                    ""path"": """",
                    ""interactions"": """",
                    ""processors"": """",
                    ""groups"": ""KeyboardMouse"",
                    ""action"": ""PutAllItem"",
                    ""isComposite"": false,
                    ""isPartOfComposite"": false
                },
                {
                    ""name"": """",
                    ""id"": ""83352f75-0c11-45cf-b6ef-e320bf2fa5f2"",
                    ""path"": """",
                    ""interactions"": """",
                    ""processors"": """",
                    ""groups"": ""GamePad"",
                    ""action"": ""PutAllItem"",
                    ""isComposite"": false,
                    ""isPartOfComposite"": false
                },
                {
                    ""name"": """",
                    ""id"": ""6c4ef04c-2b0b-4dc0-9885-9566e50c4a42"",
                    ""path"": """",
                    ""interactions"": """",
                    ""processors"": """",
                    ""groups"": ""GamePad"",
                    ""action"": ""PutAllItem"",
                    ""isComposite"": false,
                    ""isPartOfComposite"": false
                },
                {
                    ""name"": """",
                    ""id"": ""c4391cdc-5fd7-4c08-a98c-8e25abcaca45"",
                    ""path"": ""<Keyboard>/f"",
                    ""interactions"": """",
                    ""processors"": """",
                    ""groups"": ""KeyboardMouse"",
                    ""action"": ""SubmitItem"",
                    ""isComposite"": false,
                    ""isPartOfComposite"": false
                },
                {
                    ""name"": """",
                    ""id"": ""512708b0-9d24-4f8e-983f-3fd70b13da51"",
                    ""path"": ""<Gamepad>/leftTrigger"",
                    ""interactions"": """",
                    ""processors"": """",
                    ""groups"": ""GamePad"",
                    ""action"": ""SubmitItem"",
                    ""isComposite"": false,
                    ""isPartOfComposite"": false
                },
                {
                    ""name"": """",
                    ""id"": ""a02c6051-9d01-4cda-8bab-2488d5e92075"",
                    ""path"": """",
                    ""interactions"": """",
                    ""processors"": """",
                    ""groups"": ""KeyboardMouse"",
                    ""action"": ""SubmitItem"",
                    ""isComposite"": false,
                    ""isPartOfComposite"": false
                },
                {
                    ""name"": """",
                    ""id"": ""b877de0b-ba1e-4ec8-93a7-595504e16293"",
                    ""path"": """",
                    ""interactions"": """",
                    ""processors"": """",
                    ""groups"": ""GamePad"",
                    ""action"": ""SubmitItem"",
                    ""isComposite"": false,
                    ""isPartOfComposite"": false
                },
                {
                    ""name"": """",
                    ""id"": ""22fde755-d6f1-4db7-9272-892533855079"",
                    ""path"": ""<Keyboard>/a"",
                    ""interactions"": """",
                    ""processors"": """",
                    ""groups"": ""KeyboardMouse"",
                    ""action"": ""SubOne"",
                    ""isComposite"": false,
                    ""isPartOfComposite"": false
                },
                {
                    ""name"": """",
                    ""id"": ""0e6bb2c1-c56b-4d9a-93b4-27fcf5ccf335"",
                    ""path"": ""<Keyboard>/leftArrow"",
                    ""interactions"": """",
                    ""processors"": """",
                    ""groups"": ""KeyboardMouse"",
                    ""action"": ""SubOne"",
                    ""isComposite"": false,
                    ""isPartOfComposite"": false
                },
                {
                    ""name"": """",
                    ""id"": ""4d9ba1c0-55c8-479f-839f-f61f6bdd1ca7"",
                    ""path"": ""<Gamepad>/dpad/left"",
                    ""interactions"": ""Press"",
                    ""processors"": """",
                    ""groups"": ""GamePad"",
                    ""action"": ""SubOne"",
                    ""isComposite"": false,
                    ""isPartOfComposite"": false
                },
                {
                    ""name"": """",
                    ""id"": ""a118dbbd-2670-49ff-adc6-d81091ae9a7e"",
                    ""path"": ""<Gamepad>/leftStick/left"",
                    ""interactions"": """",
                    ""processors"": """",
                    ""groups"": ""GamePad"",
                    ""action"": ""SubOne"",
                    ""isComposite"": false,
                    ""isPartOfComposite"": false
                },
                {
                    ""name"": """",
                    ""id"": ""75697080-0b2f-4089-85b2-b70b396b5589"",
                    ""path"": ""<Keyboard>/d"",
                    ""interactions"": """",
                    ""processors"": """",
                    ""groups"": ""KeyboardMouse"",
                    ""action"": ""AddOne"",
                    ""isComposite"": false,
                    ""isPartOfComposite"": false
                },
                {
                    ""name"": """",
                    ""id"": ""9126f7d6-28d7-40c6-a55b-1c5cc228cf8a"",
                    ""path"": ""<Keyboard>/rightArrow"",
                    ""interactions"": """",
                    ""processors"": """",
                    ""groups"": ""KeyboardMouse"",
                    ""action"": ""AddOne"",
                    ""isComposite"": false,
                    ""isPartOfComposite"": false
                },
                {
                    ""name"": """",
                    ""id"": ""2bc79b7a-fac4-4333-a0d5-48f3dd8d2a9b"",
                    ""path"": ""<Gamepad>/dpad/right"",
                    ""interactions"": ""Press"",
                    ""processors"": """",
                    ""groups"": ""GamePad"",
                    ""action"": ""AddOne"",
                    ""isComposite"": false,
                    ""isPartOfComposite"": false
                },
                {
                    ""name"": """",
                    ""id"": ""f8c0e104-2302-405c-ac21-80e5f9f88fc8"",
                    ""path"": ""<Gamepad>/leftStick/right"",
                    ""interactions"": """",
                    ""processors"": """",
                    ""groups"": ""GamePad"",
                    ""action"": ""AddOne"",
                    ""isComposite"": false,
                    ""isPartOfComposite"": false
                },
                {
                    ""name"": """",
                    ""id"": ""2c26c9eb-3c29-48e2-8539-48fd25734239"",
                    ""path"": ""<Keyboard>/w"",
                    ""interactions"": """",
                    ""processors"": """",
                    ""groups"": ""KeyboardMouse"",
                    ""action"": ""AddTen"",
                    ""isComposite"": false,
                    ""isPartOfComposite"": false
                },
                {
                    ""name"": """",
                    ""id"": ""c88d14ff-8cfa-4e06-a437-08d043498a67"",
                    ""path"": ""<Keyboard>/upArrow"",
                    ""interactions"": """",
                    ""processors"": """",
                    ""groups"": ""KeyboardMouse"",
                    ""action"": ""AddTen"",
                    ""isComposite"": false,
                    ""isPartOfComposite"": false
                },
                {
                    ""name"": """",
                    ""id"": ""552964c3-fef4-48d6-937e-1a362001e653"",
                    ""path"": ""<Gamepad>/dpad/up"",
                    ""interactions"": """",
                    ""processors"": """",
                    ""groups"": ""GamePad"",
                    ""action"": ""AddTen"",
                    ""isComposite"": false,
                    ""isPartOfComposite"": false
                },
                {
                    ""name"": """",
                    ""id"": ""d04b31e0-b1ea-4c75-b82d-40d5788e2b52"",
                    ""path"": ""<Gamepad>/leftStick/up"",
                    ""interactions"": """",
                    ""processors"": """",
                    ""groups"": ""GamePad"",
                    ""action"": ""AddTen"",
                    ""isComposite"": false,
                    ""isPartOfComposite"": false
                },
                {
                    ""name"": """",
                    ""id"": ""6fd6b3bc-bb1c-49ed-a011-c6c968d34125"",
                    ""path"": ""<Keyboard>/s"",
                    ""interactions"": """",
                    ""processors"": """",
                    ""groups"": ""KeyboardMouse"",
                    ""action"": ""SubTen"",
                    ""isComposite"": false,
                    ""isPartOfComposite"": false
                },
                {
                    ""name"": """",
                    ""id"": ""20371a61-7442-4e64-90f9-d5b5251f7aa4"",
                    ""path"": ""<Keyboard>/downArrow"",
                    ""interactions"": """",
                    ""processors"": """",
                    ""groups"": ""KeyboardMouse"",
                    ""action"": ""SubTen"",
                    ""isComposite"": false,
                    ""isPartOfComposite"": false
                },
                {
                    ""name"": """",
                    ""id"": ""174aa565-fdeb-428a-b35a-c4efe4ab5c65"",
                    ""path"": ""<Gamepad>/dpad/down"",
                    ""interactions"": """",
                    ""processors"": """",
                    ""groups"": ""GamePad"",
                    ""action"": ""SubTen"",
                    ""isComposite"": false,
                    ""isPartOfComposite"": false
                },
                {
                    ""name"": """",
                    ""id"": ""f063e9fc-bca3-4dca-a7d0-479fe1dd44a6"",
                    ""path"": ""<Gamepad>/leftStick/down"",
                    ""interactions"": """",
                    ""processors"": """",
                    ""groups"": ""GamePad"",
                    ""action"": ""SubTen"",
                    ""isComposite"": false,
                    ""isPartOfComposite"": false
                },
                {
                    ""name"": """",
                    ""id"": ""01a19efe-0711-475a-94c9-b635b86a7720"",
                    ""path"": ""<Keyboard>/e"",
                    ""interactions"": """",
                    ""processors"": """",
                    ""groups"": ""KeyboardMouse"",
                    ""action"": ""SetMax"",
                    ""isComposite"": false,
                    ""isPartOfComposite"": false
                },
                {
                    ""name"": """",
                    ""id"": ""ad66cd1e-ecb7-447c-8408-86bb5964a68d"",
                    ""path"": ""<Gamepad>/rightShoulder"",
                    ""interactions"": """",
                    ""processors"": """",
                    ""groups"": ""GamePad"",
                    ""action"": ""SetMax"",
                    ""isComposite"": false,
                    ""isPartOfComposite"": false
                },
                {
                    ""name"": """",
                    ""id"": ""070fa2f2-ea5e-4b01-a5bd-f777311f949d"",
                    ""path"": """",
                    ""interactions"": """",
                    ""processors"": """",
                    ""groups"": ""KeyboardMouse"",
                    ""action"": ""SetMax"",
                    ""isComposite"": false,
                    ""isPartOfComposite"": false
                },
                {
                    ""name"": """",
                    ""id"": ""45d7f442-c628-4138-a315-f035c5582105"",
                    ""path"": """",
                    ""interactions"": """",
                    ""processors"": """",
                    ""groups"": ""GamePad"",
                    ""action"": ""SetMax"",
                    ""isComposite"": false,
                    ""isPartOfComposite"": false
                },
                {
                    ""name"": """",
                    ""id"": ""6890cc81-4d98-4882-bf45-a671781725d7"",
                    ""path"": ""<Keyboard>/q"",
                    ""interactions"": """",
                    ""processors"": """",
                    ""groups"": ""KeyboardMouse"",
                    ""action"": ""SetMin"",
                    ""isComposite"": false,
                    ""isPartOfComposite"": false
                },
                {
                    ""name"": """",
                    ""id"": ""4dee5ac4-f766-43fe-bf44-28632c8be208"",
                    ""path"": ""<Gamepad>/leftShoulder"",
                    ""interactions"": """",
                    ""processors"": """",
                    ""groups"": ""GamePad"",
                    ""action"": ""SetMin"",
                    ""isComposite"": false,
                    ""isPartOfComposite"": false
                },
                {
                    ""name"": """",
                    ""id"": ""cc96da16-2a35-42c4-9694-aa8e078d7d54"",
                    ""path"": """",
                    ""interactions"": """",
                    ""processors"": """",
                    ""groups"": ""KeyboardMouse"",
                    ""action"": ""SetMin"",
                    ""isComposite"": false,
                    ""isPartOfComposite"": false
                },
                {
                    ""name"": """",
                    ""id"": ""384b54e4-ab34-4292-bee7-ea0874eace8b"",
                    ""path"": """",
                    ""interactions"": """",
                    ""processors"": """",
                    ""groups"": ""GamePad"",
                    ""action"": ""SetMin"",
                    ""isComposite"": false,
                    ""isPartOfComposite"": false
                },
                {
                    ""name"": """",
                    ""id"": ""bc2b6acd-d32d-46d0-96a0-ecb5b841bf15"",
                    ""path"": ""<Mouse>/leftButton"",
                    ""interactions"": """",
                    ""processors"": """",
                    ""groups"": ""KeyboardMouse"",
                    ""action"": ""ContinueDialogue"",
                    ""isComposite"": false,
                    ""isPartOfComposite"": false
                },
                {
                    ""name"": """",
                    ""id"": ""8fc6495c-1700-4c21-809c-65a4dce9aa78"",
                    ""path"": """",
                    ""interactions"": """",
                    ""processors"": """",
                    ""groups"": ""KeyboardMouse"",
                    ""action"": ""ContinueDialogue"",
                    ""isComposite"": false,
                    ""isPartOfComposite"": false
                },
                {
                    ""name"": """",
                    ""id"": ""22fc8ab8-883e-4f6f-be21-e7333a1845f6"",
                    ""path"": """",
                    ""interactions"": """",
                    ""processors"": """",
                    ""groups"": ""GamePad"",
                    ""action"": ""ContinueDialogue"",
                    ""isComposite"": false,
                    ""isPartOfComposite"": false
                },
                {
                    ""name"": """",
                    ""id"": ""ff7e953e-6e46-48f9-8c5e-1262a6a19189"",
                    ""path"": """",
                    ""interactions"": """",
                    ""processors"": """",
                    ""groups"": ""GamePad"",
                    ""action"": ""ContinueDialogue"",
                    ""isComposite"": false,
                    ""isPartOfComposite"": false
                },
                {
                    ""name"": ""Keyboard"",
                    ""id"": ""68d53a36-9b24-41d3-9d89-27e31bd9a2b5"",
                    ""path"": ""2DVector"",
                    ""interactions"": """",
                    ""processors"": """",
                    ""groups"": """",
                    ""action"": ""Move"",
                    ""isComposite"": true,
                    ""isPartOfComposite"": false
                },
                {
                    ""name"": ""Up"",
                    ""id"": ""e585bb2f-8ddf-4179-8f23-1d44a8ca6ad2"",
                    ""path"": ""<Keyboard>/w"",
                    ""interactions"": """",
                    ""processors"": """",
                    ""groups"": ""KeyboardMouse"",
                    ""action"": ""Move"",
                    ""isComposite"": false,
                    ""isPartOfComposite"": true
                },
                {
                    ""name"": ""Down"",
                    ""id"": ""1b848d67-ddad-4a75-a219-94a2a6b28d0c"",
                    ""path"": ""<Keyboard>/s"",
                    ""interactions"": """",
                    ""processors"": """",
                    ""groups"": ""KeyboardMouse"",
                    ""action"": ""Move"",
                    ""isComposite"": false,
                    ""isPartOfComposite"": true
                },
                {
                    ""name"": ""Left"",
                    ""id"": ""6914a746-0bbb-4df7-a3de-3c435f820210"",
                    ""path"": ""<Keyboard>/a"",
                    ""interactions"": """",
                    ""processors"": """",
                    ""groups"": ""KeyboardMouse"",
                    ""action"": ""Move"",
                    ""isComposite"": false,
                    ""isPartOfComposite"": true
                },
                {
                    ""name"": ""Right"",
                    ""id"": ""780c19f0-d404-4f7b-9896-db35d3f4751c"",
                    ""path"": ""<Keyboard>/d"",
                    ""interactions"": """",
                    ""processors"": """",
                    ""groups"": ""KeyboardMouse"",
                    ""action"": ""Move"",
                    ""isComposite"": false,
                    ""isPartOfComposite"": true
                },
                {
                    ""name"": ""GamePad"",
                    ""id"": ""956dd8d5-cb8b-4893-bd1c-eea408c4d44b"",
                    ""path"": ""2DVector"",
                    ""interactions"": """",
                    ""processors"": """",
                    ""groups"": """",
                    ""action"": ""Move"",
                    ""isComposite"": true,
                    ""isPartOfComposite"": false
                },
                {
                    ""name"": ""up"",
                    ""id"": ""f28a7547-b0ea-46e5-9341-d105aabb1fdb"",
                    ""path"": ""<Gamepad>/leftStick/up"",
                    ""interactions"": """",
                    ""processors"": """",
                    ""groups"": ""GamePad"",
                    ""action"": ""Move"",
                    ""isComposite"": false,
                    ""isPartOfComposite"": true
                },
                {
                    ""name"": ""down"",
                    ""id"": ""26f3d432-4497-4971-8b72-38d921ce50fb"",
                    ""path"": ""<Gamepad>/leftStick/down"",
                    ""interactions"": """",
                    ""processors"": """",
                    ""groups"": ""GamePad"",
                    ""action"": ""Move"",
                    ""isComposite"": false,
                    ""isPartOfComposite"": true
                },
                {
                    ""name"": ""left"",
                    ""id"": ""cef22706-c23b-4a95-9077-198be32ceb6b"",
                    ""path"": ""<Gamepad>/leftStick/left"",
                    ""interactions"": """",
                    ""processors"": """",
                    ""groups"": ""GamePad"",
                    ""action"": ""Move"",
                    ""isComposite"": false,
                    ""isPartOfComposite"": true
                },
                {
                    ""name"": ""right"",
                    ""id"": ""ef34cdc2-81e6-46fe-8e33-ad3346c22cc4"",
                    ""path"": ""<Gamepad>/leftStick/right"",
                    ""interactions"": """",
                    ""processors"": """",
                    ""groups"": ""GamePad"",
                    ""action"": ""Move"",
                    ""isComposite"": false,
                    ""isPartOfComposite"": true
                },
                {
                    ""name"": ""Additional [Keybord]"",
                    ""id"": ""c5a40998-18d9-42ce-9cf3-62607e1b32ea"",
                    ""path"": ""2DVector"",
                    ""interactions"": """",
                    ""processors"": """",
                    ""groups"": """",
                    ""action"": ""Move"",
                    ""isComposite"": true,
                    ""isPartOfComposite"": false
                },
                {
                    ""name"": ""up"",
                    ""id"": ""632b6295-8e19-4cbf-8a1e-e36a1f7718e4"",
                    ""path"": ""<Keyboard>/upArrow"",
                    ""interactions"": """",
                    ""processors"": """",
                    ""groups"": ""KeyboardMouse"",
                    ""action"": ""Move"",
                    ""isComposite"": false,
                    ""isPartOfComposite"": true
                },
                {
                    ""name"": ""down"",
                    ""id"": ""0d304f8e-3758-4afa-914f-ef5e44b3288f"",
                    ""path"": ""<Keyboard>/downArrow"",
                    ""interactions"": """",
                    ""processors"": """",
                    ""groups"": ""KeyboardMouse"",
                    ""action"": ""Move"",
                    ""isComposite"": false,
                    ""isPartOfComposite"": true
                },
                {
                    ""name"": ""left"",
                    ""id"": ""8433bb2e-fc53-494b-a47c-63c6aa9b5ecf"",
                    ""path"": ""<Keyboard>/leftArrow"",
                    ""interactions"": """",
                    ""processors"": """",
                    ""groups"": ""KeyboardMouse"",
                    ""action"": ""Move"",
                    ""isComposite"": false,
                    ""isPartOfComposite"": true
                },
                {
                    ""name"": ""right"",
                    ""id"": ""66b05695-3b24-491c-beb6-7cc33746ce8d"",
                    ""path"": ""<Keyboard>/rightArrow"",
                    ""interactions"": """",
                    ""processors"": """",
                    ""groups"": ""KeyboardMouse"",
                    ""action"": ""Move"",
                    ""isComposite"": false,
                    ""isPartOfComposite"": true
                },
                {
                    ""name"": ""Additional [GamePad]"",
                    ""id"": ""212ed4f0-0a2a-4cb5-a63a-a978e6b8c010"",
                    ""path"": ""2DVector"",
                    ""interactions"": """",
                    ""processors"": """",
                    ""groups"": """",
                    ""action"": ""Move"",
                    ""isComposite"": true,
                    ""isPartOfComposite"": false
                },
                {
                    ""name"": ""up"",
                    ""id"": ""e7dfba13-2187-4424-a4a6-f45d06d8dd6f"",
                    ""path"": ""<Gamepad>/dpad/up"",
                    ""interactions"": """",
                    ""processors"": """",
                    ""groups"": ""GamePad"",
                    ""action"": ""Move"",
                    ""isComposite"": false,
                    ""isPartOfComposite"": true
                },
                {
                    ""name"": ""down"",
                    ""id"": ""bb04b9e0-a8b8-4926-ad4b-124d5f4910b6"",
                    ""path"": ""<Gamepad>/dpad/down"",
                    ""interactions"": """",
                    ""processors"": """",
                    ""groups"": ""GamePad"",
                    ""action"": ""Move"",
                    ""isComposite"": false,
                    ""isPartOfComposite"": true
                },
                {
                    ""name"": ""left"",
                    ""id"": ""7dd9c254-3cfb-4afd-8210-0e06e5481b31"",
                    ""path"": ""<Gamepad>/dpad/left"",
                    ""interactions"": """",
                    ""processors"": """",
                    ""groups"": ""GamePad"",
                    ""action"": ""Move"",
                    ""isComposite"": false,
                    ""isPartOfComposite"": true
                },
                {
                    ""name"": ""right"",
                    ""id"": ""782841b7-ba7e-4a80-8d2a-1d3cdcb5c9ac"",
                    ""path"": ""<Gamepad>/dpad/right"",
                    ""interactions"": """",
                    ""processors"": """",
                    ""groups"": ""GamePad"",
                    ""action"": ""Move"",
                    ""isComposite"": false,
                    ""isPartOfComposite"": true
                },
                {
                    ""name"": """",
                    ""id"": ""23ce7b84-bbd3-4dfc-b587-4c94fe4cd58c"",
                    ""path"": ""<Keyboard>/d"",
                    ""interactions"": """",
                    ""processors"": """",
                    ""groups"": ""KeyboardMouse"",
                    ""action"": ""MoveRight"",
                    ""isComposite"": false,
                    ""isPartOfComposite"": false
                },
                {
                    ""name"": """",
                    ""id"": ""16a9c069-5acc-4100-992c-4273efe9edec"",
                    ""path"": ""<Keyboard>/rightArrow"",
                    ""interactions"": """",
                    ""processors"": """",
                    ""groups"": ""KeyboardMouse"",
                    ""action"": ""MoveRight"",
                    ""isComposite"": false,
                    ""isPartOfComposite"": false
                },
                {
                    ""name"": """",
                    ""id"": ""381b4e6c-94cb-499a-9248-c81263659f55"",
                    ""path"": ""<Gamepad>/dpad/right"",
                    ""interactions"": """",
                    ""processors"": """",
                    ""groups"": ""GamePad"",
                    ""action"": ""MoveRight"",
                    ""isComposite"": false,
                    ""isPartOfComposite"": false
                },
                {
                    ""name"": """",
                    ""id"": ""c7ae7d90-bca9-47ac-8550-171ef1fcc121"",
                    ""path"": ""<Gamepad>/leftStick/right"",
                    ""interactions"": """",
                    ""processors"": """",
                    ""groups"": ""GamePad"",
                    ""action"": ""MoveRight"",
                    ""isComposite"": false,
                    ""isPartOfComposite"": false
                },
                {
                    ""name"": """",
                    ""id"": ""2ca97afb-d82e-4b6d-9be1-47e40779422e"",
                    ""path"": ""<Keyboard>/a"",
                    ""interactions"": """",
                    ""processors"": """",
                    ""groups"": ""KeyboardMouse"",
                    ""action"": ""MoveLeft"",
                    ""isComposite"": false,
                    ""isPartOfComposite"": false
                },
                {
                    ""name"": """",
                    ""id"": ""695be3ed-d941-4576-996f-a800b84810b4"",
                    ""path"": ""<Keyboard>/leftArrow"",
                    ""interactions"": """",
                    ""processors"": """",
                    ""groups"": ""KeyboardMouse"",
                    ""action"": ""MoveLeft"",
                    ""isComposite"": false,
                    ""isPartOfComposite"": false
                },
                {
                    ""name"": """",
                    ""id"": ""8c73af83-b205-401f-a699-9af0e70a17f6"",
                    ""path"": ""<Gamepad>/dpad/left"",
                    ""interactions"": """",
                    ""processors"": """",
                    ""groups"": ""GamePad"",
                    ""action"": ""MoveLeft"",
                    ""isComposite"": false,
                    ""isPartOfComposite"": false
                },
                {
                    ""name"": """",
                    ""id"": ""af13d2aa-af5c-471e-bbda-9dc0863da16d"",
                    ""path"": ""<Gamepad>/leftStick/left"",
                    ""interactions"": """",
                    ""processors"": """",
                    ""groups"": ""GamePad"",
                    ""action"": ""MoveLeft"",
                    ""isComposite"": false,
                    ""isPartOfComposite"": false
                },
                {
                    ""name"": """",
                    ""id"": ""cd628212-7994-4b07-9b7a-7f920e2f4b4f"",
                    ""path"": """",
                    ""interactions"": """",
                    ""processors"": """",
                    ""groups"": ""KeyboardMouse"",
                    ""action"": ""MoveLast"",
                    ""isComposite"": false,
                    ""isPartOfComposite"": false
                },
                {
                    ""name"": """",
                    ""id"": ""fe203063-f202-4738-ace3-534f5a122385"",
                    ""path"": """",
                    ""interactions"": """",
                    ""processors"": """",
                    ""groups"": ""GamePad"",
                    ""action"": ""MoveLast"",
                    ""isComposite"": false,
                    ""isPartOfComposite"": false
                },
                {
                    ""name"": """",
                    ""id"": ""4a78fe0d-6c6c-431b-b2ae-48098e8bbef4"",
                    ""path"": """",
                    ""interactions"": """",
                    ""processors"": """",
                    ""groups"": ""KeyboardMouse"",
                    ""action"": ""MoveNext"",
                    ""isComposite"": false,
                    ""isPartOfComposite"": false
                },
                {
                    ""name"": """",
                    ""id"": ""a0fd4fa0-ea77-4c37-89dc-cab98529d231"",
                    ""path"": """",
                    ""interactions"": """",
                    ""processors"": """",
                    ""groups"": ""GamePad"",
                    ""action"": ""MoveNext"",
                    ""isComposite"": false,
                    ""isPartOfComposite"": false
                },
                {
                    ""name"": """",
                    ""id"": ""76e95500-7f44-4a99-8f49-3dc758af2dac"",
                    ""path"": """",
                    ""interactions"": """",
                    ""processors"": """",
                    ""groups"": ""KeyboardMouse"",
                    ""action"": ""Cancel"",
                    ""isComposite"": false,
                    ""isPartOfComposite"": false
                },
                {
                    ""name"": """",
                    ""id"": ""73d95f61-ae1e-4711-b550-27f7448a1084"",
                    ""path"": """",
                    ""interactions"": """",
                    ""processors"": """",
                    ""groups"": ""GamePad"",
                    ""action"": ""Cancel"",
                    ""isComposite"": false,
                    ""isPartOfComposite"": false
                },
                {
                    ""name"": """",
                    ""id"": ""a7e3285a-2955-4660-a01a-8ea1d966a664"",
                    ""path"": ""<Keyboard>/f"",
                    ""interactions"": """",
                    ""processors"": """",
                    ""groups"": ""KeyboardMouse"",
                    ""action"": ""DisposeItemHold"",
                    ""isComposite"": false,
                    ""isPartOfComposite"": false
                },
                {
                    ""name"": """",
                    ""id"": ""fabc7320-a67b-4c6d-8f27-1395f00da37e"",
                    ""path"": ""<Gamepad>/leftTrigger"",
                    ""interactions"": """",
                    ""processors"": """",
                    ""groups"": ""GamePad"",
                    ""action"": ""DisposeItemHold"",
                    ""isComposite"": false,
                    ""isPartOfComposite"": false
                },
                {
                    ""name"": """",
                    ""id"": ""be8c6bfc-b470-40ed-b098-ca6269b0fe2b"",
                    ""path"": """",
                    ""interactions"": """",
                    ""processors"": """",
                    ""groups"": ""KeyboardMouse"",
                    ""action"": ""DisposeItemHold"",
                    ""isComposite"": false,
                    ""isPartOfComposite"": false
                },
                {
                    ""name"": """",
                    ""id"": ""97844517-75ab-4863-a409-218f3bb856bd"",
                    ""path"": """",
                    ""interactions"": """",
                    ""processors"": """",
                    ""groups"": ""GamePad"",
                    ""action"": ""DisposeItemHold"",
                    ""isComposite"": false,
                    ""isPartOfComposite"": false
                },
                {
                    ""name"": """",
                    ""id"": ""24bf8bcd-c806-4925-a3f8-a2a4ad69c35a"",
                    ""path"": ""<Keyboard>/c"",
                    ""interactions"": """",
                    ""processors"": """",
                    ""groups"": ""KeyboardMouse"",
                    ""action"": ""PutMaxItemHold"",
                    ""isComposite"": false,
                    ""isPartOfComposite"": false
                },
                {
                    ""name"": """",
                    ""id"": ""5fa81fcb-a051-4840-a4eb-c44efeeba8e6"",
                    ""path"": ""<Gamepad>/rightTrigger"",
                    ""interactions"": """",
                    ""processors"": """",
                    ""groups"": ""GamePad"",
                    ""action"": ""PutMaxItemHold"",
                    ""isComposite"": false,
                    ""isPartOfComposite"": false
                },
                {
                    ""name"": """",
                    ""id"": ""21fc0631-e876-4a7f-b375-720845c7de10"",
                    ""path"": """",
                    ""interactions"": """",
                    ""processors"": """",
                    ""groups"": ""KeyboardMouse"",
                    ""action"": ""PutMaxItemHold"",
                    ""isComposite"": false,
                    ""isPartOfComposite"": false
                },
                {
                    ""name"": """",
                    ""id"": ""782dfa77-9926-4a51-8e28-7b22c05c52d7"",
                    ""path"": """",
                    ""interactions"": """",
                    ""processors"": """",
                    ""groups"": ""GamePad"",
                    ""action"": ""PutMaxItemHold"",
                    ""isComposite"": false,
                    ""isPartOfComposite"": false
                },
                {
                    ""name"": """",
                    ""id"": ""31ee511a-6e0c-4d7c-8007-4628a12ae0ea"",
                    ""path"": ""<Keyboard>/q"",
                    ""interactions"": """",
                    ""processors"": """",
                    ""groups"": ""KeyboardMouse"",
                    ""action"": ""ToggleMissionPanel"",
                    ""isComposite"": false,
                    ""isPartOfComposite"": false
                },
                {
                    ""name"": """",
                    ""id"": ""c44a50e6-8d3a-40cc-80fc-7902d6f98a1c"",
                    ""path"": ""<Gamepad>/dpad/left"",
                    ""interactions"": """",
                    ""processors"": """",
                    ""groups"": ""GamePad"",
                    ""action"": ""ToggleMissionPanel"",
                    ""isComposite"": false,
                    ""isPartOfComposite"": false
                },
                {
                    ""name"": """",
                    ""id"": ""d5eec0d7-3076-40ae-ae90-673788f84db3"",
                    ""path"": """",
                    ""interactions"": """",
                    ""processors"": """",
                    ""groups"": ""KeyboardMouse"",
                    ""action"": ""ToggleMissionPanel"",
                    ""isComposite"": false,
                    ""isPartOfComposite"": false
                },
                {
                    ""name"": """",
                    ""id"": ""1c7d945c-187f-4efb-ac2b-b3e447d0dda9"",
                    ""path"": """",
                    ""interactions"": """",
                    ""processors"": """",
                    ""groups"": ""GamePad"",
                    ""action"": ""ToggleMissionPanel"",
                    ""isComposite"": false,
                    ""isPartOfComposite"": false
                },
                {
                    ""name"": """",
                    ""id"": ""1ae14ca3-8282-4b26-8ac1-c027c001f666"",
                    ""path"": ""<Keyboard>/t"",
                    ""interactions"": """",
                    ""processors"": """",
                    ""groups"": ""KeyboardMouse"",
                    ""action"": ""ToggleTechTree"",
                    ""isComposite"": false,
                    ""isPartOfComposite"": false
                },
                {
                    ""name"": """",
                    ""id"": ""db529801-cfbb-4356-a4a7-cdbb2441b12c"",
                    ""path"": ""<Gamepad>/dpad/right"",
                    ""interactions"": """",
                    ""processors"": """",
                    ""groups"": ""GamePad"",
                    ""action"": ""ToggleTechTree"",
                    ""isComposite"": false,
                    ""isPartOfComposite"": false
                },
                {
                    ""name"": """",
                    ""id"": ""55d470fc-350c-4eb5-aa0c-b80efec99f7f"",
                    ""path"": """",
                    ""interactions"": """",
                    ""processors"": """",
                    ""groups"": ""KeyboardMouse"",
                    ""action"": ""ToggleTechTree"",
                    ""isComposite"": false,
                    ""isPartOfComposite"": false
                },
                {
                    ""name"": """",
                    ""id"": ""50454ff4-debb-4855-b5df-3b6d0a7d9a91"",
                    ""path"": """",
                    ""interactions"": """",
                    ""processors"": """",
                    ""groups"": ""GamePad"",
                    ""action"": ""ToggleTechTree"",
                    ""isComposite"": false,
                    ""isPartOfComposite"": false
                },
                {
                    ""name"": """",
                    ""id"": ""ae77568a-05c8-449b-bea9-5da16505e923"",
                    ""path"": ""<Keyboard>/b"",
                    ""interactions"": """",
                    ""processors"": """",
                    ""groups"": ""KeyboardMouse"",
                    ""action"": ""ToggleBackpack"",
                    ""isComposite"": false,
                    ""isPartOfComposite"": false
                },
                {
                    ""name"": """",
                    ""id"": ""ff5eb396-1bc0-489c-809e-74ae20fa77d7"",
                    ""path"": ""<Gamepad>/dpad/up"",
                    ""interactions"": """",
                    ""processors"": """",
                    ""groups"": ""GamePad"",
                    ""action"": ""ToggleBackpack"",
                    ""isComposite"": false,
                    ""isPartOfComposite"": false
                },
                {
                    ""name"": """",
                    ""id"": ""ba7fb75b-dd0f-42ae-b5fb-d16a1261d86f"",
                    ""path"": """",
                    ""interactions"": """",
                    ""processors"": """",
                    ""groups"": ""KeyboardMouse"",
                    ""action"": ""ToggleBackpack"",
                    ""isComposite"": false,
                    ""isPartOfComposite"": false
                },
                {
                    ""name"": """",
                    ""id"": ""26a0669d-41b9-4412-a811-4cd12fc10520"",
                    ""path"": """",
                    ""interactions"": """",
                    ""processors"": """",
                    ""groups"": ""GamePad"",
                    ""action"": ""ToggleBackpack"",
                    ""isComposite"": false,
                    ""isPartOfComposite"": false
                },
                {
                    ""name"": """",
                    ""id"": ""6bab58eb-f6f9-49fe-b813-e6aad3402fb2"",
                    ""path"": ""<Keyboard>/m"",
                    ""interactions"": """",
                    ""processors"": """",
                    ""groups"": ""KeyboardMouse"",
                    ""action"": ""ToggleMap"",
                    ""isComposite"": false,
                    ""isPartOfComposite"": false
                },
                {
                    ""name"": """",
                    ""id"": ""a88fa7cb-ede9-4c18-bc2e-dfd622abf372"",
                    ""path"": ""<Gamepad>/select"",
                    ""interactions"": """",
                    ""processors"": """",
                    ""groups"": ""GamePad"",
                    ""action"": ""ToggleMap"",
                    ""isComposite"": false,
                    ""isPartOfComposite"": false
                },
                {
                    ""name"": """",
                    ""id"": ""2724b416-2dae-4637-9e15-ba4771b664d6"",
                    ""path"": """",
                    ""interactions"": """",
                    ""processors"": """",
                    ""groups"": ""KeyboardMouse"",
                    ""action"": ""ToggleMap"",
                    ""isComposite"": false,
                    ""isPartOfComposite"": false
                },
                {
                    ""name"": """",
                    ""id"": ""2d007b69-7c1b-44c7-a627-af8264374ba8"",
                    ""path"": """",
                    ""interactions"": """",
                    ""processors"": """",
                    ""groups"": ""GamePad"",
                    ""action"": ""ToggleMap"",
                    ""isComposite"": false,
                    ""isPartOfComposite"": false
                },
                {
                    ""name"": """",
                    ""id"": ""1dc3de2b-1048-45be-adf7-7d9f3d2c3baf"",
                    ""path"": ""<Keyboard>/escape"",
                    ""interactions"": """",
                    ""processors"": """",
                    ""groups"": ""KeyboardMouse"",
                    ""action"": ""ToggleMenu"",
                    ""isComposite"": false,
                    ""isPartOfComposite"": false
                },
                {
                    ""name"": """",
                    ""id"": ""fd6e024c-a61d-45e7-91c4-fe0bcbb363b7"",
                    ""path"": ""<Gamepad>/start"",
                    ""interactions"": """",
                    ""processors"": """",
                    ""groups"": ""GamePad"",
                    ""action"": ""ToggleMenu"",
                    ""isComposite"": false,
                    ""isPartOfComposite"": false
                },
                {
                    ""name"": """",
                    ""id"": ""a95a8953-5358-4604-ba5a-1a7dbe4b2827"",
                    ""path"": """",
                    ""interactions"": """",
                    ""processors"": """",
                    ""groups"": ""KeyboardMouse"",
                    ""action"": ""ToggleMenu"",
                    ""isComposite"": false,
                    ""isPartOfComposite"": false
                },
                {
                    ""name"": """",
                    ""id"": ""1e49f621-bc01-45bf-8d59-30479b26de32"",
                    ""path"": """",
                    ""interactions"": """",
                    ""processors"": """",
                    ""groups"": ""GamePad"",
                    ""action"": ""ToggleMenu"",
                    ""isComposite"": false,
                    ""isPartOfComposite"": false
                },
                {
                    ""name"": """",
                    ""id"": ""fd649844-4fb2-4c67-aaaf-a1ab8e938f33"",
                    ""path"": ""<Keyboard>/e"",
                    ""interactions"": """",
                    ""processors"": """",
                    ""groups"": ""KeyboardMouse"",
                    ""action"": ""Interact"",
                    ""isComposite"": false,
                    ""isPartOfComposite"": false
                },
                {
                    ""name"": """",
                    ""id"": ""b3b8cf46-d779-4305-96db-db13637f16e9"",
                    ""path"": ""<Gamepad>/buttonSouth"",
                    ""interactions"": """",
                    ""processors"": """",
                    ""groups"": ""GamePad"",
                    ""action"": ""Interact"",
                    ""isComposite"": false,
                    ""isPartOfComposite"": false
                },
                {
                    ""name"": """",
                    ""id"": ""85bfb8c7-8243-49a8-bd34-21fa57506d43"",
                    ""path"": """",
                    ""interactions"": """",
                    ""processors"": """",
                    ""groups"": ""KeyboardMouse"",
                    ""action"": ""Interact"",
                    ""isComposite"": false,
                    ""isPartOfComposite"": false
                },
                {
                    ""name"": """",
                    ""id"": ""00f91a28-9a09-4bec-b571-8f6599c6a014"",
                    ""path"": """",
                    ""interactions"": """",
                    ""processors"": """",
                    ""groups"": ""GamePad"",
                    ""action"": ""Interact"",
                    ""isComposite"": false,
                    ""isPartOfComposite"": false
                },
                {
                    ""name"": """",
                    ""id"": ""d8bcd590-c85f-446e-82fa-6dcbe93d1d1d"",
                    ""path"": ""<Mouse>/scroll/up"",
                    ""interactions"": """",
                    ""processors"": """",
                    ""groups"": ""KeyboardMouse"",
                    ""action"": ""QuickSelectPrev"",
                    ""isComposite"": false,
                    ""isPartOfComposite"": false
                },
                {
                    ""name"": """",
                    ""id"": ""bfcaee50-06de-447b-b37c-db01202e6d28"",
                    ""path"": ""<Keyboard>/c"",
                    ""interactions"": """",
                    ""processors"": """",
                    ""groups"": ""KeyboardMouse"",
                    ""action"": ""QuickSelectPrev"",
                    ""isComposite"": false,
                    ""isPartOfComposite"": false
                },
                {
                    ""name"": """",
                    ""id"": ""da413a62-6e60-452a-92f0-08d8bf3017f9"",
                    ""path"": ""<Gamepad>/leftShoulder"",
                    ""interactions"": """",
                    ""processors"": """",
                    ""groups"": ""GamePad"",
                    ""action"": ""QuickSelectPrev"",
                    ""isComposite"": false,
                    ""isPartOfComposite"": false
                },
                {
                    ""name"": """",
                    ""id"": ""4464655e-ab93-4c02-9393-47f8de15e4b4"",
                    ""path"": """",
                    ""interactions"": """",
                    ""processors"": """",
                    ""groups"": ""GamePad"",
                    ""action"": ""QuickSelectPrev"",
                    ""isComposite"": false,
                    ""isPartOfComposite"": false
                },
                {
                    ""name"": """",
                    ""id"": ""8719dc89-2cf9-4a20-848a-f58c53e1c7ec"",
                    ""path"": ""<Mouse>/rightButton"",
                    ""interactions"": """",
                    ""processors"": """",
                    ""groups"": ""KeyboardMouse"",
                    ""action"": ""SpeedUp"",
                    ""isComposite"": false,
                    ""isPartOfComposite"": false
                },
                {
                    ""name"": """",
                    ""id"": ""ced54858-fe0c-46e3-bda8-43646ce98e52"",
                    ""path"": ""<Keyboard>/escape"",
                    ""interactions"": """",
                    ""processors"": """",
                    ""groups"": ""KeyboardMouse"",
                    ""action"": ""SpeedUp"",
                    ""isComposite"": false,
                    ""isPartOfComposite"": false
                },
                {
                    ""name"": """",
                    ""id"": ""b5b5a6ec-440d-4647-99d1-3b0f6a4561a3"",
                    ""path"": ""<Gamepad>/buttonEast"",
                    ""interactions"": """",
                    ""processors"": """",
                    ""groups"": ""GamePad"",
                    ""action"": ""SpeedUp"",
                    ""isComposite"": false,
                    ""isPartOfComposite"": false
                },
                {
                    ""name"": """",
                    ""id"": ""c3c2f5f5-3754-4980-8167-76ff2bb711f1"",
                    ""path"": """",
                    ""interactions"": """",
                    ""processors"": """",
                    ""groups"": ""GamePad"",
                    ""action"": ""SpeedUp"",
                    ""isComposite"": false,
                    ""isPartOfComposite"": false
                },
                {
                    ""name"": """",
                    ""id"": ""2978791c-ebd6-4add-b62c-583e5bb6c5b5"",
                    ""path"": ""<Keyboard>/leftShift"",
                    ""interactions"": """",
                    ""processors"": """",
                    ""groups"": ""KeyboardMouse"",
                    ""action"": ""AssistSplit"",
                    ""isComposite"": false,
                    ""isPartOfComposite"": false
                },
                {
                    ""name"": """",
                    ""id"": ""08360530-4437-4fdb-87d5-4793e2c31f0f"",
                    ""path"": """",
                    ""interactions"": """",
                    ""processors"": """",
                    ""groups"": ""KeyboardMouse"",
                    ""action"": ""AssistSplit"",
                    ""isComposite"": false,
                    ""isPartOfComposite"": false
                },
                {
                    ""name"": """",
                    ""id"": ""7a5d4cd6-4201-4317-a1f1-efa74c99323a"",
                    ""path"": """",
                    ""interactions"": """",
                    ""processors"": """",
                    ""groups"": ""GamePad"",
                    ""action"": ""AssistSplit"",
                    ""isComposite"": false,
                    ""isPartOfComposite"": false
                },
                {
                    ""name"": """",
                    ""id"": ""c201d653-08d6-40c5-a0b8-9f232395fa0e"",
                    ""path"": """",
                    ""interactions"": """",
                    ""processors"": """",
                    ""groups"": ""GamePad"",
                    ""action"": ""AssistSplit"",
                    ""isComposite"": false,
                    ""isPartOfComposite"": false
                },
                {
                    ""name"": """",
                    ""id"": ""023d3d7e-048e-4e62-a9d4-79598ceba3e8"",
                    ""path"": ""<Mouse>/scroll/down"",
                    ""interactions"": """",
                    ""processors"": """",
                    ""groups"": ""KeyboardMouse"",
                    ""action"": ""QuickSelectNext"",
                    ""isComposite"": false,
                    ""isPartOfComposite"": false
                },
                {
                    ""name"": """",
                    ""id"": ""f380bc5d-c7db-4e49-b853-8682b0dfb923"",
                    ""path"": ""<Keyboard>/v"",
                    ""interactions"": """",
                    ""processors"": """",
                    ""groups"": ""KeyboardMouse"",
                    ""action"": ""QuickSelectNext"",
                    ""isComposite"": false,
                    ""isPartOfComposite"": false
                },
                {
                    ""name"": """",
                    ""id"": ""f5965fe6-90bc-4d5d-aaac-8ab89659e2dc"",
                    ""path"": ""<Gamepad>/rightShoulder"",
                    ""interactions"": """",
                    ""processors"": """",
                    ""groups"": ""GamePad"",
                    ""action"": ""QuickSelectNext"",
                    ""isComposite"": false,
                    ""isPartOfComposite"": false
                },
                {
                    ""name"": """",
                    ""id"": ""5458d2c3-f36f-4c58-b34e-024d71c690f0"",
                    ""path"": """",
                    ""interactions"": """",
                    ""processors"": """",
                    ""groups"": ""GamePad"",
                    ""action"": ""QuickSelectNext"",
                    ""isComposite"": false,
                    ""isPartOfComposite"": false
                },
                {
                    ""name"": """",
                    ""id"": ""f1a36271-8a01-41d2-8f92-f7d236150e22"",
                    ""path"": ""<Keyboard>/space"",
                    ""interactions"": """",
                    ""processors"": """",
                    ""groups"": ""KeyboardMouse"",
                    ""action"": ""ConfirmHold"",
                    ""isComposite"": false,
                    ""isPartOfComposite"": false
                },
                {
                    ""name"": """",
                    ""id"": ""6416ba6b-a48a-442c-9eb1-4283a3f88dcc"",
                    ""path"": ""<Keyboard>/enter"",
                    ""interactions"": """",
                    ""processors"": """",
                    ""groups"": ""KeyboardMouse"",
                    ""action"": ""ConfirmHold"",
                    ""isComposite"": false,
                    ""isPartOfComposite"": false
                },
                {
                    ""name"": """",
                    ""id"": ""cd79fc42-fdd2-4899-93c2-6d372c7950c8"",
                    ""path"": ""<Gamepad>/buttonSouth"",
                    ""interactions"": """",
                    ""processors"": """",
                    ""groups"": ""GamePad"",
                    ""action"": ""ConfirmHold"",
                    ""isComposite"": false,
                    ""isPartOfComposite"": false
                },
                {
                    ""name"": """",
                    ""id"": ""15896f80-a4bc-4ea0-8847-0607dc8b89e8"",
                    ""path"": """",
                    ""interactions"": """",
                    ""processors"": """",
                    ""groups"": ""GamePad"",
                    ""action"": ""ConfirmHold"",
                    ""isComposite"": false,
                    ""isPartOfComposite"": false
                },
                {
                    ""name"": """",
                    ""id"": ""3313ddd5-683c-41a2-ac0b-4ac64aa7b199"",
                    ""path"": ""<Keyboard>/backquote"",
                    ""interactions"": """",
                    ""processors"": """",
                    ""groups"": ""KeyboardMouse"",
                    ""action"": ""ToggleCollectionBook"",
                    ""isComposite"": false,
                    ""isPartOfComposite"": false
                },
                {
                    ""name"": """",
                    ""id"": ""ed55c9b4-9d32-4140-b255-f1e1fbc3b993"",
                    ""path"": """",
                    ""interactions"": """",
                    ""processors"": """",
                    ""groups"": ""KeyboardMouse"",
                    ""action"": ""ToggleCollectionBook"",
                    ""isComposite"": false,
                    ""isPartOfComposite"": false
                },
                {
                    ""name"": """",
                    ""id"": ""a2bcadb7-263c-43bd-87dd-9ceda859d87c"",
                    ""path"": """",
                    ""interactions"": """",
                    ""processors"": """",
                    ""groups"": ""GamePad"",
                    ""action"": ""ToggleCollectionBook"",
                    ""isComposite"": false,
                    ""isPartOfComposite"": false
                },
                {
                    ""name"": """",
                    ""id"": ""fbdac76c-627a-4688-8fb8-512bed795ac4"",
                    ""path"": """",
                    ""interactions"": """",
                    ""processors"": """",
                    ""groups"": ""GamePad"",
                    ""action"": ""ToggleCollectionBook"",
                    ""isComposite"": false,
                    ""isPartOfComposite"": false
                },
                {
                    ""name"": """",
                    ""id"": ""fddee558-03ec-4880-ac47-b6e6445d53c1"",
                    ""path"": ""<Keyboard>/q"",
                    ""interactions"": """",
                    ""processors"": """",
                    ""groups"": ""KeyboardMouse"",
                    ""action"": ""ToggleDialogueHistory"",
                    ""isComposite"": false,
                    ""isPartOfComposite"": false
                },
                {
                    ""name"": """",
                    ""id"": ""c6cd0931-d8fb-4ce1-88a1-902d552a3d4f"",
                    ""path"": ""<Gamepad>/start"",
                    ""interactions"": """",
                    ""processors"": """",
                    ""groups"": ""GamePad"",
                    ""action"": ""ToggleDialogueHistory"",
                    ""isComposite"": false,
                    ""isPartOfComposite"": false
                },
                {
                    ""name"": """",
                    ""id"": ""3efb5962-270b-4ef4-82ba-ac19a294e313"",
                    ""path"": """",
                    ""interactions"": """",
                    ""processors"": """",
                    ""groups"": ""KeyboardMouse"",
                    ""action"": ""ToggleDialogueHistory"",
                    ""isComposite"": false,
                    ""isPartOfComposite"": false
                },
                {
                    ""name"": """",
                    ""id"": ""ee2cd4f1-e9cb-4492-804c-07b032d7e1cc"",
                    ""path"": """",
                    ""interactions"": """",
                    ""processors"": """",
                    ""groups"": ""GamePad"",
                    ""action"": ""ToggleDialogueHistory"",
                    ""isComposite"": false,
                    ""isPartOfComposite"": false
                },
                {
                    ""name"": """",
                    ""id"": ""e581e0ba-97a9-44f4-99db-5afd8beee9fb"",
                    ""path"": ""<Keyboard>/r"",
                    ""interactions"": """",
                    ""processors"": """",
                    ""groups"": ""KeyboardMouse"",
                    ""action"": ""SortItemHold"",
                    ""isComposite"": false,
                    ""isPartOfComposite"": false
                },
                {
                    ""name"": """",
                    ""id"": ""a0bb9363-2d12-4282-a849-d887667b261f"",
                    ""path"": ""<Gamepad>/buttonNorth"",
                    ""interactions"": """",
                    ""processors"": """",
                    ""groups"": ""GamePad"",
                    ""action"": ""SortItemHold"",
                    ""isComposite"": false,
                    ""isPartOfComposite"": false
                },
                {
                    ""name"": """",
                    ""id"": ""e69089d1-92c8-4747-b9da-1954e42cb276"",
                    ""path"": """",
                    ""interactions"": """",
                    ""processors"": """",
                    ""groups"": ""KeyboardMouse"",
                    ""action"": ""SortItemHold"",
                    ""isComposite"": false,
                    ""isPartOfComposite"": false
                },
                {
                    ""name"": """",
                    ""id"": ""1109fecf-546c-4360-83d7-84a436a33158"",
                    ""path"": """",
                    ""interactions"": """",
                    ""processors"": """",
                    ""groups"": ""GamePad"",
                    ""action"": ""SortItemHold"",
                    ""isComposite"": false,
                    ""isPartOfComposite"": false
                },
                {
                    ""name"": """",
                    ""id"": ""71014bdf-1599-43b6-b367-7802a811452d"",
                    ""path"": """",
                    ""interactions"": """",
                    ""processors"": """",
                    ""groups"": ""KeyboardMouse"",
                    ""action"": ""LockItem"",
                    ""isComposite"": false,
                    ""isPartOfComposite"": false
                },
                {
                    ""name"": """",
                    ""id"": ""a5cdc78f-63af-4681-b7ec-5cf95ab9765b"",
                    ""path"": """",
                    ""interactions"": """",
                    ""processors"": """",
                    ""groups"": ""KeyboardMouse"",
                    ""action"": ""LockItem"",
                    ""isComposite"": false,
                    ""isPartOfComposite"": false
                },
                {
                    ""name"": """",
                    ""id"": ""ff05c7d6-daae-479e-b236-645b84f9ae2e"",
                    ""path"": """",
                    ""interactions"": """",
                    ""processors"": """",
                    ""groups"": ""GamePad"",
                    ""action"": ""LockItem"",
                    ""isComposite"": false,
                    ""isPartOfComposite"": false
                },
                {
                    ""name"": """",
                    ""id"": ""41ff495a-d8a3-4fc0-ae4b-af0e258b2c20"",
                    ""path"": """",
                    ""interactions"": """",
                    ""processors"": """",
                    ""groups"": ""GamePad"",
                    ""action"": ""LockItem"",
                    ""isComposite"": false,
                    ""isPartOfComposite"": false
                },
                {
                    ""name"": """",
                    ""id"": ""e6b3e004-b29c-4e21-9a98-450f18701b20"",
                    ""path"": ""<Mouse>/middleButton"",
                    ""interactions"": """",
                    ""processors"": """",
                    ""groups"": ""KeyboardMouse"",
                    ""action"": ""MiscellaneousFunction"",
                    ""isComposite"": false,
                    ""isPartOfComposite"": false
                },
                {
                    ""name"": """",
                    ""id"": ""b37ea51e-65d8-4ad2-9cb2-64d368aac463"",
                    ""path"": ""<Gamepad>/rightStickPress"",
                    ""interactions"": """",
                    ""processors"": """",
                    ""groups"": ""GamePad"",
                    ""action"": ""MiscellaneousFunction"",
                    ""isComposite"": false,
                    ""isPartOfComposite"": false
                },
                {
                    ""name"": """",
                    ""id"": ""6efca78c-63d6-4d01-919b-bae218973a00"",
                    ""path"": """",
                    ""interactions"": """",
                    ""processors"": """",
                    ""groups"": ""KeyboardMouse"",
                    ""action"": ""MiscellaneousFunction"",
                    ""isComposite"": false,
                    ""isPartOfComposite"": false
                },
                {
                    ""name"": """",
                    ""id"": ""d591dd45-af46-4f63-a586-ff9c720e3523"",
                    ""path"": """",
                    ""interactions"": """",
                    ""processors"": """",
                    ""groups"": ""GamePad"",
                    ""action"": ""MiscellaneousFunction"",
                    ""isComposite"": false,
                    ""isPartOfComposite"": false
                }
            ]
        },
        {
            ""name"": ""Global"",
            ""id"": ""44e86a58-9ed5-4eae-af9f-7e043b97ea62"",
            ""actions"": [
                {
                    ""name"": ""Point"",
                    ""type"": ""PassThrough"",
                    ""id"": ""650f331d-d790-4ed2-a777-fdf9546e4ed0"",
                    ""expectedControlType"": ""Vector2"",
                    ""processors"": """",
                    ""interactions"": """",
                    ""initialStateCheck"": true
                },
                {
                    ""name"": ""Click"",
                    ""type"": ""PassThrough"",
                    ""id"": ""93c6b05f-0c6d-4efa-8d5d-64315e40cfbd"",
                    ""expectedControlType"": ""Button"",
                    ""processors"": """",
                    ""interactions"": """",
                    ""initialStateCheck"": true
                },
                {
                    ""name"": ""RightClick"",
                    ""type"": ""PassThrough"",
                    ""id"": ""e2ed8426-b439-4148-9f32-c81a563b0ff1"",
                    ""expectedControlType"": ""Button"",
                    ""processors"": """",
                    ""interactions"": """",
                    ""initialStateCheck"": false
                },
                {
                    ""name"": ""CursorPosition"",
                    ""type"": ""Value"",
                    ""id"": ""81d19834-8bb7-4dd1-9f69-d11fb81e0cc0"",
                    ""expectedControlType"": ""Vector2"",
                    ""processors"": """",
                    ""interactions"": """",
                    ""initialStateCheck"": true
                }
            ],
            ""bindings"": [
                {
                    ""name"": """",
                    ""id"": ""8c9f4045-25f4-4e45-a6ab-247f82da3843"",
                    ""path"": ""<Mouse>/position"",
                    ""interactions"": """",
                    ""processors"": """",
                    ""groups"": ""KeyboardMouse"",
                    ""action"": ""CursorPosition"",
                    ""isComposite"": false,
                    ""isPartOfComposite"": false
                },
                {
                    ""name"": """",
                    ""id"": ""5a42c923-9945-46d9-95dd-2c08740aea77"",
                    ""path"": ""<Mouse>/leftButton"",
                    ""interactions"": """",
                    ""processors"": """",
                    ""groups"": ""KeyboardMouse"",
                    ""action"": ""Click"",
                    ""isComposite"": false,
                    ""isPartOfComposite"": false
                },
                {
                    ""name"": """",
                    ""id"": ""5bc4f2bb-5b18-48e2-a715-e330ff013683"",
                    ""path"": ""<Mouse>/position"",
                    ""interactions"": """",
                    ""processors"": """",
                    ""groups"": ""KeyboardMouse"",
                    ""action"": ""Point"",
                    ""isComposite"": false,
                    ""isPartOfComposite"": false
                },
                {
                    ""name"": """",
                    ""id"": ""fd33ca46-2a1f-4877-b77b-69f728fbb6eb"",
                    ""path"": ""<Mouse>/rightButton"",
                    ""interactions"": """",
                    ""processors"": """",
                    ""groups"": ""KeyboardMouse"",
                    ""action"": ""RightClick"",
                    ""isComposite"": false,
                    ""isPartOfComposite"": false
                }
            ]
        }
    ],
    ""controlSchemes"": [
        {
            ""name"": ""KeyboardMouse"",
            ""bindingGroup"": ""KeyboardMouse"",
            ""devices"": []
        },
        {
            ""name"": ""GamePad"",
            ""bindingGroup"": ""GamePad"",
            ""devices"": []
        }
    ]
}"
"DolocInputSource",".ctor","System.Void DolocInputSource::.ctor()","IL_030B","14","ToggleTechTree"
"DolocInputSource",".ctor","System.Void DolocInputSource::.ctor()","IL_086F","14","ToggleTechTree"
"DolocUtils","Colored","System.String DolocUtils::Colored(System.String,UnityEngine.Color)","IL_0008","7","<color="
"DolocUtils","Colored","System.String DolocUtils::Colored(System.String,UnityEngine.Color)","IL_0019","1",">"
"DolocUtils","Colored","System.String DolocUtils::Colored(System.String,UnityEngine.Color)","IL_0025","8","</color>"
"DolocUtils","Colored","System.String DolocUtils::Colored(System.String,System.String)","IL_0008","7","<color="
"DolocUtils","Colored","System.String DolocUtils::Colored(System.String,System.String)","IL_0014","1",">"
"DolocUtils","Colored","System.String DolocUtils::Colored(System.String,System.String)","IL_0020","8","</color>"
"DolocAssetCache","CheckHandleState","System.Void DolocAssetCache::CheckHandleState(UnityEngine.ResourceManagement.AsyncOperations.AsyncOperationHandle`1<System.Collections.Generic.IList`1<T>>)","IL_000A","12","{0}.{1}加载成功!"
"DolocAssetCache","CheckHandleState","System.Void DolocAssetCache::CheckHandleState(UnityEngine.ResourceManagement.AsyncOperations.AsyncOperationHandle`1<System.Collections.Generic.IList`1<T>>)","IL_002A","13","{0}.{1}加载失败.."
"DolocBundleManager","LoadTechTrees","System.Boolean DolocBundleManager::LoadTechTrees()","IL_0000","10","正在加载所有的科技树"
"DolocBundleManager","LoadTechTrees","System.Boolean DolocBundleManager::LoadTechTrees()","IL_000A","9","加载科技树数据.."
"DolocBundleManager","LoadTechTrees","System.Boolean DolocBundleManager::LoadTechTrees()","IL_0027","10","科技树配置文件缺失!"
"DolocBundleManager","LoadTechTrees","System.Boolean DolocBundleManager::LoadTechTrees()","IL_0094","20","科技树数据库生成成功,共有{0}个科技树"
"DolocBundleManager","LoadTechTrees","System.Boolean DolocBundleManager::LoadTechTrees()","IL_00B7","11","加载科技树配置文件失败"
"DolocResources","loadSpriteAtlas","System.Boolean DolocResources::loadSpriteAtlas(System.String,System.Collections.Generic.Dictionary`2<System.String,UnityEngine.Sprite>&,System.Action`1<System.String>)","IL_002F","3","图集<"
"DolocResources","loadSpriteAtlas","System.Boolean DolocResources::loadSpriteAtlas(System.String,System.Collections.Generic.Dictionary`2<System.String,UnityEngine.Sprite>&,System.Action`1<System.String>)","IL_0035","21",">数量与获取的数量不对等,这有可能造成问题"
"DolocResources","loadSpriteAtlas","System.Boolean DolocResources::loadSpriteAtlas(System.String,System.Collections.Generic.Dictionary`2<System.String,UnityEngine.Sprite>&,System.Action`1<System.String>)","IL_006A","3","图集<"
"DolocResources","loadSpriteAtlas","System.Boolean DolocResources::loadSpriteAtlas(System.String,System.Collections.Generic.Dictionary`2<System.String,UnityEngine.Sprite>&,System.Action`1<System.String>)","IL_0070","6",">重名要素:"
"DolocResources","loadSpriteAtlas","System.Boolean DolocResources::loadSpriteAtlas(System.String,System.Collections.Generic.Dictionary`2<System.String,UnityEngine.Sprite>&,System.Func`2<System.String,System.String>,System.Action`1<System.String>)","IL_002F","3","图集<"
"DolocResources","loadSpriteAtlas","System.Boolean DolocResources::loadSpriteAtlas(System.String,System.Collections.Generic.Dictionary`2<System.String,UnityEngine.Sprite>&,System.Func`2<System.String,System.String>,System.Action`1<System.String>)","IL_0035","21",">数量与获取的数量不对等,这有可能造成问题"
"DolocResources","loadSpriteAtlas","System.Boolean DolocResources::loadSpriteAtlas(System.String,System.Collections.Generic.Dictionary`2<System.String,UnityEngine.Sprite>&,System.Func`2<System.String,System.String>,System.Action`1<System.String>)","IL_006A","3","图集<"
"DolocResources","loadSpriteAtlas","System.Boolean DolocResources::loadSpriteAtlas(System.String,System.Collections.Generic.Dictionary`2<System.String,UnityEngine.Sprite>&,System.Func`2<System.String,System.String>,System.Action`1<System.String>)","IL_0070","6",">重名要素:"
"DolocResources","get_defaultNpcController","UnityEngine.RuntimeAnimatorController DolocResources::get_defaultNpcController()","IL_0000","10","defaultNpc"
"GameManager","BeforeAwake","System.Void GameManager::BeforeAwake()","IL_002C","5","zh-CN"
"SteamManager","Awake","System.Void SteamManager::Awake()","IL_0055","116","[Steamworks.NET] DllCheck Test returned false, One or more of the Steamworks binaries seems to be the wrong version."
"SteamManager","Awake","System.Void SteamManager::Awake()","IL_0086","140","[Steamworks.NET] Could not load [lib]steam_api.dll/so/dylib. It's likely not in the correct location. Refer to the README for more details.
"
"SteamManager","Awake","System.Void SteamManager::Awake()","IL_00BD","124","[Steamworks.NET] SteamAPI_Init() failed. Refer to Valve's documentation or the comment above this line for more information."
"XLua.ObjectTranslator","TryDelayWrapLoader","System.Boolean XLua.ObjectTranslator::TryDelayWrapLoader(System.IntPtr,System.Type)","IL_007A","19","top change, before:"
"XLua.ObjectTranslator",".ctor","System.Void XLua.ObjectTranslator::.ctor(XLua.LuaEnv,System.IntPtr)","IL_014F","12","System.Core,"
"XLua.StaticLuaCallbacks","LoadFromResource","System.Int32 XLua.StaticLuaCallbacks::LoadFromResource(System.IntPtr)","IL_0010","4",".lua"
"XLua.StaticLuaCallbacks","LoadFromResource","System.Int32 XLua.StaticLuaCallbacks::LoadFromResource(System.IntPtr)","IL_0031","24","
	no such resource '{0}'"
"XLua.StaticLuaCallbacks","LoadFromResource","System.Int32 XLua.StaticLuaCallbacks::LoadFromResource(System.IntPtr)","IL_0052","1","@"
"XLua.StaticLuaCallbacks","LoadFromResource","System.Int32 XLua.StaticLuaCallbacks::LoadFromResource(System.IntPtr)","IL_0065","43","error loading module {0} from resource, {1}"
"XLua.StaticLuaCallbacks","LoadFromResource","System.Int32 XLua.StaticLuaCallbacks::LoadFromResource(System.IntPtr)","IL_008B","33","c# exception in LoadFromResource:"
"XLua.InternalGlobals",".cctor","System.Void XLua.InternalGlobals::.cctor()","IL_00AD","18","op_LessThanOrEqual"
"XLua.LuaEnv",".ctor","System.Void XLua.LuaEnv::.ctor()","IL_01BD","11","socket.core"
"RedSaw.PoolCore","InvokeOnCreated","System.Void RedSaw.PoolCore::InvokeOnCreated(UnityEngine.GameObject)","IL_0015","15","Created Error: "
"RedSaw.PoolCore`1","InvokeOnCreated","System.Void RedSaw.PoolCore`1::InvokeOnCreated(T)","IL_0015","15","Created Error: "
"RedSaw.Web.WebOperationHandle","DoRequest","System.Void RedSaw.Web.WebOperationHandle::DoRequest(UnityEngine.Networking.UnityWebRequest)","IL_0021","12","当前请求过多，已加入队列"
"RedSaw.CommandLineInterface.SyntaxTree","get_DebugInfo","System.String RedSaw.CommandLineInterface.SyntaxTree::get_DebugInfo()","IL_0068","1","."
"RedSaw.CommandLineInterface.SyntaxTree","get_DebugInfo","System.String RedSaw.CommandLineInterface.SyntaxTree::get_DebugInfo()","IL_00CB","1","["
"RedSaw.CommandLineInterface.SyntaxTree","get_DebugInfo","System.String RedSaw.CommandLineInterface.SyntaxTree::get_DebugInfo()","IL_00E2","1","]"
"RedSaw.CommandLineInterface.SyntaxTree","get_DebugInfo","System.String RedSaw.CommandLineInterface.SyntaxTree::get_DebugInfo()","IL_0104","3"," = "
"RedSaw.CommandLineInterface.SyntaxTree","get_DebugInfo","System.String RedSaw.CommandLineInterface.SyntaxTree::get_DebugInfo()","IL_0143","1","."
"RedSaw.CommandLineInterface.SyntaxTree","get_DebugInfo","System.String RedSaw.CommandLineInterface.SyntaxTree::get_DebugInfo()","IL_0160","3"," = "
"RedSaw.CommandLineInterface.SyntaxTree","get_DebugInfo","System.String RedSaw.CommandLineInterface.SyntaxTree::get_DebugInfo()","IL_019A","1",":"
"RedSaw.CommandLineInterface.SyntaxTree","get_DebugInfo","System.String RedSaw.CommandLineInterface.SyntaxTree::get_DebugInfo()","IL_01BC","1","("
"RedSaw.CommandLineInterface.SyntaxTree","get_DebugInfo","System.String RedSaw.CommandLineInterface.SyntaxTree::get_DebugInfo()","IL_01C1","2",", "
"RedSaw.CommandLineInterface.SyntaxTree","get_DebugInfo","System.String RedSaw.CommandLineInterface.SyntaxTree::get_DebugInfo()","IL_01F5","1",")"
"RedSaw.CommandLineInterface.SyntaxTree","get_DebugInfo","System.String RedSaw.CommandLineInterface.SyntaxTree::get_DebugInfo()","IL_0208","1","f"
"RedSaw.CommandLineInterface.SyntaxTree","get_DebugInfo","System.String RedSaw.CommandLineInterface.SyntaxTree::get_DebugInfo()","IL_0242","1","@"
"RedSaw.CommandLineInterface.SyntaxTree","get_DebugInfo","System.String RedSaw.CommandLineInterface.SyntaxTree::get_DebugInfo()","IL_0255","1","?"
"RedSaw.CommandLineInterface.SyntaxAnalyzer","NextFactor","RedSaw.CommandLineInterface.SyntaxTree RedSaw.CommandLineInterface.SyntaxAnalyzer::NextFactor()","IL_0094","4","null"
"RedSaw.CommandLineInterface.SyntaxAnalyzer","NextFactor","RedSaw.CommandLineInterface.SyntaxTree RedSaw.CommandLineInterface.SyntaxAnalyzer::NextFactor()","IL_00A0","4","true"
"RedSaw.CommandLineInterface.SyntaxAnalyzer","NextFactor","RedSaw.CommandLineInterface.SyntaxTree RedSaw.CommandLineInterface.SyntaxAnalyzer::NextFactor()","IL_00AC","5","false"
"RedSaw.CommandLineInterface.SyntaxAnalyzer","NextFactor","RedSaw.CommandLineInterface.SyntaxTree RedSaw.CommandLineInterface.SyntaxAnalyzer::NextFactor()","IL_0153","20","Missing ')' near "".."
"RedSaw.CommandLineInterface.SyntaxAnalyzer","NextFactor","RedSaw.CommandLineInterface.SyntaxTree RedSaw.CommandLineInterface.SyntaxAnalyzer::NextFactor()","IL_0165","1",""""
"RedSaw.CommandLineInterface.SyntaxAnalyzer","NextFactor","RedSaw.CommandLineInterface.SyntaxTree RedSaw.CommandLineInterface.SyntaxAnalyzer::NextFactor()","IL_0176","33","Unexpected token {0} near ""..{1}"""
"RedSaw.CommandLineInterface.SyntaxAnalyzer","NextConverter","RedSaw.CommandLineInterface.SyntaxTree RedSaw.CommandLineInterface.SyntaxAnalyzer::NextConverter()","IL_004D","25","Unexpected token near "".."
"RedSaw.CommandLineInterface.SyntaxAnalyzer","NextConverter","RedSaw.CommandLineInterface.SyntaxTree RedSaw.CommandLineInterface.SyntaxAnalyzer::NextConverter()","IL_005F","1",""""
"RedSaw.CommandLineInterface.SyntaxAnalyzer","NextAccess","RedSaw.CommandLineInterface.SyntaxTree RedSaw.CommandLineInterface.SyntaxAnalyzer::NextAccess()","IL_0072","25","Unexpected token near "".."
"RedSaw.CommandLineInterface.SyntaxAnalyzer","NextAccess","RedSaw.CommandLineInterface.SyntaxTree RedSaw.CommandLineInterface.SyntaxAnalyzer::NextAccess()","IL_008E","1",""""
"RedSaw.CommandLineInterface.SyntaxAnalyzer","NextAccess","RedSaw.CommandLineInterface.SyntaxTree RedSaw.CommandLineInterface.SyntaxAnalyzer::NextAccess()","IL_00BB","20","Missing ']' near "".."
"RedSaw.CommandLineInterface.SyntaxAnalyzer","NextAccess","RedSaw.CommandLineInterface.SyntaxTree RedSaw.CommandLineInterface.SyntaxAnalyzer::NextAccess()","IL_00D7","1",""""
"RedSaw.CommandLineInterface.SyntaxAnalyzer","NextExpr","RedSaw.CommandLineInterface.SyntaxTree RedSaw.CommandLineInterface.SyntaxAnalyzer::NextExpr(System.Boolean)","IL_00BD","33","Unexpected token {0} near ""..{1}"""
"RedSaw.CommandLineInterface.VirtualMachine","ExecuteFactorFloat","System.Void RedSaw.CommandLineInterface.VirtualMachine::ExecuteFactorFloat(RedSaw.CommandLineInterface.SyntaxTree,RedSaw.CommandLineInterface.VirtualMachine/ExecuteStatus)","IL_007E","45","cannot convert ""{0}"" to type ""{1}"" near ""{2}"""
"RedSaw.CommandLineInterface.VirtualMachine","ExecuteFactorFloat","System.Void RedSaw.CommandLineInterface.VirtualMachine::ExecuteFactorFloat(RedSaw.CommandLineInterface.SyntaxTree,RedSaw.CommandLineInterface.VirtualMachine/ExecuteStatus)","IL_00E6","28","cannot find callable named """
"RedSaw.CommandLineInterface.VirtualMachine","ExecuteFactorFloat","System.Void RedSaw.CommandLineInterface.VirtualMachine::ExecuteFactorFloat(RedSaw.CommandLineInterface.SyntaxTree,RedSaw.CommandLineInterface.VirtualMachine/ExecuteStatus)","IL_00F7","8",""" near """
"RedSaw.CommandLineInterface.VirtualMachine","ExecuteFactorFloat","System.Void RedSaw.CommandLineInterface.VirtualMachine::ExecuteFactorFloat(RedSaw.CommandLineInterface.SyntaxTree,RedSaw.CommandLineInterface.VirtualMachine/ExecuteStatus)","IL_0108","1",""""
"RedSaw.CommandLineInterface.VirtualMachine","ExecuteFactorInt","System.Void RedSaw.CommandLineInterface.VirtualMachine::ExecuteFactorInt(RedSaw.CommandLineInterface.SyntaxTree,RedSaw.CommandLineInterface.VirtualMachine/ExecuteStatus)","IL_007E","45","cannot convert ""{0}"" to type ""{1}"" near ""{2}"""
"RedSaw.CommandLineInterface.VirtualMachine","ExecuteFactorInt","System.Void RedSaw.CommandLineInterface.VirtualMachine::ExecuteFactorInt(RedSaw.CommandLineInterface.SyntaxTree,RedSaw.CommandLineInterface.VirtualMachine/ExecuteStatus)","IL_00E6","28","cannot find callable named """
"RedSaw.CommandLineInterface.VirtualMachine","ExecuteFactorInt","System.Void RedSaw.CommandLineInterface.VirtualMachine::ExecuteFactorInt(RedSaw.CommandLineInterface.SyntaxTree,RedSaw.CommandLineInterface.VirtualMachine/ExecuteStatus)","IL_00F7","8",""" near """
"RedSaw.CommandLineInterface.VirtualMachine","ExecuteFactorInt","System.Void RedSaw.CommandLineInterface.VirtualMachine::ExecuteFactorInt(RedSaw.CommandLineInterface.SyntaxTree,RedSaw.CommandLineInterface.VirtualMachine/ExecuteStatus)","IL_0108","1",""""
"RedSaw.CommandLineInterface.VirtualMachine","ExecuteFactorTrue","System.Void RedSaw.CommandLineInterface.VirtualMachine::ExecuteFactorTrue(RedSaw.CommandLineInterface.SyntaxTree,RedSaw.CommandLineInterface.VirtualMachine/ExecuteStatus)","IL_0073","45","cannot convert ""{0}"" to type ""{1}"" near ""{2}"""
"RedSaw.CommandLineInterface.VirtualMachine","ExecuteFactorTrue","System.Void RedSaw.CommandLineInterface.VirtualMachine::ExecuteFactorTrue(RedSaw.CommandLineInterface.SyntaxTree,RedSaw.CommandLineInterface.VirtualMachine/ExecuteStatus)","IL_00D0","28","cannot find callable named """
"RedSaw.CommandLineInterface.VirtualMachine","ExecuteFactorTrue","System.Void RedSaw.CommandLineInterface.VirtualMachine::ExecuteFactorTrue(RedSaw.CommandLineInterface.SyntaxTree,RedSaw.CommandLineInterface.VirtualMachine/ExecuteStatus)","IL_00E1","8",""" near """
"RedSaw.CommandLineInterface.VirtualMachine","ExecuteFactorTrue","System.Void RedSaw.CommandLineInterface.VirtualMachine::ExecuteFactorTrue(RedSaw.CommandLineInterface.SyntaxTree,RedSaw.CommandLineInterface.VirtualMachine/ExecuteStatus)","IL_00F2","1",""""
"RedSaw.CommandLineInterface.VirtualMachine","ExecuteFactorFalse","System.Void RedSaw.CommandLineInterface.VirtualMachine::ExecuteFactorFalse(RedSaw.CommandLineInterface.SyntaxTree,RedSaw.CommandLineInterface.VirtualMachine/ExecuteStatus)","IL_0073","45","cannot convert ""{0}"" to type ""{1}"" near ""{2}"""
"RedSaw.CommandLineInterface.VirtualMachine","ExecuteFactorFalse","System.Void RedSaw.CommandLineInterface.VirtualMachine::ExecuteFactorFalse(RedSaw.CommandLineInterface.SyntaxTree,RedSaw.CommandLineInterface.VirtualMachine/ExecuteStatus)","IL_00D0","28","cannot find callable named """
"RedSaw.CommandLineInterface.VirtualMachine","ExecuteFactorFalse","System.Void RedSaw.CommandLineInterface.VirtualMachine::ExecuteFactorFalse(RedSaw.CommandLineInterface.SyntaxTree,RedSaw.CommandLineInterface.VirtualMachine/ExecuteStatus)","IL_00E1","8",""" near """
"RedSaw.CommandLineInterface.VirtualMachine","ExecuteFactorFalse","System.Void RedSaw.CommandLineInterface.VirtualMachine::ExecuteFactorFalse(RedSaw.CommandLineInterface.SyntaxTree,RedSaw.CommandLineInterface.VirtualMachine/ExecuteStatus)","IL_00F2","1",""""
"RedSaw.CommandLineInterface.VirtualMachine","ExecuteFactorNull","System.Void RedSaw.CommandLineInterface.VirtualMachine::ExecuteFactorNull(RedSaw.CommandLineInterface.SyntaxTree,RedSaw.CommandLineInterface.VirtualMachine/ExecuteStatus)","IL_0069","45","cannot convert ""{0}"" to type ""{1}"" near ""{2}"""
"RedSaw.CommandLineInterface.VirtualMachine","ExecuteFactorNull","System.Void RedSaw.CommandLineInterface.VirtualMachine::ExecuteFactorNull(RedSaw.CommandLineInterface.SyntaxTree,RedSaw.CommandLineInterface.VirtualMachine/ExecuteStatus)","IL_00C6","28","cannot find callable named """
"RedSaw.CommandLineInterface.VirtualMachine","ExecuteFactorNull","System.Void RedSaw.CommandLineInterface.VirtualMachine::ExecuteFactorNull(RedSaw.CommandLineInterface.SyntaxTree,RedSaw.CommandLineInterface.VirtualMachine/ExecuteStatus)","IL_00D7","8",""" near """
"RedSaw.CommandLineInterface.VirtualMachine","ExecuteFactorNull","System.Void RedSaw.CommandLineInterface.VirtualMachine::ExecuteFactorNull(RedSaw.CommandLineInterface.SyntaxTree,RedSaw.CommandLineInterface.VirtualMachine/ExecuteStatus)","IL_00E8","1",""""
"RedSaw.CommandLineInterface.VirtualMachine","ExecuteSetField","System.Void RedSaw.CommandLineInterface.VirtualMachine::ExecuteSetField(RedSaw.CommandLineInterface.SyntaxTree,RedSaw.CommandLineInterface.VirtualMachine/ExecuteStatus)","IL_003A","28","cannot write value to ""null."
"RedSaw.CommandLineInterface.VirtualMachine","ExecuteSetField","System.Void RedSaw.CommandLineInterface.VirtualMachine::ExecuteSetField(RedSaw.CommandLineInterface.SyntaxTree,RedSaw.CommandLineInterface.VirtualMachine/ExecuteStatus)","IL_0052","8",""" near """
"RedSaw.CommandLineInterface.VirtualMachine","ExecuteSetField","System.Void RedSaw.CommandLineInterface.VirtualMachine::ExecuteSetField(RedSaw.CommandLineInterface.SyntaxTree,RedSaw.CommandLineInterface.VirtualMachine/ExecuteStatus)","IL_0063","1",""""
"RedSaw.CommandLineInterface.VirtualMachine","ExecuteSetField","System.Void RedSaw.CommandLineInterface.VirtualMachine::ExecuteSetField(RedSaw.CommandLineInterface.SyntaxTree,RedSaw.CommandLineInterface.VirtualMachine/ExecuteStatus)","IL_009D","1",""""
"RedSaw.CommandLineInterface.VirtualMachine","ExecuteSetField","System.Void RedSaw.CommandLineInterface.VirtualMachine::ExecuteSetField(RedSaw.CommandLineInterface.SyntaxTree,RedSaw.CommandLineInterface.VirtualMachine/ExecuteStatus)","IL_00B5","23",""" has no member named """
"RedSaw.CommandLineInterface.VirtualMachine","ExecuteSetField","System.Void RedSaw.CommandLineInterface.VirtualMachine::ExecuteSetField(RedSaw.CommandLineInterface.SyntaxTree,RedSaw.CommandLineInterface.VirtualMachine/ExecuteStatus)","IL_00C1","8",""" near """
"RedSaw.CommandLineInterface.VirtualMachine","ExecuteSetField","System.Void RedSaw.CommandLineInterface.VirtualMachine::ExecuteSetField(RedSaw.CommandLineInterface.SyntaxTree,RedSaw.CommandLineInterface.VirtualMachine/ExecuteStatus)","IL_00D2","1",""""
"RedSaw.CommandLineInterface.VirtualMachine","ExecuteSetField","System.Void RedSaw.CommandLineInterface.VirtualMachine::ExecuteSetField(RedSaw.CommandLineInterface.SyntaxTree,RedSaw.CommandLineInterface.VirtualMachine/ExecuteStatus)","IL_0115","47","cannot write value to ""{0}"" of ""{1}"" near ""{2}"""
"RedSaw.CommandLineInterface.VirtualMachine","ExecuteSetField","System.Void RedSaw.CommandLineInterface.VirtualMachine::ExecuteSetField(RedSaw.CommandLineInterface.SyntaxTree,RedSaw.CommandLineInterface.VirtualMachine/ExecuteStatus)","IL_014E","47","cannot write value to ""{0}"" of ""{1}"" near ""{2}"""
"RedSaw.CommandLineInterface.VirtualMachine","ExecuteSetField","System.Void RedSaw.CommandLineInterface.VirtualMachine::ExecuteSetField(RedSaw.CommandLineInterface.SyntaxTree,RedSaw.CommandLineInterface.VirtualMachine/ExecuteStatus)","IL_0172","23","cannot write value to """
"RedSaw.CommandLineInterface.VirtualMachine","ExecuteSetField","System.Void RedSaw.CommandLineInterface.VirtualMachine::ExecuteSetField(RedSaw.CommandLineInterface.SyntaxTree,RedSaw.CommandLineInterface.VirtualMachine/ExecuteStatus)","IL_018A","1","."
"RedSaw.CommandLineInterface.VirtualMachine","ExecuteSetField","System.Void RedSaw.CommandLineInterface.VirtualMachine::ExecuteSetField(RedSaw.CommandLineInterface.SyntaxTree,RedSaw.CommandLineInterface.VirtualMachine/ExecuteStatus)","IL_0196","8",""" near """
"RedSaw.CommandLineInterface.VirtualMachine","ExecuteSetField","System.Void RedSaw.CommandLineInterface.VirtualMachine::ExecuteSetField(RedSaw.CommandLineInterface.SyntaxTree,RedSaw.CommandLineInterface.VirtualMachine/ExecuteStatus)","IL_01A7","1",""""
"RedSaw.CommandLineInterface.VirtualMachine","ExecuteSetField","System.Void RedSaw.CommandLineInterface.VirtualMachine::ExecuteSetField(RedSaw.CommandLineInterface.SyntaxTree,RedSaw.CommandLineInterface.VirtualMachine/ExecuteStatus)","IL_022B","41","cannot parse ""{0}"" to type {1} near ""{2}"""
"RedSaw.CommandLineInterface.VirtualMachine","ExecuteSetField","System.Void RedSaw.CommandLineInterface.VirtualMachine::ExecuteSetField(RedSaw.CommandLineInterface.SyntaxTree,RedSaw.CommandLineInterface.VirtualMachine/ExecuteStatus)","IL_024A","37","cannot assign <{0}> to {1} near ""{2}"""
"RedSaw.CommandLineInterface.VirtualMachine","ExecuteDot","System.Void RedSaw.CommandLineInterface.VirtualMachine::ExecuteDot(RedSaw.CommandLineInterface.SyntaxTree,RedSaw.CommandLineInterface.VirtualMachine/ExecuteStatus)","IL_003B","34","cannot get member from null near """
"RedSaw.CommandLineInterface.VirtualMachine","ExecuteDot","System.Void RedSaw.CommandLineInterface.VirtualMachine::ExecuteDot(RedSaw.CommandLineInterface.SyntaxTree,RedSaw.CommandLineInterface.VirtualMachine/ExecuteStatus)","IL_0046","1",""""
"RedSaw.CommandLineInterface.VirtualMachine","ExecuteDot","System.Void RedSaw.CommandLineInterface.VirtualMachine::ExecuteDot(RedSaw.CommandLineInterface.SyntaxTree,RedSaw.CommandLineInterface.VirtualMachine/ExecuteStatus)","IL_0085","39","cannot get member from <{0}> near ""{1}"""
"RedSaw.CommandLineInterface.VirtualMachine","ExecuteDot","System.Void RedSaw.CommandLineInterface.VirtualMachine::ExecuteDot(RedSaw.CommandLineInterface.SyntaxTree,RedSaw.CommandLineInterface.VirtualMachine/ExecuteStatus)","IL_00C8","42","""{0}"" has no member named ""{1}"" near ""{2}"""
"RedSaw.CommandLineInterface.VirtualMachine","ExecuteDot","System.Void RedSaw.CommandLineInterface.VirtualMachine::ExecuteDot(RedSaw.CommandLineInterface.SyntaxTree,RedSaw.CommandLineInterface.VirtualMachine/ExecuteStatus)","IL_0114","46","invalid member dot ""{0}"" from {1} around ""{2}"""
"RedSaw.CommandLineInterface.VirtualMachine","ExecuteDot","System.Void RedSaw.CommandLineInterface.VirtualMachine::ExecuteDot(RedSaw.CommandLineInterface.SyntaxTree,RedSaw.CommandLineInterface.VirtualMachine/ExecuteStatus)","IL_014C","46","invalid member dot ""{0}"" from {1} around ""{2}"""
"RedSaw.CommandLineInterface.VirtualMachine","ExecuteDot","System.Void RedSaw.CommandLineInterface.VirtualMachine::ExecuteDot(RedSaw.CommandLineInterface.SyntaxTree,RedSaw.CommandLineInterface.VirtualMachine/ExecuteStatus)","IL_017F","46","invalid member dot ""{0}"" from {1} around ""{2}"""
"RedSaw.CommandLineInterface.VirtualMachine","ExecuteDot","System.Void RedSaw.CommandLineInterface.VirtualMachine::ExecuteDot(RedSaw.CommandLineInterface.SyntaxTree,RedSaw.CommandLineInterface.VirtualMachine/ExecuteStatus)","IL_01A1","45","cannot get member ""{0}"" from {1} around ""{2}"""
"RedSaw.CommandLineInterface.VirtualMachine","ExecuteCall","System.Void RedSaw.CommandLineInterface.VirtualMachine::ExecuteCall(RedSaw.CommandLineInterface.SyntaxTree,RedSaw.CommandLineInterface.VirtualMachine/ExecuteStatus)","IL_00D6","57","invalid parameter value ""null"" for ""{0}"" ({1}) near ""{2}"""
"RedSaw.CommandLineInterface.VirtualMachine","ExecuteCall","System.Void RedSaw.CommandLineInterface.VirtualMachine::ExecuteCall(RedSaw.CommandLineInterface.SyntaxTree,RedSaw.CommandLineInterface.VirtualMachine/ExecuteStatus)","IL_0120","55","invalid parameter type ""{0}"" for ""{1}"" ({2}) near ""{3}"""
"RedSaw.CommandLineInterface.VirtualMachine","ExecuteCall","System.Void RedSaw.CommandLineInterface.VirtualMachine::ExecuteCall(RedSaw.CommandLineInterface.SyntaxTree,RedSaw.CommandLineInterface.VirtualMachine/ExecuteStatus)","IL_0174","55","invalid parameter type ""{0}"" for ""{1}"" ({2}) near ""{3}"""
"RedSaw.CommandLineInterface.VirtualMachine","ExecuteCall","System.Void RedSaw.CommandLineInterface.VirtualMachine::ExecuteCall(RedSaw.CommandLineInterface.SyntaxTree,RedSaw.CommandLineInterface.VirtualMachine/ExecuteStatus)","IL_01DD","55","invalid parameter type ""{0}"" for ""{1}"" ({2}) near ""{3}"""
"RedSaw.CommandLineInterface.VirtualMachine","ExecuteCall","System.Void RedSaw.CommandLineInterface.VirtualMachine::ExecuteCall(RedSaw.CommandLineInterface.SyntaxTree,RedSaw.CommandLineInterface.VirtualMachine/ExecuteStatus)","IL_0263","43","cannot parse ""{0}"" to type ""{1}"" near ""{2}"""
"RedSaw.CommandLineInterface.VirtualMachine","ExecuteCall","System.Void RedSaw.CommandLineInterface.VirtualMachine::ExecuteCall(RedSaw.CommandLineInterface.SyntaxTree,RedSaw.CommandLineInterface.VirtualMachine/ExecuteStatus)","IL_02B8","11","parameter """
"RedSaw.CommandLineInterface.VirtualMachine","ExecuteCall","System.Void RedSaw.CommandLineInterface.VirtualMachine::ExecuteCall(RedSaw.CommandLineInterface.SyntaxTree,RedSaw.CommandLineInterface.VirtualMachine/ExecuteStatus)","IL_02CA","13",""" of method """
"RedSaw.CommandLineInterface.VirtualMachine","ExecuteCall","System.Void RedSaw.CommandLineInterface.VirtualMachine::ExecuteCall(RedSaw.CommandLineInterface.SyntaxTree,RedSaw.CommandLineInterface.VirtualMachine/ExecuteStatus)","IL_02DB","17",""" is not provided"
"RedSaw.CommandLineInterface.VirtualMachine","ExecuteCall","System.Void RedSaw.CommandLineInterface.VirtualMachine::ExecuteCall(RedSaw.CommandLineInterface.SyntaxTree,RedSaw.CommandLineInterface.VirtualMachine/ExecuteStatus)","IL_036D","32","don't know how to handle input """
"RedSaw.CommandLineInterface.VirtualMachine","ExecuteCall","System.Void RedSaw.CommandLineInterface.VirtualMachine::ExecuteCall(RedSaw.CommandLineInterface.SyntaxTree,RedSaw.CommandLineInterface.VirtualMachine/ExecuteStatus)","IL_037A","8",""" near """
"RedSaw.CommandLineInterface.VirtualMachine","ExecuteCall","System.Void RedSaw.CommandLineInterface.VirtualMachine::ExecuteCall(RedSaw.CommandLineInterface.SyntaxTree,RedSaw.CommandLineInterface.VirtualMachine/ExecuteStatus)","IL_038B","1",""""
"RedSaw.CommandLineInterface.VirtualMachine","ExecuteCall","System.Void RedSaw.CommandLineInterface.VirtualMachine::ExecuteCall(RedSaw.CommandLineInterface.SyntaxTree,RedSaw.CommandLineInterface.VirtualMachine/ExecuteStatus)","IL_03EB","41","cannot parse ""{0}"" to type {1} near ""{2}"""
"RedSaw.CommandLineInterface.VirtualMachine","ExecuteCall","System.Void RedSaw.CommandLineInterface.VirtualMachine::ExecuteCall(RedSaw.CommandLineInterface.SyntaxTree,RedSaw.CommandLineInterface.VirtualMachine/ExecuteStatus)","IL_0409","32","<{0}> is not callable near ""{1}"""
"RedSaw.CommandLineInterface.VirtualMachine","ExecuteAssign","System.Void RedSaw.CommandLineInterface.VirtualMachine::ExecuteAssign(RedSaw.CommandLineInterface.SyntaxTree,RedSaw.CommandLineInterface.VirtualMachine/ExecuteStatus)","IL_0031","39","cannot assign value to <{0}> near ""{1}"""
"RedSaw.CommandLineInterface.VirtualMachine","ExecuteAssign","System.Void RedSaw.CommandLineInterface.VirtualMachine::ExecuteAssign(RedSaw.CommandLineInterface.SyntaxTree,RedSaw.CommandLineInterface.VirtualMachine/ExecuteStatus)","IL_0125","43","cannot parse ""{0}"" to type ""{1}"" near ""{2}"""
"RedSaw.CommandLineInterface.VirtualMachine","ExecuteAssign","System.Void RedSaw.CommandLineInterface.VirtualMachine::ExecuteAssign(RedSaw.CommandLineInterface.SyntaxTree,RedSaw.CommandLineInterface.VirtualMachine/ExecuteStatus)","IL_0148","39","cannot assign <{0}> to ""{1}"" near ""{2}"""
"RedSaw.CommandLineInterface.VirtualMachine","ExecuteIndex","System.Void RedSaw.CommandLineInterface.VirtualMachine::ExecuteIndex(RedSaw.CommandLineInterface.SyntaxTree,RedSaw.CommandLineInterface.VirtualMachine/ExecuteStatus)","IL_0028","40","cannot get element from <{0}> near ""{1}"""
"RedSaw.CommandLineInterface.VirtualMachine","ExecuteIndex","System.Void RedSaw.CommandLineInterface.VirtualMachine::ExecuteIndex(RedSaw.CommandLineInterface.SyntaxTree,RedSaw.CommandLineInterface.VirtualMachine/ExecuteStatus)","IL_0052","37","cannot get element from ""null"" near """
"RedSaw.CommandLineInterface.VirtualMachine","ExecuteIndex","System.Void RedSaw.CommandLineInterface.VirtualMachine::ExecuteIndex(RedSaw.CommandLineInterface.SyntaxTree,RedSaw.CommandLineInterface.VirtualMachine/ExecuteStatus)","IL_005D","1",""""
"RedSaw.CommandLineInterface.VirtualMachine","ExecuteIndex","System.Void RedSaw.CommandLineInterface.VirtualMachine::ExecuteIndex(RedSaw.CommandLineInterface.SyntaxTree,RedSaw.CommandLineInterface.VirtualMachine/ExecuteStatus)","IL_0125","41","<{0}> cannot be index of ""{1}"" near ""{2}"""
"RedSaw.CommandLineInterface.VirtualMachine","ExecuteSetElement","System.Void RedSaw.CommandLineInterface.VirtualMachine::ExecuteSetElement(RedSaw.CommandLineInterface.SyntaxTree,RedSaw.CommandLineInterface.VirtualMachine/ExecuteStatus)","IL_0028","32","<{0}> cannot be index near ""{1}"""
"RedSaw.CommandLineInterface.VirtualMachine","ExecuteSetElement","System.Void RedSaw.CommandLineInterface.VirtualMachine::ExecuteSetElement(RedSaw.CommandLineInterface.SyntaxTree,RedSaw.CommandLineInterface.VirtualMachine/ExecuteStatus)","IL_0052","22","null cannot be index """
"RedSaw.CommandLineInterface.VirtualMachine","ExecuteSetElement","System.Void RedSaw.CommandLineInterface.VirtualMachine::ExecuteSetElement(RedSaw.CommandLineInterface.SyntaxTree,RedSaw.CommandLineInterface.VirtualMachine/ExecuteStatus)","IL_005D","1",""""
"RedSaw.CommandLineInterface.VirtualMachine","ExecuteSetElement","System.Void RedSaw.CommandLineInterface.VirtualMachine::ExecuteSetElement(RedSaw.CommandLineInterface.SyntaxTree,RedSaw.CommandLineInterface.VirtualMachine/ExecuteStatus)","IL_00AB","38","cannot set element of <{0}> near ""{1}"""
"RedSaw.CommandLineInterface.VirtualMachine","ExecuteSetElement","System.Void RedSaw.CommandLineInterface.VirtualMachine::ExecuteSetElement(RedSaw.CommandLineInterface.SyntaxTree,RedSaw.CommandLineInterface.VirtualMachine/ExecuteStatus)","IL_00D5","33","cannot set element of null near """
"RedSaw.CommandLineInterface.VirtualMachine","ExecuteSetElement","System.Void RedSaw.CommandLineInterface.VirtualMachine::ExecuteSetElement(RedSaw.CommandLineInterface.SyntaxTree,RedSaw.CommandLineInterface.VirtualMachine/ExecuteStatus)","IL_00E0","1",""""
"RedSaw.CommandLineInterface.VirtualMachine","ExecuteSetElement","System.Void RedSaw.CommandLineInterface.VirtualMachine::ExecuteSetElement(RedSaw.CommandLineInterface.SyntaxTree,RedSaw.CommandLineInterface.VirtualMachine/ExecuteStatus)","IL_011B","38","cannot set element of <{0}> near ""{1}"""
"RedSaw.CommandLineInterface.VirtualMachine","ExecuteSetElement","System.Void RedSaw.CommandLineInterface.VirtualMachine::ExecuteSetElement(RedSaw.CommandLineInterface.SyntaxTree,RedSaw.CommandLineInterface.VirtualMachine/ExecuteStatus)","IL_016F","45","cannot set <{0}> as element of {1} near ""{2}"""
"RedSaw.CommandLineInterface.VirtualMachine","ExecuteSetElement","System.Void RedSaw.CommandLineInterface.VirtualMachine::ExecuteSetElement(RedSaw.CommandLineInterface.SyntaxTree,RedSaw.CommandLineInterface.VirtualMachine/ExecuteStatus)","IL_01DE","43","cannot convert ""{0}"" to int type near ""{1}"""
"RedSaw.CommandLineInterface.VirtualMachine","ExecuteConvert","System.Void RedSaw.CommandLineInterface.VirtualMachine::ExecuteConvert(RedSaw.CommandLineInterface.SyntaxTree,RedSaw.CommandLineInterface.VirtualMachine/ExecuteStatus)","IL_0087","41","cannot convert ""null"" to ""{0}"" near ""{1}"""
"DolocTown.PhysicalTest/<>c__DisplayClass8_0","<Test>b__2","System.Void DolocTown.PhysicalTest/<>c__DisplayClass8_0::<Test>b__2()","IL_0064","4","drop"
"DolocTown.CityRoom",".ctor","System.Void DolocTown.CityRoom::.ctor(System.String,System.Int32,DolocTown.MissionItemManager,DolocTown.DropItemManager,DolocTown.RoomInteractableObjectManager,DolocTown.DungeonResourceManager,DolocTown.VegetationManager,DolocTown.PlatformManager,DolocTown.BuildingManager,DolocTown.EquipmentManager,DolocTown.AnimalManager,System.Boolean)","IL_002E","5","城镇房间"""
"DolocTown.CityRoom",".ctor","System.Void DolocTown.CityRoom::.ctor(System.String,System.Int32,DolocTown.MissionItemManager,DolocTown.DropItemManager,DolocTown.RoomInteractableObjectManager,DolocTown.DungeonResourceManager,DolocTown.VegetationManager,DolocTown.PlatformManager,DolocTown.BuildingManager,DolocTown.EquipmentManager,DolocTown.AnimalManager,System.Boolean)","IL_0034","5","""数据丢失"
"DolocTown.EmailManager","SendSellBoxEmail","System.Boolean DolocTown.EmailManager::SendSellBoxEmail(System.Int32)","IL_0000","21","drop_off_box_template"
"DolocTown.Npc","GetStreetPoint","UnityEngine.Vector2 DolocTown.Npc::GetStreetPoint(System.String,System.Boolean)","IL_002F","4","Npc"""
"DolocTown.Npc","GetStreetPoint","UnityEngine.Vector2 DolocTown.Npc::GetStreetPoint(System.String,System.Boolean)","IL_0040","5","""在场景"""
"DolocTown.Npc","GetStreetPoint","UnityEngine.Vector2 DolocTown.Npc::GetStreetPoint(System.String,System.Boolean)","IL_004C","6","""没有站街点"
"DolocTown.ExchangeStore","CheckItemUnlock","System.Boolean DolocTown.ExchangeStore::CheckItemUnlock(DolocTown.Config.Store.ExchangeStoreItemData)","IL_001C","0",""
"DolocTown.ExchangeStore","get_SwitchMainInfo","System.String DolocTown.ExchangeStore::get_SwitchMainInfo()","IL_0000","0",""
"DolocTown.ExchangeStore","get_SwitchSubInfo","System.String DolocTown.ExchangeStore::get_SwitchSubInfo()","IL_0000","0",""
"DolocTown.StoreManager","Validate","System.Void DolocTown.StoreManager::Validate()","IL_002C","8","普通商店失效: "
"DolocTown.StoreManager","Validate","System.Void DolocTown.StoreManager::Validate()","IL_007F","8","升级商店失效: "
"DolocTown.DroneFunctionCollectorHelper","HandleResource","System.Void DolocTown.DroneFunctionCollectorHelper::HandleResource(DolocTown.Bullet,UnityEngine.Component)","IL_0079","0",""
"DolocTown.DroneRenderer","SetDroneForeground","System.Void DolocTown.DroneRenderer::SetDroneForeground(System.Boolean)","IL_0010","11","WaterGround"
"DolocTown.DroneRenderer","SetDroneForeground","System.Void DolocTown.DroneRenderer::SetDroneForeground(System.Boolean)","IL_0023","7","Default"
"DolocTown.DroneWeaponSword","HandleResource","System.Void DolocTown.DroneWeaponSword::HandleResource(System.Int32,UnityEngine.Collider2D,UnityEngine.Vector2)","IL_0048","0",""
"DolocTown.MonsterAttackBehaviourAmoebaJumpAttack/<>c__DisplayClass16_0","<JumpAttack>b__2","System.Void DolocTown.MonsterAttackBehaviourAmoebaJumpAttack/<>c__DisplayClass16_0::<JumpAttack>b__2()","IL_0063","4","drop"
"DolocTown.MonsterMoverGroundRendererAmoeba","OnDrop","System.Void DolocTown.MonsterMoverGroundRendererAmoeba::OnDrop()","IL_0006","4","drop"
"DolocTown.DropItemBase","InvokeAchievement","System.Void DolocTown.DropItemBase::InvokeAchievement()","IL_0035","8","Function"
"DolocTown.DropItemBase","InvokeAchievement","System.Void DolocTown.DropItemBase::InvokeAchievement()","IL_003A","0",""
"DolocTown.DropItemMoney","get_ItemName","System.String DolocTown.DropItemMoney::get_ItemName()","IL_0000","5","money"
"DolocTown.DropItemRenderer","SetSprite","System.Void DolocTown.DropItemRenderer::SetSprite(UnityEngine.Sprite)","IL_0042","16","_MainTex_UVInfos"
"DolocTown.DungeonRoom",".ctor","System.Void DolocTown.DungeonRoom::.ctor(System.String,System.String,DolocTown.DropItemManager,DolocTown.MissionItemManager,DolocTown.DungeonResourceManager,DolocTown.VegetationManager,System.Boolean,DolocTown.PlatformManager,DolocTown.BuildingManager,DolocTown.EquipmentManager,DolocTown.AnimalManager,System.Int32)","IL_0041","5","地牢房间"""
"DolocTown.DungeonRoom",".ctor","System.Void DolocTown.DungeonRoom::.ctor(System.String,System.String,DolocTown.DropItemManager,DolocTown.MissionItemManager,DolocTown.DungeonResourceManager,DolocTown.VegetationManager,System.Boolean,DolocTown.PlatformManager,DolocTown.BuildingManager,DolocTown.EquipmentManager,DolocTown.AnimalManager,System.Int32)","IL_004D","1","."
"DolocTown.DungeonRoom",".ctor","System.Void DolocTown.DungeonRoom::.ctor(System.String,System.String,DolocTown.DropItemManager,DolocTown.MissionItemManager,DolocTown.DungeonResourceManager,DolocTown.VegetationManager,System.Boolean,DolocTown.PlatformManager,DolocTown.BuildingManager,DolocTown.EquipmentManager,DolocTown.AnimalManager,System.Int32)","IL_0059","5","""数据丢失"
"DolocTown.DungeonResourceCrop","OnInteract","System.Void DolocTown.DungeonResourceCrop::OnInteract()","IL_0031","8","interact"
"DolocTown.DungeonResourceHive","InvokeCounterBack","System.Void DolocTown.DungeonResourceHive::InvokeCounterBack(System.Int32)","IL_009A","3","bee"
"DolocTown.DungeonResourceWeeds","TakeFeeds","System.Int32 DolocTown.DungeonResourceWeeds::TakeFeeds(System.Int32,System.String&)","IL_0001","0",""
"DolocTown.GuaranteedManager","SpawnResourceDropItems","System.Void DolocTown.GuaranteedManager::SpawnResourceDropItems(DolocTown.DungeonResource,System.Boolean,System.String)","IL_0049","0",""
"DolocTown.GuaranteedManager","SpawnResourceDropItems","System.Void DolocTown.GuaranteedManager::SpawnResourceDropItems(DolocTown.DungeonResource,System.Boolean,System.String)","IL_00F5","0",""
"DolocTown.GuaranteedManager","SpawnResourceDropItems","System.Void DolocTown.GuaranteedManager::SpawnResourceDropItems(DolocTown.DungeonResource,System.Boolean,System.String)","IL_0283","9","触发资源采集保底："
"DolocTown.GuaranteedManager","SpawnMonsterDropItems","System.Void DolocTown.GuaranteedManager::SpawnMonsterDropItems(DolocTown.Monster)","IL_006A","0",""
"DolocTown.GuaranteedManager","SpawnMonsterDropItems","System.Void DolocTown.GuaranteedManager::SpawnMonsterDropItems(DolocTown.Monster)","IL_0164","9","触发怪物掉落保底："
"DolocTown.VegetationBerryThicket","OnInteract","System.Void DolocTown.VegetationBerryThicket::OnInteract()","IL_0020","8","interact"
"DolocTown.VegetationCrop","OnInteract","System.Void DolocTown.VegetationCrop::OnInteract()","IL_0020","8","interact"
"DolocTown.VegetationGrowLuminous","OnInteract","System.Void DolocTown.VegetationGrowLuminous::OnInteract()","IL_0020","8","interact"
"DolocTown.VegetationManager","LoadVegetationEntityTypes","System.Collections.Generic.Dictionary`2<System.String,System.Type> DolocTown.VegetationManager::LoadVegetationEntityTypes()","IL_0070","10","Vegetation"
"DolocTown.VegetationManager","LoadVegetationEntityTypes","System.Collections.Generic.Dictionary`2<System.String,System.Type> DolocTown.VegetationManager::LoadVegetationEntityTypes()","IL_0075","14","VegetationFunc"
"DolocTown.VegetationManager","CreateVegetation","DolocTown.Vegetation DolocTown.VegetationManager::CreateVegetation(DolocTown.Config.Resource.VegetationInfo,UnityEngine.Vector2Int,UnityEngine.Vector3)","IL_0020","8","未知的植物类型:"
"DolocTown.Building","AddMoneyOrCreateDropItem","System.Void DolocTown.Building::AddMoneyOrCreateDropItem(System.Int32,System.Boolean,System.Boolean)","IL_0003","5","money"
"DolocTown.TerrainTilemapRenderer","OnReuse","System.Void DolocTown.TerrainTilemapRenderer::OnReuse()","IL_000C","19","BuildingsForeground"
"DolocTown.AffectorElectric","OnInteract","System.Void DolocTown.AffectorElectric::OnInteract()","IL_0017","8","interact"
"DolocTown.PlantBasin","get_HarvestCountInfo","System.String DolocTown.PlantBasin::get_HarvestCountInfo()","IL_0008","0",""
"DolocTown.PlantBasin","get_HarvestCountInfo","System.String DolocTown.PlantBasin::get_HarvestCountInfo()","IL_001C","0",""
"DolocTown.PlantBasin","get_HarvestCountInfo","System.String DolocTown.PlantBasin::get_HarvestCountInfo()","IL_002C","7","{0}/{1}"
"DolocTown.PlantBasinTree","AfterLoadEquipment","System.Void DolocTown.PlantBasinTree::AfterLoadEquipment()","IL_0029","10","无效的树作物，已删除"
"DolocTown.PlantBasinTree","TryPlantCrop","System.Boolean DolocTown.PlantBasinTree::TryPlantCrop()","IL_009A","8","interact"
"DolocTown.PlantBasinTree","get_CropTitle","System.String DolocTown.PlantBasinTree::get_CropTitle()","IL_001B","0",""
"DolocTown.PlantBasinTree","get_GrowthLevelInfo","System.String DolocTown.PlantBasinTree::get_GrowthLevelInfo()","IL_0008","0",""
"DolocTown.PlantBasinTree","get_GrowthLevelInfo","System.String DolocTown.PlantBasinTree::get_GrowthLevelInfo()","IL_0018","7","{0}/{1}"
"DolocTown.PlantBasinTree","get_HarvestCountInfo","System.String DolocTown.PlantBasinTree::get_HarvestCountInfo()","IL_0000","0",""
"DolocTown.PlantBasinTree","get_GeneInfo","System.String DolocTown.PlantBasinTree::get_GeneInfo()","IL_0000","0",""
"DolocTown.GarbageShredder","SpawnItems","DolocTown.CountItem[] DolocTown.GarbageShredder::SpawnItems(DolocTown.Config.Recipe.DismantleRecipeInfo)","IL_000F","10","垃圾分解机:掉落库"""
"DolocTown.GarbageShredder","SpawnItems","DolocTown.CountItem[] DolocTown.GarbageShredder::SpawnItems(DolocTown.Config.Recipe.DismantleRecipeInfo)","IL_001A","4","""不存在"
"DolocTown.GarbageShredder","SpawnItems","DolocTown.CountItem[] DolocTown.GarbageShredder::SpawnItems(DolocTown.Config.Recipe.DismantleRecipeInfo)","IL_0048","0",""
"DolocTown.ItemSeedTree","_PlantTreeOnGround","System.Void DolocTown.ItemSeedTree::_PlantTreeOnGround(DolocTown.Config.Resource.ResourceInfo,UnityEngine.Vector2Int)","IL_00A7","8","interact"
"DolocTown.CropGeneFunctionFertilityEnhance","AfterHarvest","System.Void DolocTown.CropGeneFunctionFertilityEnhance::AfterHarvest(System.Boolean)","IL_0015","59","[CropGeneFunctionFertilityEnhance] Invalid FertilizerItem: "
"DolocTown.CropGeneFunctionHope","DropSeed","System.Void DolocTown.CropGeneFunctionHope::DropSeed(System.Boolean)","IL_001F","21","基因「希望」无法生成种子，因为当前种子为空"
"DolocTown.ResourcePreset","get_PresetObjectName","System.String DolocTown.ResourcePreset::get_PresetObjectName()","IL_0008","4","未知资源"
"DolocTown.TemplateRoom",".ctor","System.Void DolocTown.TemplateRoom::.ctor(System.String,System.String,DolocTown.PlatformManager,DolocTown.EquipmentManager,DolocTown.DropItemManager,DolocTown.AnimalManager,DolocTown.DungeonResourceManager,DolocTown.MissionItemManager,DolocTown.RoomInteractableObjectManager,DolocTown.VegetationManager,DolocTown.BuildingManager,System.Int32,System.Boolean)","IL_0036","12","查询模板房间原型失败: "
"DolocTown.KillTimeState/<SitDown>d__24","MoveNext","System.Void DolocTown.KillTimeState/<SitDown>d__24::MoveNext()","IL_03CF","4","drop"
"DolocTown.GameStatePluginCurrent","BeforeSwitch","System.Void DolocTown.GameStatePluginCurrent::BeforeSwitch(IDolocGameState,IDolocGameState)","IL_0010","4","null"
"DolocTown.GameStatePluginCurrent","BeforeSwitch","System.Void DolocTown.GameStatePluginCurrent::BeforeSwitch(IDolocGameState,IDolocGameState)","IL_0026","4","null"
"DolocTown.GameStatePluginCurrent","BeforeSwitch","System.Void DolocTown.GameStatePluginCurrent::BeforeSwitch(IDolocGameState,IDolocGameState)","IL_002C","1","从"
"DolocTown.GameStatePluginCurrent","BeforeSwitch","System.Void DolocTown.GameStatePluginCurrent::BeforeSwitch(IDolocGameState,IDolocGameState)","IL_0032","3","切换到"
"DolocTown.RaindropCollision","RaiseDrop","System.Void DolocTown.RaindropCollision::RaiseDrop(UnityEngine.Vector2,System.Boolean,System.Boolean)","IL_0046","7","Default"
"DolocTown.RaindropCollision","RaiseDrop","System.Void DolocTown.RaindropCollision::RaiseDrop(UnityEngine.Vector2,System.Boolean,System.Boolean)","IL_0064","7","Default"
"DolocTown.RaindropCollision","RaiseDrop","System.Void DolocTown.RaindropCollision::RaiseDrop(UnityEngine.Vector2,System.Boolean,System.Boolean)","IL_00F4","7","Default"
"DolocTown.RaindropCollision","OnParticleCollisionEnter","System.Void DolocTown.RaindropCollision::OnParticleCollisionEnter(UnityEngine.ParticleCollisionEvent,UnityEngine.GameObject)","IL_0006","6","Player"
"DolocTown.RaindropCollision","OnParticleCollisionEnter","System.Void DolocTown.RaindropCollision::OnParticleCollisionEnter(UnityEngine.ParticleCollisionEvent,UnityEngine.GameObject)","IL_0018","5","Enemy"
"DolocTown.RaindropCollision","OnParticleCollisionEnter","System.Void DolocTown.RaindropCollision::OnParticleCollisionEnter(UnityEngine.ParticleCollisionEvent,UnityEngine.GameObject)","IL_002A","3","Npc"
"DolocTown.RaindropCollision","OnParticleCollisionEnter","System.Void DolocTown.RaindropCollision::OnParticleCollisionEnter(UnityEngine.ParticleCollisionEvent,UnityEngine.GameObject)","IL_005B","5","Water"
"DolocTown.AgentDropDownChecker","Check","System.Boolean DolocTown.AgentDropDownChecker::Check(UnityEngine.GameObject)","IL_0006","6","ground"
"DolocTown.AgentStateDrop","OnEnter","System.Void DolocTown.AgentStateDrop::OnEnter()","IL_0006","4","drop"
"DolocTown.AgentStateDrop","OnEnter","System.Void DolocTown.AgentStateDrop::OnEnter()","IL_001B","15","PlatformExclude"
"DolocTown.AgentEquipmentFunctionExtraResource","OnReceiveMessage","System.Void DolocTown.AgentEquipmentFunctionExtraResource::OnReceiveMessage(DolocTown.GameMessage)","IL_006F","12","装备技能：未找到名称为"""
"DolocTown.AgentEquipmentFunctionExtraResource","OnReceiveMessage","System.Void DolocTown.AgentEquipmentFunctionExtraResource::OnReceiveMessage(DolocTown.GameMessage)","IL_007A","5","""的查找表"
"DolocTown.AgentEquipmentFunctionExtraResource/<>c__DisplayClass3_0","<OnReceiveMessage>b__0","System.Void DolocTown.AgentEquipmentFunctionExtraResource/<>c__DisplayClass3_0::<OnReceiveMessage>b__0()","IL_001D","0",""
"DolocTown.CharacterRenderer","SetToForeground","System.Void DolocTown.CharacterRenderer::SetToForeground(System.Boolean)","IL_0004","10","GroundBack"
"DolocTown.CharacterRenderer","SetToForeground","System.Void DolocTown.CharacterRenderer::SetToForeground(System.Boolean)","IL_0011","7","Default"
"DolocTown.MotorController","SetMotorForeground","System.Void DolocTown.MotorController::SetMotorForeground(System.Boolean)","IL_0024","11","GroundFront"
"DolocTown.MotorController","SetMotorForeground","System.Void DolocTown.MotorController::SetMotorForeground(System.Boolean)","IL_005D","3","Npc"
"DolocTown.RoomGeneratorUtils","GenResourceConstraint","DolocTown.GameData.TerrainConstraintSO DolocTown.RoomGeneratorUtils::GenResourceConstraint(UnityEngine.Vector2Int[],UnityEngine.Tilemaps.Tilemap,UnityEngine.Tilemaps.Tilemap,UnityEngine.Vector2Int)","IL_008D","5","grass"
"DolocTown.RoomGeneratorUtils","GenResourceConstraint","DolocTown.GameData.TerrainConstraintSO DolocTown.RoomGeneratorUtils::GenResourceConstraint(UnityEngine.Vector2Int[],UnityEngine.Tilemaps.Tilemap,UnityEngine.Tilemaps.Tilemap,UnityEngine.Vector2Int)","IL_009B","7","machine"
"DolocTown.RoomGeneratorUtils","GenResourceConstraint","DolocTown.GameData.TerrainConstraintSO DolocTown.RoomGeneratorUtils::GenResourceConstraint(UnityEngine.Vector2Int[],UnityEngine.Tilemaps.Tilemap,UnityEngine.Tilemaps.Tilemap,UnityEngine.Vector2Int)","IL_00A9","3","ore"
"DolocTown.RoomGeneratorUtils","GenResourceConstraint","DolocTown.GameData.TerrainConstraintSO DolocTown.RoomGeneratorUtils::GenResourceConstraint(UnityEngine.Vector2Int[],UnityEngine.Tilemaps.Tilemap,UnityEngine.Tilemaps.Tilemap,UnityEngine.Vector2Int)","IL_00B7","4","sand"
"DolocTown.RoomGeneratorUtils","GenResourceConstraint","DolocTown.GameData.TerrainConstraintSO DolocTown.RoomGeneratorUtils::GenResourceConstraint(UnityEngine.Vector2Int[],UnityEngine.Tilemaps.Tilemap,UnityEngine.Tilemaps.Tilemap,UnityEngine.Vector2Int)","IL_00C5","5","other"
"DolocTown.RoomGeneratorUtils","GenVegetationConstraint","DolocTown.GameData.TerrainConstraintSO DolocTown.RoomGeneratorUtils::GenVegetationConstraint(UnityEngine.Tilemaps.Tilemap,UnityEngine.Vector2Int[],UnityEngine.Vector2Int)","IL_0073","5","grass"
"DolocTown.RoomGeneratorUtils","GenVegetationConstraint","DolocTown.GameData.TerrainConstraintSO DolocTown.RoomGeneratorUtils::GenVegetationConstraint(UnityEngine.Tilemaps.Tilemap,UnityEngine.Vector2Int[],UnityEngine.Vector2Int)","IL_0081","18","vegetation_collect"
"DolocTown.RoomGeneratorUtils","GenVegetationConstraint","DolocTown.GameData.TerrainConstraintSO DolocTown.RoomGeneratorUtils::GenVegetationConstraint(UnityEngine.Tilemaps.Tilemap,UnityEngine.Vector2Int[],UnityEngine.Vector2Int)","IL_008F","22","vegetation_under_water"
"DolocTown.RoomGeneratorUtils","GenVegetationConstraint","DolocTown.GameData.TerrainConstraintSO DolocTown.RoomGeneratorUtils::GenVegetationConstraint(UnityEngine.Tilemaps.Tilemap,UnityEngine.Vector2Int[],UnityEngine.Vector2Int)","IL_009D","16","vegetation_shine"
"DolocTown.RoomGeneratorUtils","GenVegetationConstraint","DolocTown.GameData.TerrainConstraintSO DolocTown.RoomGeneratorUtils::GenVegetationConstraint(UnityEngine.Tilemaps.Tilemap,UnityEngine.Vector2Int[],UnityEngine.Vector2Int)","IL_00AB","5","other"
"DolocTown.RoomGeneratorUtils","GenEnvObjectInfo","DolocTown.GameData.ResourceGenInfoSO DolocTown.RoomGeneratorUtils::GenEnvObjectInfo(UnityEngine.Tilemaps.Tilemap,UnityEngine.Tilemaps.Tilemap,UnityEngine.Vector2Int,UnityEngine.Vector2Int,System.Boolean)","IL_0046","15","env_object_bird"
"DolocTown.RoomHandle","CreateResourceGenInfoSO","DolocTown.GameData.ResourceGenInfoSO DolocTown.RoomHandle::CreateResourceGenInfoSO(UnityEngine.Vector2Int[],UnityEngine.Vector2Int)","IL_004F","3","房间<"
"DolocTown.RoomHandle","CreateResourceGenInfoSO","DolocTown.GameData.ResourceGenInfoSO DolocTown.RoomHandle::CreateResourceGenInfoSO(UnityEngine.Vector2Int[],UnityEngine.Vector2Int)","IL_005A","10",">没有指定资源瓦片层"
"DolocTown.RoomHandle","CreateEnvObjectGenInfoSO","DolocTown.GameData.ResourceGenInfoSO DolocTown.RoomHandle::CreateEnvObjectGenInfoSO()","IL_0041","3","房间<"
"DolocTown.RoomHandle","CreateEnvObjectGenInfoSO","DolocTown.GameData.ResourceGenInfoSO DolocTown.RoomHandle::CreateEnvObjectGenInfoSO()","IL_004C","12",">没有指定自然对象瓦片层"
"DolocTown.RoomHandle","CreateVegetationGenInfoSO","DolocTown.GameData.ResourceGenInfoSO DolocTown.RoomHandle::CreateVegetationGenInfoSO(UnityEngine.Vector2Int[],UnityEngine.Vector2Int)","IL_0041","3","房间<"
"DolocTown.RoomHandle","CreateVegetationGenInfoSO","DolocTown.GameData.ResourceGenInfoSO DolocTown.RoomHandle::CreateVegetationGenInfoSO(UnityEngine.Vector2Int[],UnityEngine.Vector2Int)","IL_004C","10",">没有指定植被瓦片层"
"DolocTown.IDropItemHost","GenerateDropItemsWithBuff","System.Boolean DolocTown.IDropItemHost::GenerateDropItemsWithBuff(DolocTown.Config.Resource.DungeonResourceType,DolocTown.Config.Item.ItemSpawnEntry,UnityEngine.Vector2,System.Boolean,System.Boolean)","IL_003C","0",""
"DolocTown.IDropItemHost","GetRandomDropLocation","UnityEngine.Vector2 DolocTown.IDropItemHost::GetRandomDropLocation(UnityEngine.Vector2,System.Single,System.Boolean&)","IL_0051","8","Platform"
"DolocTown.IDropItemHost","GetRandomDropLocation","UnityEngine.Vector2 DolocTown.IDropItemHost::GetRandomDropLocation(UnityEngine.Vector2,System.Single,System.Boolean&)","IL_0060","5","Water"
"DolocTown.IDropItemHost","GetRandomDropLocation","UnityEngine.Vector2 DolocTown.IDropItemHost::GetRandomDropLocation(UnityEngine.Vector2,System.Single,System.Boolean&)","IL_00C0","8","Platform"
"DolocTown.IDungeonResourceHost","__AfterLoadDungeonResources","System.Void DolocTown.IDungeonResourceHost::__AfterLoadDungeonResources()","IL_0029","18","房间""{0}""移除{1}个无效的资源"
"DolocTown.WwiseSoundManager","StopCurrentBgmBeforePlay","System.Void DolocTown.WwiseSoundManager::StopCurrentBgmBeforePlay()","IL_0013","7","暂停当前BGM"
"DolocTown.WwiseSoundManager",".cctor","System.Void DolocTown.WwiseSoundManager::.cctor()","IL_0026","16","PLAY_ANIMAL_DROP"
"DolocTown.WwiseSoundManager",".cctor","System.Void DolocTown.WwiseSoundManager::.cctor()","IL_0216","28","PLAY_CHARACTER_FOOTSTEP_DROP"
"DolocTown.WwiseSoundManager",".cctor","System.Void DolocTown.WwiseSoundManager::.cctor()","IL_0236","22","PLAY_CHARACTER_HARVEST"
"DolocTown.WwiseSoundManager",".cctor","System.Void DolocTown.WwiseSoundManager::.cctor()","IL_0556","18","PLAY_RESOURCE_FELL"
"DolocTown.WwiseSoundManager",".cctor","System.Void DolocTown.WwiseSoundManager::.cctor()","IL_0566","24","PLAY_RESOURCE_FELL_ERROR"
"DolocTown.WwiseSoundManager",".cctor","System.Void DolocTown.WwiseSoundManager::.cctor()","IL_0576","20","PLAY_RESOURCE_GATHER"
"DolocTown.WwiseSoundManager",".cctor","System.Void DolocTown.WwiseSoundManager::.cctor()","IL_0586","26","PLAY_RESOURCE_GATHER_ERROR"
"DolocTown.WwiseSoundManager",".cctor","System.Void DolocTown.WwiseSoundManager::.cctor()","IL_0596","21","PLAY_RESOURCE_HARVEST"
"DolocTown.WwiseSoundManager",".cctor","System.Void DolocTown.WwiseSoundManager::.cctor()","IL_05A6","23","PLAY_RESOURCE_PAPER_BOX"
"DolocTown.RecipePanelUiState","HandleExchangeStoreStartUpArgs","System.Boolean DolocTown.RecipePanelUiState::HandleExchangeStoreStartUpArgs(DolocTown.ExchangeStore,DolocTown.LinearInventory[])","IL_001F","0",""
"DolocTown.RecipePanelUiState","HandleExchangeStoreStartUpArgs","System.Boolean DolocTown.RecipePanelUiState::HandleExchangeStoreStartUpArgs(DolocTown.ExchangeStore,DolocTown.LinearInventory[])","IL_003E","0",""
"DolocTown.RecipePanelUiState","HandleExchangeStoreStartUpArgs","System.Boolean DolocTown.RecipePanelUiState::HandleExchangeStoreStartUpArgs(DolocTown.ExchangeStore,DolocTown.LinearInventory[])","IL_0043","0",""
"DolocTown.SystemMenuUiState","BeforeRegister","System.Void DolocTown.SystemMenuUiState::BeforeRegister()","IL_0030","18","ui_text_steamstore"
"DolocTown.SystemMenuUiState","OnSystemTextClicked","System.Void DolocTown.SystemMenuUiState::OnSystemTextClicked(System.Int32)","IL_0056","45","https://store.steampowered.com/app/2285550/_/"
"DolocTown.TechTreeUiState","SendMessage","System.Void DolocTown.TechTreeUiState::SendMessage()","IL_0009","15","tech_tree_panel"
"DolocTown.TechTreeUiState","OnConfirmButtonClick","System.Void DolocTown.TechTreeUiState::OnConfirmButtonClick()","IL_01A7","1"," "
"DolocTown.FunctionDefines","GenerateDropItemAroundInteractableObject","System.Void DolocTown.FunctionDefines::GenerateDropItemAroundInteractableObject(System.String,System.Int32,System.Int32)","IL_0027","0",""
"DolocTown.VersionCommand","ForceRevertEdenMain","System.Void DolocTown.VersionCommand::ForceRevertEdenMain()","IL_01BE","16","copper_ore_guide"
"DolocTown.VersionCommand","UpdateTo08718","System.Void DolocTown.VersionCommand::UpdateTo08718()","IL_0025","10","tree_plant"
"DolocTown.VersionPatchFunctions","UpdateTo09309","System.Void DolocTown.VersionPatchFunctions::UpdateTo09309()","IL_000A","15","animal_techtree"
"DolocTown.VersionPatchFunctions","UpdateTo09310","System.Void DolocTown.VersionPatchFunctions::UpdateTo09310()","IL_000C","9","seed_tree"
"DolocTown.VersionPatchFunctions","UpdateTo09316","System.Void DolocTown.VersionPatchFunctions::UpdateTo09316()","IL_0060","13","food_techtree"
"DolocTown.VersionPatchFunctions","UpdateTo09501","System.Void DolocTown.VersionPatchFunctions::UpdateTo09501()","IL_029E","10","tree_plant"
"DolocTown.VersionPatchFunctions","UpdateTo09501","System.Void DolocTown.VersionPatchFunctions::UpdateTo09501()","IL_02B9","10","tree_plant"
"DolocTown.FontManagerUsage","RestoreFont","System.Void DolocTown.FontManagerUsage::RestoreFont()","IL_0005","5","zh-CN"
"DolocTown.UI.SplashController","GetWarningText","System.String DolocTown.UI.SplashController::GetWarningText(System.String)","IL_0017","403","
<size=48><align=center><color=#E05290>Warning: Read Before Playing</color></align></size>
Some flashing lights or visual effects in this game may trigger discomfort in individuals who are photosensitive, have epilepsy, or experience similar conditions. If you experience any symptoms such as eye pain, headaches, or blurred vision, please stop playing and rest.
Thank you for playing and have fun!
"
"DolocTown.UI.ResourceDetailData",".ctor","System.Void DolocTown.UI.ResourceDetailData::.ctor(System.String)","IL_04C3","3","


"
"DolocTown.UI.ResourceDetailData",".ctor","System.Void DolocTown.UI.ResourceDetailData::.ctor(System.String)","IL_04F3","7","{0}/{1}"
"DolocTown.UI.ResourceDetailData",".ctor","System.Void DolocTown.UI.ResourceDetailData::.ctor(System.String)","IL_0526","2","

"
"DolocTown.UI.DropItemPickTip","Show","System.Void DolocTown.UI.DropItemPickTip::Show(System.String,UnityEngine.Sprite,System.String,System.Int32)","IL_0028","7","{0}+{1}"
"DolocTown.UI.DropItemPickTip","ShowContinues","System.Void DolocTown.UI.DropItemPickTip::ShowContinues(System.Int32)","IL_0014","7","{0}+{1}"
"DolocTown.UI.DropItemPickTipManager","RaiseTip","System.Boolean DolocTown.UI.DropItemPickTipManager::RaiseTip(System.String,UnityEngine.Sprite,System.String,System.Int32)","IL_0001","1","."
"DolocTown.UI.StoreItemData","GetTip","System.String DolocTown.UI.StoreItemData::GetTip(DolocTown.Config.Item.ItemInfo)","IL_0084","0",""
"DolocTown.UI.StoreItemData","GetTip","System.String DolocTown.UI.StoreItemData::GetTip(DolocTown.Config.Item.ItemInfo)","IL_00B1","0",""
"DolocTown.NodeCanvas.DialogueTask_UnlockStoreItem","get_taskTitle","System.String DolocTown.NodeCanvas.DialogueTask_UnlockStoreItem::get_taskTitle()","IL_0000","4","解锁商品"
"DolocTown.NodeCanvas.DialogueTask_UnlockStoreItem","get_taskTitle","System.String DolocTown.NodeCanvas.DialogueTask_UnlockStoreItem::get_taskTitle()","IL_000B","1","@"
"DolocTown.NodeCanvas.DialogueTask_SetTechTreeLocked","get_taskTitle","System.String DolocTown.NodeCanvas.DialogueTask_SetTechTreeLocked::get_taskTitle()","IL_0008","7","锁定科技树:"""
"DolocTown.NodeCanvas.DialogueTask_SetTechTreeLocked","get_taskTitle","System.String DolocTown.NodeCanvas.DialogueTask_SetTechTreeLocked::get_taskTitle()","IL_0019","1","."
"DolocTown.NodeCanvas.DialogueTask_SetTechTreeLocked","get_taskTitle","System.String DolocTown.NodeCanvas.DialogueTask_SetTechTreeLocked::get_taskTitle()","IL_002A","1",""""
"DolocTown.NodeCanvas.DialogueTask_CheckRoomResourceClass","get_taskTitle","System.String DolocTown.NodeCanvas.DialogueTask_CheckRoomResourceClass::get_taskTitle()","IL_0000","26","<{0}>中<{1}>类型的资源数量 {2} {3}"
"DolocTown.NodeCanvas.DialogueTask_CheckRoomResourceClass",".ctor","System.Void DolocTown.NodeCanvas.DialogueTask_CheckRoomResourceClass::.ctor()","IL_0001","0",""
"DolocTown.NodeCanvas.GameProcessTaskScorePanel","OnEnd","System.Void DolocTown.NodeCanvas.GameProcessTaskScorePanel::OnEnd()","IL_0043","23","missing result text {0}"
"DolocTown.GameData.TechTreeNode","get_name","System.String DolocTown.GameData.TechTreeNode::get_name()","IL_0008","15","未设置节点Id/{0}/{1}"
"DolocTown.GameData.TechTreeNode","get_name","System.String DolocTown.GameData.TechTreeNode::get_name()","IL_0024","11","{0}/{1}/{2}"
"DolocTown.GameData.TechTreeNode/UnlockInfo","ToString","System.String DolocTown.GameData.TechTreeNode/UnlockInfo::ToString()","IL_001B","5","+ 设备<"
"DolocTown.GameData.TechTreeNode/UnlockInfo","ToString","System.String DolocTown.GameData.TechTreeNode/UnlockInfo::ToString()","IL_0026","1",">"
"DolocTown.GameData.TechTreeNode/UnlockInfo","ToString","System.String DolocTown.GameData.TechTreeNode/UnlockInfo::ToString()","IL_0033","5","+ 建筑<"
"DolocTown.GameData.TechTreeNode/UnlockInfo","ToString","System.String DolocTown.GameData.TechTreeNode/UnlockInfo::ToString()","IL_003E","1",">"
"DolocTown.GameData.TechTreeNode/UnlockInfo","ToString","System.String DolocTown.GameData.TechTreeNode/UnlockInfo::ToString()","IL_004B","5","+ 配方<"
"DolocTown.GameData.TechTreeNode/UnlockInfo","ToString","System.String DolocTown.GameData.TechTreeNode/UnlockInfo::ToString()","IL_0056","1",">"
"DolocTown.GameData.TechTreeNode/TechPointCost","ToString","System.String DolocTown.GameData.TechTreeNode/TechPointCost::ToString()","IL_001F","8","动物点数x{0}"
"DolocTown.GameData.TechTreeNode/TechPointCost","ToString","System.String DolocTown.GameData.TechTreeNode/TechPointCost::ToString()","IL_0037","8","操作点数x{0}"
"DolocTown.GameData.TechTreeNode/TechPointCost","ToString","System.String DolocTown.GameData.TechTreeNode/TechPointCost::ToString()","IL_004F","8","科学点数x{0}"
"DolocTown.GameData.TechTreeNode/TechPointCost","ToString","System.String DolocTown.GameData.TechTreeNode/TechPointCost::ToString()","IL_0067","8","自然点数x{0}"
"DolocTown.GameData.TechTreeNode/TechPointCost","ToString","System.String DolocTown.GameData.TechTreeNode/TechPointCost::ToString()","IL_007F","8","未知点数x{0}"
"DolocTown.GameData.LocalSave/<>c","<.ctor>b__38_0","System.Void DolocTown.GameData.LocalSave/<>c::<.ctor>b__38_0(System.Object,Newtonsoft.Json.Serialization.ErrorEventArgs)","IL_000C","8","反序列化异常: "
"DolocTown.GameData.ArchiveDataHandle","_OnHourChangedNoRender","System.Void DolocTown.GameData.ArchiveDataHandle::_OnHourChangedNoRender(System.Int32)","IL_00D6","14","Hour Changed.."
"DolocTown.GameData.ArchiveDataHandle","_OnWeatherChangedNoRender","System.Void DolocTown.GameData.ArchiveDataHandle::_OnWeatherChangedNoRender(DolocTown.Config.Weather.WeatherType,System.Boolean)","IL_0083","4","天气变化"
"DolocTown.GameData.GameOuterConfig","LoadFromJson","DolocTown.GameData.GameOuterConfig DolocTown.GameData.GameOuterConfig::LoadFromJson(System.String,DolocTown.GameData.GameOuterConfigSO)","IL_0055","20","ignoreMinimumVersion"
"DolocTown.Config.Tables",".ctor","System.Void DolocTown.Config.Tables::.ctor(System.Func`2<System.String,SimpleJSON.JSONNode>)","IL_1C87","13","store_tbstore"
"DolocTown.Config.Tables",".ctor","System.Void DolocTown.Config.Tables::.ctor(System.Func`2<System.String,SimpleJSON.JSONNode>)","IL_1C9C","13","Store.TbStore"
"DolocTown.Config.Tables",".ctor","System.Void DolocTown.Config.Tables::.ctor(System.Func`2<System.String,SimpleJSON.JSONNode>)","IL_1CBD","13","store_tbstore"
"DolocTown.Config.Tables",".ctor","System.Void DolocTown.Config.Tables::.ctor(System.Func`2<System.String,SimpleJSON.JSONNode>)","IL_1CC9","23","store_tbstorepricescale"
"DolocTown.Config.Tables",".ctor","System.Void DolocTown.Config.Tables::.ctor(System.Func`2<System.String,SimpleJSON.JSONNode>)","IL_1CDE","23","Store.TbStorePriceScale"
"DolocTown.Config.Tables",".ctor","System.Void DolocTown.Config.Tables::.ctor(System.Func`2<System.String,SimpleJSON.JSONNode>)","IL_1CFF","23","store_tbstorepricescale"
"DolocTown.Config.Tables",".ctor","System.Void DolocTown.Config.Tables::.ctor(System.Func`2<System.String,SimpleJSON.JSONNode>)","IL_1D0B","21","store_tbstoreitemlist"
"DolocTown.Config.Tables",".ctor","System.Void DolocTown.Config.Tables::.ctor(System.Func`2<System.String,SimpleJSON.JSONNode>)","IL_1D20","21","Store.TbStoreItemList"
"DolocTown.Config.Tables",".ctor","System.Void DolocTown.Config.Tables::.ctor(System.Func`2<System.String,SimpleJSON.JSONNode>)","IL_1D41","21","store_tbstoreitemlist"
"DolocTown.Config.Tables",".ctor","System.Void DolocTown.Config.Tables::.ctor(System.Func`2<System.String,SimpleJSON.JSONNode>)","IL_1D4D","21","store_tbexchangestore"
"DolocTown.Config.Tables",".ctor","System.Void DolocTown.Config.Tables::.ctor(System.Func`2<System.String,SimpleJSON.JSONNode>)","IL_1D62","21","Store.TbExchangeStore"
"DolocTown.Config.Tables",".ctor","System.Void DolocTown.Config.Tables::.ctor(System.Func`2<System.String,SimpleJSON.JSONNode>)","IL_1D83","21","store_tbexchangestore"
"DolocTown.Config.Tables",".ctor","System.Void DolocTown.Config.Tables::.ctor(System.Func`2<System.String,SimpleJSON.JSONNode>)","IL_1D8F","23","store_tbstoreitemunlock"
"DolocTown.Config.Tables",".ctor","System.Void DolocTown.Config.Tables::.ctor(System.Func`2<System.String,SimpleJSON.JSONNode>)","IL_1DA4","23","Store.TbStoreItemUnlock"
"DolocTown.Config.Tables",".ctor","System.Void DolocTown.Config.Tables::.ctor(System.Func`2<System.String,SimpleJSON.JSONNode>)","IL_1DC5","23","store_tbstoreitemunlock"
"DolocTown.Config.Tables",".ctor","System.Void DolocTown.Config.Tables::.ctor(System.Func`2<System.String,SimpleJSON.JSONNode>)","IL_1E97","16","plant_tbtreeseed"
"DolocTown.Config.Tables",".ctor","System.Void DolocTown.Config.Tables::.ctor(System.Func`2<System.String,SimpleJSON.JSONNode>)","IL_1EAC","16","Plant.TbTreeSeed"
"DolocTown.Config.Tables",".ctor","System.Void DolocTown.Config.Tables::.ctor(System.Func`2<System.String,SimpleJSON.JSONNode>)","IL_1ECD","16","plant_tbtreeseed"
"DolocTown.Config.Tables",".ctor","System.Void DolocTown.Config.Tables::.ctor(System.Func`2<System.String,SimpleJSON.JSONNode>)","IL_20A7","19","techtree_tbtechtree"
"DolocTown.Config.Tables",".ctor","System.Void DolocTown.Config.Tables::.ctor(System.Func`2<System.String,SimpleJSON.JSONNode>)","IL_20BC","19","TechTree.TbTechTree"
"DolocTown.Config.Tables",".ctor","System.Void DolocTown.Config.Tables::.ctor(System.Func`2<System.String,SimpleJSON.JSONNode>)","IL_20DD","19","techtree_tbtechtree"
"DolocTown.Config.Tables",".ctor","System.Void DolocTown.Config.Tables::.ctor(System.Func`2<System.String,SimpleJSON.JSONNode>)","IL_20E9","19","techtree_tbtechnode"
"DolocTown.Config.Tables",".ctor","System.Void DolocTown.Config.Tables::.ctor(System.Func`2<System.String,SimpleJSON.JSONNode>)","IL_20FE","19","TechTree.TbTechNode"
"DolocTown.Config.Tables",".ctor","System.Void DolocTown.Config.Tables::.ctor(System.Func`2<System.String,SimpleJSON.JSONNode>)","IL_211F","19","techtree_tbtechnode"
"DolocTown.Config.Tables",".ctor","System.Void DolocTown.Config.Tables::.ctor(System.Func`2<System.String,SimpleJSON.JSONNode>)","IL_212B","20","techtree_tbtechpoint"
"DolocTown.Config.Tables",".ctor","System.Void DolocTown.Config.Tables::.ctor(System.Func`2<System.String,SimpleJSON.JSONNode>)","IL_2140","20","TechTree.TbTechPoint"
"DolocTown.Config.Tables",".ctor","System.Void DolocTown.Config.Tables::.ctor(System.Func`2<System.String,SimpleJSON.JSONNode>)","IL_2161","20","techtree_tbtechpoint"
"DolocTown.Config.Tables",".ctor","System.Void DolocTown.Config.Tables::.ctor(System.Func`2<System.String,SimpleJSON.JSONNode>)","IL_21F1","20","resource_tbenvobject"
"DolocTown.Config.Tables",".ctor","System.Void DolocTown.Config.Tables::.ctor(System.Func`2<System.String,SimpleJSON.JSONNode>)","IL_2206","20","Resource.TbEnvObject"
"DolocTown.Config.Tables",".ctor","System.Void DolocTown.Config.Tables::.ctor(System.Func`2<System.String,SimpleJSON.JSONNode>)","IL_2227","20","resource_tbenvobject"
"DolocTown.Config.Tables",".ctor","System.Void DolocTown.Config.Tables::.ctor(System.Func`2<System.String,SimpleJSON.JSONNode>)","IL_2233","21","resource_tbvegetation"
"DolocTown.Config.Tables",".ctor","System.Void DolocTown.Config.Tables::.ctor(System.Func`2<System.String,SimpleJSON.JSONNode>)","IL_2248","21","Resource.TbVegetation"
"DolocTown.Config.Tables",".ctor","System.Void DolocTown.Config.Tables::.ctor(System.Func`2<System.String,SimpleJSON.JSONNode>)","IL_2269","21","resource_tbvegetation"
"DolocTown.Config.Tables",".ctor","System.Void DolocTown.Config.Tables::.ctor(System.Func`2<System.String,SimpleJSON.JSONNode>)","IL_2275","19","resource_tbresource"
"DolocTown.Config.Tables",".ctor","System.Void DolocTown.Config.Tables::.ctor(System.Func`2<System.String,SimpleJSON.JSONNode>)","IL_228A","19","Resource.TbResource"
"DolocTown.Config.Tables",".ctor","System.Void DolocTown.Config.Tables::.ctor(System.Func`2<System.String,SimpleJSON.JSONNode>)","IL_22AB","19","resource_tbresource"
"DolocTown.Config.Tables",".ctor","System.Void DolocTown.Config.Tables::.ctor(System.Func`2<System.String,SimpleJSON.JSONNode>)","IL_22B7","23","resource_tbresourcetype"
"DolocTown.Config.Tables",".ctor","System.Void DolocTown.Config.Tables::.ctor(System.Func`2<System.String,SimpleJSON.JSONNode>)","IL_22CC","23","Resource.TbResourceType"
"DolocTown.Config.Tables",".ctor","System.Void DolocTown.Config.Tables::.ctor(System.Func`2<System.String,SimpleJSON.JSONNode>)","IL_22ED","23","resource_tbresourcetype"
"DolocTown.Config.Tables",".ctor","System.Void DolocTown.Config.Tables::.ctor(System.Func`2<System.String,SimpleJSON.JSONNode>)","IL_22F9","31","resource_tbresincollectoroutput"
"DolocTown.Config.Tables",".ctor","System.Void DolocTown.Config.Tables::.ctor(System.Func`2<System.String,SimpleJSON.JSONNode>)","IL_230E","31","Resource.TbResinCollectorOutput"
"DolocTown.Config.Tables",".ctor","System.Void DolocTown.Config.Tables::.ctor(System.Func`2<System.String,SimpleJSON.JSONNode>)","IL_232F","31","resource_tbresincollectoroutput"
"DolocTown.Config.Tables",".ctor","System.Void DolocTown.Config.Tables::.ctor(System.Func`2<System.String,SimpleJSON.JSONNode>)","IL_233B","27","resource_tbresourcedocument"
"DolocTown.Config.Tables",".ctor","System.Void DolocTown.Config.Tables::.ctor(System.Func`2<System.String,SimpleJSON.JSONNode>)","IL_2350","27","Resource.TbResourceDocument"
"DolocTown.Config.Tables",".ctor","System.Void DolocTown.Config.Tables::.ctor(System.Func`2<System.String,SimpleJSON.JSONNode>)","IL_2371","27","resource_tbresourcedocument"
"DolocTown.Config.Tables",".ctor","System.Void DolocTown.Config.Tables::.ctor(System.Func`2<System.String,SimpleJSON.JSONNode>)","IL_2401","24","resource_tbresourcespawn"
"DolocTown.Config.Tables",".ctor","System.Void DolocTown.Config.Tables::.ctor(System.Func`2<System.String,SimpleJSON.JSONNode>)","IL_2416","24","Resource.TbResourceSpawn"
"DolocTown.Config.Tables",".ctor","System.Void DolocTown.Config.Tables::.ctor(System.Func`2<System.String,SimpleJSON.JSONNode>)","IL_2437","24","resource_tbresourcespawn"
"DolocTown.Config.Tables",".ctor","System.Void DolocTown.Config.Tables::.ctor(System.Func`2<System.String,SimpleJSON.JSONNode>)","IL_2443","26","resource_tbvegetationspawn"
"DolocTown.Config.Tables",".ctor","System.Void DolocTown.Config.Tables::.ctor(System.Func`2<System.String,SimpleJSON.JSONNode>)","IL_2458","26","Resource.TbVegetationSpawn"
"DolocTown.Config.Tables",".ctor","System.Void DolocTown.Config.Tables::.ctor(System.Func`2<System.String,SimpleJSON.JSONNode>)","IL_2479","26","resource_tbvegetationspawn"
"DolocTown.Config.Tables",".ctor","System.Void DolocTown.Config.Tables::.ctor(System.Func`2<System.String,SimpleJSON.JSONNode>)","IL_2485","25","resource_tbenvobjectspawn"
"DolocTown.Config.Tables",".ctor","System.Void DolocTown.Config.Tables::.ctor(System.Func`2<System.String,SimpleJSON.JSONNode>)","IL_249A","25","Resource.TbEnvObjectSpawn"
"DolocTown.Config.Tables",".ctor","System.Void DolocTown.Config.Tables::.ctor(System.Func`2<System.String,SimpleJSON.JSONNode>)","IL_24BB","25","resource_tbenvobjectspawn"
"DolocTown.Config.Tables",".ctor","System.Void DolocTown.Config.Tables::.ctor(System.Func`2<System.String,SimpleJSON.JSONNode>)","IL_24C7","27","resource_tbglobalguaranteed"
"DolocTown.Config.Tables",".ctor","System.Void DolocTown.Config.Tables::.ctor(System.Func`2<System.String,SimpleJSON.JSONNode>)","IL_24DC","27","Resource.TbGlobalGuaranteed"
"DolocTown.Config.Tables",".ctor","System.Void DolocTown.Config.Tables::.ctor(System.Func`2<System.String,SimpleJSON.JSONNode>)","IL_24FD","27","resource_tbglobalguaranteed"
"DolocTown.Config.Tables",".ctor","System.Void DolocTown.Config.Tables::.ctor(System.Func`2<System.String,SimpleJSON.JSONNode>)","IL_2E0F","23","mod_tbmodstoreextension"
"DolocTown.Config.Tables",".ctor","System.Void DolocTown.Config.Tables::.ctor(System.Func`2<System.String,SimpleJSON.JSONNode>)","IL_2E24","23","Mod.TbModStoreExtension"
"DolocTown.Config.Tables",".ctor","System.Void DolocTown.Config.Tables::.ctor(System.Func`2<System.String,SimpleJSON.JSONNode>)","IL_2E45","23","mod_tbmodstoreextension"
"DolocTown.Config.Tables",".ctor","System.Void DolocTown.Config.Tables::.ctor(System.Func`2<System.String,SimpleJSON.JSONNode>)","IL_2E51","31","mod_tbmodexchangestoreextension"
"DolocTown.Config.Tables",".ctor","System.Void DolocTown.Config.Tables::.ctor(System.Func`2<System.String,SimpleJSON.JSONNode>)","IL_2E66","31","Mod.TbModExchangeStoreExtension"
"DolocTown.Config.Tables",".ctor","System.Void DolocTown.Config.Tables::.ctor(System.Func`2<System.String,SimpleJSON.JSONNode>)","IL_2E87","31","mod_tbmodexchangestoreextension"
"DolocTown.Config.Tables",".ctor","System.Void DolocTown.Config.Tables::.ctor(System.Func`2<System.String,SimpleJSON.JSONNode>)","IL_2E93","31","mod_tbmodresourcespawnextension"
"DolocTown.Config.Tables",".ctor","System.Void DolocTown.Config.Tables::.ctor(System.Func`2<System.String,SimpleJSON.JSONNode>)","IL_2EA8","31","Mod.TbModResourceSpawnExtension"
"DolocTown.Config.Tables",".ctor","System.Void DolocTown.Config.Tables::.ctor(System.Func`2<System.String,SimpleJSON.JSONNode>)","IL_2EC9","31","mod_tbmodresourcespawnextension"
"DolocTown.Config.Tables",".ctor","System.Void DolocTown.Config.Tables::.ctor(System.Func`2<System.String,SimpleJSON.JSONNode>)","IL_2ED5","33","mod_tbmodvegetationspawnextension"
"DolocTown.Config.Tables",".ctor","System.Void DolocTown.Config.Tables::.ctor(System.Func`2<System.String,SimpleJSON.JSONNode>)","IL_2EEA","33","Mod.TbModVegetationSpawnExtension"
"DolocTown.Config.Tables",".ctor","System.Void DolocTown.Config.Tables::.ctor(System.Func`2<System.String,SimpleJSON.JSONNode>)","IL_2F0B","33","mod_tbmodvegetationspawnextension"
"DolocTown.Config.Tables","HandleModStoreExtension","System.Void DolocTown.Config.Tables::HandleModStoreExtension()","IL_0042","14","kenenimuu_shop"
"DolocTown.Config.Tables","HandleModStoreExtension","System.Void DolocTown.Config.Tables::HandleModStoreExtension()","IL_0050","23","seasonseed_villain_shop"
"DolocTown.Config.Tables","HandleModStoreExtension","System.Void DolocTown.Config.Tables::HandleModStoreExtension()","IL_005E","11","animal_shop"
"DolocTown.Config.Tables","HandleModStoreExtension","System.Void DolocTown.Config.Tables::HandleModStoreExtension()","IL_0067","15","seasonseed_shop"
"DolocTown.Config.Tables","HandleModExchangeStoreExtension","System.Void DolocTown.Config.Tables::HandleModExchangeStoreExtension()","IL_0042","20","merlin_exchange_shop"
"DolocTown.Config.Tables","HandleModExchangeStoreExtension","System.Void DolocTown.Config.Tables::HandleModExchangeStoreExtension()","IL_0050","17","cod_exchange_shop"
"DolocTown.Config.Tables","HandleModExchangeStoreExtension","System.Void DolocTown.Config.Tables::HandleModExchangeStoreExtension()","IL_005E","18","lank_exchange_shop"
"DolocTown.Config.Tables","HandleModExchangeStoreExtension","System.Void DolocTown.Config.Tables::HandleModExchangeStoreExtension()","IL_006C","21","orlando_exchange_shop"
"DolocTown.Config.Tables","HandleModExchangeStoreExtension","System.Void DolocTown.Config.Tables::HandleModExchangeStoreExtension()","IL_007A","19","sacco_exchange_shop"
"DolocTown.Config.Tables","HandleModExchangeStoreExtension","System.Void DolocTown.Config.Tables::HandleModExchangeStoreExtension()","IL_0088","28","evernight_kuma_exchange_shop"
"DolocTown.Config.Tables","HandleModExchangeStoreExtension","System.Void DolocTown.Config.Tables::HandleModExchangeStoreExtension()","IL_0096","12","tool_upgrade"
"DolocTown.Config.Tables","HandleModExchangeStoreExtension","System.Void DolocTown.Config.Tables::HandleModExchangeStoreExtension()","IL_009F","8","cod_shop"
"DolocTown.Config.Tables","HandleModExchangeStoreExtension","System.Void DolocTown.Config.Tables::HandleModExchangeStoreExtension()","IL_00A8","22","garbage_exchange_store"
"DolocTown.Config.Tables","HandleModExchangeStoreExtension","System.Void DolocTown.Config.Tables::HandleModExchangeStoreExtension()","IL_00B1","21","orlando_exchange_shop"
"DolocTown.Config.Tables","HandleModExchangeStoreExtension","System.Void DolocTown.Config.Tables::HandleModExchangeStoreExtension()","IL_00BA","11","sacco_store"
"DolocTown.Config.Tables","HandleModExchangeStoreExtension","System.Void DolocTown.Config.Tables::HandleModExchangeStoreExtension()","IL_00C3","19","evernight_kuma_shop"
"DolocTown.Config.ModInfo","LoadSprites","System.Void DolocTown.Config.ModInfo::LoadSprites()","IL_002D","7","_ignore"
"DolocTown.Config.ModInfo","LoadConfigs","System.Void DolocTown.Config.ModInfo::LoadConfigs()","IL_0028","7","_ignore"
"DolocTown.Config.Time.SeasonInfo",".ctor","System.Void DolocTown.Config.Time.SeasonInfo::.ctor(SimpleJSON.JSONNode)","IL_00BF","23","resource_spawn_interval"
"DolocTown.Config.Time.SeasonInfo",".ctor","System.Void DolocTown.Config.Time.SeasonInfo::.ctor(SimpleJSON.JSONNode)","IL_00D8","23","resource_spawn_interval"
"DolocTown.Config.Time.SeasonInfo",".ctor","System.Void DolocTown.Config.Time.SeasonInfo::.ctor(SimpleJSON.JSONNode)","IL_00ED","22","resource_grow_interval"
"DolocTown.Config.Time.SeasonInfo",".ctor","System.Void DolocTown.Config.Time.SeasonInfo::.ctor(SimpleJSON.JSONNode)","IL_0106","22","resource_grow_interval"
"DolocTown.Config.Time.SeasonInfo",".ctor","System.Void DolocTown.Config.Time.SeasonInfo::.ctor(SimpleJSON.JSONNode)","IL_011B","25","vegetation_spawn_interval"
"DolocTown.Config.Time.SeasonInfo",".ctor","System.Void DolocTown.Config.Time.SeasonInfo::.ctor(SimpleJSON.JSONNode)","IL_0134","25","vegetation_spawn_interval"
"DolocTown.Config.Time.SeasonInfo",".ctor","System.Void DolocTown.Config.Time.SeasonInfo::.ctor(SimpleJSON.JSONNode)","IL_0149","24","vegetation_grow_interval"
"DolocTown.Config.Time.SeasonInfo",".ctor","System.Void DolocTown.Config.Time.SeasonInfo::.ctor(SimpleJSON.JSONNode)","IL_0162","24","vegetation_grow_interval"
"DolocTown.Config.Time.SeasonInfo",".ctor","System.Void DolocTown.Config.Time.SeasonInfo::.ctor(SimpleJSON.JSONNode)","IL_03D1","21","bird_drop_spawn_entry"
"DolocTown.Config.Time.SeasonInfo",".ctor","System.Void DolocTown.Config.Time.SeasonInfo::.ctor(SimpleJSON.JSONNode)","IL_03EA","21","bird_drop_spawn_entry"
"DolocTown.Config.Time.SeasonInfo","ToString","System.String DolocTown.Config.Time.SeasonInfo::ToString()","IL_006D","23",",ResourceSpawnInterval:"
"DolocTown.Config.Time.SeasonInfo","ToString","System.String DolocTown.Config.Time.SeasonInfo::ToString()","IL_0088","22",",ResourceGrowInterval:"
"DolocTown.Config.Time.SeasonInfo","ToString","System.String DolocTown.Config.Time.SeasonInfo::ToString()","IL_00A3","25",",VegetationSpawnInterval:"
"DolocTown.Config.Time.SeasonInfo","ToString","System.String DolocTown.Config.Time.SeasonInfo::ToString()","IL_00BE","24",",VegetationGrowInterval:"
"DolocTown.Config.Time.SeasonInfo","ToString","System.String DolocTown.Config.Time.SeasonInfo::ToString()","IL_012A","20",",BirdDropSpawnEntry:"
"DolocTown.Config.TechTree.TbTechNode",".ctor","System.Void DolocTown.Config.TechTree.TbTechNode::.ctor(SimpleJSON.JSONNode)","IL_0058","24","[Config] Duplicate key: "
"DolocTown.Config.TechTree.TbTechNode",".ctor","System.Void DolocTown.Config.TechTree.TbTechNode::.ctor(SimpleJSON.JSONNode)","IL_0063","21"," in table: TbTechNode"
"DolocTown.Config.TechTree.TbTechPoint",".ctor","System.Void DolocTown.Config.TechTree.TbTechPoint::.ctor(SimpleJSON.JSONNode)","IL_0058","49","[Config] Duplicate key: {0} in table: TbTechPoint"
"DolocTown.Config.TechTree.TbTechTree",".ctor","System.Void DolocTown.Config.TechTree.TbTechTree::.ctor(SimpleJSON.JSONNode)","IL_008B","24","[Config] Duplicate key: "
"DolocTown.Config.TechTree.TbTechTree",".ctor","System.Void DolocTown.Config.TechTree.TbTechTree::.ctor(SimpleJSON.JSONNode)","IL_0096","21"," in table: TbTechTree"
"DolocTown.Config.TechTree.TbTechTree",".ctor","System.Void DolocTown.Config.TechTree.TbTechTree::.ctor(SimpleJSON.JSONNode)","IL_00B9","48","[Config] Duplicate key: {0} in table: TbTechTree"
"DolocTown.Config.TechTree.TechLevelInfo",".ctor","System.Void DolocTown.Config.TechTree.TechLevelInfo::.ctor(SimpleJSON.JSONNode)","IL_0007","5","level"
"DolocTown.Config.TechTree.TechLevelInfo",".ctor","System.Void DolocTown.Config.TechTree.TechLevelInfo::.ctor(SimpleJSON.JSONNode)","IL_0020","5","level"
"DolocTown.Config.TechTree.TechLevelInfo",".ctor","System.Void DolocTown.Config.TechTree.TechLevelInfo::.ctor(SimpleJSON.JSONNode)","IL_0035","12","required_exp"
"DolocTown.Config.TechTree.TechLevelInfo",".ctor","System.Void DolocTown.Config.TechTree.TechLevelInfo::.ctor(SimpleJSON.JSONNode)","IL_004E","12","required_exp"
"DolocTown.Config.TechTree.TechLevelInfo",".ctor","System.Void DolocTown.Config.TechTree.TechLevelInfo::.ctor(SimpleJSON.JSONNode)","IL_0063","13","reward_points"
"DolocTown.Config.TechTree.TechLevelInfo",".ctor","System.Void DolocTown.Config.TechTree.TechLevelInfo::.ctor(SimpleJSON.JSONNode)","IL_007C","13","reward_points"
"DolocTown.Config.TechTree.TechLevelInfo","ToString","System.String DolocTown.Config.TechTree.TechLevelInfo::ToString()","IL_0008","8","{ Level:"
"DolocTown.Config.TechTree.TechLevelInfo","ToString","System.String DolocTown.Config.TechTree.TechLevelInfo::ToString()","IL_0021","13",",RequiredExp:"
"DolocTown.Config.TechTree.TechLevelInfo","ToString","System.String DolocTown.Config.TechTree.TechLevelInfo::ToString()","IL_003A","14",",RewardPoints:"
"DolocTown.Config.TechTree.TechLevelInfo","ToString","System.String DolocTown.Config.TechTree.TechLevelInfo::ToString()","IL_0053","2",",}"
"DolocTown.Config.TechTree.TechNodeInfo",".ctor","System.Void DolocTown.Config.TechTree.TechNodeInfo::.ctor(SimpleJSON.JSONNode)","IL_0007","2","id"
"DolocTown.Config.TechTree.TechNodeInfo",".ctor","System.Void DolocTown.Config.TechTree.TechNodeInfo::.ctor(SimpleJSON.JSONNode)","IL_0020","2","id"
"DolocTown.Config.TechTree.TechNodeInfo",".ctor","System.Void DolocTown.Config.TechTree.TechNodeInfo::.ctor(SimpleJSON.JSONNode)","IL_0035","5","title"
"DolocTown.Config.TechTree.TechNodeInfo",".ctor","System.Void DolocTown.Config.TechTree.TechNodeInfo::.ctor(SimpleJSON.JSONNode)","IL_003F","3","key"
"DolocTown.Config.TechTree.TechNodeInfo",".ctor","System.Void DolocTown.Config.TechTree.TechNodeInfo::.ctor(SimpleJSON.JSONNode)","IL_0058","5","title"
"DolocTown.Config.TechTree.TechNodeInfo",".ctor","System.Void DolocTown.Config.TechTree.TechNodeInfo::.ctor(SimpleJSON.JSONNode)","IL_0062","3","key"
"DolocTown.Config.TechTree.TechNodeInfo",".ctor","System.Void DolocTown.Config.TechTree.TechNodeInfo::.ctor(SimpleJSON.JSONNode)","IL_0077","5","title"
"DolocTown.Config.TechTree.TechNodeInfo",".ctor","System.Void DolocTown.Config.TechTree.TechNodeInfo::.ctor(SimpleJSON.JSONNode)","IL_0081","4","text"
"DolocTown.Config.TechTree.TechNodeInfo",".ctor","System.Void DolocTown.Config.TechTree.TechNodeInfo::.ctor(SimpleJSON.JSONNode)","IL_009A","5","title"
"DolocTown.Config.TechTree.TechNodeInfo",".ctor","System.Void DolocTown.Config.TechTree.TechNodeInfo::.ctor(SimpleJSON.JSONNode)","IL_00A4","4","text"
"DolocTown.Config.TechTree.TechNodeInfo",".ctor","System.Void DolocTown.Config.TechTree.TechNodeInfo::.ctor(SimpleJSON.JSONNode)","IL_00B9","11","description"
"DolocTown.Config.TechTree.TechNodeInfo",".ctor","System.Void DolocTown.Config.TechTree.TechNodeInfo::.ctor(SimpleJSON.JSONNode)","IL_00C3","3","key"
"DolocTown.Config.TechTree.TechNodeInfo",".ctor","System.Void DolocTown.Config.TechTree.TechNodeInfo::.ctor(SimpleJSON.JSONNode)","IL_00DC","11","description"
"DolocTown.Config.TechTree.TechNodeInfo",".ctor","System.Void DolocTown.Config.TechTree.TechNodeInfo::.ctor(SimpleJSON.JSONNode)","IL_00E6","3","key"
"DolocTown.Config.TechTree.TechNodeInfo",".ctor","System.Void DolocTown.Config.TechTree.TechNodeInfo::.ctor(SimpleJSON.JSONNode)","IL_00FB","11","description"
"DolocTown.Config.TechTree.TechNodeInfo",".ctor","System.Void DolocTown.Config.TechTree.TechNodeInfo::.ctor(SimpleJSON.JSONNode)","IL_0105","4","text"
"DolocTown.Config.TechTree.TechNodeInfo",".ctor","System.Void DolocTown.Config.TechTree.TechNodeInfo::.ctor(SimpleJSON.JSONNode)","IL_011E","11","description"
"DolocTown.Config.TechTree.TechNodeInfo",".ctor","System.Void DolocTown.Config.TechTree.TechNodeInfo::.ctor(SimpleJSON.JSONNode)","IL_0128","4","text"
"DolocTown.Config.TechTree.TechNodeInfo",".ctor","System.Void DolocTown.Config.TechTree.TechNodeInfo::.ctor(SimpleJSON.JSONNode)","IL_013D","11","lock_prompt"
"DolocTown.Config.TechTree.TechNodeInfo",".ctor","System.Void DolocTown.Config.TechTree.TechNodeInfo::.ctor(SimpleJSON.JSONNode)","IL_0147","3","key"
"DolocTown.Config.TechTree.TechNodeInfo",".ctor","System.Void DolocTown.Config.TechTree.TechNodeInfo::.ctor(SimpleJSON.JSONNode)","IL_0160","11","lock_prompt"
"DolocTown.Config.TechTree.TechNodeInfo",".ctor","System.Void DolocTown.Config.TechTree.TechNodeInfo::.ctor(SimpleJSON.JSONNode)","IL_016A","3","key"
"DolocTown.Config.TechTree.TechNodeInfo",".ctor","System.Void DolocTown.Config.TechTree.TechNodeInfo::.ctor(SimpleJSON.JSONNode)","IL_017F","11","lock_prompt"
"DolocTown.Config.TechTree.TechNodeInfo",".ctor","System.Void DolocTown.Config.TechTree.TechNodeInfo::.ctor(SimpleJSON.JSONNode)","IL_0189","4","text"
"DolocTown.Config.TechTree.TechNodeInfo",".ctor","System.Void DolocTown.Config.TechTree.TechNodeInfo::.ctor(SimpleJSON.JSONNode)","IL_01A2","11","lock_prompt"
"DolocTown.Config.TechTree.TechNodeInfo",".ctor","System.Void DolocTown.Config.TechTree.TechNodeInfo::.ctor(SimpleJSON.JSONNode)","IL_01AC","4","text"
"DolocTown.Config.TechTree.TechNodeInfo","ToString","System.String DolocTown.Config.TechTree.TechNodeInfo::ToString()","IL_0009","5","{ Id:"
"DolocTown.Config.TechTree.TechNodeInfo","ToString","System.String DolocTown.Config.TechTree.TechNodeInfo::ToString()","IL_001A","7",",Title:"
"DolocTown.Config.TechTree.TechNodeInfo","ToString","System.String DolocTown.Config.TechTree.TechNodeInfo::ToString()","IL_002B","13",",Description:"
"DolocTown.Config.TechTree.TechNodeInfo","ToString","System.String DolocTown.Config.TechTree.TechNodeInfo::ToString()","IL_003C","12",",LockPrompt:"
"DolocTown.Config.TechTree.TechNodeInfo","ToString","System.String DolocTown.Config.TechTree.TechNodeInfo::ToString()","IL_004D","2",",}"
"DolocTown.Config.TechTree.TechPointAdder",".ctor","System.Void DolocTown.Config.TechTree.TechPointAdder::.ctor(SimpleJSON.JSONNode)","IL_0007","4","type"
"DolocTown.Config.TechTree.TechPointAdder",".ctor","System.Void DolocTown.Config.TechTree.TechPointAdder::.ctor(SimpleJSON.JSONNode)","IL_0020","4","type"
"DolocTown.Config.TechTree.TechPointAdder",".ctor","System.Void DolocTown.Config.TechTree.TechPointAdder::.ctor(SimpleJSON.JSONNode)","IL_0035","5","count"
"DolocTown.Config.TechTree.TechPointAdder",".ctor","System.Void DolocTown.Config.TechTree.TechPointAdder::.ctor(SimpleJSON.JSONNode)","IL_004E","5","count"
"DolocTown.Config.TechTree.TechPointAdder","ToString","System.String DolocTown.Config.TechTree.TechPointAdder::ToString()","IL_0008","7","{ Type:"
"DolocTown.Config.TechTree.TechPointAdder","ToString","System.String DolocTown.Config.TechTree.TechPointAdder::ToString()","IL_0027","7",",Count:"
"DolocTown.Config.TechTree.TechPointAdder","ToString","System.String DolocTown.Config.TechTree.TechPointAdder::ToString()","IL_0040","2",",}"
"DolocTown.Config.TechTree.TechPointInfo",".ctor","System.Void DolocTown.Config.TechTree.TechPointInfo::.ctor(SimpleJSON.JSONNode)","IL_001D","2","id"
"DolocTown.Config.TechTree.TechPointInfo",".ctor","System.Void DolocTown.Config.TechTree.TechPointInfo::.ctor(SimpleJSON.JSONNode)","IL_0036","2","id"
"DolocTown.Config.TechTree.TechPointInfo",".ctor","System.Void DolocTown.Config.TechTree.TechPointInfo::.ctor(SimpleJSON.JSONNode)","IL_004B","9","level_map"
"DolocTown.Config.TechTree.TechPointInfo",".ctor","System.Void DolocTown.Config.TechTree.TechPointInfo::.ctor(SimpleJSON.JSONNode)","IL_0102","5","title"
"DolocTown.Config.TechTree.TechPointInfo",".ctor","System.Void DolocTown.Config.TechTree.TechPointInfo::.ctor(SimpleJSON.JSONNode)","IL_010C","3","key"
"DolocTown.Config.TechTree.TechPointInfo",".ctor","System.Void DolocTown.Config.TechTree.TechPointInfo::.ctor(SimpleJSON.JSONNode)","IL_0125","5","title"
"DolocTown.Config.TechTree.TechPointInfo",".ctor","System.Void DolocTown.Config.TechTree.TechPointInfo::.ctor(SimpleJSON.JSONNode)","IL_012F","3","key"
"DolocTown.Config.TechTree.TechPointInfo",".ctor","System.Void DolocTown.Config.TechTree.TechPointInfo::.ctor(SimpleJSON.JSONNode)","IL_0144","5","title"
"DolocTown.Config.TechTree.TechPointInfo",".ctor","System.Void DolocTown.Config.TechTree.TechPointInfo::.ctor(SimpleJSON.JSONNode)","IL_014E","4","text"
"DolocTown.Config.TechTree.TechPointInfo",".ctor","System.Void DolocTown.Config.TechTree.TechPointInfo::.ctor(SimpleJSON.JSONNode)","IL_0167","5","title"
"DolocTown.Config.TechTree.TechPointInfo",".ctor","System.Void DolocTown.Config.TechTree.TechPointInfo::.ctor(SimpleJSON.JSONNode)","IL_0171","4","text"
"DolocTown.Config.TechTree.TechPointInfo",".ctor","System.Void DolocTown.Config.TechTree.TechPointInfo::.ctor(SimpleJSON.JSONNode)","IL_0186","11","description"
"DolocTown.Config.TechTree.TechPointInfo",".ctor","System.Void DolocTown.Config.TechTree.TechPointInfo::.ctor(SimpleJSON.JSONNode)","IL_0190","3","key"
"DolocTown.Config.TechTree.TechPointInfo",".ctor","System.Void DolocTown.Config.TechTree.TechPointInfo::.ctor(SimpleJSON.JSONNode)","IL_01A9","11","description"
"DolocTown.Config.TechTree.TechPointInfo",".ctor","System.Void DolocTown.Config.TechTree.TechPointInfo::.ctor(SimpleJSON.JSONNode)","IL_01B3","3","key"
"DolocTown.Config.TechTree.TechPointInfo",".ctor","System.Void DolocTown.Config.TechTree.TechPointInfo::.ctor(SimpleJSON.JSONNode)","IL_01C8","11","description"
"DolocTown.Config.TechTree.TechPointInfo",".ctor","System.Void DolocTown.Config.TechTree.TechPointInfo::.ctor(SimpleJSON.JSONNode)","IL_01D2","4","text"
"DolocTown.Config.TechTree.TechPointInfo",".ctor","System.Void DolocTown.Config.TechTree.TechPointInfo::.ctor(SimpleJSON.JSONNode)","IL_01EB","11","description"
"DolocTown.Config.TechTree.TechPointInfo",".ctor","System.Void DolocTown.Config.TechTree.TechPointInfo::.ctor(SimpleJSON.JSONNode)","IL_01F5","4","text"
"DolocTown.Config.TechTree.TechPointInfo",".ctor","System.Void DolocTown.Config.TechTree.TechPointInfo::.ctor(SimpleJSON.JSONNode)","IL_020A","4","icon"
"DolocTown.Config.TechTree.TechPointInfo",".ctor","System.Void DolocTown.Config.TechTree.TechPointInfo::.ctor(SimpleJSON.JSONNode)","IL_0223","4","icon"
"DolocTown.Config.TechTree.TechPointInfo",".ctor","System.Void DolocTown.Config.TechTree.TechPointInfo::.ctor(SimpleJSON.JSONNode)","IL_023D","13","use_level_tip"
"DolocTown.Config.TechTree.TechPointInfo",".ctor","System.Void DolocTown.Config.TechTree.TechPointInfo::.ctor(SimpleJSON.JSONNode)","IL_0256","13","use_level_tip"
"DolocTown.Config.TechTree.TechPointInfo",".ctor","System.Void DolocTown.Config.TechTree.TechPointInfo::.ctor(SimpleJSON.JSONNode)","IL_026B","5","order"
"DolocTown.Config.TechTree.TechPointInfo",".ctor","System.Void DolocTown.Config.TechTree.TechPointInfo::.ctor(SimpleJSON.JSONNode)","IL_0284","5","order"
"DolocTown.Config.TechTree.TechPointInfo","ToString","System.String DolocTown.Config.TechTree.TechPointInfo::ToString()","IL_0009","5","{ Id:"
"DolocTown.Config.TechTree.TechPointInfo","ToString","System.String DolocTown.Config.TechTree.TechPointInfo::ToString()","IL_0028","10",",LevelMap:"
"DolocTown.Config.TechTree.TechPointInfo","ToString","System.String DolocTown.Config.TechTree.TechPointInfo::ToString()","IL_003E","7",",Title:"
"DolocTown.Config.TechTree.TechPointInfo","ToString","System.String DolocTown.Config.TechTree.TechPointInfo::ToString()","IL_004F","13",",Description:"
"DolocTown.Config.TechTree.TechPointInfo","ToString","System.String DolocTown.Config.TechTree.TechPointInfo::ToString()","IL_0060","6",",Icon:"
"DolocTown.Config.TechTree.TechPointInfo","ToString","System.String DolocTown.Config.TechTree.TechPointInfo::ToString()","IL_007F","13",",UseLevelTip:"
"DolocTown.Config.TechTree.TechPointInfo","ToString","System.String DolocTown.Config.TechTree.TechPointInfo::ToString()","IL_009A","7",",Order:"
"DolocTown.Config.TechTree.TechPointInfo","ToString","System.String DolocTown.Config.TechTree.TechPointInfo::ToString()","IL_00B5","2",",}"
"DolocTown.Config.TechTree.TechPointInfo","PostResolve","System.Void DolocTown.Config.TechTree.TechPointInfo::PostResolve()","IL_0022","21","<{0}>等级数据不合法：请从零开始递增！"
"DolocTown.Config.TechTree.TechTreeInfo",".ctor","System.Void DolocTown.Config.TechTree.TechTreeInfo::.ctor(SimpleJSON.JSONNode)","IL_0007","2","id"
"DolocTown.Config.TechTree.TechTreeInfo",".ctor","System.Void DolocTown.Config.TechTree.TechTreeInfo::.ctor(SimpleJSON.JSONNode)","IL_0020","2","id"
"DolocTown.Config.TechTree.TechTreeInfo",".ctor","System.Void DolocTown.Config.TechTree.TechTreeInfo::.ctor(SimpleJSON.JSONNode)","IL_0035","10","tech_point"
"DolocTown.Config.TechTree.TechTreeInfo",".ctor","System.Void DolocTown.Config.TechTree.TechTreeInfo::.ctor(SimpleJSON.JSONNode)","IL_004E","10","tech_point"
"DolocTown.Config.TechTree.TechTreeInfo",".ctor","System.Void DolocTown.Config.TechTree.TechTreeInfo::.ctor(SimpleJSON.JSONNode)","IL_0063","5","title"
"DolocTown.Config.TechTree.TechTreeInfo",".ctor","System.Void DolocTown.Config.TechTree.TechTreeInfo::.ctor(SimpleJSON.JSONNode)","IL_006D","3","key"
"DolocTown.Config.TechTree.TechTreeInfo",".ctor","System.Void DolocTown.Config.TechTree.TechTreeInfo::.ctor(SimpleJSON.JSONNode)","IL_0086","5","title"
"DolocTown.Config.TechTree.TechTreeInfo",".ctor","System.Void DolocTown.Config.TechTree.TechTreeInfo::.ctor(SimpleJSON.JSONNode)","IL_0090","3","key"
"DolocTown.Config.TechTree.TechTreeInfo",".ctor","System.Void DolocTown.Config.TechTree.TechTreeInfo::.ctor(SimpleJSON.JSONNode)","IL_00A5","5","title"
"DolocTown.Config.TechTree.TechTreeInfo",".ctor","System.Void DolocTown.Config.TechTree.TechTreeInfo::.ctor(SimpleJSON.JSONNode)","IL_00AF","4","text"
"DolocTown.Config.TechTree.TechTreeInfo",".ctor","System.Void DolocTown.Config.TechTree.TechTreeInfo::.ctor(SimpleJSON.JSONNode)","IL_00C8","5","title"
"DolocTown.Config.TechTree.TechTreeInfo",".ctor","System.Void DolocTown.Config.TechTree.TechTreeInfo::.ctor(SimpleJSON.JSONNode)","IL_00D2","4","text"
"DolocTown.Config.TechTree.TechTreeInfo",".ctor","System.Void DolocTown.Config.TechTree.TechTreeInfo::.ctor(SimpleJSON.JSONNode)","IL_00E7","11","description"
"DolocTown.Config.TechTree.TechTreeInfo",".ctor","System.Void DolocTown.Config.TechTree.TechTreeInfo::.ctor(SimpleJSON.JSONNode)","IL_00F1","3","key"
"DolocTown.Config.TechTree.TechTreeInfo",".ctor","System.Void DolocTown.Config.TechTree.TechTreeInfo::.ctor(SimpleJSON.JSONNode)","IL_010A","11","description"
"DolocTown.Config.TechTree.TechTreeInfo",".ctor","System.Void DolocTown.Config.TechTree.TechTreeInfo::.ctor(SimpleJSON.JSONNode)","IL_0114","3","key"
"DolocTown.Config.TechTree.TechTreeInfo",".ctor","System.Void DolocTown.Config.TechTree.TechTreeInfo::.ctor(SimpleJSON.JSONNode)","IL_0129","11","description"
"DolocTown.Config.TechTree.TechTreeInfo",".ctor","System.Void DolocTown.Config.TechTree.TechTreeInfo::.ctor(SimpleJSON.JSONNode)","IL_0133","4","text"
"DolocTown.Config.TechTree.TechTreeInfo",".ctor","System.Void DolocTown.Config.TechTree.TechTreeInfo::.ctor(SimpleJSON.JSONNode)","IL_014C","11","description"
"DolocTown.Config.TechTree.TechTreeInfo",".ctor","System.Void DolocTown.Config.TechTree.TechTreeInfo::.ctor(SimpleJSON.JSONNode)","IL_0156","4","text"
"DolocTown.Config.TechTree.TechTreeInfo",".ctor","System.Void DolocTown.Config.TechTree.TechTreeInfo::.ctor(SimpleJSON.JSONNode)","IL_016B","14","default_unlock"
"DolocTown.Config.TechTree.TechTreeInfo",".ctor","System.Void DolocTown.Config.TechTree.TechTreeInfo::.ctor(SimpleJSON.JSONNode)","IL_0184","14","default_unlock"
"DolocTown.Config.TechTree.TechTreeInfo","ToString","System.String DolocTown.Config.TechTree.TechTreeInfo::ToString()","IL_0009","5","{ Id:"
"DolocTown.Config.TechTree.TechTreeInfo","ToString","System.String DolocTown.Config.TechTree.TechTreeInfo::ToString()","IL_001A","11",",TechPoint:"
"DolocTown.Config.TechTree.TechTreeInfo","ToString","System.String DolocTown.Config.TechTree.TechTreeInfo::ToString()","IL_0039","7",",Title:"
"DolocTown.Config.TechTree.TechTreeInfo","ToString","System.String DolocTown.Config.TechTree.TechTreeInfo::ToString()","IL_004A","13",",Description:"
"DolocTown.Config.TechTree.TechTreeInfo","ToString","System.String DolocTown.Config.TechTree.TechTreeInfo::ToString()","IL_005B","15",",DefaultUnlock:"
"DolocTown.Config.TechTree.TechTreeInfo","ToString","System.String DolocTown.Config.TechTree.TechTreeInfo::ToString()","IL_0076","2",",}"
"DolocTown.Config.Store.ExchangeStoreInfo",".ctor","System.Void DolocTown.Config.Store.ExchangeStoreInfo::.ctor(SimpleJSON.JSONNode)","IL_0012","2","id"
"DolocTown.Config.Store.ExchangeStoreInfo",".ctor","System.Void DolocTown.Config.Store.ExchangeStoreInfo::.ctor(SimpleJSON.JSONNode)","IL_002B","2","id"
"DolocTown.Config.Store.ExchangeStoreInfo",".ctor","System.Void DolocTown.Config.Store.ExchangeStoreInfo::.ctor(SimpleJSON.JSONNode)","IL_0040","18","refresh_immediatly"
"DolocTown.Config.Store.ExchangeStoreInfo",".ctor","System.Void DolocTown.Config.Store.ExchangeStoreInfo::.ctor(SimpleJSON.JSONNode)","IL_0059","18","refresh_immediatly"
"DolocTown.Config.Store.ExchangeStoreInfo",".ctor","System.Void DolocTown.Config.Store.ExchangeStoreInfo::.ctor(SimpleJSON.JSONNode)","IL_006E","5","title"
"DolocTown.Config.Store.ExchangeStoreInfo",".ctor","System.Void DolocTown.Config.Store.ExchangeStoreInfo::.ctor(SimpleJSON.JSONNode)","IL_0078","3","key"
"DolocTown.Config.Store.ExchangeStoreInfo",".ctor","System.Void DolocTown.Config.Store.ExchangeStoreInfo::.ctor(SimpleJSON.JSONNode)","IL_0091","5","title"
"DolocTown.Config.Store.ExchangeStoreInfo",".ctor","System.Void DolocTown.Config.Store.ExchangeStoreInfo::.ctor(SimpleJSON.JSONNode)","IL_009B","3","key"
"DolocTown.Config.Store.ExchangeStoreInfo",".ctor","System.Void DolocTown.Config.Store.ExchangeStoreInfo::.ctor(SimpleJSON.JSONNode)","IL_00B0","5","title"
"DolocTown.Config.Store.ExchangeStoreInfo",".ctor","System.Void DolocTown.Config.Store.ExchangeStoreInfo::.ctor(SimpleJSON.JSONNode)","IL_00BA","4","text"
"DolocTown.Config.Store.ExchangeStoreInfo",".ctor","System.Void DolocTown.Config.Store.ExchangeStoreInfo::.ctor(SimpleJSON.JSONNode)","IL_00D3","5","title"
"DolocTown.Config.Store.ExchangeStoreInfo",".ctor","System.Void DolocTown.Config.Store.ExchangeStoreInfo::.ctor(SimpleJSON.JSONNode)","IL_00DD","4","text"
"DolocTown.Config.Store.ExchangeStoreInfo",".ctor","System.Void DolocTown.Config.Store.ExchangeStoreInfo::.ctor(SimpleJSON.JSONNode)","IL_00F2","10","craft_text"
"DolocTown.Config.Store.ExchangeStoreInfo",".ctor","System.Void DolocTown.Config.Store.ExchangeStoreInfo::.ctor(SimpleJSON.JSONNode)","IL_00FC","3","key"
"DolocTown.Config.Store.ExchangeStoreInfo",".ctor","System.Void DolocTown.Config.Store.ExchangeStoreInfo::.ctor(SimpleJSON.JSONNode)","IL_0115","10","craft_text"
"DolocTown.Config.Store.ExchangeStoreInfo",".ctor","System.Void DolocTown.Config.Store.ExchangeStoreInfo::.ctor(SimpleJSON.JSONNode)","IL_011F","3","key"
"DolocTown.Config.Store.ExchangeStoreInfo",".ctor","System.Void DolocTown.Config.Store.ExchangeStoreInfo::.ctor(SimpleJSON.JSONNode)","IL_0134","10","craft_text"
"DolocTown.Config.Store.ExchangeStoreInfo",".ctor","System.Void DolocTown.Config.Store.ExchangeStoreInfo::.ctor(SimpleJSON.JSONNode)","IL_013E","4","text"
"DolocTown.Config.Store.ExchangeStoreInfo",".ctor","System.Void DolocTown.Config.Store.ExchangeStoreInfo::.ctor(SimpleJSON.JSONNode)","IL_0157","10","craft_text"
"DolocTown.Config.Store.ExchangeStoreInfo",".ctor","System.Void DolocTown.Config.Store.ExchangeStoreInfo::.ctor(SimpleJSON.JSONNode)","IL_0161","4","text"
"DolocTown.Config.Store.ExchangeStoreInfo",".ctor","System.Void DolocTown.Config.Store.ExchangeStoreInfo::.ctor(SimpleJSON.JSONNode)","IL_0176","9","item_list"
"DolocTown.Config.Store.ExchangeStoreInfo","ToString","System.String DolocTown.Config.Store.ExchangeStoreInfo::ToString()","IL_0009","5","{ Id:"
"DolocTown.Config.Store.ExchangeStoreInfo","ToString","System.String DolocTown.Config.Store.ExchangeStoreInfo::ToString()","IL_001A","19",",RefreshImmediatly:"
"DolocTown.Config.Store.ExchangeStoreInfo","ToString","System.String DolocTown.Config.Store.ExchangeStoreInfo::ToString()","IL_0033","7",",Title:"
"DolocTown.Config.Store.ExchangeStoreInfo","ToString","System.String DolocTown.Config.Store.ExchangeStoreInfo::ToString()","IL_0044","11",",CraftText:"
"DolocTown.Config.Store.ExchangeStoreInfo","ToString","System.String DolocTown.Config.Store.ExchangeStoreInfo::ToString()","IL_0055","10",",ItemList:"
"DolocTown.Config.Store.ExchangeStoreInfo","ToString","System.String DolocTown.Config.Store.ExchangeStoreInfo::ToString()","IL_006D","2",",}"
"DolocTown.Config.Store.ExchangeStoreItemData",".ctor","System.Void DolocTown.Config.Store.ExchangeStoreItemData::.ctor(SimpleJSON.JSONNode)","IL_0007","11","ranged_item"
"DolocTown.Config.Store.ExchangeStoreItemData",".ctor","System.Void DolocTown.Config.Store.ExchangeStoreItemData::.ctor(SimpleJSON.JSONNode)","IL_0020","11","ranged_item"
"DolocTown.Config.Store.ExchangeStoreItemData",".ctor","System.Void DolocTown.Config.Store.ExchangeStoreItemData::.ctor(SimpleJSON.JSONNode)","IL_003A","7","storage"
"DolocTown.Config.Store.ExchangeStoreItemData",".ctor","System.Void DolocTown.Config.Store.ExchangeStoreItemData::.ctor(SimpleJSON.JSONNode)","IL_0053","7","storage"
"DolocTown.Config.Store.ExchangeStoreItemData",".ctor","System.Void DolocTown.Config.Store.ExchangeStoreItemData::.ctor(SimpleJSON.JSONNode)","IL_0068","9","gold_cost"
"DolocTown.Config.Store.ExchangeStoreItemData",".ctor","System.Void DolocTown.Config.Store.ExchangeStoreItemData::.ctor(SimpleJSON.JSONNode)","IL_0081","9","gold_cost"
"DolocTown.Config.Store.ExchangeStoreItemData",".ctor","System.Void DolocTown.Config.Store.ExchangeStoreItemData::.ctor(SimpleJSON.JSONNode)","IL_0096","10","item_costs"
"DolocTown.Config.Store.ExchangeStoreItemData",".ctor","System.Void DolocTown.Config.Store.ExchangeStoreItemData::.ctor(SimpleJSON.JSONNode)","IL_0115","23","pre_condition_item_name"
"DolocTown.Config.Store.ExchangeStoreItemData",".ctor","System.Void DolocTown.Config.Store.ExchangeStoreItemData::.ctor(SimpleJSON.JSONNode)","IL_012E","23","pre_condition_item_name"
"DolocTown.Config.Store.ExchangeStoreItemData",".ctor","System.Void DolocTown.Config.Store.ExchangeStoreItemData::.ctor(SimpleJSON.JSONNode)","IL_0143","24","pre_condition_item_count"
"DolocTown.Config.Store.ExchangeStoreItemData",".ctor","System.Void DolocTown.Config.Store.ExchangeStoreItemData::.ctor(SimpleJSON.JSONNode)","IL_015C","24","pre_condition_item_count"
"DolocTown.Config.Store.ExchangeStoreItemData",".ctor","System.Void DolocTown.Config.Store.ExchangeStoreItemData::.ctor(SimpleJSON.JSONNode)","IL_0171","10","tech_point"
"DolocTown.Config.Store.ExchangeStoreItemData",".ctor","System.Void DolocTown.Config.Store.ExchangeStoreItemData::.ctor(SimpleJSON.JSONNode)","IL_018A","10","tech_point"
"DolocTown.Config.Store.ExchangeStoreItemData",".ctor","System.Void DolocTown.Config.Store.ExchangeStoreItemData::.ctor(SimpleJSON.JSONNode)","IL_019F","14","default_unlock"
"DolocTown.Config.Store.ExchangeStoreItemData",".ctor","System.Void DolocTown.Config.Store.ExchangeStoreItemData::.ctor(SimpleJSON.JSONNode)","IL_01B8","14","default_unlock"
"DolocTown.Config.Store.ExchangeStoreItemData","Resolve","System.Void DolocTown.Config.Store.ExchangeStoreItemData::Resolve(System.Collections.Generic.Dictionary`2<System.String,System.Object>)","IL_0002","11","Item.TbItem"
"DolocTown.Config.Store.ExchangeStoreItemData","ToString","System.String DolocTown.Config.Store.ExchangeStoreItemData::ToString()","IL_0009","13","{ RangedItem:"
"DolocTown.Config.Store.ExchangeStoreItemData","ToString","System.String DolocTown.Config.Store.ExchangeStoreItemData::ToString()","IL_0028","9",",Storage:"
"DolocTown.Config.Store.ExchangeStoreItemData","ToString","System.String DolocTown.Config.Store.ExchangeStoreItemData::ToString()","IL_0041","10",",GoldCost:"
"DolocTown.Config.Store.ExchangeStoreItemData","ToString","System.String DolocTown.Config.Store.ExchangeStoreItemData::ToString()","IL_005A","11",",ItemCosts:"
"DolocTown.Config.Store.ExchangeStoreItemData","ToString","System.String DolocTown.Config.Store.ExchangeStoreItemData::ToString()","IL_0070","22",",PreConditionItemName:"
"DolocTown.Config.Store.ExchangeStoreItemData","ToString","System.String DolocTown.Config.Store.ExchangeStoreItemData::ToString()","IL_0083","23",",PreConditionItemCount:"
"DolocTown.Config.Store.ExchangeStoreItemData","ToString","System.String DolocTown.Config.Store.ExchangeStoreItemData::ToString()","IL_009E","11",",TechPoint:"
"DolocTown.Config.Store.ExchangeStoreItemData","ToString","System.String DolocTown.Config.Store.ExchangeStoreItemData::ToString()","IL_00B9","15",",DefaultUnlock:"
"DolocTown.Config.Store.ExchangeStoreItemData","ToString","System.String DolocTown.Config.Store.ExchangeStoreItemData::ToString()","IL_00D4","2",",}"
"DolocTown.Config.Store.StoreInfo",".ctor","System.Void DolocTown.Config.Store.StoreInfo::.ctor(SimpleJSON.JSONNode)","IL_0007","2","id"
"DolocTown.Config.Store.StoreInfo",".ctor","System.Void DolocTown.Config.Store.StoreInfo::.ctor(SimpleJSON.JSONNode)","IL_0020","2","id"
"DolocTown.Config.Store.StoreInfo",".ctor","System.Void DolocTown.Config.Store.StoreInfo::.ctor(SimpleJSON.JSONNode)","IL_0035","5","title"
"DolocTown.Config.Store.StoreInfo",".ctor","System.Void DolocTown.Config.Store.StoreInfo::.ctor(SimpleJSON.JSONNode)","IL_003F","3","key"
"DolocTown.Config.Store.StoreInfo",".ctor","System.Void DolocTown.Config.Store.StoreInfo::.ctor(SimpleJSON.JSONNode)","IL_0058","5","title"
"DolocTown.Config.Store.StoreInfo",".ctor","System.Void DolocTown.Config.Store.StoreInfo::.ctor(SimpleJSON.JSONNode)","IL_0062","3","key"
"DolocTown.Config.Store.StoreInfo",".ctor","System.Void DolocTown.Config.Store.StoreInfo::.ctor(SimpleJSON.JSONNode)","IL_0077","5","title"
"DolocTown.Config.Store.StoreInfo",".ctor","System.Void DolocTown.Config.Store.StoreInfo::.ctor(SimpleJSON.JSONNode)","IL_0081","4","text"
"DolocTown.Config.Store.StoreInfo",".ctor","System.Void DolocTown.Config.Store.StoreInfo::.ctor(SimpleJSON.JSONNode)","IL_009A","5","title"
"DolocTown.Config.Store.StoreInfo",".ctor","System.Void DolocTown.Config.Store.StoreInfo::.ctor(SimpleJSON.JSONNode)","IL_00A4","4","text"
"DolocTown.Config.Store.StoreInfo",".ctor","System.Void DolocTown.Config.Store.StoreInfo::.ctor(SimpleJSON.JSONNode)","IL_00B9","10","init_money"
"DolocTown.Config.Store.StoreInfo",".ctor","System.Void DolocTown.Config.Store.StoreInfo::.ctor(SimpleJSON.JSONNode)","IL_00D2","10","init_money"
"DolocTown.Config.Store.StoreInfo",".ctor","System.Void DolocTown.Config.Store.StoreInfo::.ctor(SimpleJSON.JSONNode)","IL_00E7","16","init_money_range"
"DolocTown.Config.Store.StoreInfo",".ctor","System.Void DolocTown.Config.Store.StoreInfo::.ctor(SimpleJSON.JSONNode)","IL_015D","12","item_records"
"DolocTown.Config.Store.StoreInfo",".ctor","System.Void DolocTown.Config.Store.StoreInfo::.ctor(SimpleJSON.JSONNode)","IL_0176","12","item_records"
"DolocTown.Config.Store.StoreInfo",".ctor","System.Void DolocTown.Config.Store.StoreInfo::.ctor(SimpleJSON.JSONNode)","IL_018B","11","price_scale"
"DolocTown.Config.Store.StoreInfo",".ctor","System.Void DolocTown.Config.Store.StoreInfo::.ctor(SimpleJSON.JSONNode)","IL_01A4","11","price_scale"
"DolocTown.Config.Store.StoreInfo",".ctor","System.Void DolocTown.Config.Store.StoreInfo::.ctor(SimpleJSON.JSONNode)","IL_01B9","12","season_datas"
"DolocTown.Config.Store.StoreInfo","Resolve","System.Void DolocTown.Config.Store.StoreInfo::Resolve(System.Collections.Generic.Dictionary`2<System.String,System.Object>)","IL_0026","21","Store.TbStoreItemList"
"DolocTown.Config.Store.StoreInfo","Resolve","System.Void DolocTown.Config.Store.StoreInfo::Resolve(System.Collections.Generic.Dictionary`2<System.String,System.Object>)","IL_0047","23","Store.TbStorePriceScale"
"DolocTown.Config.Store.StoreInfo","ToString","System.String DolocTown.Config.Store.StoreInfo::ToString()","IL_0009","5","{ Id:"
"DolocTown.Config.Store.StoreInfo","ToString","System.String DolocTown.Config.Store.StoreInfo::ToString()","IL_001A","7",",Title:"
"DolocTown.Config.Store.StoreInfo","ToString","System.String DolocTown.Config.Store.StoreInfo::ToString()","IL_002B","11",",InitMoney:"
"DolocTown.Config.Store.StoreInfo","ToString","System.String DolocTown.Config.Store.StoreInfo::ToString()","IL_0044","16",",InitMoneyRange:"
"DolocTown.Config.Store.StoreInfo","ToString","System.String DolocTown.Config.Store.StoreInfo::ToString()","IL_005A","13",",ItemRecords:"
"DolocTown.Config.Store.StoreInfo","ToString","System.String DolocTown.Config.Store.StoreInfo::ToString()","IL_006D","12",",PriceScale:"
"DolocTown.Config.Store.StoreInfo","ToString","System.String DolocTown.Config.Store.StoreInfo::ToString()","IL_0080","13",",SeasonDatas:"
"DolocTown.Config.Store.StoreInfo","ToString","System.String DolocTown.Config.Store.StoreInfo::ToString()","IL_0098","2",",}"
"DolocTown.Config.Store.StoreItemListInfo",".ctor","System.Void DolocTown.Config.Store.StoreItemListInfo::.ctor(SimpleJSON.JSONNode)","IL_0012","2","id"
"DolocTown.Config.Store.StoreItemListInfo",".ctor","System.Void DolocTown.Config.Store.StoreItemListInfo::.ctor(SimpleJSON.JSONNode)","IL_002B","2","id"
"DolocTown.Config.Store.StoreItemListInfo",".ctor","System.Void DolocTown.Config.Store.StoreItemListInfo::.ctor(SimpleJSON.JSONNode)","IL_0040","9","item_list"
"DolocTown.Config.Store.StoreItemListInfo","ToString","System.String DolocTown.Config.Store.StoreItemListInfo::ToString()","IL_0008","5","{ Id:"
"DolocTown.Config.Store.StoreItemListInfo","ToString","System.String DolocTown.Config.Store.StoreItemListInfo::ToString()","IL_0019","10",",ItemList:"
"DolocTown.Config.Store.StoreItemListInfo","ToString","System.String DolocTown.Config.Store.StoreItemListInfo::ToString()","IL_002F","2",",}"
"DolocTown.Config.Store.StoreItemSeasonData",".ctor","System.Void DolocTown.Config.Store.StoreItemSeasonData::.ctor(SimpleJSON.JSONNode)","IL_0007","9","item_name"
"DolocTown.Config.Store.StoreItemSeasonData",".ctor","System.Void DolocTown.Config.Store.StoreItemSeasonData::.ctor(SimpleJSON.JSONNode)","IL_0020","9","item_name"
"DolocTown.Config.Store.StoreItemSeasonData",".ctor","System.Void DolocTown.Config.Store.StoreItemSeasonData::.ctor(SimpleJSON.JSONNode)","IL_0035","7","storage"
"DolocTown.Config.Store.StoreItemSeasonData",".ctor","System.Void DolocTown.Config.Store.StoreItemSeasonData::.ctor(SimpleJSON.JSONNode)","IL_004E","7","storage"
"DolocTown.Config.Store.StoreItemSeasonData",".ctor","System.Void DolocTown.Config.Store.StoreItemSeasonData::.ctor(SimpleJSON.JSONNode)","IL_0063","14","default_unlock"
"DolocTown.Config.Store.StoreItemSeasonData",".ctor","System.Void DolocTown.Config.Store.StoreItemSeasonData::.ctor(SimpleJSON.JSONNode)","IL_007C","14","default_unlock"
"DolocTown.Config.Store.StoreItemSeasonData",".ctor","System.Void DolocTown.Config.Store.StoreItemSeasonData::.ctor(SimpleJSON.JSONNode)","IL_0091","17","season_spawn_data"
"DolocTown.Config.Store.StoreItemSeasonData","Resolve","System.Void DolocTown.Config.Store.StoreItemSeasonData::Resolve(System.Collections.Generic.Dictionary`2<System.String,System.Object>)","IL_0002","11","Item.TbItem"
"DolocTown.Config.Store.StoreItemSeasonData","ToString","System.String DolocTown.Config.Store.StoreItemSeasonData::ToString()","IL_0009","11","{ ItemName:"
"DolocTown.Config.Store.StoreItemSeasonData","ToString","System.String DolocTown.Config.Store.StoreItemSeasonData::ToString()","IL_001A","9",",Storage:"
"DolocTown.Config.Store.StoreItemSeasonData","ToString","System.String DolocTown.Config.Store.StoreItemSeasonData::ToString()","IL_0033","15",",DefaultUnlock:"
"DolocTown.Config.Store.StoreItemSeasonData","ToString","System.String DolocTown.Config.Store.StoreItemSeasonData::ToString()","IL_004C","17",",SeasonSpawnData:"
"DolocTown.Config.Store.StoreItemSeasonData","ToString","System.String DolocTown.Config.Store.StoreItemSeasonData::ToString()","IL_0062","2",",}"
"DolocTown.Config.Store.StoreItemSpawnData",".ctor","System.Void DolocTown.Config.Store.StoreItemSpawnData::.ctor(SimpleJSON.JSONNode)","IL_0007","11","count_range"
"DolocTown.Config.Store.StoreItemSpawnData",".ctor","System.Void DolocTown.Config.Store.StoreItemSpawnData::.ctor(SimpleJSON.JSONNode)","IL_0020","11","count_range"
"DolocTown.Config.Store.StoreItemSpawnData",".ctor","System.Void DolocTown.Config.Store.StoreItemSpawnData::.ctor(SimpleJSON.JSONNode)","IL_0035","12","spawn_weight"
"DolocTown.Config.Store.StoreItemSpawnData",".ctor","System.Void DolocTown.Config.Store.StoreItemSpawnData::.ctor(SimpleJSON.JSONNode)","IL_004E","12","spawn_weight"
"DolocTown.Config.Store.StoreItemSpawnData","ToString","System.String DolocTown.Config.Store.StoreItemSpawnData::ToString()","IL_0008","13","{ CountRange:"
"DolocTown.Config.Store.StoreItemSpawnData","ToString","System.String DolocTown.Config.Store.StoreItemSpawnData::ToString()","IL_0025","13",",SpawnWeight:"
"DolocTown.Config.Store.StoreItemSpawnData","ToString","System.String DolocTown.Config.Store.StoreItemSpawnData::ToString()","IL_003E","2",",}"
"DolocTown.Config.Store.StoreItemUnlockInfo",".ctor","System.Void DolocTown.Config.Store.StoreItemUnlockInfo::.ctor(SimpleJSON.JSONNode)","IL_0007","2","id"
"DolocTown.Config.Store.StoreItemUnlockInfo",".ctor","System.Void DolocTown.Config.Store.StoreItemUnlockInfo::.ctor(SimpleJSON.JSONNode)","IL_0020","2","id"
"DolocTown.Config.Store.StoreItemUnlockInfo",".ctor","System.Void DolocTown.Config.Store.StoreItemUnlockInfo::.ctor(SimpleJSON.JSONNode)","IL_0035","14","condition_type"
"DolocTown.Config.Store.StoreItemUnlockInfo",".ctor","System.Void DolocTown.Config.Store.StoreItemUnlockInfo::.ctor(SimpleJSON.JSONNode)","IL_004E","14","condition_type"
"DolocTown.Config.Store.StoreItemUnlockInfo",".ctor","System.Void DolocTown.Config.Store.StoreItemUnlockInfo::.ctor(SimpleJSON.JSONNode)","IL_0063","8","store_id"
"DolocTown.Config.Store.StoreItemUnlockInfo",".ctor","System.Void DolocTown.Config.Store.StoreItemUnlockInfo::.ctor(SimpleJSON.JSONNode)","IL_007C","8","store_id"
"DolocTown.Config.Store.StoreItemUnlockInfo",".ctor","System.Void DolocTown.Config.Store.StoreItemUnlockInfo::.ctor(SimpleJSON.JSONNode)","IL_0091","16","unlock_item_name"
"DolocTown.Config.Store.StoreItemUnlockInfo",".ctor","System.Void DolocTown.Config.Store.StoreItemUnlockInfo::.ctor(SimpleJSON.JSONNode)","IL_00AA","16","unlock_item_name"
"DolocTown.Config.Store.StoreItemUnlockInfo","Resolve","System.Void DolocTown.Config.Store.StoreItemUnlockInfo::Resolve(System.Collections.Generic.Dictionary`2<System.String,System.Object>)","IL_0002","11","Item.TbItem"
"DolocTown.Config.Store.StoreItemUnlockInfo","ToString","System.String DolocTown.Config.Store.StoreItemUnlockInfo::ToString()","IL_0009","5","{ Id:"
"DolocTown.Config.Store.StoreItemUnlockInfo","ToString","System.String DolocTown.Config.Store.StoreItemUnlockInfo::ToString()","IL_001A","15",",ConditionType:"
"DolocTown.Config.Store.StoreItemUnlockInfo","ToString","System.String DolocTown.Config.Store.StoreItemUnlockInfo::ToString()","IL_0039","9",",StoreId:"
"DolocTown.Config.Store.StoreItemUnlockInfo","ToString","System.String DolocTown.Config.Store.StoreItemUnlockInfo::ToString()","IL_004A","16",",UnlockItemName:"
"DolocTown.Config.Store.StoreItemUnlockInfo","ToString","System.String DolocTown.Config.Store.StoreItemUnlockInfo::ToString()","IL_005B","2",",}"
"DolocTown.Config.Store.StorePriceScaleData",".ctor","System.Void DolocTown.Config.Store.StorePriceScaleData::.ctor(SimpleJSON.JSONNode)","IL_0012","13","default_scale"
"DolocTown.Config.Store.StorePriceScaleData",".ctor","System.Void DolocTown.Config.Store.StorePriceScaleData::.ctor(SimpleJSON.JSONNode)","IL_002B","13","default_scale"
"DolocTown.Config.Store.StorePriceScaleData",".ctor","System.Void DolocTown.Config.Store.StorePriceScaleData::.ctor(SimpleJSON.JSONNode)","IL_0040","13","scale_by_type"
"DolocTown.Config.Store.StorePriceScaleData","ToString","System.String DolocTown.Config.Store.StorePriceScaleData::ToString()","IL_0008","15","{ DefaultScale:"
"DolocTown.Config.Store.StorePriceScaleData","ToString","System.String DolocTown.Config.Store.StorePriceScaleData::ToString()","IL_0021","13",",ScaleByType:"
"DolocTown.Config.Store.StorePriceScaleData","ToString","System.String DolocTown.Config.Store.StorePriceScaleData::ToString()","IL_0037","2",",}"
"DolocTown.Config.Store.StorePriceScaleInfo",".ctor","System.Void DolocTown.Config.Store.StorePriceScaleInfo::.ctor(SimpleJSON.JSONNode)","IL_0007","2","id"
"DolocTown.Config.Store.StorePriceScaleInfo",".ctor","System.Void DolocTown.Config.Store.StorePriceScaleInfo::.ctor(SimpleJSON.JSONNode)","IL_0020","2","id"
"DolocTown.Config.Store.StorePriceScaleInfo",".ctor","System.Void DolocTown.Config.Store.StorePriceScaleInfo::.ctor(SimpleJSON.JSONNode)","IL_0035","18","season_price_scale"
"DolocTown.Config.Store.StorePriceScaleInfo","ToString","System.String DolocTown.Config.Store.StorePriceScaleInfo::ToString()","IL_0008","5","{ Id:"
"DolocTown.Config.Store.StorePriceScaleInfo","ToString","System.String DolocTown.Config.Store.StorePriceScaleInfo::ToString()","IL_0019","18",",SeasonPriceScale:"
"DolocTown.Config.Store.StorePriceScaleInfo","ToString","System.String DolocTown.Config.Store.StorePriceScaleInfo::ToString()","IL_002F","2",",}"
"DolocTown.Config.Store.StoreScaleOfType",".ctor","System.Void DolocTown.Config.Store.StoreScaleOfType::.ctor(SimpleJSON.JSONNode)","IL_0007","13","item_sub_type"
"DolocTown.Config.Store.StoreScaleOfType",".ctor","System.Void DolocTown.Config.Store.StoreScaleOfType::.ctor(SimpleJSON.JSONNode)","IL_0020","13","item_sub_type"
"DolocTown.Config.Store.StoreScaleOfType",".ctor","System.Void DolocTown.Config.Store.StoreScaleOfType::.ctor(SimpleJSON.JSONNode)","IL_0035","11","price_scale"
"DolocTown.Config.Store.StoreScaleOfType",".ctor","System.Void DolocTown.Config.Store.StoreScaleOfType::.ctor(SimpleJSON.JSONNode)","IL_004E","11","price_scale"
"DolocTown.Config.Store.StoreScaleOfType","Resolve","System.Void DolocTown.Config.Store.StoreScaleOfType::Resolve(System.Collections.Generic.Dictionary`2<System.String,System.Object>)","IL_0002","18","Item.TbItemSubType"
"DolocTown.Config.Store.StoreScaleOfType","ToString","System.String DolocTown.Config.Store.StoreScaleOfType::ToString()","IL_0008","14","{ ItemSubType:"
"DolocTown.Config.Store.StoreScaleOfType","ToString","System.String DolocTown.Config.Store.StoreScaleOfType::ToString()","IL_0019","12",",PriceScale:"
"DolocTown.Config.Store.StoreScaleOfType","ToString","System.String DolocTown.Config.Store.StoreScaleOfType::ToString()","IL_0032","2",",}"
"DolocTown.Config.Store.StoreSeasonData",".ctor","System.Void DolocTown.Config.Store.StoreSeasonData::.ctor(SimpleJSON.JSONNode)","IL_0007","18","random_slots_range"
"DolocTown.Config.Store.StoreSeasonData",".ctor","System.Void DolocTown.Config.Store.StoreSeasonData::.ctor(SimpleJSON.JSONNode)","IL_0020","18","random_slots_range"
"DolocTown.Config.Store.StoreSeasonData","ToString","System.String DolocTown.Config.Store.StoreSeasonData::ToString()","IL_0000","19","{ RandomSlotsRange:"
"DolocTown.Config.Store.StoreSeasonData","ToString","System.String DolocTown.Config.Store.StoreSeasonData::ToString()","IL_0017","2",",}"
"DolocTown.Config.Store.TbExchangeStore",".ctor","System.Void DolocTown.Config.Store.TbExchangeStore::.ctor(SimpleJSON.JSONNode)","IL_0058","24","[Config] Duplicate key: "
"DolocTown.Config.Store.TbExchangeStore",".ctor","System.Void DolocTown.Config.Store.TbExchangeStore::.ctor(SimpleJSON.JSONNode)","IL_0063","26"," in table: TbExchangeStore"
"DolocTown.Config.Store.TbStore",".ctor","System.Void DolocTown.Config.Store.TbStore::.ctor(SimpleJSON.JSONNode)","IL_0058","24","[Config] Duplicate key: "
"DolocTown.Config.Store.TbStore",".ctor","System.Void DolocTown.Config.Store.TbStore::.ctor(SimpleJSON.JSONNode)","IL_0063","18"," in table: TbStore"
"DolocTown.Config.Store.TbStoreItemList",".ctor","System.Void DolocTown.Config.Store.TbStoreItemList::.ctor(SimpleJSON.JSONNode)","IL_0058","24","[Config] Duplicate key: "
"DolocTown.Config.Store.TbStoreItemList",".ctor","System.Void DolocTown.Config.Store.TbStoreItemList::.ctor(SimpleJSON.JSONNode)","IL_0063","26"," in table: TbStoreItemList"
"DolocTown.Config.Store.TbStoreItemUnlock",".ctor","System.Void DolocTown.Config.Store.TbStoreItemUnlock::.ctor(SimpleJSON.JSONNode)","IL_0058","24","[Config] Duplicate key: "
"DolocTown.Config.Store.TbStoreItemUnlock",".ctor","System.Void DolocTown.Config.Store.TbStoreItemUnlock::.ctor(SimpleJSON.JSONNode)","IL_0063","28"," in table: TbStoreItemUnlock"
"DolocTown.Config.Store.TbStorePriceScale",".ctor","System.Void DolocTown.Config.Store.TbStorePriceScale::.ctor(SimpleJSON.JSONNode)","IL_0058","24","[Config] Duplicate key: "
"DolocTown.Config.Store.TbStorePriceScale",".ctor","System.Void DolocTown.Config.Store.TbStorePriceScale::.ctor(SimpleJSON.JSONNode)","IL_0063","28"," in table: TbStorePriceScale"
"DolocTown.Config.Settings.GlobalParameterInfo",".ctor","System.Void DolocTown.Config.Settings.GlobalParameterInfo::.ctor(SimpleJSON.JSONNode)","IL_05B0","21","drop_off_box_sotre_id"
"DolocTown.Config.Settings.GlobalParameterInfo",".ctor","System.Void DolocTown.Config.Settings.GlobalParameterInfo::.ctor(SimpleJSON.JSONNode)","IL_05C9","21","drop_off_box_sotre_id"
"DolocTown.Config.Settings.GlobalParameterInfo",".ctor","System.Void DolocTown.Config.Settings.GlobalParameterInfo::.ctor(SimpleJSON.JSONNode)","IL_05DE","14","seed_store_ids"
"DolocTown.Config.Settings.GlobalParameterInfo",".ctor","System.Void DolocTown.Config.Settings.GlobalParameterInfo::.ctor(SimpleJSON.JSONNode)","IL_1A7A","46","high_level_resource_min_probability_in_dungeon"
"DolocTown.Config.Settings.GlobalParameterInfo",".ctor","System.Void DolocTown.Config.Settings.GlobalParameterInfo::.ctor(SimpleJSON.JSONNode)","IL_1A93","46","high_level_resource_min_probability_in_dungeon"
"DolocTown.Config.Settings.GlobalParameterInfo",".ctor","System.Void DolocTown.Config.Settings.GlobalParameterInfo::.ctor(SimpleJSON.JSONNode)","IL_22D4","20","motor_drop_max_speed"
"DolocTown.Config.Settings.GlobalParameterInfo",".ctor","System.Void DolocTown.Config.Settings.GlobalParameterInfo::.ctor(SimpleJSON.JSONNode)","IL_22ED","20","motor_drop_max_speed"
"DolocTown.Config.Settings.GlobalParameterInfo","Resolve","System.Void DolocTown.Config.Settings.GlobalParameterInfo::Resolve(System.Collections.Generic.Dictionary`2<System.String,System.Object>)","IL_0169","13","Store.TbStore"
"DolocTown.Config.Settings.GlobalParameterInfo","ToString","System.String DolocTown.Config.Settings.GlobalParameterInfo::ToString()","IL_02C6","19",",DropOffBoxSotreId:"
"DolocTown.Config.Settings.GlobalParameterInfo","ToString","System.String DolocTown.Config.Settings.GlobalParameterInfo::ToString()","IL_02D9","14",",SeedStoreIds:"
"DolocTown.Config.Settings.GlobalParameterInfo","ToString","System.String DolocTown.Config.Settings.GlobalParameterInfo::ToString()","IL_0D86","42",",HighLevelResourceMinProbabilityInDungeon:"
"DolocTown.Config.Settings.GlobalParameterInfo","ToString","System.String DolocTown.Config.Settings.GlobalParameterInfo::ToString()","IL_12D9","19",",MotorDropMaxSpeed:"
"DolocTown.Config.Settings.GlobalParameterInfo","ToString","System.String DolocTown.Config.Settings.GlobalParameterInfo::ToString()","IL_13C7","24",",MotorEnduranceDuration:"
"DolocTown.Config.Settings.GlobalParameterInfo","ToString","System.String DolocTown.Config.Settings.GlobalParameterInfo::ToString()","IL_13E8","20",",MotorEnduranceRecv:"
"DolocTown.Config.Room.EnvObjectSpawnData","Resolve","System.Void DolocTown.Config.Room.EnvObjectSpawnData::Resolve(System.Collections.Generic.Dictionary`2<System.String,System.Object>)","IL_0009","20","Resource.TbEnvObject"
"DolocTown.Config.Room.RoomConstructInfo",".ctor","System.Void DolocTown.Config.Room.RoomConstructInfo::.ctor(SimpleJSON.JSONNode)","IL_0035","18","allowBuildResource"
"DolocTown.Config.Room.RoomConstructInfo",".ctor","System.Void DolocTown.Config.Room.RoomConstructInfo::.ctor(SimpleJSON.JSONNode)","IL_004E","18","allowBuildResource"
"DolocTown.Config.Room.RoomConstructInfo",".ctor","System.Void DolocTown.Config.Room.RoomConstructInfo::.ctor(SimpleJSON.JSONNode)","IL_0063","17","constrainResource"
"DolocTown.Config.Room.RoomConstructInfo",".ctor","System.Void DolocTown.Config.Room.RoomConstructInfo::.ctor(SimpleJSON.JSONNode)","IL_007C","17","constrainResource"
"DolocTown.Config.Room.RoomConstructInfo","ToString","System.String DolocTown.Config.Room.RoomConstructInfo::ToString()","IL_0022","20",",AllowBuildResource:"
"DolocTown.Config.Room.RoomConstructInfo","ToString","System.String DolocTown.Config.Room.RoomConstructInfo::ToString()","IL_003B","19",",ConstrainResource:"
"DolocTown.Config.Room.RoomEffectInfo",".ctor","System.Void DolocTown.Config.Room.RoomEffectInfo::.ctor(SimpleJSON.JSONNode)","IL_00BF","13","ignore_season"
"DolocTown.Config.Room.RoomEffectInfo",".ctor","System.Void DolocTown.Config.Room.RoomEffectInfo::.ctor(SimpleJSON.JSONNode)","IL_00D8","13","ignore_season"
"DolocTown.Config.Room.RoomEffectInfo",".ctor","System.Void DolocTown.Config.Room.RoomEffectInfo::.ctor(SimpleJSON.JSONNode)","IL_00ED","20","ignore_season_fungus"
"DolocTown.Config.Room.RoomEffectInfo",".ctor","System.Void DolocTown.Config.Room.RoomEffectInfo::.ctor(SimpleJSON.JSONNode)","IL_0106","20","ignore_season_fungus"
"DolocTown.Config.Room.RoomEffectInfo","ToString","System.String DolocTown.Config.Room.RoomEffectInfo::ToString()","IL_0065","14",",IgnoreSeason:"
"DolocTown.Config.Room.RoomEffectInfo","ToString","System.String DolocTown.Config.Room.RoomEffectInfo::ToString()","IL_0080","20",",IgnoreSeasonFungus:"
"DolocTown.Config.Room.RoomSpawnInfo",".ctor","System.Void DolocTown.Config.Room.RoomSpawnInfo::.ctor(SimpleJSON.JSONNode)","IL_0007","20","resource_spawn_entry"
"DolocTown.Config.Room.RoomSpawnInfo",".ctor","System.Void DolocTown.Config.Room.RoomSpawnInfo::.ctor(SimpleJSON.JSONNode)","IL_0020","20","resource_spawn_entry"
"DolocTown.Config.Room.RoomSpawnInfo",".ctor","System.Void DolocTown.Config.Room.RoomSpawnInfo::.ctor(SimpleJSON.JSONNode)","IL_0035","22","vegetation_spawn_entry"
"DolocTown.Config.Room.RoomSpawnInfo",".ctor","System.Void DolocTown.Config.Room.RoomSpawnInfo::.ctor(SimpleJSON.JSONNode)","IL_004E","22","vegetation_spawn_entry"
"DolocTown.Config.Room.RoomSpawnInfo","ToString","System.String DolocTown.Config.Room.RoomSpawnInfo::ToString()","IL_0009","21","{ ResourceSpawnEntry:"
"DolocTown.Config.Room.RoomSpawnInfo","ToString","System.String DolocTown.Config.Room.RoomSpawnInfo::ToString()","IL_0026","22",",VegetationSpawnEntry:"
"DolocTown.Config.Resource.EnvObjectInfo",".ctor","System.Void DolocTown.Config.Resource.EnvObjectInfo::.ctor(SimpleJSON.JSONNode)","IL_0007","2","id"
"DolocTown.Config.Resource.EnvObjectInfo",".ctor","System.Void DolocTown.Config.Resource.EnvObjectInfo::.ctor(SimpleJSON.JSONNode)","IL_0020","2","id"
"DolocTown.Config.Resource.EnvObjectInfo",".ctor","System.Void DolocTown.Config.Resource.EnvObjectInfo::.ctor(SimpleJSON.JSONNode)","IL_0035","4","type"
"DolocTown.Config.Resource.EnvObjectInfo",".ctor","System.Void DolocTown.Config.Resource.EnvObjectInfo::.ctor(SimpleJSON.JSONNode)","IL_004E","4","type"
"DolocTown.Config.Resource.EnvObjectInfo",".ctor","System.Void DolocTown.Config.Resource.EnvObjectInfo::.ctor(SimpleJSON.JSONNode)","IL_0063","12","sprite_asset"
"DolocTown.Config.Resource.EnvObjectInfo",".ctor","System.Void DolocTown.Config.Resource.EnvObjectInfo::.ctor(SimpleJSON.JSONNode)","IL_007C","12","sprite_asset"
"DolocTown.Config.Resource.EnvObjectInfo",".ctor","System.Void DolocTown.Config.Resource.EnvObjectInfo::.ctor(SimpleJSON.JSONNode)","IL_0096","14","animator_asset"
"DolocTown.Config.Resource.EnvObjectInfo",".ctor","System.Void DolocTown.Config.Resource.EnvObjectInfo::.ctor(SimpleJSON.JSONNode)","IL_00AF","14","animator_asset"
"DolocTown.Config.Resource.EnvObjectInfo",".ctor","System.Void DolocTown.Config.Resource.EnvObjectInfo::.ctor(SimpleJSON.JSONNode)","IL_00C9","6","radius"
"DolocTown.Config.Resource.EnvObjectInfo",".ctor","System.Void DolocTown.Config.Resource.EnvObjectInfo::.ctor(SimpleJSON.JSONNode)","IL_00E2","6","radius"
"DolocTown.Config.Resource.EnvObjectInfo",".ctor","System.Void DolocTown.Config.Resource.EnvObjectInfo::.ctor(SimpleJSON.JSONNode)","IL_00F7","5","speed"
"DolocTown.Config.Resource.EnvObjectInfo",".ctor","System.Void DolocTown.Config.Resource.EnvObjectInfo::.ctor(SimpleJSON.JSONNode)","IL_0110","5","speed"
"DolocTown.Config.Resource.EnvObjectInfo","ToString","System.String DolocTown.Config.Resource.EnvObjectInfo::ToString()","IL_0009","5","{ Id:"
"DolocTown.Config.Resource.EnvObjectInfo","ToString","System.String DolocTown.Config.Resource.EnvObjectInfo::ToString()","IL_001A","6",",Type:"
"DolocTown.Config.Resource.EnvObjectInfo","ToString","System.String DolocTown.Config.Resource.EnvObjectInfo::ToString()","IL_0039","13",",SpriteAsset:"
"DolocTown.Config.Resource.EnvObjectInfo","ToString","System.String DolocTown.Config.Resource.EnvObjectInfo::ToString()","IL_0056","15",",AnimatorAsset:"
"DolocTown.Config.Resource.EnvObjectInfo","ToString","System.String DolocTown.Config.Resource.EnvObjectInfo::ToString()","IL_0073","8",",Radius:"
"DolocTown.Config.Resource.EnvObjectInfo","ToString","System.String DolocTown.Config.Resource.EnvObjectInfo::ToString()","IL_008E","7",",Speed:"
"DolocTown.Config.Resource.EnvObjectInfo","ToString","System.String DolocTown.Config.Resource.EnvObjectInfo::ToString()","IL_00A9","2",",}"
"DolocTown.Config.Resource.EnvObjectSpawnEntry",".ctor","System.Void DolocTown.Config.Resource.EnvObjectSpawnEntry::.ctor(SimpleJSON.JSONNode)","IL_0007","9","spawn_lut"
"DolocTown.Config.Resource.EnvObjectSpawnEntry",".ctor","System.Void DolocTown.Config.Resource.EnvObjectSpawnEntry::.ctor(SimpleJSON.JSONNode)","IL_0020","9","spawn_lut"
"DolocTown.Config.Resource.EnvObjectSpawnEntry",".ctor","System.Void DolocTown.Config.Resource.EnvObjectSpawnEntry::.ctor(SimpleJSON.JSONNode)","IL_0035","11","count_range"
"DolocTown.Config.Resource.EnvObjectSpawnEntry",".ctor","System.Void DolocTown.Config.Resource.EnvObjectSpawnEntry::.ctor(SimpleJSON.JSONNode)","IL_004E","11","count_range"
"DolocTown.Config.Resource.EnvObjectSpawnEntry","Resolve","System.Void DolocTown.Config.Resource.EnvObjectSpawnEntry::Resolve(System.Collections.Generic.Dictionary`2<System.String,System.Object>)","IL_0002","25","Resource.TbEnvObjectSpawn"
"DolocTown.Config.Resource.EnvObjectSpawnEntry","ToString","System.String DolocTown.Config.Resource.EnvObjectSpawnEntry::ToString()","IL_0008","11","{ SpawnLut:"
"DolocTown.Config.Resource.EnvObjectSpawnEntry","ToString","System.String DolocTown.Config.Resource.EnvObjectSpawnEntry::ToString()","IL_0019","12",",CountRange:"
"DolocTown.Config.Resource.EnvObjectSpawnEntry","ToString","System.String DolocTown.Config.Resource.EnvObjectSpawnEntry::ToString()","IL_0036","2",",}"
"DolocTown.Config.Resource.EnvObjectSpawnInfo",".ctor","System.Void DolocTown.Config.Resource.EnvObjectSpawnInfo::.ctor(SimpleJSON.JSONNode)","IL_0012","2","id"
"DolocTown.Config.Resource.EnvObjectSpawnInfo",".ctor","System.Void DolocTown.Config.Resource.EnvObjectSpawnInfo::.ctor(SimpleJSON.JSONNode)","IL_002B","2","id"
"DolocTown.Config.Resource.EnvObjectSpawnInfo",".ctor","System.Void DolocTown.Config.Resource.EnvObjectSpawnInfo::.ctor(SimpleJSON.JSONNode)","IL_0040","11","spawn_datas"
"DolocTown.Config.Resource.EnvObjectSpawnInfo","ToString","System.String DolocTown.Config.Resource.EnvObjectSpawnInfo::ToString()","IL_0008","5","{ Id:"
"DolocTown.Config.Resource.EnvObjectSpawnInfo","ToString","System.String DolocTown.Config.Resource.EnvObjectSpawnInfo::ToString()","IL_0019","12",",SpawnDatas:"
"DolocTown.Config.Resource.EnvObjectSpawnInfo","ToString","System.String DolocTown.Config.Resource.EnvObjectSpawnInfo::ToString()","IL_002F","2",",}"
"DolocTown.Config.Resource.GlobalGuaranteedInfo",".ctor","System.Void DolocTown.Config.Resource.GlobalGuaranteedInfo::.ctor(SimpleJSON.JSONNode)","IL_0007","4","type"
"DolocTown.Config.Resource.GlobalGuaranteedInfo",".ctor","System.Void DolocTown.Config.Resource.GlobalGuaranteedInfo::.ctor(SimpleJSON.JSONNode)","IL_0020","4","type"
"DolocTown.Config.Resource.GlobalGuaranteedInfo",".ctor","System.Void DolocTown.Config.Resource.GlobalGuaranteedInfo::.ctor(SimpleJSON.JSONNode)","IL_0035","8","spawn_id"
"DolocTown.Config.Resource.GlobalGuaranteedInfo",".ctor","System.Void DolocTown.Config.Resource.GlobalGuaranteedInfo::.ctor(SimpleJSON.JSONNode)","IL_004E","8","spawn_id"
"DolocTown.Config.Resource.GlobalGuaranteedInfo",".ctor","System.Void DolocTown.Config.Resource.GlobalGuaranteedInfo::.ctor(SimpleJSON.JSONNode)","IL_0063","12","global_limit"
"DolocTown.Config.Resource.GlobalGuaranteedInfo",".ctor","System.Void DolocTown.Config.Resource.GlobalGuaranteedInfo::.ctor(SimpleJSON.JSONNode)","IL_007C","12","global_limit"
"DolocTown.Config.Resource.GlobalGuaranteedInfo",".ctor","System.Void DolocTown.Config.Resource.GlobalGuaranteedInfo::.ctor(SimpleJSON.JSONNode)","IL_0091","14","default_locked"
"DolocTown.Config.Resource.GlobalGuaranteedInfo",".ctor","System.Void DolocTown.Config.Resource.GlobalGuaranteedInfo::.ctor(SimpleJSON.JSONNode)","IL_00AA","14","default_locked"
"DolocTown.Config.Resource.GlobalGuaranteedInfo",".ctor","System.Void DolocTown.Config.Resource.GlobalGuaranteedInfo::.ctor(SimpleJSON.JSONNode)","IL_00BF","8","viewable"
"DolocTown.Config.Resource.GlobalGuaranteedInfo",".ctor","System.Void DolocTown.Config.Resource.GlobalGuaranteedInfo::.ctor(SimpleJSON.JSONNode)","IL_00D8","8","viewable"
"DolocTown.Config.Resource.GlobalGuaranteedInfo",".ctor","System.Void DolocTown.Config.Resource.GlobalGuaranteedInfo::.ctor(SimpleJSON.JSONNode)","IL_00ED","12","active_count"
"DolocTown.Config.Resource.GlobalGuaranteedInfo",".ctor","System.Void DolocTown.Config.Resource.GlobalGuaranteedInfo::.ctor(SimpleJSON.JSONNode)","IL_0106","12","active_count"
"DolocTown.Config.Resource.GlobalGuaranteedInfo",".ctor","System.Void DolocTown.Config.Resource.GlobalGuaranteedInfo::.ctor(SimpleJSON.JSONNode)","IL_011B","24","should_consume_guarantee"
"DolocTown.Config.Resource.GlobalGuaranteedInfo",".ctor","System.Void DolocTown.Config.Resource.GlobalGuaranteedInfo::.ctor(SimpleJSON.JSONNode)","IL_0134","24","should_consume_guarantee"
"DolocTown.Config.Resource.GlobalGuaranteedInfo",".ctor","System.Void DolocTown.Config.Resource.GlobalGuaranteedInfo::.ctor(SimpleJSON.JSONNode)","IL_0149","19","guarantee_threshold"
"DolocTown.Config.Resource.GlobalGuaranteedInfo",".ctor","System.Void DolocTown.Config.Resource.GlobalGuaranteedInfo::.ctor(SimpleJSON.JSONNode)","IL_0162","19","guarantee_threshold"
"DolocTown.Config.Resource.GlobalGuaranteedInfo","Resolve","System.Void DolocTown.Config.Resource.GlobalGuaranteedInfo::Resolve(System.Collections.Generic.Dictionary`2<System.String,System.Object>)","IL_0002","11","Item.TbItem"
"DolocTown.Config.Resource.GlobalGuaranteedInfo","ToString","System.String DolocTown.Config.Resource.GlobalGuaranteedInfo::ToString()","IL_0009","7","{ Type:"
"DolocTown.Config.Resource.GlobalGuaranteedInfo","ToString","System.String DolocTown.Config.Resource.GlobalGuaranteedInfo::ToString()","IL_0028","9",",SpawnId:"
"DolocTown.Config.Resource.GlobalGuaranteedInfo","ToString","System.String DolocTown.Config.Resource.GlobalGuaranteedInfo::ToString()","IL_0039","13",",GlobalLimit:"
"DolocTown.Config.Resource.GlobalGuaranteedInfo","ToString","System.String DolocTown.Config.Resource.GlobalGuaranteedInfo::ToString()","IL_0052","15",",DefaultLocked:"
"DolocTown.Config.Resource.GlobalGuaranteedInfo","ToString","System.String DolocTown.Config.Resource.GlobalGuaranteedInfo::ToString()","IL_006B","10",",Viewable:"
"DolocTown.Config.Resource.GlobalGuaranteedInfo","ToString","System.String DolocTown.Config.Resource.GlobalGuaranteedInfo::ToString()","IL_0086","13",",ActiveCount:"
"DolocTown.Config.Resource.GlobalGuaranteedInfo","ToString","System.String DolocTown.Config.Resource.GlobalGuaranteedInfo::ToString()","IL_00A1","24",",ShouldConsumeGuarantee:"
"DolocTown.Config.Resource.GlobalGuaranteedInfo","ToString","System.String DolocTown.Config.Resource.GlobalGuaranteedInfo::ToString()","IL_00BC","20",",GuaranteeThreshold:"
"DolocTown.Config.Resource.GlobalGuaranteedInfo","ToString","System.String DolocTown.Config.Resource.GlobalGuaranteedInfo::ToString()","IL_00D7","2",",}"
"DolocTown.Config.Resource.ResinCollectorOutputInfo",".ctor","System.Void DolocTown.Config.Resource.ResinCollectorOutputInfo::.ctor(SimpleJSON.JSONNode)","IL_0007","2","id"
"DolocTown.Config.Resource.ResinCollectorOutputInfo",".ctor","System.Void DolocTown.Config.Resource.ResinCollectorOutputInfo::.ctor(SimpleJSON.JSONNode)","IL_0020","2","id"
"DolocTown.Config.Resource.ResinCollectorOutputInfo",".ctor","System.Void DolocTown.Config.Resource.ResinCollectorOutputInfo::.ctor(SimpleJSON.JSONNode)","IL_0035","7","disable"
"DolocTown.Config.Resource.ResinCollectorOutputInfo",".ctor","System.Void DolocTown.Config.Resource.ResinCollectorOutputInfo::.ctor(SimpleJSON.JSONNode)","IL_004E","7","disable"
"DolocTown.Config.Resource.ResinCollectorOutputInfo",".ctor","System.Void DolocTown.Config.Resource.ResinCollectorOutputInfo::.ctor(SimpleJSON.JSONNode)","IL_0063","6","output"
"DolocTown.Config.Resource.ResinCollectorOutputInfo",".ctor","System.Void DolocTown.Config.Resource.ResinCollectorOutputInfo::.ctor(SimpleJSON.JSONNode)","IL_007C","6","output"
"DolocTown.Config.Resource.ResinCollectorOutputInfo",".ctor","System.Void DolocTown.Config.Resource.ResinCollectorOutputInfo::.ctor(SimpleJSON.JSONNode)","IL_0091","5","range"
"DolocTown.Config.Resource.ResinCollectorOutputInfo",".ctor","System.Void DolocTown.Config.Resource.ResinCollectorOutputInfo::.ctor(SimpleJSON.JSONNode)","IL_00AA","5","range"
"DolocTown.Config.Resource.ResinCollectorOutputInfo",".ctor","System.Void DolocTown.Config.Resource.ResinCollectorOutputInfo::.ctor(SimpleJSON.JSONNode)","IL_00BF","12","filled_asset"
"DolocTown.Config.Resource.ResinCollectorOutputInfo",".ctor","System.Void DolocTown.Config.Resource.ResinCollectorOutputInfo::.ctor(SimpleJSON.JSONNode)","IL_00D8","12","filled_asset"
"DolocTown.Config.Resource.ResinCollectorOutputInfo",".ctor","System.Void DolocTown.Config.Resource.ResinCollectorOutputInfo::.ctor(SimpleJSON.JSONNode)","IL_00F2","10","full_asset"
"DolocTown.Config.Resource.ResinCollectorOutputInfo",".ctor","System.Void DolocTown.Config.Resource.ResinCollectorOutputInfo::.ctor(SimpleJSON.JSONNode)","IL_010B","10","full_asset"
"DolocTown.Config.Resource.ResinCollectorOutputInfo","Resolve","System.Void DolocTown.Config.Resource.ResinCollectorOutputInfo::Resolve(System.Collections.Generic.Dictionary`2<System.String,System.Object>)","IL_0002","11","Item.TbItem"
"DolocTown.Config.Resource.ResinCollectorOutputInfo","ToString","System.String DolocTown.Config.Resource.ResinCollectorOutputInfo::ToString()","IL_0009","5","{ Id:"
"DolocTown.Config.Resource.ResinCollectorOutputInfo","ToString","System.String DolocTown.Config.Resource.ResinCollectorOutputInfo::ToString()","IL_001A","9",",Disable:"
"DolocTown.Config.Resource.ResinCollectorOutputInfo","ToString","System.String DolocTown.Config.Resource.ResinCollectorOutputInfo::ToString()","IL_0033","8",",Output:"
"DolocTown.Config.Resource.ResinCollectorOutputInfo","ToString","System.String DolocTown.Config.Resource.ResinCollectorOutputInfo::ToString()","IL_0044","7",",Range:"
"DolocTown.Config.Resource.ResinCollectorOutputInfo","ToString","System.String DolocTown.Config.Resource.ResinCollectorOutputInfo::ToString()","IL_0061","13",",FilledAsset:"
"DolocTown.Config.Resource.ResinCollectorOutputInfo","ToString","System.String DolocTown.Config.Resource.ResinCollectorOutputInfo::ToString()","IL_0080","11",",FullAsset:"
"DolocTown.Config.Resource.ResinCollectorOutputInfo","ToString","System.String DolocTown.Config.Resource.ResinCollectorOutputInfo::ToString()","IL_009F","2",",}"
"DolocTown.Config.Resource.ResourceDocumentInfo",".ctor","System.Void DolocTown.Config.Resource.ResourceDocumentInfo::.ctor(SimpleJSON.JSONNode)","IL_0012","2","id"
"DolocTown.Config.Resource.ResourceDocumentInfo",".ctor","System.Void DolocTown.Config.Resource.ResourceDocumentInfo::.ctor(SimpleJSON.JSONNode)","IL_002B","2","id"
"DolocTown.Config.Resource.ResourceDocumentInfo",".ctor","System.Void DolocTown.Config.Resource.ResourceDocumentInfo::.ctor(SimpleJSON.JSONNode)","IL_0040","5","title"
"DolocTown.Config.Resource.ResourceDocumentInfo",".ctor","System.Void DolocTown.Config.Resource.ResourceDocumentInfo::.ctor(SimpleJSON.JSONNode)","IL_004A","3","key"
"DolocTown.Config.Resource.ResourceDocumentInfo",".ctor","System.Void DolocTown.Config.Resource.ResourceDocumentInfo::.ctor(SimpleJSON.JSONNode)","IL_0063","5","title"
"DolocTown.Config.Resource.ResourceDocumentInfo",".ctor","System.Void DolocTown.Config.Resource.ResourceDocumentInfo::.ctor(SimpleJSON.JSONNode)","IL_006D","3","key"
"DolocTown.Config.Resource.ResourceDocumentInfo",".ctor","System.Void DolocTown.Config.Resource.ResourceDocumentInfo::.ctor(SimpleJSON.JSONNode)","IL_0082","5","title"
"DolocTown.Config.Resource.ResourceDocumentInfo",".ctor","System.Void DolocTown.Config.Resource.ResourceDocumentInfo::.ctor(SimpleJSON.JSONNode)","IL_008C","4","text"
"DolocTown.Config.Resource.ResourceDocumentInfo",".ctor","System.Void DolocTown.Config.Resource.ResourceDocumentInfo::.ctor(SimpleJSON.JSONNode)","IL_00A5","5","title"
"DolocTown.Config.Resource.ResourceDocumentInfo",".ctor","System.Void DolocTown.Config.Resource.ResourceDocumentInfo::.ctor(SimpleJSON.JSONNode)","IL_00AF","4","text"
"DolocTown.Config.Resource.ResourceDocumentInfo",".ctor","System.Void DolocTown.Config.Resource.ResourceDocumentInfo::.ctor(SimpleJSON.JSONNode)","IL_00C4","13","resource_type"
"DolocTown.Config.Resource.ResourceDocumentInfo",".ctor","System.Void DolocTown.Config.Resource.ResourceDocumentInfo::.ctor(SimpleJSON.JSONNode)","IL_00DD","13","resource_type"
"DolocTown.Config.Resource.ResourceDocumentInfo",".ctor","System.Void DolocTown.Config.Resource.ResourceDocumentInfo::.ctor(SimpleJSON.JSONNode)","IL_00F2","15","ui_sprite_asset"
"DolocTown.Config.Resource.ResourceDocumentInfo",".ctor","System.Void DolocTown.Config.Resource.ResourceDocumentInfo::.ctor(SimpleJSON.JSONNode)","IL_010B","15","ui_sprite_asset"
"DolocTown.Config.Resource.ResourceDocumentInfo",".ctor","System.Void DolocTown.Config.Resource.ResourceDocumentInfo::.ctor(SimpleJSON.JSONNode)","IL_0125","18","scene_sprite_asset"
"DolocTown.Config.Resource.ResourceDocumentInfo",".ctor","System.Void DolocTown.Config.Resource.ResourceDocumentInfo::.ctor(SimpleJSON.JSONNode)","IL_013E","18","scene_sprite_asset"
"DolocTown.Config.Resource.ResourceDocumentInfo",".ctor","System.Void DolocTown.Config.Resource.ResourceDocumentInfo::.ctor(SimpleJSON.JSONNode)","IL_0158","8","is_plant"
"DolocTown.Config.Resource.ResourceDocumentInfo",".ctor","System.Void DolocTown.Config.Resource.ResourceDocumentInfo::.ctor(SimpleJSON.JSONNode)","IL_0171","8","is_plant"
"DolocTown.Config.Resource.ResourceDocumentInfo",".ctor","System.Void DolocTown.Config.Resource.ResourceDocumentInfo::.ctor(SimpleJSON.JSONNode)","IL_0186","7","habitat"
"DolocTown.Config.Resource.ResourceDocumentInfo",".ctor","System.Void DolocTown.Config.Resource.ResourceDocumentInfo::.ctor(SimpleJSON.JSONNode)","IL_0190","3","key"
"DolocTown.Config.Resource.ResourceDocumentInfo",".ctor","System.Void DolocTown.Config.Resource.ResourceDocumentInfo::.ctor(SimpleJSON.JSONNode)","IL_01A9","7","habitat"
"DolocTown.Config.Resource.ResourceDocumentInfo",".ctor","System.Void DolocTown.Config.Resource.ResourceDocumentInfo::.ctor(SimpleJSON.JSONNode)","IL_01B3","3","key"
"DolocTown.Config.Resource.ResourceDocumentInfo",".ctor","System.Void DolocTown.Config.Resource.ResourceDocumentInfo::.ctor(SimpleJSON.JSONNode)","IL_01C8","7","habitat"
"DolocTown.Config.Resource.ResourceDocumentInfo",".ctor","System.Void DolocTown.Config.Resource.ResourceDocumentInfo::.ctor(SimpleJSON.JSONNode)","IL_01D2","4","text"
"DolocTown.Config.Resource.ResourceDocumentInfo",".ctor","System.Void DolocTown.Config.Resource.ResourceDocumentInfo::.ctor(SimpleJSON.JSONNode)","IL_01EB","7","habitat"
"DolocTown.Config.Resource.ResourceDocumentInfo",".ctor","System.Void DolocTown.Config.Resource.ResourceDocumentInfo::.ctor(SimpleJSON.JSONNode)","IL_01F5","4","text"
"DolocTown.Config.Resource.ResourceDocumentInfo",".ctor","System.Void DolocTown.Config.Resource.ResourceDocumentInfo::.ctor(SimpleJSON.JSONNode)","IL_020A","14","document_infos"
"DolocTown.Config.Resource.ResourceDocumentInfo",".ctor","System.Void DolocTown.Config.Resource.ResourceDocumentInfo::.ctor(SimpleJSON.JSONNode)","IL_02B6","17","left_right_layout"
"DolocTown.Config.Resource.ResourceDocumentInfo",".ctor","System.Void DolocTown.Config.Resource.ResourceDocumentInfo::.ctor(SimpleJSON.JSONNode)","IL_02CF","17","left_right_layout"
"DolocTown.Config.Resource.ResourceDocumentInfo",".ctor","System.Void DolocTown.Config.Resource.ResourceDocumentInfo::.ctor(SimpleJSON.JSONNode)","IL_02E4","7","display"
"DolocTown.Config.Resource.ResourceDocumentInfo",".ctor","System.Void DolocTown.Config.Resource.ResourceDocumentInfo::.ctor(SimpleJSON.JSONNode)","IL_02FD","7","display"
"DolocTown.Config.Resource.ResourceDocumentInfo","ToString","System.String DolocTown.Config.Resource.ResourceDocumentInfo::ToString()","IL_0009","5","{ Id:"
"DolocTown.Config.Resource.ResourceDocumentInfo","ToString","System.String DolocTown.Config.Resource.ResourceDocumentInfo::ToString()","IL_001A","7",",Title:"
"DolocTown.Config.Resource.ResourceDocumentInfo","ToString","System.String DolocTown.Config.Resource.ResourceDocumentInfo::ToString()","IL_002B","14",",ResourceType:"
"DolocTown.Config.Resource.ResourceDocumentInfo","ToString","System.String DolocTown.Config.Resource.ResourceDocumentInfo::ToString()","IL_004A","15",",UiSpriteAsset:"
"DolocTown.Config.Resource.ResourceDocumentInfo","ToString","System.String DolocTown.Config.Resource.ResourceDocumentInfo::ToString()","IL_0067","18",",SceneSpriteAsset:"
"DolocTown.Config.Resource.ResourceDocumentInfo","ToString","System.String DolocTown.Config.Resource.ResourceDocumentInfo::ToString()","IL_0086","9",",IsPlant:"
"DolocTown.Config.Resource.ResourceDocumentInfo","ToString","System.String DolocTown.Config.Resource.ResourceDocumentInfo::ToString()","IL_00A1","9",",Habitat:"
"DolocTown.Config.Resource.ResourceDocumentInfo","ToString","System.String DolocTown.Config.Resource.ResourceDocumentInfo::ToString()","IL_00B4","15",",DocumentInfos:"
"DolocTown.Config.Resource.ResourceDocumentInfo","ToString","System.String DolocTown.Config.Resource.ResourceDocumentInfo::ToString()","IL_00CC","17",",LeftRightLayout:"
"DolocTown.Config.Resource.ResourceDocumentInfo","ToString","System.String DolocTown.Config.Resource.ResourceDocumentInfo::ToString()","IL_00E7","9",",Display:"
"DolocTown.Config.Resource.ResourceDocumentInfo","ToString","System.String DolocTown.Config.Resource.ResourceDocumentInfo::ToString()","IL_0102","2",",}"
"DolocTown.Config.Resource.ResourceInfo",".ctor","System.Void DolocTown.Config.Resource.ResourceInfo::.ctor(SimpleJSON.JSONNode)","IL_0007","2","id"
"DolocTown.Config.Resource.ResourceInfo",".ctor","System.Void DolocTown.Config.Resource.ResourceInfo::.ctor(SimpleJSON.JSONNode)","IL_0020","2","id"
"DolocTown.Config.Resource.ResourceInfo",".ctor","System.Void DolocTown.Config.Resource.ResourceInfo::.ctor(SimpleJSON.JSONNode)","IL_0035","14","default_unlock"
"DolocTown.Config.Resource.ResourceInfo",".ctor","System.Void DolocTown.Config.Resource.ResourceInfo::.ctor(SimpleJSON.JSONNode)","IL_004E","14","default_unlock"
"DolocTown.Config.Resource.ResourceInfo",".ctor","System.Void DolocTown.Config.Resource.ResourceInfo::.ctor(SimpleJSON.JSONNode)","IL_0063","13","resource_type"
"DolocTown.Config.Resource.ResourceInfo",".ctor","System.Void DolocTown.Config.Resource.ResourceInfo::.ctor(SimpleJSON.JSONNode)","IL_007C","13","resource_type"
"DolocTown.Config.Resource.ResourceInfo",".ctor","System.Void DolocTown.Config.Resource.ResourceInfo::.ctor(SimpleJSON.JSONNode)","IL_0091","4","size"
"DolocTown.Config.Resource.ResourceInfo",".ctor","System.Void DolocTown.Config.Resource.ResourceInfo::.ctor(SimpleJSON.JSONNode)","IL_00AA","4","size"
"DolocTown.Config.Resource.ResourceInfo",".ctor","System.Void DolocTown.Config.Resource.ResourceInfo::.ctor(SimpleJSON.JSONNode)","IL_00C4","12","pixel_offset"
"DolocTown.Config.Resource.ResourceInfo",".ctor","System.Void DolocTown.Config.Resource.ResourceInfo::.ctor(SimpleJSON.JSONNode)","IL_00DD","12","pixel_offset"
"DolocTown.Config.Resource.ResourceInfo",".ctor","System.Void DolocTown.Config.Resource.ResourceInfo::.ctor(SimpleJSON.JSONNode)","IL_00F7","12","spawn_months"
"DolocTown.Config.Resource.ResourceInfo",".ctor","System.Void DolocTown.Config.Resource.ResourceInfo::.ctor(SimpleJSON.JSONNode)","IL_016D","11","level_datas"
"DolocTown.Config.Resource.ResourceInfo",".ctor","System.Void DolocTown.Config.Resource.ResourceInfo::.ctor(SimpleJSON.JSONNode)","IL_01EA","14","fit_slot_datas"
"DolocTown.Config.Resource.ResourceInfo",".ctor","System.Void DolocTown.Config.Resource.ResourceInfo::.ctor(SimpleJSON.JSONNode)","IL_0267","20","contained_slot_datas"
"DolocTown.Config.Resource.ResourceInfo",".ctor","System.Void DolocTown.Config.Resource.ResourceInfo::.ctor(SimpleJSON.JSONNode)","IL_02E4","22","resin_collector_output"
"DolocTown.Config.Resource.ResourceInfo",".ctor","System.Void DolocTown.Config.Resource.ResourceInfo::.ctor(SimpleJSON.JSONNode)","IL_02FD","22","resin_collector_output"
"DolocTown.Config.Resource.ResourceInfo","Resolve","System.Void DolocTown.Config.Resource.ResourceInfo::Resolve(System.Collections.Generic.Dictionary`2<System.String,System.Object>)","IL_0002","23","Resource.TbResourceType"
"DolocTown.Config.Resource.ResourceInfo","Resolve","System.Void DolocTown.Config.Resource.ResourceInfo::Resolve(System.Collections.Generic.Dictionary`2<System.String,System.Object>)","IL_008F","31","Resource.TbResinCollectorOutput"
"DolocTown.Config.Resource.ResourceInfo","ToString","System.String DolocTown.Config.Resource.ResourceInfo::ToString()","IL_0009","5","{ Id:"
"DolocTown.Config.Resource.ResourceInfo","ToString","System.String DolocTown.Config.Resource.ResourceInfo::ToString()","IL_001A","15",",DefaultUnlock:"
"DolocTown.Config.Resource.ResourceInfo","ToString","System.String DolocTown.Config.Resource.ResourceInfo::ToString()","IL_0033","14",",ResourceType:"
"DolocTown.Config.Resource.ResourceInfo","ToString","System.String DolocTown.Config.Resource.ResourceInfo::ToString()","IL_0052","6",",Size:"
"DolocTown.Config.Resource.ResourceInfo","ToString","System.String DolocTown.Config.Resource.ResourceInfo::ToString()","IL_0071","13",",PixelOffset:"
"DolocTown.Config.Resource.ResourceInfo","ToString","System.String DolocTown.Config.Resource.ResourceInfo::ToString()","IL_0092","13",",SpawnMonths:"
"DolocTown.Config.Resource.ResourceInfo","ToString","System.String DolocTown.Config.Resource.ResourceInfo::ToString()","IL_00AA","12",",LevelDatas:"
"DolocTown.Config.Resource.ResourceInfo","ToString","System.String DolocTown.Config.Resource.ResourceInfo::ToString()","IL_00C2","14",",FitSlotDatas:"
"DolocTown.Config.Resource.ResourceInfo","ToString","System.String DolocTown.Config.Resource.ResourceInfo::ToString()","IL_00DA","20",",ContainedSlotDatas:"
"DolocTown.Config.Resource.ResourceInfo","ToString","System.String DolocTown.Config.Resource.ResourceInfo::ToString()","IL_00F2","22",",ResinCollectorOutput:"
"DolocTown.Config.Resource.ResourceInfo","ToString","System.String DolocTown.Config.Resource.ResourceInfo::ToString()","IL_0105","2",",}"
"DolocTown.Config.Resource.ResourceInfo","GetLevelData","DolocTown.Config.Resource.ResourceLevelData DolocTown.Config.Resource.ResourceInfo::GetLevelData(System.Int32)","IL_000D","18","等级<{0}>超出资源等级配置范围！"
"DolocTown.Config.Resource.ResourceLevelData",".ctor","System.Void DolocTown.Config.Resource.ResourceLevelData::.ctor(SimpleJSON.JSONNode)","IL_0007","10","max_health"
"DolocTown.Config.Resource.ResourceLevelData",".ctor","System.Void DolocTown.Config.Resource.ResourceLevelData::.ctor(SimpleJSON.JSONNode)","IL_0020","10","max_health"
"DolocTown.Config.Resource.ResourceLevelData",".ctor","System.Void DolocTown.Config.Resource.ResourceLevelData::.ctor(SimpleJSON.JSONNode)","IL_0035","12","growth_value"
"DolocTown.Config.Resource.ResourceLevelData",".ctor","System.Void DolocTown.Config.Resource.ResourceLevelData::.ctor(SimpleJSON.JSONNode)","IL_004E","12","growth_value"
"DolocTown.Config.Resource.ResourceLevelData",".ctor","System.Void DolocTown.Config.Resource.ResourceLevelData::.ctor(SimpleJSON.JSONNode)","IL_0068","16","drop_spawn_entry"
"DolocTown.Config.Resource.ResourceLevelData",".ctor","System.Void DolocTown.Config.Resource.ResourceLevelData::.ctor(SimpleJSON.JSONNode)","IL_0081","16","drop_spawn_entry"
"DolocTown.Config.Resource.ResourceLevelData",".ctor","System.Void DolocTown.Config.Resource.ResourceLevelData::.ctor(SimpleJSON.JSONNode)","IL_0096","11","tech_points"
"DolocTown.Config.Resource.ResourceLevelData",".ctor","System.Void DolocTown.Config.Resource.ResourceLevelData::.ctor(SimpleJSON.JSONNode)","IL_010C","23","bullet_level_constraint"
"DolocTown.Config.Resource.ResourceLevelData",".ctor","System.Void DolocTown.Config.Resource.ResourceLevelData::.ctor(SimpleJSON.JSONNode)","IL_0125","23","bullet_level_constraint"
"DolocTown.Config.Resource.ResourceLevelData",".ctor","System.Void DolocTown.Config.Resource.ResourceLevelData::.ctor(SimpleJSON.JSONNode)","IL_013A","16","tool_constraints"
"DolocTown.Config.Resource.ResourceLevelData",".ctor","System.Void DolocTown.Config.Resource.ResourceLevelData::.ctor(SimpleJSON.JSONNode)","IL_01B7","5","skins"
"DolocTown.Config.Resource.ResourceLevelData",".ctor","System.Void DolocTown.Config.Resource.ResourceLevelData::.ctor(SimpleJSON.JSONNode)","IL_0239","11","sub_prefabs"
"DolocTown.Config.Resource.ResourceLevelData","ToString","System.String DolocTown.Config.Resource.ResourceLevelData::ToString()","IL_0009","12","{ MaxHealth:"
"DolocTown.Config.Resource.ResourceLevelData","ToString","System.String DolocTown.Config.Resource.ResourceLevelData::ToString()","IL_0022","13",",GrowthValue:"
"DolocTown.Config.Resource.ResourceLevelData","ToString","System.String DolocTown.Config.Resource.ResourceLevelData::ToString()","IL_0041","16",",DropSpawnEntry:"
"DolocTown.Config.Resource.ResourceLevelData","ToString","System.String DolocTown.Config.Resource.ResourceLevelData::ToString()","IL_005E","12",",TechPoints:"
"DolocTown.Config.Resource.ResourceLevelData","ToString","System.String DolocTown.Config.Resource.ResourceLevelData::ToString()","IL_0074","23",",BulletLevelConstraint:"
"DolocTown.Config.Resource.ResourceLevelData","ToString","System.String DolocTown.Config.Resource.ResourceLevelData::ToString()","IL_008F","17",",ToolConstraints:"
"DolocTown.Config.Resource.ResourceLevelData","ToString","System.String DolocTown.Config.Resource.ResourceLevelData::ToString()","IL_00A7","7",",Skins:"
"DolocTown.Config.Resource.ResourceLevelData","ToString","System.String DolocTown.Config.Resource.ResourceLevelData::ToString()","IL_00BF","12",",SubPrefabs:"
"DolocTown.Config.Resource.ResourceLevelData","ToString","System.String DolocTown.Config.Resource.ResourceLevelData::ToString()","IL_00D7","2",",}"
"DolocTown.Config.Resource.ResourceLevelData","GetCurrentSkin","UnityEngine.Sprite DolocTown.Config.Resource.ResourceLevelData::GetCurrentSkin(System.Int32)","IL_0013","18","皮肤索引<{0}>超出资源配置范围!"
"DolocTown.Config.Resource.ResourceSpawnData",".ctor","System.Void DolocTown.Config.Resource.ResourceSpawnData::.ctor(SimpleJSON.JSONNode)","IL_0008","11","resource_id"
"DolocTown.Config.Resource.ResourceSpawnData",".ctor","System.Void DolocTown.Config.Resource.ResourceSpawnData::.ctor(SimpleJSON.JSONNode)","IL_0021","11","resource_id"
"DolocTown.Config.Resource.ResourceSpawnData","Resolve","System.Void DolocTown.Config.Resource.ResourceSpawnData::Resolve(System.Collections.Generic.Dictionary`2<System.String,System.Object>)","IL_0009","19","Resource.TbResource"
"DolocTown.Config.Resource.ResourceSpawnData","ToString","System.String DolocTown.Config.Resource.ResourceSpawnData::ToString()","IL_0009","14","{ SpawnWeight:"
"DolocTown.Config.Resource.ResourceSpawnData","ToString","System.String DolocTown.Config.Resource.ResourceSpawnData::ToString()","IL_0022","10",",MinCount:"
"DolocTown.Config.Resource.ResourceSpawnData","ToString","System.String DolocTown.Config.Resource.ResourceSpawnData::ToString()","IL_003B","10",",MaxCount:"
"DolocTown.Config.Resource.ResourceSpawnData","ToString","System.String DolocTown.Config.Resource.ResourceSpawnData::ToString()","IL_0054","12",",ResourceId:"
"DolocTown.Config.Resource.ResourceSpawnData","ToString","System.String DolocTown.Config.Resource.ResourceSpawnData::ToString()","IL_0065","2",",}"
"DolocTown.Config.Resource.ResourceSpawnEntry",".ctor","System.Void DolocTown.Config.Resource.ResourceSpawnEntry::.ctor(SimpleJSON.JSONNode)","IL_0007","9","spawn_lut"
"DolocTown.Config.Resource.ResourceSpawnEntry",".ctor","System.Void DolocTown.Config.Resource.ResourceSpawnEntry::.ctor(SimpleJSON.JSONNode)","IL_0020","9","spawn_lut"
"DolocTown.Config.Resource.ResourceSpawnEntry",".ctor","System.Void DolocTown.Config.Resource.ResourceSpawnEntry::.ctor(SimpleJSON.JSONNode)","IL_0035","11","count_range"
"DolocTown.Config.Resource.ResourceSpawnEntry",".ctor","System.Void DolocTown.Config.Resource.ResourceSpawnEntry::.ctor(SimpleJSON.JSONNode)","IL_004E","11","count_range"
"DolocTown.Config.Resource.ResourceSpawnEntry","Resolve","System.Void DolocTown.Config.Resource.ResourceSpawnEntry::Resolve(System.Collections.Generic.Dictionary`2<System.String,System.Object>)","IL_0002","24","Resource.TbResourceSpawn"
"DolocTown.Config.Resource.ResourceSpawnEntry","ToString","System.String DolocTown.Config.Resource.ResourceSpawnEntry::ToString()","IL_0008","11","{ SpawnLut:"
"DolocTown.Config.Resource.ResourceSpawnEntry","ToString","System.String DolocTown.Config.Resource.ResourceSpawnEntry::ToString()","IL_0019","12",",CountRange:"
"DolocTown.Config.Resource.ResourceSpawnEntry","ToString","System.String DolocTown.Config.Resource.ResourceSpawnEntry::ToString()","IL_0036","2",",}"
"DolocTown.Config.Resource.ResourceSpawnInfo",".ctor","System.Void DolocTown.Config.Resource.ResourceSpawnInfo::.ctor(SimpleJSON.JSONNode)","IL_0012","2","id"
"DolocTown.Config.Resource.ResourceSpawnInfo",".ctor","System.Void DolocTown.Config.Resource.ResourceSpawnInfo::.ctor(SimpleJSON.JSONNode)","IL_002B","2","id"
"DolocTown.Config.Resource.ResourceSpawnInfo",".ctor","System.Void DolocTown.Config.Resource.ResourceSpawnInfo::.ctor(SimpleJSON.JSONNode)","IL_0040","11","spawn_datas"
"DolocTown.Config.Resource.ResourceSpawnInfo","ToString","System.String DolocTown.Config.Resource.ResourceSpawnInfo::ToString()","IL_0008","5","{ Id:"
"DolocTown.Config.Resource.ResourceSpawnInfo","ToString","System.String DolocTown.Config.Resource.ResourceSpawnInfo::ToString()","IL_0019","12",",SpawnDatas:"
"DolocTown.Config.Resource.ResourceSpawnInfo","ToString","System.String DolocTown.Config.Resource.ResourceSpawnInfo::ToString()","IL_002F","2",",}"
"DolocTown.Config.Resource.ResourceTypeInfo",".ctor","System.Void DolocTown.Config.Resource.ResourceTypeInfo::.ctor(SimpleJSON.JSONNode)","IL_0007","13","resource_type"
"DolocTown.Config.Resource.ResourceTypeInfo",".ctor","System.Void DolocTown.Config.Resource.ResourceTypeInfo::.ctor(SimpleJSON.JSONNode)","IL_0020","13","resource_type"
"DolocTown.Config.Resource.ResourceTypeInfo",".ctor","System.Void DolocTown.Config.Resource.ResourceTypeInfo::.ctor(SimpleJSON.JSONNode)","IL_0035","14","resource_class"
"DolocTown.Config.Resource.ResourceTypeInfo",".ctor","System.Void DolocTown.Config.Resource.ResourceTypeInfo::.ctor(SimpleJSON.JSONNode)","IL_004E","14","resource_class"
"DolocTown.Config.Resource.ResourceTypeInfo",".ctor","System.Void DolocTown.Config.Resource.ResourceTypeInfo::.ctor(SimpleJSON.JSONNode)","IL_0063","13","sorting_layer"
"DolocTown.Config.Resource.ResourceTypeInfo",".ctor","System.Void DolocTown.Config.Resource.ResourceTypeInfo::.ctor(SimpleJSON.JSONNode)","IL_007C","13","sorting_layer"
"DolocTown.Config.Resource.ResourceTypeInfo",".ctor","System.Void DolocTown.Config.Resource.ResourceTypeInfo::.ctor(SimpleJSON.JSONNode)","IL_0091","13","terrain_layer"
"DolocTown.Config.Resource.ResourceTypeInfo",".ctor","System.Void DolocTown.Config.Resource.ResourceTypeInfo::.ctor(SimpleJSON.JSONNode)","IL_00AA","13","terrain_layer"
"DolocTown.Config.Resource.ResourceTypeInfo",".ctor","System.Void DolocTown.Config.Resource.ResourceTypeInfo::.ctor(SimpleJSON.JSONNode)","IL_00BF","15","class_type_name"
"DolocTown.Config.Resource.ResourceTypeInfo",".ctor","System.Void DolocTown.Config.Resource.ResourceTypeInfo::.ctor(SimpleJSON.JSONNode)","IL_00D8","15","class_type_name"
"DolocTown.Config.Resource.ResourceTypeInfo","ToString","System.String DolocTown.Config.Resource.ResourceTypeInfo::ToString()","IL_0009","15","{ ResourceType:"
"DolocTown.Config.Resource.ResourceTypeInfo","ToString","System.String DolocTown.Config.Resource.ResourceTypeInfo::ToString()","IL_0028","15",",ResourceClass:"
"DolocTown.Config.Resource.ResourceTypeInfo","ToString","System.String DolocTown.Config.Resource.ResourceTypeInfo::ToString()","IL_0047","14",",SortingLayer:"
"DolocTown.Config.Resource.ResourceTypeInfo","ToString","System.String DolocTown.Config.Resource.ResourceTypeInfo::ToString()","IL_0064","14",",TerrainLayer:"
"DolocTown.Config.Resource.ResourceTypeInfo","ToString","System.String DolocTown.Config.Resource.ResourceTypeInfo::ToString()","IL_0075","15",",ClassTypeName:"
"DolocTown.Config.Resource.ResourceTypeInfo","ToString","System.String DolocTown.Config.Resource.ResourceTypeInfo::ToString()","IL_0088","2",",}"
"DolocTown.Config.Resource.TbEnvObject",".ctor","System.Void DolocTown.Config.Resource.TbEnvObject::.ctor(SimpleJSON.JSONNode)","IL_0058","24","[Config] Duplicate key: "
"DolocTown.Config.Resource.TbEnvObject",".ctor","System.Void DolocTown.Config.Resource.TbEnvObject::.ctor(SimpleJSON.JSONNode)","IL_0063","22"," in table: TbEnvObject"
"DolocTown.Config.Resource.TbEnvObjectSpawn",".ctor","System.Void DolocTown.Config.Resource.TbEnvObjectSpawn::.ctor(SimpleJSON.JSONNode)","IL_0058","24","[Config] Duplicate key: "
"DolocTown.Config.Resource.TbEnvObjectSpawn",".ctor","System.Void DolocTown.Config.Resource.TbEnvObjectSpawn::.ctor(SimpleJSON.JSONNode)","IL_0063","27"," in table: TbEnvObjectSpawn"
"DolocTown.Config.Resource.TbGlobalGuaranteed",".ctor","System.Void DolocTown.Config.Resource.TbGlobalGuaranteed::.ctor(SimpleJSON.JSONNode)","IL_009D","56","[Config] Duplicate key: {0} in table: TbGlobalGuaranteed"
"DolocTown.Config.Resource.TbResinCollectorOutput",".ctor","System.Void DolocTown.Config.Resource.TbResinCollectorOutput::.ctor(SimpleJSON.JSONNode)","IL_0058","24","[Config] Duplicate key: "
"DolocTown.Config.Resource.TbResinCollectorOutput",".ctor","System.Void DolocTown.Config.Resource.TbResinCollectorOutput::.ctor(SimpleJSON.JSONNode)","IL_0063","33"," in table: TbResinCollectorOutput"
"DolocTown.Config.Resource.TbResource",".ctor","System.Void DolocTown.Config.Resource.TbResource::.ctor(SimpleJSON.JSONNode)","IL_0058","24","[Config] Duplicate key: "
"DolocTown.Config.Resource.TbResource",".ctor","System.Void DolocTown.Config.Resource.TbResource::.ctor(SimpleJSON.JSONNode)","IL_0063","21"," in table: TbResource"
"DolocTown.Config.Resource.TbResourceDocument",".ctor","System.Void DolocTown.Config.Resource.TbResourceDocument::.ctor(SimpleJSON.JSONNode)","IL_0058","24","[Config] Duplicate key: "
"DolocTown.Config.Resource.TbResourceDocument",".ctor","System.Void DolocTown.Config.Resource.TbResourceDocument::.ctor(SimpleJSON.JSONNode)","IL_0063","29"," in table: TbResourceDocument"
"DolocTown.Config.Resource.TbResourceSpawn",".ctor","System.Void DolocTown.Config.Resource.TbResourceSpawn::.ctor(SimpleJSON.JSONNode)","IL_0058","24","[Config] Duplicate key: "
"DolocTown.Config.Resource.TbResourceSpawn",".ctor","System.Void DolocTown.Config.Resource.TbResourceSpawn::.ctor(SimpleJSON.JSONNode)","IL_0063","26"," in table: TbResourceSpawn"
"DolocTown.Config.Resource.TbResourceType",".ctor","System.Void DolocTown.Config.Resource.TbResourceType::.ctor(SimpleJSON.JSONNode)","IL_0058","52","[Config] Duplicate key: {0} in table: TbResourceType"
"DolocTown.Config.Resource.TbVegetation",".ctor","System.Void DolocTown.Config.Resource.TbVegetation::.ctor(SimpleJSON.JSONNode)","IL_0058","24","[Config] Duplicate key: "
"DolocTown.Config.Resource.TbVegetation",".ctor","System.Void DolocTown.Config.Resource.TbVegetation::.ctor(SimpleJSON.JSONNode)","IL_0063","23"," in table: TbVegetation"
"DolocTown.Config.Resource.TbVegetationSpawn",".ctor","System.Void DolocTown.Config.Resource.TbVegetationSpawn::.ctor(SimpleJSON.JSONNode)","IL_0058","24","[Config] Duplicate key: "
"DolocTown.Config.Resource.TbVegetationSpawn",".ctor","System.Void DolocTown.Config.Resource.TbVegetationSpawn::.ctor(SimpleJSON.JSONNode)","IL_0063","28"," in table: TbVegetationSpawn"
"DolocTown.Config.Resource.VegetationFuncBase","DeserializeVegetationFuncBase","DolocTown.Config.Resource.VegetationFuncBase DolocTown.Config.Resource.VegetationFuncBase::DeserializeVegetationFuncBase(SimpleJSON.JSONNode)","IL_0001","5","$type"
"DolocTown.Config.Resource.VegetationFuncBase","DeserializeVegetationFuncBase","DolocTown.Config.Resource.VegetationFuncBase DolocTown.Config.Resource.VegetationFuncBase::DeserializeVegetationFuncBase(SimpleJSON.JSONNode)","IL_0070","26","VegetationFuncBerryThicket"
"DolocTown.Config.Resource.VegetationFuncBase","DeserializeVegetationFuncBase","DolocTown.Config.Resource.VegetationFuncBase DolocTown.Config.Resource.VegetationFuncBase::DeserializeVegetationFuncBase(SimpleJSON.JSONNode)","IL_0082","18","VegetationFuncCrop"
"DolocTown.Config.Resource.VegetationFuncBase","DeserializeVegetationFuncBase","DolocTown.Config.Resource.VegetationFuncBase DolocTown.Config.Resource.VegetationFuncBase::DeserializeVegetationFuncBase(SimpleJSON.JSONNode)","IL_0091","26","VegetationFuncGrowLuminous"
"DolocTown.Config.Resource.VegetationFuncBase","DeserializeVegetationFuncBase","DolocTown.Config.Resource.VegetationFuncBase DolocTown.Config.Resource.VegetationFuncBase::DeserializeVegetationFuncBase(SimpleJSON.JSONNode)","IL_00A0","18","VegetationFuncGrow"
"DolocTown.Config.Resource.VegetationFuncBase","DeserializeVegetationFuncBase","DolocTown.Config.Resource.VegetationFuncBase DolocTown.Config.Resource.VegetationFuncBase::DeserializeVegetationFuncBase(SimpleJSON.JSONNode)","IL_00AF","23","VegetationFuncDandelion"
"DolocTown.Config.Resource.VegetationFuncBase","DeserializeVegetationFuncBase","DolocTown.Config.Resource.VegetationFuncBase DolocTown.Config.Resource.VegetationFuncBase::DeserializeVegetationFuncBase(SimpleJSON.JSONNode)","IL_00BE","23","VegetationFuncDecorator"
"DolocTown.Config.Resource.VegetationFuncBase","DeserializeVegetationFuncBase","DolocTown.Config.Resource.VegetationFuncBase DolocTown.Config.Resource.VegetationFuncBase::DeserializeVegetationFuncBase(SimpleJSON.JSONNode)","IL_00CD","22","VegetationFuncLuminous"
"DolocTown.Config.Resource.VegetationFuncBase","ToString","System.String DolocTown.Config.Resource.VegetationFuncBase::ToString()","IL_0000","3","{ }"
"DolocTown.Config.Resource.VegetationFuncBerryThicket","ToString","System.String DolocTown.Config.Resource.VegetationFuncBerryThicket::ToString()","IL_0008","14","{ GrowthValue:"
"DolocTown.Config.Resource.VegetationFuncBerryThicket","ToString","System.String DolocTown.Config.Resource.VegetationFuncBerryThicket::ToString()","IL_0027","14",",LevelSprites:"
"DolocTown.Config.Resource.VegetationFuncBerryThicket","ToString","System.String DolocTown.Config.Resource.VegetationFuncBerryThicket::ToString()","IL_0044","2",",}"
"DolocTown.Config.Resource.VegetationFuncCrop","ToString","System.String DolocTown.Config.Resource.VegetationFuncCrop::ToString()","IL_0008","14","{ GrowthValue:"
"DolocTown.Config.Resource.VegetationFuncCrop","ToString","System.String DolocTown.Config.Resource.VegetationFuncCrop::ToString()","IL_0027","14",",LevelSprites:"
"DolocTown.Config.Resource.VegetationFuncCrop","ToString","System.String DolocTown.Config.Resource.VegetationFuncCrop::ToString()","IL_0044","2",",}"
"DolocTown.Config.Resource.VegetationFuncDandelion",".ctor","System.Void DolocTown.Config.Resource.VegetationFuncDandelion::.ctor(SimpleJSON.JSONNode)","IL_0008","12","effects_name"
"DolocTown.Config.Resource.VegetationFuncDandelion",".ctor","System.Void DolocTown.Config.Resource.VegetationFuncDandelion::.ctor(SimpleJSON.JSONNode)","IL_0021","12","effects_name"
"DolocTown.Config.Resource.VegetationFuncDandelion",".ctor","System.Void DolocTown.Config.Resource.VegetationFuncDandelion::.ctor(SimpleJSON.JSONNode)","IL_0036","14","effects_offset"
"DolocTown.Config.Resource.VegetationFuncDandelion",".ctor","System.Void DolocTown.Config.Resource.VegetationFuncDandelion::.ctor(SimpleJSON.JSONNode)","IL_004F","14","effects_offset"
"DolocTown.Config.Resource.VegetationFuncDandelion","ToString","System.String DolocTown.Config.Resource.VegetationFuncDandelion::ToString()","IL_0009","14","{ GrowthValue:"
"DolocTown.Config.Resource.VegetationFuncDandelion","ToString","System.String DolocTown.Config.Resource.VegetationFuncDandelion::ToString()","IL_0028","14",",LevelSprites:"
"DolocTown.Config.Resource.VegetationFuncDandelion","ToString","System.String DolocTown.Config.Resource.VegetationFuncDandelion::ToString()","IL_0045","13",",EffectsName:"
"DolocTown.Config.Resource.VegetationFuncDandelion","ToString","System.String DolocTown.Config.Resource.VegetationFuncDandelion::ToString()","IL_0056","15",",EffectsOffset:"
"DolocTown.Config.Resource.VegetationFuncDandelion","ToString","System.String DolocTown.Config.Resource.VegetationFuncDandelion::ToString()","IL_0075","2",",}"
"DolocTown.Config.Resource.VegetationFuncDecorator",".ctor","System.Void DolocTown.Config.Resource.VegetationFuncDecorator::.ctor(SimpleJSON.JSONNode)","IL_0008","5","skins"
"DolocTown.Config.Resource.VegetationFuncDecorator","ToString","System.String DolocTown.Config.Resource.VegetationFuncDecorator::ToString()","IL_0000","8","{ Skins:"
"DolocTown.Config.Resource.VegetationFuncDecorator","ToString","System.String DolocTown.Config.Resource.VegetationFuncDecorator::ToString()","IL_0010","2",",}"
"DolocTown.Config.Resource.VegetationFuncGrow","ToString","System.String DolocTown.Config.Resource.VegetationFuncGrow::ToString()","IL_0008","14","{ GrowthValue:"
"DolocTown.Config.Resource.VegetationFuncGrow","ToString","System.String DolocTown.Config.Resource.VegetationFuncGrow::ToString()","IL_0027","14",",LevelSprites:"
"DolocTown.Config.Resource.VegetationFuncGrow","ToString","System.String DolocTown.Config.Resource.VegetationFuncGrow::ToString()","IL_0044","2",",}"
"DolocTown.Config.Resource.VegetationFuncGrowBase",".ctor","System.Void DolocTown.Config.Resource.VegetationFuncGrowBase::.ctor(SimpleJSON.JSONNode)","IL_0008","12","growth_value"
"DolocTown.Config.Resource.VegetationFuncGrowBase",".ctor","System.Void DolocTown.Config.Resource.VegetationFuncGrowBase::.ctor(SimpleJSON.JSONNode)","IL_0021","12","growth_value"
"DolocTown.Config.Resource.VegetationFuncGrowBase",".ctor","System.Void DolocTown.Config.Resource.VegetationFuncGrowBase::.ctor(SimpleJSON.JSONNode)","IL_003B","13","level_sprites"
"DolocTown.Config.Resource.VegetationFuncGrowBase",".ctor","System.Void DolocTown.Config.Resource.VegetationFuncGrowBase::.ctor(SimpleJSON.JSONNode)","IL_0054","13","level_sprites"
"DolocTown.Config.Resource.VegetationFuncGrowBase","DeserializeVegetationFuncGrowBase","DolocTown.Config.Resource.VegetationFuncGrowBase DolocTown.Config.Resource.VegetationFuncGrowBase::DeserializeVegetationFuncGrowBase(SimpleJSON.JSONNode)","IL_0001","5","$type"
"DolocTown.Config.Resource.VegetationFuncGrowBase","DeserializeVegetationFuncGrowBase","DolocTown.Config.Resource.VegetationFuncGrowBase DolocTown.Config.Resource.VegetationFuncGrowBase::DeserializeVegetationFuncGrowBase(SimpleJSON.JSONNode)","IL_0012","26","VegetationFuncBerryThicket"
"DolocTown.Config.Resource.VegetationFuncGrowBase","DeserializeVegetationFuncGrowBase","DolocTown.Config.Resource.VegetationFuncGrowBase DolocTown.Config.Resource.VegetationFuncGrowBase::DeserializeVegetationFuncGrowBase(SimpleJSON.JSONNode)","IL_001F","18","VegetationFuncCrop"
"DolocTown.Config.Resource.VegetationFuncGrowBase","DeserializeVegetationFuncGrowBase","DolocTown.Config.Resource.VegetationFuncGrowBase DolocTown.Config.Resource.VegetationFuncGrowBase::DeserializeVegetationFuncGrowBase(SimpleJSON.JSONNode)","IL_002C","26","VegetationFuncGrowLuminous"
"DolocTown.Config.Resource.VegetationFuncGrowBase","DeserializeVegetationFuncGrowBase","DolocTown.Config.Resource.VegetationFuncGrowBase DolocTown.Config.Resource.VegetationFuncGrowBase::DeserializeVegetationFuncGrowBase(SimpleJSON.JSONNode)","IL_0039","18","VegetationFuncGrow"
"DolocTown.Config.Resource.VegetationFuncGrowBase","DeserializeVegetationFuncGrowBase","DolocTown.Config.Resource.VegetationFuncGrowBase DolocTown.Config.Resource.VegetationFuncGrowBase::DeserializeVegetationFuncGrowBase(SimpleJSON.JSONNode)","IL_0046","23","VegetationFuncDandelion"
"DolocTown.Config.Resource.VegetationFuncGrowBase","ToString","System.String DolocTown.Config.Resource.VegetationFuncGrowBase::ToString()","IL_0008","14","{ GrowthValue:"
"DolocTown.Config.Resource.VegetationFuncGrowBase","ToString","System.String DolocTown.Config.Resource.VegetationFuncGrowBase::ToString()","IL_0027","14",",LevelSprites:"
"DolocTown.Config.Resource.VegetationFuncGrowBase","ToString","System.String DolocTown.Config.Resource.VegetationFuncGrowBase::ToString()","IL_0044","2",",}"
"DolocTown.Config.Resource.VegetationFuncGrowLuminous",".ctor","System.Void DolocTown.Config.Resource.VegetationFuncGrowLuminous::.ctor(SimpleJSON.JSONNode)","IL_0008","4","lamp"
"DolocTown.Config.Resource.VegetationFuncGrowLuminous",".ctor","System.Void DolocTown.Config.Resource.VegetationFuncGrowLuminous::.ctor(SimpleJSON.JSONNode)","IL_0021","4","lamp"
"DolocTown.Config.Resource.VegetationFuncGrowLuminous",".ctor","System.Void DolocTown.Config.Resource.VegetationFuncGrowLuminous::.ctor(SimpleJSON.JSONNode)","IL_0036","22","switch_schedule_asseet"
"DolocTown.Config.Resource.VegetationFuncGrowLuminous",".ctor","System.Void DolocTown.Config.Resource.VegetationFuncGrowLuminous::.ctor(SimpleJSON.JSONNode)","IL_004F","22","switch_schedule_asseet"
"DolocTown.Config.Resource.VegetationFuncGrowLuminous","Resolve","System.Void DolocTown.Config.Resource.VegetationFuncGrowLuminous::Resolve(System.Collections.Generic.Dictionary`2<System.String,System.Object>)","IL_0009","16","Equipment.TbLamp"
"DolocTown.Config.Resource.VegetationFuncGrowLuminous","ToString","System.String DolocTown.Config.Resource.VegetationFuncGrowLuminous::ToString()","IL_0009","14","{ GrowthValue:"
"DolocTown.Config.Resource.VegetationFuncGrowLuminous","ToString","System.String DolocTown.Config.Resource.VegetationFuncGrowLuminous::ToString()","IL_0028","14",",LevelSprites:"
"DolocTown.Config.Resource.VegetationFuncGrowLuminous","ToString","System.String DolocTown.Config.Resource.VegetationFuncGrowLuminous::ToString()","IL_0045","6",",Lamp:"
"DolocTown.Config.Resource.VegetationFuncGrowLuminous","ToString","System.String DolocTown.Config.Resource.VegetationFuncGrowLuminous::ToString()","IL_0056","22",",SwitchScheduleAsseet:"
"DolocTown.Config.Resource.VegetationFuncGrowLuminous","ToString","System.String DolocTown.Config.Resource.VegetationFuncGrowLuminous::ToString()","IL_0073","2",",}"
"DolocTown.Config.Resource.VegetationFuncLuminous",".ctor","System.Void DolocTown.Config.Resource.VegetationFuncLuminous::.ctor(SimpleJSON.JSONNode)","IL_0008","12","sprite_asset"
"DolocTown.Config.Resource.VegetationFuncLuminous",".ctor","System.Void DolocTown.Config.Resource.VegetationFuncLuminous::.ctor(SimpleJSON.JSONNode)","IL_0021","12","sprite_asset"
"DolocTown.Config.Resource.VegetationFuncLuminous",".ctor","System.Void DolocTown.Config.Resource.VegetationFuncLuminous::.ctor(SimpleJSON.JSONNode)","IL_003B","4","lamp"
"DolocTown.Config.Resource.VegetationFuncLuminous",".ctor","System.Void DolocTown.Config.Resource.VegetationFuncLuminous::.ctor(SimpleJSON.JSONNode)","IL_0054","4","lamp"
"DolocTown.Config.Resource.VegetationFuncLuminous",".ctor","System.Void DolocTown.Config.Resource.VegetationFuncLuminous::.ctor(SimpleJSON.JSONNode)","IL_0069","22","switch_schedule_asseet"
"DolocTown.Config.Resource.VegetationFuncLuminous",".ctor","System.Void DolocTown.Config.Resource.VegetationFuncLuminous::.ctor(SimpleJSON.JSONNode)","IL_0082","22","switch_schedule_asseet"
"DolocTown.Config.Resource.VegetationFuncLuminous",".ctor","System.Void DolocTown.Config.Resource.VegetationFuncLuminous::.ctor(SimpleJSON.JSONNode)","IL_009C","11","idle_effect"
"DolocTown.Config.Resource.VegetationFuncLuminous",".ctor","System.Void DolocTown.Config.Resource.VegetationFuncLuminous::.ctor(SimpleJSON.JSONNode)","IL_00B5","11","idle_effect"
"DolocTown.Config.Resource.VegetationFuncLuminous",".ctor","System.Void DolocTown.Config.Resource.VegetationFuncLuminous::.ctor(SimpleJSON.JSONNode)","IL_00CF","12","touch_effect"
"DolocTown.Config.Resource.VegetationFuncLuminous",".ctor","System.Void DolocTown.Config.Resource.VegetationFuncLuminous::.ctor(SimpleJSON.JSONNode)","IL_00E8","12","touch_effect"
"DolocTown.Config.Resource.VegetationFuncLuminous",".ctor","System.Void DolocTown.Config.Resource.VegetationFuncLuminous::.ctor(SimpleJSON.JSONNode)","IL_00FD","14","effects_offset"
"DolocTown.Config.Resource.VegetationFuncLuminous",".ctor","System.Void DolocTown.Config.Resource.VegetationFuncLuminous::.ctor(SimpleJSON.JSONNode)","IL_0116","14","effects_offset"
"DolocTown.Config.Resource.VegetationFuncLuminous","Resolve","System.Void DolocTown.Config.Resource.VegetationFuncLuminous::Resolve(System.Collections.Generic.Dictionary`2<System.String,System.Object>)","IL_0009","16","Equipment.TbLamp"
"DolocTown.Config.Resource.VegetationFuncLuminous","ToString","System.String DolocTown.Config.Resource.VegetationFuncLuminous::ToString()","IL_0009","14","{ SpriteAsset:"
"DolocTown.Config.Resource.VegetationFuncLuminous","ToString","System.String DolocTown.Config.Resource.VegetationFuncLuminous::ToString()","IL_0026","6",",Lamp:"
"DolocTown.Config.Resource.VegetationFuncLuminous","ToString","System.String DolocTown.Config.Resource.VegetationFuncLuminous::ToString()","IL_0037","22",",SwitchScheduleAsseet:"
"DolocTown.Config.Resource.VegetationFuncLuminous","ToString","System.String DolocTown.Config.Resource.VegetationFuncLuminous::ToString()","IL_0054","12",",IdleEffect:"
"DolocTown.Config.Resource.VegetationFuncLuminous","ToString","System.String DolocTown.Config.Resource.VegetationFuncLuminous::ToString()","IL_0071","13",",TouchEffect:"
"DolocTown.Config.Resource.VegetationFuncLuminous","ToString","System.String DolocTown.Config.Resource.VegetationFuncLuminous::ToString()","IL_0084","15",",EffectsOffset:"
"DolocTown.Config.Resource.VegetationFuncLuminous","ToString","System.String DolocTown.Config.Resource.VegetationFuncLuminous::ToString()","IL_00A5","2",",}"
"DolocTown.Config.Resource.VegetationInfo",".ctor","System.Void DolocTown.Config.Resource.VegetationInfo::.ctor(SimpleJSON.JSONNode)","IL_0007","2","id"
"DolocTown.Config.Resource.VegetationInfo",".ctor","System.Void DolocTown.Config.Resource.VegetationInfo::.ctor(SimpleJSON.JSONNode)","IL_0020","2","id"
"DolocTown.Config.Resource.VegetationInfo",".ctor","System.Void DolocTown.Config.Resource.VegetationInfo::.ctor(SimpleJSON.JSONNode)","IL_0035","4","type"
"DolocTown.Config.Resource.VegetationInfo",".ctor","System.Void DolocTown.Config.Resource.VegetationInfo::.ctor(SimpleJSON.JSONNode)","IL_004E","4","type"
"DolocTown.Config.Resource.VegetationInfo",".ctor","System.Void DolocTown.Config.Resource.VegetationInfo::.ctor(SimpleJSON.JSONNode)","IL_0063","14","default_unlock"
"DolocTown.Config.Resource.VegetationInfo",".ctor","System.Void DolocTown.Config.Resource.VegetationInfo::.ctor(SimpleJSON.JSONNode)","IL_007C","14","default_unlock"
"DolocTown.Config.Resource.VegetationInfo",".ctor","System.Void DolocTown.Config.Resource.VegetationInfo::.ctor(SimpleJSON.JSONNode)","IL_0091","4","size"
"DolocTown.Config.Resource.VegetationInfo",".ctor","System.Void DolocTown.Config.Resource.VegetationInfo::.ctor(SimpleJSON.JSONNode)","IL_00AA","4","size"
"DolocTown.Config.Resource.VegetationInfo",".ctor","System.Void DolocTown.Config.Resource.VegetationInfo::.ctor(SimpleJSON.JSONNode)","IL_00C4","12","spawn_months"
"DolocTown.Config.Resource.VegetationInfo",".ctor","System.Void DolocTown.Config.Resource.VegetationInfo::.ctor(SimpleJSON.JSONNode)","IL_013A","14","growing_months"
"DolocTown.Config.Resource.VegetationInfo",".ctor","System.Void DolocTown.Config.Resource.VegetationInfo::.ctor(SimpleJSON.JSONNode)","IL_01B7","16","tool_constraints"
"DolocTown.Config.Resource.VegetationInfo",".ctor","System.Void DolocTown.Config.Resource.VegetationInfo::.ctor(SimpleJSON.JSONNode)","IL_0234","16","drop_spawn_entry"
"DolocTown.Config.Resource.VegetationInfo",".ctor","System.Void DolocTown.Config.Resource.VegetationInfo::.ctor(SimpleJSON.JSONNode)","IL_024D","16","drop_spawn_entry"
"DolocTown.Config.Resource.VegetationInfo",".ctor","System.Void DolocTown.Config.Resource.VegetationInfo::.ctor(SimpleJSON.JSONNode)","IL_0262","8","function"
"DolocTown.Config.Resource.VegetationInfo",".ctor","System.Void DolocTown.Config.Resource.VegetationInfo::.ctor(SimpleJSON.JSONNode)","IL_027B","8","function"
"DolocTown.Config.Resource.VegetationInfo","ToString","System.String DolocTown.Config.Resource.VegetationInfo::ToString()","IL_0009","5","{ Id:"
"DolocTown.Config.Resource.VegetationInfo","ToString","System.String DolocTown.Config.Resource.VegetationInfo::ToString()","IL_001A","6",",Type:"
"DolocTown.Config.Resource.VegetationInfo","ToString","System.String DolocTown.Config.Resource.VegetationInfo::ToString()","IL_0039","15",",DefaultUnlock:"
"DolocTown.Config.Resource.VegetationInfo","ToString","System.String DolocTown.Config.Resource.VegetationInfo::ToString()","IL_0052","6",",Size:"
"DolocTown.Config.Resource.VegetationInfo","ToString","System.String DolocTown.Config.Resource.VegetationInfo::ToString()","IL_0071","13",",SpawnMonths:"
"DolocTown.Config.Resource.VegetationInfo","ToString","System.String DolocTown.Config.Resource.VegetationInfo::ToString()","IL_0089","15",",GrowingMonths:"
"DolocTown.Config.Resource.VegetationInfo","ToString","System.String DolocTown.Config.Resource.VegetationInfo::ToString()","IL_00A1","17",",ToolConstraints:"
"DolocTown.Config.Resource.VegetationInfo","ToString","System.String DolocTown.Config.Resource.VegetationInfo::ToString()","IL_00B9","16",",DropSpawnEntry:"
"DolocTown.Config.Resource.VegetationInfo","ToString","System.String DolocTown.Config.Resource.VegetationInfo::ToString()","IL_00D8","10",",Function:"
"DolocTown.Config.Resource.VegetationInfo","ToString","System.String DolocTown.Config.Resource.VegetationInfo::ToString()","IL_00F7","2",",}"
"DolocTown.Config.Resource.VegetationSpawnData",".ctor","System.Void DolocTown.Config.Resource.VegetationSpawnData::.ctor(SimpleJSON.JSONNode)","IL_0008","13","vegetation_id"
"DolocTown.Config.Resource.VegetationSpawnData",".ctor","System.Void DolocTown.Config.Resource.VegetationSpawnData::.ctor(SimpleJSON.JSONNode)","IL_0021","13","vegetation_id"
"DolocTown.Config.Resource.VegetationSpawnData","Resolve","System.Void DolocTown.Config.Resource.VegetationSpawnData::Resolve(System.Collections.Generic.Dictionary`2<System.String,System.Object>)","IL_0009","21","Resource.TbVegetation"
"DolocTown.Config.Resource.VegetationSpawnData","ToString","System.String DolocTown.Config.Resource.VegetationSpawnData::ToString()","IL_0009","14","{ SpawnWeight:"
"DolocTown.Config.Resource.VegetationSpawnData","ToString","System.String DolocTown.Config.Resource.VegetationSpawnData::ToString()","IL_0022","10",",MinCount:"
"DolocTown.Config.Resource.VegetationSpawnData","ToString","System.String DolocTown.Config.Resource.VegetationSpawnData::ToString()","IL_003B","10",",MaxCount:"
"DolocTown.Config.Resource.VegetationSpawnData","ToString","System.String DolocTown.Config.Resource.VegetationSpawnData::ToString()","IL_0054","14",",VegetationId:"
"DolocTown.Config.Resource.VegetationSpawnData","ToString","System.String DolocTown.Config.Resource.VegetationSpawnData::ToString()","IL_0065","2",",}"
"DolocTown.Config.Resource.VegetationSpawnEntry",".ctor","System.Void DolocTown.Config.Resource.VegetationSpawnEntry::.ctor(SimpleJSON.JSONNode)","IL_0007","9","spawn_lut"
"DolocTown.Config.Resource.VegetationSpawnEntry",".ctor","System.Void DolocTown.Config.Resource.VegetationSpawnEntry::.ctor(SimpleJSON.JSONNode)","IL_0020","9","spawn_lut"
"DolocTown.Config.Resource.VegetationSpawnEntry",".ctor","System.Void DolocTown.Config.Resource.VegetationSpawnEntry::.ctor(SimpleJSON.JSONNode)","IL_0035","11","count_range"
"DolocTown.Config.Resource.VegetationSpawnEntry",".ctor","System.Void DolocTown.Config.Resource.VegetationSpawnEntry::.ctor(SimpleJSON.JSONNode)","IL_004E","11","count_range"
"DolocTown.Config.Resource.VegetationSpawnEntry","Resolve","System.Void DolocTown.Config.Resource.VegetationSpawnEntry::Resolve(System.Collections.Generic.Dictionary`2<System.String,System.Object>)","IL_0002","26","Resource.TbVegetationSpawn"
"DolocTown.Config.Resource.VegetationSpawnEntry","ToString","System.String DolocTown.Config.Resource.VegetationSpawnEntry::ToString()","IL_0008","11","{ SpawnLut:"
"DolocTown.Config.Resource.VegetationSpawnEntry","ToString","System.String DolocTown.Config.Resource.VegetationSpawnEntry::ToString()","IL_0019","12",",CountRange:"
"DolocTown.Config.Resource.VegetationSpawnEntry","ToString","System.String DolocTown.Config.Resource.VegetationSpawnEntry::ToString()","IL_0036","2",",}"
"DolocTown.Config.Resource.VegetationSpawnInfo",".ctor","System.Void DolocTown.Config.Resource.VegetationSpawnInfo::.ctor(SimpleJSON.JSONNode)","IL_0012","2","id"
"DolocTown.Config.Resource.VegetationSpawnInfo",".ctor","System.Void DolocTown.Config.Resource.VegetationSpawnInfo::.ctor(SimpleJSON.JSONNode)","IL_002B","2","id"
"DolocTown.Config.Resource.VegetationSpawnInfo",".ctor","System.Void DolocTown.Config.Resource.VegetationSpawnInfo::.ctor(SimpleJSON.JSONNode)","IL_0040","11","spawn_datas"
"DolocTown.Config.Resource.VegetationSpawnInfo","ToString","System.String DolocTown.Config.Resource.VegetationSpawnInfo::ToString()","IL_0008","5","{ Id:"
"DolocTown.Config.Resource.VegetationSpawnInfo","ToString","System.String DolocTown.Config.Resource.VegetationSpawnInfo::ToString()","IL_0019","12",",SpawnDatas:"
"DolocTown.Config.Resource.VegetationSpawnInfo","ToString","System.String DolocTown.Config.Resource.VegetationSpawnInfo::ToString()","IL_002F","2",",}"
"DolocTown.Config.Player.AgentEquipmentFuncProto","DeserializeAgentEquipmentFuncProto","DolocTown.Config.Player.AgentEquipmentFuncProto DolocTown.Config.Player.AgentEquipmentFuncProto::DeserializeAgentEquipmentFuncProto(SimpleJSON.JSONNode)","IL_0139","36","AgentEquipmentFuncProtoExtraResource"
"DolocTown.Config.Player.AgentEquipmentFuncProto","DeserializeAgentEquipmentFuncProto","DolocTown.Config.Player.AgentEquipmentFuncProto DolocTown.Config.Player.AgentEquipmentFuncProto::DeserializeAgentEquipmentFuncProto(SimpleJSON.JSONNode)","IL_01B7","43","AgentEquipmentFuncProtoFellCountAdditionOre"
"DolocTown.Config.Player.AgentEquipmentFuncProtoExtraResource",".ctor","System.Void DolocTown.Config.Player.AgentEquipmentFuncProtoExtraResource::.ctor(SimpleJSON.JSONNode)","IL_0008","12","resource_ids"
"DolocTown.Config.Player.AgentEquipmentFuncProtoExtraResource",".ctor","System.Void DolocTown.Config.Player.AgentEquipmentFuncProtoExtraResource::.ctor(SimpleJSON.JSONNode)","IL_007E","11","probability"
"DolocTown.Config.Player.AgentEquipmentFuncProtoExtraResource",".ctor","System.Void DolocTown.Config.Player.AgentEquipmentFuncProtoExtraResource::.ctor(SimpleJSON.JSONNode)","IL_0097","11","probability"
"DolocTown.Config.Player.AgentEquipmentFuncProtoExtraResource",".ctor","System.Void DolocTown.Config.Player.AgentEquipmentFuncProtoExtraResource::.ctor(SimpleJSON.JSONNode)","IL_00AC","8","item_lut"
"DolocTown.Config.Player.AgentEquipmentFuncProtoExtraResource",".ctor","System.Void DolocTown.Config.Player.AgentEquipmentFuncProtoExtraResource::.ctor(SimpleJSON.JSONNode)","IL_00C5","8","item_lut"
"DolocTown.Config.Player.AgentEquipmentFuncProtoExtraResource",".ctor","System.Void DolocTown.Config.Player.AgentEquipmentFuncProtoExtraResource::.ctor(SimpleJSON.JSONNode)","IL_00DA","5","range"
"DolocTown.Config.Player.AgentEquipmentFuncProtoExtraResource",".ctor","System.Void DolocTown.Config.Player.AgentEquipmentFuncProtoExtraResource::.ctor(SimpleJSON.JSONNode)","IL_00F3","5","range"
"DolocTown.Config.Player.AgentEquipmentFuncProtoExtraResource","ToString","System.String DolocTown.Config.Player.AgentEquipmentFuncProtoExtraResource::ToString()","IL_0009","14","{ ResourceIds:"
"DolocTown.Config.Player.AgentEquipmentFuncProtoExtraResource","ToString","System.String DolocTown.Config.Player.AgentEquipmentFuncProtoExtraResource::ToString()","IL_001F","13",",Probability:"
"DolocTown.Config.Player.AgentEquipmentFuncProtoExtraResource","ToString","System.String DolocTown.Config.Player.AgentEquipmentFuncProtoExtraResource::ToString()","IL_0038","9",",ItemLut:"
"DolocTown.Config.Player.AgentEquipmentFuncProtoExtraResource","ToString","System.String DolocTown.Config.Player.AgentEquipmentFuncProtoExtraResource::ToString()","IL_0049","7",",Range:"
"DolocTown.Config.Player.AgentEquipmentFuncProtoExtraResource","ToString","System.String DolocTown.Config.Player.AgentEquipmentFuncProtoExtraResource::ToString()","IL_0068","2",",}"
"DolocTown.Config.Player.AgentEquipmentFuncProtoFellCountAdditionOre",".ctor","System.Void DolocTown.Config.Player.AgentEquipmentFuncProtoFellCountAdditionOre::.ctor(SimpleJSON.JSONNode)","IL_0008","19","fell_count_increase"
"DolocTown.Config.Player.AgentEquipmentFuncProtoFellCountAdditionOre",".ctor","System.Void DolocTown.Config.Player.AgentEquipmentFuncProtoFellCountAdditionOre::.ctor(SimpleJSON.JSONNode)","IL_0021","19","fell_count_increase"
"DolocTown.Config.Player.AgentEquipmentFuncProtoFellCountAdditionOre","ToString","System.String DolocTown.Config.Player.AgentEquipmentFuncProtoFellCountAdditionOre::ToString()","IL_0000","20","{ FellCountIncrease:"
"DolocTown.Config.Player.AgentEquipmentFuncProtoFellCountAdditionOre","ToString","System.String DolocTown.Config.Player.AgentEquipmentFuncProtoFellCountAdditionOre::ToString()","IL_0013","2",",}"
"DolocTown.Config.Platform.BuildingSupportInfo",".ctor","System.Void DolocTown.Config.Platform.BuildingSupportInfo::.ctor(SimpleJSON.JSONNode)","IL_0193","24","column_foreground_middle"
"DolocTown.Config.Platform.BuildingSupportInfo",".ctor","System.Void DolocTown.Config.Platform.BuildingSupportInfo::.ctor(SimpleJSON.JSONNode)","IL_0215","24","column_foreground_bottom"
"DolocTown.Config.Platform.BuildingSupportInfo","ToString","System.String DolocTown.Config.Platform.BuildingSupportInfo::ToString()","IL_007E","24",",ColumnForegroundMiddle:"
"DolocTown.Config.Platform.BuildingSupportInfo","ToString","System.String DolocTown.Config.Platform.BuildingSupportInfo::ToString()","IL_0096","24",",ColumnForegroundBottom:"
"DolocTown.Config.Plant.CropGeneFuncProto","DeserializeCropGeneFuncProto","DolocTown.Config.Plant.CropGeneFuncProto DolocTown.Config.Plant.CropGeneFuncProto::DeserializeCropGeneFuncProto(SimpleJSON.JSONNode)","IL_025A","27","CropGeneFuncProtoSporeSpray"
"DolocTown.Config.Plant.CropGeneFuncProto","DeserializeCropGeneFuncProto","DolocTown.Config.Plant.CropGeneFuncProto DolocTown.Config.Plant.CropGeneFuncProto::DeserializeCropGeneFuncProto(SimpleJSON.JSONNode)","IL_0299","34","CropGeneFuncProtoFlorescenceExtend"
"DolocTown.Config.Plant.CropGeneFuncProtoFlorescenceExtend",".ctor","System.Void DolocTown.Config.Plant.CropGeneFuncProtoFlorescenceExtend::.ctor(SimpleJSON.JSONNode)","IL_0008","17","lifespan_addition"
"DolocTown.Config.Plant.CropGeneFuncProtoFlorescenceExtend",".ctor","System.Void DolocTown.Config.Plant.CropGeneFuncProtoFlorescenceExtend::.ctor(SimpleJSON.JSONNode)","IL_0021","17","lifespan_addition"
"DolocTown.Config.Plant.CropGeneFuncProtoFlorescenceExtend",".ctor","System.Void DolocTown.Config.Plant.CropGeneFuncProtoFlorescenceExtend::.ctor(SimpleJSON.JSONNode)","IL_0036","15","growth_decrease"
"DolocTown.Config.Plant.CropGeneFuncProtoFlorescenceExtend",".ctor","System.Void DolocTown.Config.Plant.CropGeneFuncProtoFlorescenceExtend::.ctor(SimpleJSON.JSONNode)","IL_004F","15","growth_decrease"
"DolocTown.Config.Plant.CropGeneFuncProtoFlorescenceExtend","ToString","System.String DolocTown.Config.Plant.CropGeneFuncProtoFlorescenceExtend::ToString()","IL_0008","19","{ LifespanAddition:"
"DolocTown.Config.Plant.CropGeneFuncProtoFlorescenceExtend","ToString","System.String DolocTown.Config.Plant.CropGeneFuncProtoFlorescenceExtend::ToString()","IL_0021","16",",GrowthDecrease:"
"DolocTown.Config.Plant.CropGeneFuncProtoFlorescenceExtend","ToString","System.String DolocTown.Config.Plant.CropGeneFuncProtoFlorescenceExtend::ToString()","IL_003A","2",",}"
"DolocTown.Config.Plant.CropGeneFuncProtoHope",".ctor","System.Void DolocTown.Config.Plant.CropGeneFuncProtoHope::.ctor(SimpleJSON.JSONNode)","IL_0008","15","seed_drop_count"
"DolocTown.Config.Plant.CropGeneFuncProtoHope",".ctor","System.Void DolocTown.Config.Plant.CropGeneFuncProtoHope::.ctor(SimpleJSON.JSONNode)","IL_0021","15","seed_drop_count"
"DolocTown.Config.Plant.CropGeneFuncProtoHope","ToString","System.String DolocTown.Config.Plant.CropGeneFuncProtoHope::ToString()","IL_0000","16","{ SeedDropCount:"
"DolocTown.Config.Plant.CropGeneFuncProtoSporeSpray","ToString","System.String DolocTown.Config.Plant.CropGeneFuncProtoSporeSpray::ToString()","IL_0000","3","{ }"
"DolocTown.Config.Plant.TbTreeSeed",".ctor","System.Void DolocTown.Config.Plant.TbTreeSeed::.ctor(SimpleJSON.JSONNode)","IL_0058","24","[Config] Duplicate key: "
"DolocTown.Config.Plant.TbTreeSeed",".ctor","System.Void DolocTown.Config.Plant.TbTreeSeed::.ctor(SimpleJSON.JSONNode)","IL_0063","21"," in table: TbTreeSeed"
"DolocTown.Config.Plant.TreeSeedInfo",".ctor","System.Void DolocTown.Config.Plant.TreeSeedInfo::.ctor(SimpleJSON.JSONNode)","IL_0007","2","id"
"DolocTown.Config.Plant.TreeSeedInfo",".ctor","System.Void DolocTown.Config.Plant.TreeSeedInfo::.ctor(SimpleJSON.JSONNode)","IL_0020","2","id"
"DolocTown.Config.Plant.TreeSeedInfo",".ctor","System.Void DolocTown.Config.Plant.TreeSeedInfo::.ctor(SimpleJSON.JSONNode)","IL_0035","5","title"
"DolocTown.Config.Plant.TreeSeedInfo",".ctor","System.Void DolocTown.Config.Plant.TreeSeedInfo::.ctor(SimpleJSON.JSONNode)","IL_003F","3","key"
"DolocTown.Config.Plant.TreeSeedInfo",".ctor","System.Void DolocTown.Config.Plant.TreeSeedInfo::.ctor(SimpleJSON.JSONNode)","IL_0058","5","title"
"DolocTown.Config.Plant.TreeSeedInfo",".ctor","System.Void DolocTown.Config.Plant.TreeSeedInfo::.ctor(SimpleJSON.JSONNode)","IL_0062","3","key"
"DolocTown.Config.Plant.TreeSeedInfo",".ctor","System.Void DolocTown.Config.Plant.TreeSeedInfo::.ctor(SimpleJSON.JSONNode)","IL_0077","5","title"
"DolocTown.Config.Plant.TreeSeedInfo",".ctor","System.Void DolocTown.Config.Plant.TreeSeedInfo::.ctor(SimpleJSON.JSONNode)","IL_0081","4","text"
"DolocTown.Config.Plant.TreeSeedInfo",".ctor","System.Void DolocTown.Config.Plant.TreeSeedInfo::.ctor(SimpleJSON.JSONNode)","IL_009A","5","title"
"DolocTown.Config.Plant.TreeSeedInfo",".ctor","System.Void DolocTown.Config.Plant.TreeSeedInfo::.ctor(SimpleJSON.JSONNode)","IL_00A4","4","text"
"DolocTown.Config.Plant.TreeSeedInfo",".ctor","System.Void DolocTown.Config.Plant.TreeSeedInfo::.ctor(SimpleJSON.JSONNode)","IL_00B9","11","resource_id"
"DolocTown.Config.Plant.TreeSeedInfo",".ctor","System.Void DolocTown.Config.Plant.TreeSeedInfo::.ctor(SimpleJSON.JSONNode)","IL_00D2","11","resource_id"
"DolocTown.Config.Plant.TreeSeedInfo",".ctor","System.Void DolocTown.Config.Plant.TreeSeedInfo::.ctor(SimpleJSON.JSONNode)","IL_00E7","11","level_datas"
"DolocTown.Config.Plant.TreeSeedInfo",".ctor","System.Void DolocTown.Config.Plant.TreeSeedInfo::.ctor(SimpleJSON.JSONNode)","IL_015D","12","repeat_level"
"DolocTown.Config.Plant.TreeSeedInfo",".ctor","System.Void DolocTown.Config.Plant.TreeSeedInfo::.ctor(SimpleJSON.JSONNode)","IL_0176","12","repeat_level"
"DolocTown.Config.Plant.TreeSeedInfo",".ctor","System.Void DolocTown.Config.Plant.TreeSeedInfo::.ctor(SimpleJSON.JSONNode)","IL_018B","22","resin_collector_output"
"DolocTown.Config.Plant.TreeSeedInfo",".ctor","System.Void DolocTown.Config.Plant.TreeSeedInfo::.ctor(SimpleJSON.JSONNode)","IL_01A4","22","resin_collector_output"
"DolocTown.Config.Plant.TreeSeedInfo","Resolve","System.Void DolocTown.Config.Plant.TreeSeedInfo::Resolve(System.Collections.Generic.Dictionary`2<System.String,System.Object>)","IL_0002","19","Resource.TbResource"
"DolocTown.Config.Plant.TreeSeedInfo","Resolve","System.Void DolocTown.Config.Plant.TreeSeedInfo::Resolve(System.Collections.Generic.Dictionary`2<System.String,System.Object>)","IL_0047","31","Resource.TbResinCollectorOutput"
"DolocTown.Config.Plant.TreeSeedInfo","ToString","System.String DolocTown.Config.Plant.TreeSeedInfo::ToString()","IL_0009","5","{ Id:"
"DolocTown.Config.Plant.TreeSeedInfo","ToString","System.String DolocTown.Config.Plant.TreeSeedInfo::ToString()","IL_001A","7",",Title:"
"DolocTown.Config.Plant.TreeSeedInfo","ToString","System.String DolocTown.Config.Plant.TreeSeedInfo::ToString()","IL_002B","12",",ResourceId:"
"DolocTown.Config.Plant.TreeSeedInfo","ToString","System.String DolocTown.Config.Plant.TreeSeedInfo::ToString()","IL_003C","12",",LevelDatas:"
"DolocTown.Config.Plant.TreeSeedInfo","ToString","System.String DolocTown.Config.Plant.TreeSeedInfo::ToString()","IL_0052","13",",RepeatLevel:"
"DolocTown.Config.Plant.TreeSeedInfo","ToString","System.String DolocTown.Config.Plant.TreeSeedInfo::ToString()","IL_006D","22",",ResinCollectorOutput:"
"DolocTown.Config.Plant.TreeSeedInfo","ToString","System.String DolocTown.Config.Plant.TreeSeedInfo::ToString()","IL_0080","2",",}"
"DolocTown.Config.Plant.TreeSeedInfo","GetLevelData","DolocTown.Config.Resource.ResourceLevelData DolocTown.Config.Plant.TreeSeedInfo::GetLevelData(System.Int32)","IL_000D","18","等级<{0}>超出资源等级配置范围！"
"DolocTown.Config.Monster.MonsterDocumentInfo",".ctor","System.Void DolocTown.Config.Monster.MonsterDocumentInfo::.ctor(SimpleJSON.JSONNode)","IL_01DC","12","special_drop"
"DolocTown.Config.Monster.MonsterDocumentInfo","ToString","System.String DolocTown.Config.Monster.MonsterDocumentInfo::ToString()","IL_0099","13",",SpecialDrop:"
"DolocTown.Config.Monster.MonsterInfo",".ctor","System.Void DolocTown.Config.Monster.MonsterInfo::.ctor(SimpleJSON.JSONNode)","IL_014E","16","drop_spawn_entry"
"DolocTown.Config.Monster.MonsterInfo",".ctor","System.Void DolocTown.Config.Monster.MonsterInfo::.ctor(SimpleJSON.JSONNode)","IL_0167","16","drop_spawn_entry"
"DolocTown.Config.Monster.MonsterInfo","ToString","System.String DolocTown.Config.Monster.MonsterInfo::ToString()","IL_00BA","16",",DropSpawnEntry:"
"DolocTown.Config.Mod.ModExchangeStoreExtensionInfo",".ctor","System.Void DolocTown.Config.Mod.ModExchangeStoreExtensionInfo::.ctor(SimpleJSON.JSONNode)","IL_0007","2","id"
"DolocTown.Config.Mod.ModExchangeStoreExtensionInfo",".ctor","System.Void DolocTown.Config.Mod.ModExchangeStoreExtensionInfo::.ctor(SimpleJSON.JSONNode)","IL_0020","2","id"
"DolocTown.Config.Mod.ModExchangeStoreExtensionInfo",".ctor","System.Void DolocTown.Config.Mod.ModExchangeStoreExtensionInfo::.ctor(SimpleJSON.JSONNode)","IL_0035","11","extra_items"
"DolocTown.Config.Mod.ModExchangeStoreExtensionInfo","Resolve","System.Void DolocTown.Config.Mod.ModExchangeStoreExtensionInfo::Resolve(System.Collections.Generic.Dictionary`2<System.String,System.Object>)","IL_0002","21","Store.TbExchangeStore"
"DolocTown.Config.Mod.ModExchangeStoreExtensionInfo","ToString","System.String DolocTown.Config.Mod.ModExchangeStoreExtensionInfo::ToString()","IL_0008","5","{ Id:"
"DolocTown.Config.Mod.ModExchangeStoreExtensionInfo","ToString","System.String DolocTown.Config.Mod.ModExchangeStoreExtensionInfo::ToString()","IL_0019","12",",ExtraItems:"
"DolocTown.Config.Mod.ModExchangeStoreExtensionInfo","ToString","System.String DolocTown.Config.Mod.ModExchangeStoreExtensionInfo::ToString()","IL_002F","2",",}"
"DolocTown.Config.Mod.ModResourceSpawnExtensionInfo",".ctor","System.Void DolocTown.Config.Mod.ModResourceSpawnExtensionInfo::.ctor(SimpleJSON.JSONNode)","IL_0007","2","id"
"DolocTown.Config.Mod.ModResourceSpawnExtensionInfo",".ctor","System.Void DolocTown.Config.Mod.ModResourceSpawnExtensionInfo::.ctor(SimpleJSON.JSONNode)","IL_0020","2","id"
"DolocTown.Config.Mod.ModResourceSpawnExtensionInfo",".ctor","System.Void DolocTown.Config.Mod.ModResourceSpawnExtensionInfo::.ctor(SimpleJSON.JSONNode)","IL_0035","15","extra_resources"
"DolocTown.Config.Mod.ModResourceSpawnExtensionInfo","Resolve","System.Void DolocTown.Config.Mod.ModResourceSpawnExtensionInfo::Resolve(System.Collections.Generic.Dictionary`2<System.String,System.Object>)","IL_0002","24","Resource.TbResourceSpawn"
"DolocTown.Config.Mod.ModResourceSpawnExtensionInfo","ToString","System.String DolocTown.Config.Mod.ModResourceSpawnExtensionInfo::ToString()","IL_0008","5","{ Id:"
"DolocTown.Config.Mod.ModResourceSpawnExtensionInfo","ToString","System.String DolocTown.Config.Mod.ModResourceSpawnExtensionInfo::ToString()","IL_0019","16",",ExtraResources:"
"DolocTown.Config.Mod.ModResourceSpawnExtensionInfo","ToString","System.String DolocTown.Config.Mod.ModResourceSpawnExtensionInfo::ToString()","IL_002F","2",",}"
"DolocTown.Config.Mod.ModStoreExtensionInfo",".ctor","System.Void DolocTown.Config.Mod.ModStoreExtensionInfo::.ctor(SimpleJSON.JSONNode)","IL_0012","2","id"
"DolocTown.Config.Mod.ModStoreExtensionInfo",".ctor","System.Void DolocTown.Config.Mod.ModStoreExtensionInfo::.ctor(SimpleJSON.JSONNode)","IL_002B","2","id"
"DolocTown.Config.Mod.ModStoreExtensionInfo",".ctor","System.Void DolocTown.Config.Mod.ModStoreExtensionInfo::.ctor(SimpleJSON.JSONNode)","IL_0040","11","extra_items"
"DolocTown.Config.Mod.ModStoreExtensionInfo","Resolve","System.Void DolocTown.Config.Mod.ModStoreExtensionInfo::Resolve(System.Collections.Generic.Dictionary`2<System.String,System.Object>)","IL_0002","13","Store.TbStore"
"DolocTown.Config.Mod.ModStoreExtensionInfo","ToString","System.String DolocTown.Config.Mod.ModStoreExtensionInfo::ToString()","IL_0008","5","{ Id:"
"DolocTown.Config.Mod.ModStoreExtensionInfo","ToString","System.String DolocTown.Config.Mod.ModStoreExtensionInfo::ToString()","IL_0019","12",",ExtraItems:"
"DolocTown.Config.Mod.ModStoreExtensionInfo","ToString","System.String DolocTown.Config.Mod.ModStoreExtensionInfo::ToString()","IL_002F","2",",}"
"DolocTown.Config.Mod.ModVegetationSpawnExtensionInfo",".ctor","System.Void DolocTown.Config.Mod.ModVegetationSpawnExtensionInfo::.ctor(SimpleJSON.JSONNode)","IL_0007","2","id"
"DolocTown.Config.Mod.ModVegetationSpawnExtensionInfo",".ctor","System.Void DolocTown.Config.Mod.ModVegetationSpawnExtensionInfo::.ctor(SimpleJSON.JSONNode)","IL_0020","2","id"
"DolocTown.Config.Mod.ModVegetationSpawnExtensionInfo",".ctor","System.Void DolocTown.Config.Mod.ModVegetationSpawnExtensionInfo::.ctor(SimpleJSON.JSONNode)","IL_0035","17","extra_vegetations"
"DolocTown.Config.Mod.ModVegetationSpawnExtensionInfo","Resolve","System.Void DolocTown.Config.Mod.ModVegetationSpawnExtensionInfo::Resolve(System.Collections.Generic.Dictionary`2<System.String,System.Object>)","IL_0002","26","Resource.TbVegetationSpawn"
"DolocTown.Config.Mod.ModVegetationSpawnExtensionInfo","ToString","System.String DolocTown.Config.Mod.ModVegetationSpawnExtensionInfo::ToString()","IL_0008","5","{ Id:"
"DolocTown.Config.Mod.ModVegetationSpawnExtensionInfo","ToString","System.String DolocTown.Config.Mod.ModVegetationSpawnExtensionInfo::ToString()","IL_0019","18",",ExtraVegetations:"
"DolocTown.Config.Mod.ModVegetationSpawnExtensionInfo","ToString","System.String DolocTown.Config.Mod.ModVegetationSpawnExtensionInfo::ToString()","IL_002F","2",",}"
"DolocTown.Config.Mission.FactionMissionInfo",".ctor","System.Void DolocTown.Config.Mission.FactionMissionInfo::.ctor(SimpleJSON.JSONNode)","IL_00ED","21","unlock_before_settled"
"DolocTown.Config.Mission.FactionMissionInfo",".ctor","System.Void DolocTown.Config.Mission.FactionMissionInfo::.ctor(SimpleJSON.JSONNode)","IL_0106","21","unlock_before_settled"
"DolocTown.Config.Mission.FactionMissionInfo","ToString","System.String DolocTown.Config.Mission.FactionMissionInfo::ToString()","IL_008C","21",",UnlockBeforeSettled:"
"DolocTown.Config.Localization.StaticTextInfo",".ctor","System.Void DolocTown.Config.Localization.StaticTextInfo::.ctor(SimpleJSON.JSONNode)","IL_4183","27","ui_tip_techtree_point_focus"
"DolocTown.Config.Localization.StaticTextInfo",".ctor","System.Void DolocTown.Config.Localization.StaticTextInfo::.ctor(SimpleJSON.JSONNode)","IL_41A6","27","ui_tip_techtree_point_focus"
"DolocTown.Config.Localization.StaticTextInfo",".ctor","System.Void DolocTown.Config.Localization.StaticTextInfo::.ctor(SimpleJSON.JSONNode)","IL_41C5","27","ui_tip_techtree_point_focus"
"DolocTown.Config.Localization.StaticTextInfo",".ctor","System.Void DolocTown.Config.Localization.StaticTextInfo::.ctor(SimpleJSON.JSONNode)","IL_41E8","27","ui_tip_techtree_point_focus"
"DolocTown.Config.Localization.StaticTextInfo",".ctor","System.Void DolocTown.Config.Localization.StaticTextInfo::.ctor(SimpleJSON.JSONNode)","IL_4207","21","ui_tip_techtree_focus"
"DolocTown.Config.Localization.StaticTextInfo",".ctor","System.Void DolocTown.Config.Localization.StaticTextInfo::.ctor(SimpleJSON.JSONNode)","IL_422A","21","ui_tip_techtree_focus"
"DolocTown.Config.Localization.StaticTextInfo",".ctor","System.Void DolocTown.Config.Localization.StaticTextInfo::.ctor(SimpleJSON.JSONNode)","IL_4249","21","ui_tip_techtree_focus"
"DolocTown.Config.Localization.StaticTextInfo",".ctor","System.Void DolocTown.Config.Localization.StaticTextInfo::.ctor(SimpleJSON.JSONNode)","IL_426C","21","ui_tip_techtree_focus"
"DolocTown.Config.Localization.StaticTextInfo",".ctor","System.Void DolocTown.Config.Localization.StaticTextInfo::.ctor(SimpleJSON.JSONNode)","IL_46AB","20","ui_operation_harvest"
"DolocTown.Config.Localization.StaticTextInfo",".ctor","System.Void DolocTown.Config.Localization.StaticTextInfo::.ctor(SimpleJSON.JSONNode)","IL_46CE","20","ui_operation_harvest"
"DolocTown.Config.Localization.StaticTextInfo",".ctor","System.Void DolocTown.Config.Localization.StaticTextInfo::.ctor(SimpleJSON.JSONNode)","IL_46ED","20","ui_operation_harvest"
"DolocTown.Config.Localization.StaticTextInfo",".ctor","System.Void DolocTown.Config.Localization.StaticTextInfo::.ctor(SimpleJSON.JSONNode)","IL_4710","20","ui_operation_harvest"
"DolocTown.Config.Localization.StaticTextInfo",".ctor","System.Void DolocTown.Config.Localization.StaticTextInfo::.ctor(SimpleJSON.JSONNode)","IL_56A7","34","ui_operation_err_cannot_plant_tree"
"DolocTown.Config.Localization.StaticTextInfo",".ctor","System.Void DolocTown.Config.Localization.StaticTextInfo::.ctor(SimpleJSON.JSONNode)","IL_56CA","34","ui_operation_err_cannot_plant_tree"
"DolocTown.Config.Localization.StaticTextInfo",".ctor","System.Void DolocTown.Config.Localization.StaticTextInfo::.ctor(SimpleJSON.JSONNode)","IL_56E9","34","ui_operation_err_cannot_plant_tree"
"DolocTown.Config.Localization.StaticTextInfo",".ctor","System.Void DolocTown.Config.Localization.StaticTextInfo::.ctor(SimpleJSON.JSONNode)","IL_570C","34","ui_operation_err_cannot_plant_tree"
"DolocTown.Config.Localization.StaticTextInfo",".ctor","System.Void DolocTown.Config.Localization.StaticTextInfo::.ctor(SimpleJSON.JSONNode)","IL_6CD3","29","store_player_money_not_enough"
"DolocTown.Config.Localization.StaticTextInfo",".ctor","System.Void DolocTown.Config.Localization.StaticTextInfo::.ctor(SimpleJSON.JSONNode)","IL_6CF6","29","store_player_money_not_enough"
"DolocTown.Config.Localization.StaticTextInfo",".ctor","System.Void DolocTown.Config.Localization.StaticTextInfo::.ctor(SimpleJSON.JSONNode)","IL_6D15","29","store_player_money_not_enough"
"DolocTown.Config.Localization.StaticTextInfo",".ctor","System.Void DolocTown.Config.Localization.StaticTextInfo::.ctor(SimpleJSON.JSONNode)","IL_6D38","29","store_player_money_not_enough"
"DolocTown.Config.Localization.StaticTextInfo",".ctor","System.Void DolocTown.Config.Localization.StaticTextInfo::.ctor(SimpleJSON.JSONNode)","IL_6D57","28","store_store_money_not_enough"
"DolocTown.Config.Localization.StaticTextInfo",".ctor","System.Void DolocTown.Config.Localization.StaticTextInfo::.ctor(SimpleJSON.JSONNode)","IL_6D7A","28","store_store_money_not_enough"
"DolocTown.Config.Localization.StaticTextInfo",".ctor","System.Void DolocTown.Config.Localization.StaticTextInfo::.ctor(SimpleJSON.JSONNode)","IL_6D99","28","store_store_money_not_enough"
"DolocTown.Config.Localization.StaticTextInfo",".ctor","System.Void DolocTown.Config.Localization.StaticTextInfo::.ctor(SimpleJSON.JSONNode)","IL_6DBC","28","store_store_money_not_enough"
"DolocTown.Config.Localization.StaticTextInfo",".ctor","System.Void DolocTown.Config.Localization.StaticTextInfo::.ctor(SimpleJSON.JSONNode)","IL_6DDB","23","store_item_not_saleable"
"DolocTown.Config.Localization.StaticTextInfo",".ctor","System.Void DolocTown.Config.Localization.StaticTextInfo::.ctor(SimpleJSON.JSONNode)","IL_6DFE","23","store_item_not_saleable"
"DolocTown.Config.Localization.StaticTextInfo",".ctor","System.Void DolocTown.Config.Localization.StaticTextInfo::.ctor(SimpleJSON.JSONNode)","IL_6E1D","23","store_item_not_saleable"
"DolocTown.Config.Localization.StaticTextInfo",".ctor","System.Void DolocTown.Config.Localization.StaticTextInfo::.ctor(SimpleJSON.JSONNode)","IL_6E40","23","store_item_not_saleable"
"DolocTown.Config.Localization.StaticTextInfo",".ctor","System.Void DolocTown.Config.Localization.StaticTextInfo::.ctor(SimpleJSON.JSONNode)","IL_6E5F","19","store_item_sold_out"
"DolocTown.Config.Localization.StaticTextInfo",".ctor","System.Void DolocTown.Config.Localization.StaticTextInfo::.ctor(SimpleJSON.JSONNode)","IL_6E82","19","store_item_sold_out"
"DolocTown.Config.Localization.StaticTextInfo",".ctor","System.Void DolocTown.Config.Localization.StaticTextInfo::.ctor(SimpleJSON.JSONNode)","IL_6EA1","19","store_item_sold_out"
"DolocTown.Config.Localization.StaticTextInfo",".ctor","System.Void DolocTown.Config.Localization.StaticTextInfo::.ctor(SimpleJSON.JSONNode)","IL_6EC4","19","store_item_sold_out"
"DolocTown.Config.Localization.StaticTextInfo",".ctor","System.Void DolocTown.Config.Localization.StaticTextInfo::.ctor(SimpleJSON.JSONNode)","IL_6EE3","19","store_lack_of_asset"
"DolocTown.Config.Localization.StaticTextInfo",".ctor","System.Void DolocTown.Config.Localization.StaticTextInfo::.ctor(SimpleJSON.JSONNode)","IL_6F06","19","store_lack_of_asset"
"DolocTown.Config.Localization.StaticTextInfo",".ctor","System.Void DolocTown.Config.Localization.StaticTextInfo::.ctor(SimpleJSON.JSONNode)","IL_6F25","19","store_lack_of_asset"
"DolocTown.Config.Localization.StaticTextInfo",".ctor","System.Void DolocTown.Config.Localization.StaticTextInfo::.ctor(SimpleJSON.JSONNode)","IL_6F48","19","store_lack_of_asset"
"DolocTown.Config.Localization.StaticTextInfo",".ctor","System.Void DolocTown.Config.Localization.StaticTextInfo::.ctor(SimpleJSON.JSONNode)","IL_6F67","19","store_upgrade_price"
"DolocTown.Config.Localization.StaticTextInfo",".ctor","System.Void DolocTown.Config.Localization.StaticTextInfo::.ctor(SimpleJSON.JSONNode)","IL_6F8A","19","store_upgrade_price"
"DolocTown.Config.Localization.StaticTextInfo",".ctor","System.Void DolocTown.Config.Localization.StaticTextInfo::.ctor(SimpleJSON.JSONNode)","IL_6FA9","19","store_upgrade_price"
"DolocTown.Config.Localization.StaticTextInfo",".ctor","System.Void DolocTown.Config.Localization.StaticTextInfo::.ctor(SimpleJSON.JSONNode)","IL_6FCC","19","store_upgrade_price"
"DolocTown.Config.Localization.StaticTextInfo",".ctor","System.Void DolocTown.Config.Localization.StaticTextInfo::.ctor(SimpleJSON.JSONNode)","IL_6FEB","21","store_upgrade_confirm"
"DolocTown.Config.Localization.StaticTextInfo",".ctor","System.Void DolocTown.Config.Localization.StaticTextInfo::.ctor(SimpleJSON.JSONNode)","IL_700E","21","store_upgrade_confirm"
"DolocTown.Config.Localization.StaticTextInfo",".ctor","System.Void DolocTown.Config.Localization.StaticTextInfo::.ctor(SimpleJSON.JSONNode)","IL_702D","21","store_upgrade_confirm"
"DolocTown.Config.Localization.StaticTextInfo",".ctor","System.Void DolocTown.Config.Localization.StaticTextInfo::.ctor(SimpleJSON.JSONNode)","IL_7050","21","store_upgrade_confirm"
"DolocTown.Config.Localization.StaticTextInfo",".ctor","System.Void DolocTown.Config.Localization.StaticTextInfo::.ctor(SimpleJSON.JSONNode)","IL_706F","19","store_sold_out_icon"
"DolocTown.Config.Localization.StaticTextInfo",".ctor","System.Void DolocTown.Config.Localization.StaticTextInfo::.ctor(SimpleJSON.JSONNode)","IL_7092","19","store_sold_out_icon"
"DolocTown.Config.Localization.StaticTextInfo",".ctor","System.Void DolocTown.Config.Localization.StaticTextInfo::.ctor(SimpleJSON.JSONNode)","IL_70B1","19","store_sold_out_icon"
"DolocTown.Config.Localization.StaticTextInfo",".ctor","System.Void DolocTown.Config.Localization.StaticTextInfo::.ctor(SimpleJSON.JSONNode)","IL_70D4","19","store_sold_out_icon"
"DolocTown.Config.Localization.StaticTextInfo",".ctor","System.Void DolocTown.Config.Localization.StaticTextInfo::.ctor(SimpleJSON.JSONNode)","IL_70F3","24","store_upgrade_empty_info"
"DolocTown.Config.Localization.StaticTextInfo",".ctor","System.Void DolocTown.Config.Localization.StaticTextInfo::.ctor(SimpleJSON.JSONNode)","IL_7116","24","store_upgrade_empty_info"
"DolocTown.Config.Localization.StaticTextInfo",".ctor","System.Void DolocTown.Config.Localization.StaticTextInfo::.ctor(SimpleJSON.JSONNode)","IL_7135","24","store_upgrade_empty_info"
"DolocTown.Config.Localization.StaticTextInfo",".ctor","System.Void DolocTown.Config.Localization.StaticTextInfo::.ctor(SimpleJSON.JSONNode)","IL_7158","24","store_upgrade_empty_info"
"DolocTown.Config.Localization.StaticTextInfo",".ctor","System.Void DolocTown.Config.Localization.StaticTextInfo::.ctor(SimpleJSON.JSONNode)","IL_7177","31","store_item_not_saleable_comment"
"DolocTown.Config.Localization.StaticTextInfo",".ctor","System.Void DolocTown.Config.Localization.StaticTextInfo::.ctor(SimpleJSON.JSONNode)","IL_719A","31","store_item_not_saleable_comment"
"DolocTown.Config.Localization.StaticTextInfo",".ctor","System.Void DolocTown.Config.Localization.StaticTextInfo::.ctor(SimpleJSON.JSONNode)","IL_71B9","31","store_item_not_saleable_comment"
"DolocTown.Config.Localization.StaticTextInfo",".ctor","System.Void DolocTown.Config.Localization.StaticTextInfo::.ctor(SimpleJSON.JSONNode)","IL_71DC","31","store_item_not_saleable_comment"
"DolocTown.Config.Localization.StaticTextInfo",".ctor","System.Void DolocTown.Config.Localization.StaticTextInfo::.ctor(SimpleJSON.JSONNode)","IL_71FB","29","store_quantity_submit_selling"
"DolocTown.Config.Localization.StaticTextInfo",".ctor","System.Void DolocTown.Config.Localization.StaticTextInfo::.ctor(SimpleJSON.JSONNode)","IL_721E","29","store_quantity_submit_selling"
"DolocTown.Config.Localization.StaticTextInfo",".ctor","System.Void DolocTown.Config.Localization.StaticTextInfo::.ctor(SimpleJSON.JSONNode)","IL_723D","29","store_quantity_submit_selling"
"DolocTown.Config.Localization.StaticTextInfo",".ctor","System.Void DolocTown.Config.Localization.StaticTextInfo::.ctor(SimpleJSON.JSONNode)","IL_7260","29","store_quantity_submit_selling"
"DolocTown.Config.Localization.StaticTextInfo",".ctor","System.Void DolocTown.Config.Localization.StaticTextInfo::.ctor(SimpleJSON.JSONNode)","IL_727F","43","store_quantity_submit_current_money_selling"
"DolocTown.Config.Localization.StaticTextInfo",".ctor","System.Void DolocTown.Config.Localization.StaticTextInfo::.ctor(SimpleJSON.JSONNode)","IL_72A2","43","store_quantity_submit_current_money_selling"
"DolocTown.Config.Localization.StaticTextInfo",".ctor","System.Void DolocTown.Config.Localization.StaticTextInfo::.ctor(SimpleJSON.JSONNode)","IL_72C1","43","store_quantity_submit_current_money_selling"
"DolocTown.Config.Localization.StaticTextInfo",".ctor","System.Void DolocTown.Config.Localization.StaticTextInfo::.ctor(SimpleJSON.JSONNode)","IL_72E4","43","store_quantity_submit_current_money_selling"
"DolocTown.Config.Localization.StaticTextInfo",".ctor","System.Void DolocTown.Config.Localization.StaticTextInfo::.ctor(SimpleJSON.JSONNode)","IL_7303","41","store_quantity_submit_total_money_selling"
"DolocTown.Config.Localization.StaticTextInfo",".ctor","System.Void DolocTown.Config.Localization.StaticTextInfo::.ctor(SimpleJSON.JSONNode)","IL_7326","41","store_quantity_submit_total_money_selling"
"DolocTown.Config.Localization.StaticTextInfo",".ctor","System.Void DolocTown.Config.Localization.StaticTextInfo::.ctor(SimpleJSON.JSONNode)","IL_7345","41","store_quantity_submit_total_money_selling"
"DolocTown.Config.Localization.StaticTextInfo",".ctor","System.Void DolocTown.Config.Localization.StaticTextInfo::.ctor(SimpleJSON.JSONNode)","IL_7368","41","store_quantity_submit_total_money_selling"
"DolocTown.Config.Localization.StaticTextInfo",".ctor","System.Void DolocTown.Config.Localization.StaticTextInfo::.ctor(SimpleJSON.JSONNode)","IL_7387","28","store_quantity_submit_buying"
"DolocTown.Config.Localization.StaticTextInfo",".ctor","System.Void DolocTown.Config.Localization.StaticTextInfo::.ctor(SimpleJSON.JSONNode)","IL_73AA","28","store_quantity_submit_buying"
"DolocTown.Config.Localization.StaticTextInfo",".ctor","System.Void DolocTown.Config.Localization.StaticTextInfo::.ctor(SimpleJSON.JSONNode)","IL_73C9","28","store_quantity_submit_buying"
"DolocTown.Config.Localization.StaticTextInfo",".ctor","System.Void DolocTown.Config.Localization.StaticTextInfo::.ctor(SimpleJSON.JSONNode)","IL_73EC","28","store_quantity_submit_buying"
"DolocTown.Config.Localization.StaticTextInfo",".ctor","System.Void DolocTown.Config.Localization.StaticTextInfo::.ctor(SimpleJSON.JSONNode)","IL_740B","42","store_quantity_submit_current_money_buying"
"DolocTown.Config.Localization.StaticTextInfo",".ctor","System.Void DolocTown.Config.Localization.StaticTextInfo::.ctor(SimpleJSON.JSONNode)","IL_742E","42","store_quantity_submit_current_money_buying"
"DolocTown.Config.Localization.StaticTextInfo",".ctor","System.Void DolocTown.Config.Localization.StaticTextInfo::.ctor(SimpleJSON.JSONNode)","IL_744D","42","store_quantity_submit_current_money_buying"
"DolocTown.Config.Localization.StaticTextInfo",".ctor","System.Void DolocTown.Config.Localization.StaticTextInfo::.ctor(SimpleJSON.JSONNode)","IL_7470","42","store_quantity_submit_current_money_buying"
"DolocTown.Config.Localization.StaticTextInfo",".ctor","System.Void DolocTown.Config.Localization.StaticTextInfo::.ctor(SimpleJSON.JSONNode)","IL_748F","40","store_quantity_submit_total_money_buying"
"DolocTown.Config.Localization.StaticTextInfo",".ctor","System.Void DolocTown.Config.Localization.StaticTextInfo::.ctor(SimpleJSON.JSONNode)","IL_74B2","40","store_quantity_submit_total_money_buying"
"DolocTown.Config.Localization.StaticTextInfo",".ctor","System.Void DolocTown.Config.Localization.StaticTextInfo::.ctor(SimpleJSON.JSONNode)","IL_74D1","40","store_quantity_submit_total_money_buying"
"DolocTown.Config.Localization.StaticTextInfo",".ctor","System.Void DolocTown.Config.Localization.StaticTextInfo::.ctor(SimpleJSON.JSONNode)","IL_74F4","40","store_quantity_submit_total_money_buying"
"DolocTown.Config.Localization.StaticTextInfo",".ctor","System.Void DolocTown.Config.Localization.StaticTextInfo::.ctor(SimpleJSON.JSONNode)","IL_7513","35","store_quantity_submit_count_in_back"
"DolocTown.Config.Localization.StaticTextInfo",".ctor","System.Void DolocTown.Config.Localization.StaticTextInfo::.ctor(SimpleJSON.JSONNode)","IL_7536","35","store_quantity_submit_count_in_back"
"DolocTown.Config.Localization.StaticTextInfo",".ctor","System.Void DolocTown.Config.Localization.StaticTextInfo::.ctor(SimpleJSON.JSONNode)","IL_7555","35","store_quantity_submit_count_in_back"
"DolocTown.Config.Localization.StaticTextInfo",".ctor","System.Void DolocTown.Config.Localization.StaticTextInfo::.ctor(SimpleJSON.JSONNode)","IL_7578","35","store_quantity_submit_count_in_back"
"DolocTown.Config.Localization.StaticTextInfo",".ctor","System.Void DolocTown.Config.Localization.StaticTextInfo::.ctor(SimpleJSON.JSONNode)","IL_7597","32","store_quantity_submit_unit_price"
"DolocTown.Config.Localization.StaticTextInfo",".ctor","System.Void DolocTown.Config.Localization.StaticTextInfo::.ctor(SimpleJSON.JSONNode)","IL_75BA","32","store_quantity_submit_unit_price"
"DolocTown.Config.Localization.StaticTextInfo",".ctor","System.Void DolocTown.Config.Localization.StaticTextInfo::.ctor(SimpleJSON.JSONNode)","IL_75D9","32","store_quantity_submit_unit_price"
"DolocTown.Config.Localization.StaticTextInfo",".ctor","System.Void DolocTown.Config.Localization.StaticTextInfo::.ctor(SimpleJSON.JSONNode)","IL_75FC","32","store_quantity_submit_unit_price"
"DolocTown.Config.Localization.StaticTextInfo",".ctor","System.Void DolocTown.Config.Localization.StaticTextInfo::.ctor(SimpleJSON.JSONNode)","IL_761B","32","store_item_tip_plantbasin_locked"
"DolocTown.Config.Localization.StaticTextInfo",".ctor","System.Void DolocTown.Config.Localization.StaticTextInfo::.ctor(SimpleJSON.JSONNode)","IL_763E","32","store_item_tip_plantbasin_locked"
"DolocTown.Config.Localization.StaticTextInfo",".ctor","System.Void DolocTown.Config.Localization.StaticTextInfo::.ctor(SimpleJSON.JSONNode)","IL_765D","32","store_item_tip_plantbasin_locked"
"DolocTown.Config.Localization.StaticTextInfo",".ctor","System.Void DolocTown.Config.Localization.StaticTextInfo::.ctor(SimpleJSON.JSONNode)","IL_7680","32","store_item_tip_plantbasin_locked"
"DolocTown.Config.Localization.StaticTextInfo",".ctor","System.Void DolocTown.Config.Localization.StaticTextInfo::.ctor(SimpleJSON.JSONNode)","IL_7C4B","40","farmbuilder_err_plantbasin_tree_occupied"
"DolocTown.Config.Localization.StaticTextInfo",".ctor","System.Void DolocTown.Config.Localization.StaticTextInfo::.ctor(SimpleJSON.JSONNode)","IL_7C6E","40","farmbuilder_err_plantbasin_tree_occupied"
"DolocTown.Config.Localization.StaticTextInfo",".ctor","System.Void DolocTown.Config.Localization.StaticTextInfo::.ctor(SimpleJSON.JSONNode)","IL_7C8D","40","farmbuilder_err_plantbasin_tree_occupied"
"DolocTown.Config.Localization.StaticTextInfo",".ctor","System.Void DolocTown.Config.Localization.StaticTextInfo::.ctor(SimpleJSON.JSONNode)","IL_7CB0","40","farmbuilder_err_plantbasin_tree_occupied"
"DolocTown.Config.Localization.StaticTextInfo",".ctor","System.Void DolocTown.Config.Localization.StaticTextInfo::.ctor(SimpleJSON.JSONNode)","IL_87A3","20","techtree_panel_title"
"DolocTown.Config.Localization.StaticTextInfo",".ctor","System.Void DolocTown.Config.Localization.StaticTextInfo::.ctor(SimpleJSON.JSONNode)","IL_87C6","20","techtree_panel_title"
"DolocTown.Config.Localization.StaticTextInfo",".ctor","System.Void DolocTown.Config.Localization.StaticTextInfo::.ctor(SimpleJSON.JSONNode)","IL_87E5","20","techtree_panel_title"
"DolocTown.Config.Localization.StaticTextInfo",".ctor","System.Void DolocTown.Config.Localization.StaticTextInfo::.ctor(SimpleJSON.JSONNode)","IL_8808","20","techtree_panel_title"
"DolocTown.Config.Localization.StaticTextInfo",".ctor","System.Void DolocTown.Config.Localization.StaticTextInfo::.ctor(SimpleJSON.JSONNode)","IL_8827","28","techtree_node_lack_of_points"
"DolocTown.Config.Localization.StaticTextInfo",".ctor","System.Void DolocTown.Config.Localization.StaticTextInfo::.ctor(SimpleJSON.JSONNode)","IL_884A","28","techtree_node_lack_of_points"
"DolocTown.Config.Localization.StaticTextInfo",".ctor","System.Void DolocTown.Config.Localization.StaticTextInfo::.ctor(SimpleJSON.JSONNode)","IL_8869","28","techtree_node_lack_of_points"
"DolocTown.Config.Localization.StaticTextInfo",".ctor","System.Void DolocTown.Config.Localization.StaticTextInfo::.ctor(SimpleJSON.JSONNode)","IL_888C","28","techtree_node_lack_of_points"
"DolocTown.Config.Localization.StaticTextInfo",".ctor","System.Void DolocTown.Config.Localization.StaticTextInfo::.ctor(SimpleJSON.JSONNode)","IL_88AB","26","techtree_node_not_avaiable"
"DolocTown.Config.Localization.StaticTextInfo",".ctor","System.Void DolocTown.Config.Localization.StaticTextInfo::.ctor(SimpleJSON.JSONNode)","IL_88CE","26","techtree_node_not_avaiable"
"DolocTown.Config.Localization.StaticTextInfo",".ctor","System.Void DolocTown.Config.Localization.StaticTextInfo::.ctor(SimpleJSON.JSONNode)","IL_88ED","26","techtree_node_not_avaiable"
"DolocTown.Config.Localization.StaticTextInfo",".ctor","System.Void DolocTown.Config.Localization.StaticTextInfo::.ctor(SimpleJSON.JSONNode)","IL_8910","26","techtree_node_not_avaiable"
"DolocTown.Config.Localization.StaticTextInfo",".ctor","System.Void DolocTown.Config.Localization.StaticTextInfo::.ctor(SimpleJSON.JSONNode)","IL_892F","22","techtree_node_unlocked"
"DolocTown.Config.Localization.StaticTextInfo",".ctor","System.Void DolocTown.Config.Localization.StaticTextInfo::.ctor(SimpleJSON.JSONNode)","IL_8952","22","techtree_node_unlocked"
"DolocTown.Config.Localization.StaticTextInfo",".ctor","System.Void DolocTown.Config.Localization.StaticTextInfo::.ctor(SimpleJSON.JSONNode)","IL_8971","22","techtree_node_unlocked"
"DolocTown.Config.Localization.StaticTextInfo",".ctor","System.Void DolocTown.Config.Localization.StaticTextInfo::.ctor(SimpleJSON.JSONNode)","IL_8994","22","techtree_node_unlocked"
"DolocTown.Config.Localization.StaticTextInfo",".ctor","System.Void DolocTown.Config.Localization.StaticTextInfo::.ctor(SimpleJSON.JSONNode)","IL_89B3","20","techtree_node_unopen"
"DolocTown.Config.Localization.StaticTextInfo",".ctor","System.Void DolocTown.Config.Localization.StaticTextInfo::.ctor(SimpleJSON.JSONNode)","IL_89D6","20","techtree_node_unopen"
"DolocTown.Config.Localization.StaticTextInfo",".ctor","System.Void DolocTown.Config.Localization.StaticTextInfo::.ctor(SimpleJSON.JSONNode)","IL_89F5","20","techtree_node_unopen"
"DolocTown.Config.Localization.StaticTextInfo",".ctor","System.Void DolocTown.Config.Localization.StaticTextInfo::.ctor(SimpleJSON.JSONNode)","IL_8A18","20","techtree_node_unopen"
"DolocTown.Config.Localization.StaticTextInfo",".ctor","System.Void DolocTown.Config.Localization.StaticTextInfo::.ctor(SimpleJSON.JSONNode)","IL_8A37","28","techtree_node_unlock_confirm"
"DolocTown.Config.Localization.StaticTextInfo",".ctor","System.Void DolocTown.Config.Localization.StaticTextInfo::.ctor(SimpleJSON.JSONNode)","IL_8A5A","28","techtree_node_unlock_confirm"
"DolocTown.Config.Localization.StaticTextInfo",".ctor","System.Void DolocTown.Config.Localization.StaticTextInfo::.ctor(SimpleJSON.JSONNode)","IL_8A79","28","techtree_node_unlock_confirm"
"DolocTown.Config.Localization.StaticTextInfo",".ctor","System.Void DolocTown.Config.Localization.StaticTextInfo::.ctor(SimpleJSON.JSONNode)","IL_8A9C","28","techtree_node_unlock_confirm"
"DolocTown.Config.Localization.StaticTextInfo",".ctor","System.Void DolocTown.Config.Localization.StaticTextInfo::.ctor(SimpleJSON.JSONNode)","IL_8ABB","29","techtree_node_building_health"
"DolocTown.Config.Localization.StaticTextInfo",".ctor","System.Void DolocTown.Config.Localization.StaticTextInfo::.ctor(SimpleJSON.JSONNode)","IL_8ADE","29","techtree_node_building_health"
"DolocTown.Config.Localization.StaticTextInfo",".ctor","System.Void DolocTown.Config.Localization.StaticTextInfo::.ctor(SimpleJSON.JSONNode)","IL_8AFD","29","techtree_node_building_health"
"DolocTown.Config.Localization.StaticTextInfo",".ctor","System.Void DolocTown.Config.Localization.StaticTextInfo::.ctor(SimpleJSON.JSONNode)","IL_8B20","29","techtree_node_building_health"
"DolocTown.Config.Localization.StaticTextInfo",".ctor","System.Void DolocTown.Config.Localization.StaticTextInfo::.ctor(SimpleJSON.JSONNode)","IL_8B3F","34","techtree_node_equipment_electronic"
"DolocTown.Config.Localization.StaticTextInfo",".ctor","System.Void DolocTown.Config.Localization.StaticTextInfo::.ctor(SimpleJSON.JSONNode)","IL_8B62","34","techtree_node_equipment_electronic"
"DolocTown.Config.Localization.StaticTextInfo",".ctor","System.Void DolocTown.Config.Localization.StaticTextInfo::.ctor(SimpleJSON.JSONNode)","IL_8B81","34","techtree_node_equipment_electronic"
"DolocTown.Config.Localization.StaticTextInfo",".ctor","System.Void DolocTown.Config.Localization.StaticTextInfo::.ctor(SimpleJSON.JSONNode)","IL_8BA4","34","techtree_node_equipment_electronic"
"DolocTown.Config.Localization.StaticTextInfo",".ctor","System.Void DolocTown.Config.Localization.StaticTextInfo::.ctor(SimpleJSON.JSONNode)","IL_8BC3","22","techtree_progress_info"
"DolocTown.Config.Localization.StaticTextInfo",".ctor","System.Void DolocTown.Config.Localization.StaticTextInfo::.ctor(SimpleJSON.JSONNode)","IL_8BE6","22","techtree_progress_info"
"DolocTown.Config.Localization.StaticTextInfo",".ctor","System.Void DolocTown.Config.Localization.StaticTextInfo::.ctor(SimpleJSON.JSONNode)","IL_8C05","22","techtree_progress_info"
"DolocTown.Config.Localization.StaticTextInfo",".ctor","System.Void DolocTown.Config.Localization.StaticTextInfo::.ctor(SimpleJSON.JSONNode)","IL_8C28","22","techtree_progress_info"
"DolocTown.Config.Localization.StaticTextInfo",".ctor","System.Void DolocTown.Config.Localization.StaticTextInfo::.ctor(SimpleJSON.JSONNode)","IL_8C47","18","techtree_max_level"
"DolocTown.Config.Localization.StaticTextInfo",".ctor","System.Void DolocTown.Config.Localization.StaticTextInfo::.ctor(SimpleJSON.JSONNode)","IL_8C6A","18","techtree_max_level"
"DolocTown.Config.Localization.StaticTextInfo",".ctor","System.Void DolocTown.Config.Localization.StaticTextInfo::.ctor(SimpleJSON.JSONNode)","IL_8C89","18","techtree_max_level"
"DolocTown.Config.Localization.StaticTextInfo",".ctor","System.Void DolocTown.Config.Localization.StaticTextInfo::.ctor(SimpleJSON.JSONNode)","IL_8CAC","18","techtree_max_level"
"DolocTown.Config.Localization.StaticTextInfo",".ctor","System.Void DolocTown.Config.Localization.StaticTextInfo::.ctor(SimpleJSON.JSONNode)","IL_8CCB","18","techtree_node_hint"
"DolocTown.Config.Localization.StaticTextInfo",".ctor","System.Void DolocTown.Config.Localization.StaticTextInfo::.ctor(SimpleJSON.JSONNode)","IL_8CEE","18","techtree_node_hint"
"DolocTown.Config.Localization.StaticTextInfo",".ctor","System.Void DolocTown.Config.Localization.StaticTextInfo::.ctor(SimpleJSON.JSONNode)","IL_8D0D","18","techtree_node_hint"
"DolocTown.Config.Localization.StaticTextInfo",".ctor","System.Void DolocTown.Config.Localization.StaticTextInfo::.ctor(SimpleJSON.JSONNode)","IL_8D30","18","techtree_node_hint"
"DolocTown.Config.Localization.StaticTextInfo",".ctor","System.Void DolocTown.Config.Localization.StaticTextInfo::.ctor(SimpleJSON.JSONNode)","IL_CBB3","20","dropoff_box_no_goods"
"DolocTown.Config.Localization.StaticTextInfo",".ctor","System.Void DolocTown.Config.Localization.StaticTextInfo::.ctor(SimpleJSON.JSONNode)","IL_CBD6","20","dropoff_box_no_goods"
"DolocTown.Config.Localization.StaticTextInfo",".ctor","System.Void DolocTown.Config.Localization.StaticTextInfo::.ctor(SimpleJSON.JSONNode)","IL_CBF5","20","dropoff_box_no_goods"
"DolocTown.Config.Localization.StaticTextInfo",".ctor","System.Void DolocTown.Config.Localization.StaticTextInfo::.ctor(SimpleJSON.JSONNode)","IL_CC18","20","dropoff_box_no_goods"
"DolocTown.Config.Localization.StaticTextInfo",".ctor","System.Void DolocTown.Config.Localization.StaticTextInfo::.ctor(SimpleJSON.JSONNode)","IL_CC37","20","dropoff_box_no_drone"
"DolocTown.Config.Localization.StaticTextInfo",".ctor","System.Void DolocTown.Config.Localization.StaticTextInfo::.ctor(SimpleJSON.JSONNode)","IL_CC5A","20","dropoff_box_no_drone"
"DolocTown.Config.Localization.StaticTextInfo",".ctor","System.Void DolocTown.Config.Localization.StaticTextInfo::.ctor(SimpleJSON.JSONNode)","IL_CC79","20","dropoff_box_no_drone"
"DolocTown.Config.Localization.StaticTextInfo",".ctor","System.Void DolocTown.Config.Localization.StaticTextInfo::.ctor(SimpleJSON.JSONNode)","IL_CC9C","20","dropoff_box_no_drone"
"DolocTown.Config.Localization.StaticTextInfo",".ctor","System.Void DolocTown.Config.Localization.StaticTextInfo::.ctor(SimpleJSON.JSONNode)","IL_CCBB","23","dropoff_box_total_money"
"DolocTown.Config.Localization.StaticTextInfo",".ctor","System.Void DolocTown.Config.Localization.StaticTextInfo::.ctor(SimpleJSON.JSONNode)","IL_CCDE","23","dropoff_box_total_money"
"DolocTown.Config.Localization.StaticTextInfo",".ctor","System.Void DolocTown.Config.Localization.StaticTextInfo::.ctor(SimpleJSON.JSONNode)","IL_CCFD","23","dropoff_box_total_money"
"DolocTown.Config.Localization.StaticTextInfo",".ctor","System.Void DolocTown.Config.Localization.StaticTextInfo::.ctor(SimpleJSON.JSONNode)","IL_CD20","23","dropoff_box_total_money"
"DolocTown.Config.Localization.StaticTextInfo",".ctor","System.Void DolocTown.Config.Localization.StaticTextInfo::.ctor(SimpleJSON.JSONNode)","IL_CD3F","27","dropoff_box_price_increased"
"DolocTown.Config.Localization.StaticTextInfo",".ctor","System.Void DolocTown.Config.Localization.StaticTextInfo::.ctor(SimpleJSON.JSONNode)","IL_CD62","27","dropoff_box_price_increased"
"DolocTown.Config.Localization.StaticTextInfo",".ctor","System.Void DolocTown.Config.Localization.StaticTextInfo::.ctor(SimpleJSON.JSONNode)","IL_CD81","27","dropoff_box_price_increased"
"DolocTown.Config.Localization.StaticTextInfo",".ctor","System.Void DolocTown.Config.Localization.StaticTextInfo::.ctor(SimpleJSON.JSONNode)","IL_CDA4","27","dropoff_box_price_increased"
"DolocTown.Config.Localization.StaticTextInfo",".ctor","System.Void DolocTown.Config.Localization.StaticTextInfo::.ctor(SimpleJSON.JSONNode)","IL_CDC3","24","dropoff_box_launch_drone"
"DolocTown.Config.Localization.StaticTextInfo",".ctor","System.Void DolocTown.Config.Localization.StaticTextInfo::.ctor(SimpleJSON.JSONNode)","IL_CDE6","24","dropoff_box_launch_drone"
"DolocTown.Config.Localization.StaticTextInfo",".ctor","System.Void DolocTown.Config.Localization.StaticTextInfo::.ctor(SimpleJSON.JSONNode)","IL_CE05","24","dropoff_box_launch_drone"
"DolocTown.Config.Localization.StaticTextInfo",".ctor","System.Void DolocTown.Config.Localization.StaticTextInfo::.ctor(SimpleJSON.JSONNode)","IL_CE28","24","dropoff_box_launch_drone"
"DolocTown.Config.Localization.StaticTextInfo",".ctor","System.Void DolocTown.Config.Localization.StaticTextInfo::.ctor(SimpleJSON.JSONNode)","IL_CE47","25","dropoff_box_confirm_lauch"
"DolocTown.Config.Localization.StaticTextInfo",".ctor","System.Void DolocTown.Config.Localization.StaticTextInfo::.ctor(SimpleJSON.JSONNode)","IL_CE6A","25","dropoff_box_confirm_lauch"
"DolocTown.Config.Localization.StaticTextInfo",".ctor","System.Void DolocTown.Config.Localization.StaticTextInfo::.ctor(SimpleJSON.JSONNode)","IL_CE89","25","dropoff_box_confirm_lauch"
"DolocTown.Config.Localization.StaticTextInfo",".ctor","System.Void DolocTown.Config.Localization.StaticTextInfo::.ctor(SimpleJSON.JSONNode)","IL_CEAC","25","dropoff_box_confirm_lauch"
"DolocTown.Config.Localization.StaticTextInfo",".ctor","System.Void DolocTown.Config.Localization.StaticTextInfo::.ctor(SimpleJSON.JSONNode)","IL_12D27","34","collection_panel_monster_drop_text"
"DolocTown.Config.Localization.StaticTextInfo",".ctor","System.Void DolocTown.Config.Localization.StaticTextInfo::.ctor(SimpleJSON.JSONNode)","IL_12D4A","34","collection_panel_monster_drop_text"
"DolocTown.Config.Localization.StaticTextInfo",".ctor","System.Void DolocTown.Config.Localization.StaticTextInfo::.ctor(SimpleJSON.JSONNode)","IL_12D69","34","collection_panel_monster_drop_text"
"DolocTown.Config.Localization.StaticTextInfo",".ctor","System.Void DolocTown.Config.Localization.StaticTextInfo::.ctor(SimpleJSON.JSONNode)","IL_12D8C","34","collection_panel_monster_drop_text"
"DolocTown.Config.Localization.StaticTextInfo",".ctor","System.Void DolocTown.Config.Localization.StaticTextInfo::.ctor(SimpleJSON.JSONNode)","IL_13777","33","collection_panel_resource_collect"
"DolocTown.Config.Localization.StaticTextInfo",".ctor","System.Void DolocTown.Config.Localization.StaticTextInfo::.ctor(SimpleJSON.JSONNode)","IL_1379A","33","collection_panel_resource_collect"
"DolocTown.Config.Localization.StaticTextInfo",".ctor","System.Void DolocTown.Config.Localization.StaticTextInfo::.ctor(SimpleJSON.JSONNode)","IL_137B9","33","collection_panel_resource_collect"
"DolocTown.Config.Localization.StaticTextInfo",".ctor","System.Void DolocTown.Config.Localization.StaticTextInfo::.ctor(SimpleJSON.JSONNode)","IL_137DC","33","collection_panel_resource_collect"
"DolocTown.Config.Localization.StaticTextInfo",".ctor","System.Void DolocTown.Config.Localization.StaticTextInfo::.ctor(SimpleJSON.JSONNode)","IL_137FB","39","collection_panel_resource_growth_period"
"DolocTown.Config.Localization.StaticTextInfo",".ctor","System.Void DolocTown.Config.Localization.StaticTextInfo::.ctor(SimpleJSON.JSONNode)","IL_1381E","39","collection_panel_resource_growth_period"
"DolocTown.Config.Localization.StaticTextInfo",".ctor","System.Void DolocTown.Config.Localization.StaticTextInfo::.ctor(SimpleJSON.JSONNode)","IL_1383D","39","collection_panel_resource_growth_period"
"DolocTown.Config.Localization.StaticTextInfo",".ctor","System.Void DolocTown.Config.Localization.StaticTextInfo::.ctor(SimpleJSON.JSONNode)","IL_13860","39","collection_panel_resource_growth_period"
"DolocTown.Config.Localization.StaticTextInfo",".ctor","System.Void DolocTown.Config.Localization.StaticTextInfo::.ctor(SimpleJSON.JSONNode)","IL_1387F","43","collection_panel_resource_year_round_growth"
"DolocTown.Config.Localization.StaticTextInfo",".ctor","System.Void DolocTown.Config.Localization.StaticTextInfo::.ctor(SimpleJSON.JSONNode)","IL_138A2","43","collection_panel_resource_year_round_growth"
"DolocTown.Config.Localization.StaticTextInfo",".ctor","System.Void DolocTown.Config.Localization.StaticTextInfo::.ctor(SimpleJSON.JSONNode)","IL_138C1","43","collection_panel_resource_year_round_growth"
"DolocTown.Config.Localization.StaticTextInfo",".ctor","System.Void DolocTown.Config.Localization.StaticTextInfo::.ctor(SimpleJSON.JSONNode)","IL_138E4","43","collection_panel_resource_year_round_growth"
"DolocTown.Config.Localization.StaticTextInfo",".ctor","System.Void DolocTown.Config.Localization.StaticTextInfo::.ctor(SimpleJSON.JSONNode)","IL_13903","36","collection_panel_resource_drop_title"
"DolocTown.Config.Localization.StaticTextInfo",".ctor","System.Void DolocTown.Config.Localization.StaticTextInfo::.ctor(SimpleJSON.JSONNode)","IL_13926","36","collection_panel_resource_drop_title"
"DolocTown.Config.Localization.StaticTextInfo",".ctor","System.Void DolocTown.Config.Localization.StaticTextInfo::.ctor(SimpleJSON.JSONNode)","IL_13945","36","collection_panel_resource_drop_title"
"DolocTown.Config.Localization.StaticTextInfo",".ctor","System.Void DolocTown.Config.Localization.StaticTextInfo::.ctor(SimpleJSON.JSONNode)","IL_13968","36","collection_panel_resource_drop_title"
"DolocTown.Config.Localization.StaticTextInfo",".ctor","System.Void DolocTown.Config.Localization.StaticTextInfo::.ctor(SimpleJSON.JSONNode)","IL_13987","42","collection_panel_resource_content_lock_tip"
"DolocTown.Config.Localization.StaticTextInfo",".ctor","System.Void DolocTown.Config.Localization.StaticTextInfo::.ctor(SimpleJSON.JSONNode)","IL_139AA","42","collection_panel_resource_content_lock_tip"
"DolocTown.Config.Localization.StaticTextInfo",".ctor","System.Void DolocTown.Config.Localization.StaticTextInfo::.ctor(SimpleJSON.JSONNode)","IL_139C9","42","collection_panel_resource_content_lock_tip"
"DolocTown.Config.Localization.StaticTextInfo",".ctor","System.Void DolocTown.Config.Localization.StaticTextInfo::.ctor(SimpleJSON.JSONNode)","IL_139EC","42","collection_panel_resource_content_lock_tip"
"DolocTown.Config.Localization.StaticTextInfo",".ctor","System.Void DolocTown.Config.Localization.StaticTextInfo::.ctor(SimpleJSON.JSONNode)","IL_15C97","26","ui_crop_info_harvest_count"
"DolocTown.Config.Localization.StaticTextInfo",".ctor","System.Void DolocTown.Config.Localization.StaticTextInfo::.ctor(SimpleJSON.JSONNode)","IL_15CBA","26","ui_crop_info_harvest_count"
"DolocTown.Config.Localization.StaticTextInfo",".ctor","System.Void DolocTown.Config.Localization.StaticTextInfo::.ctor(SimpleJSON.JSONNode)","IL_15CD9","26","ui_crop_info_harvest_count"
"DolocTown.Config.Localization.StaticTextInfo",".ctor","System.Void DolocTown.Config.Localization.StaticTextInfo::.ctor(SimpleJSON.JSONNode)","IL_15CFC","26","ui_crop_info_harvest_count"
"DolocTown.Config.Localization.StaticTextInfo","ToString","System.String DolocTown.Config.Localization.StaticTextInfo::ToString()","IL_0AEE","25",",UiTipTechtreePointFocus:"
"DolocTown.Config.Localization.StaticTextInfo","ToString","System.String DolocTown.Config.Localization.StaticTextInfo::ToString()","IL_0B07","20",",UiTipTechtreeFocus:"
"DolocTown.Config.Localization.StaticTextInfo","ToString","System.String DolocTown.Config.Localization.StaticTextInfo::ToString()","IL_0BE8","20",",UiOperationHarvest:"
"DolocTown.Config.Localization.StaticTextInfo","ToString","System.String DolocTown.Config.Localization.StaticTextInfo::ToString()","IL_0EEF","31",",UiOperationErrCannotPlantTree:"
"DolocTown.Config.Localization.StaticTextInfo","ToString","System.String DolocTown.Config.Localization.StaticTextInfo::ToString()","IL_1322","27",",StorePlayerMoneyNotEnough:"
"DolocTown.Config.Localization.StaticTextInfo","ToString","System.String DolocTown.Config.Localization.StaticTextInfo::ToString()","IL_133B","26",",StoreStoreMoneyNotEnough:"
"DolocTown.Config.Localization.StaticTextInfo","ToString","System.String DolocTown.Config.Localization.StaticTextInfo::ToString()","IL_1354","22",",StoreItemNotSaleable:"
"DolocTown.Config.Localization.StaticTextInfo","ToString","System.String DolocTown.Config.Localization.StaticTextInfo::ToString()","IL_136D","18",",StoreItemSoldOut:"
"DolocTown.Config.Localization.StaticTextInfo","ToString","System.String DolocTown.Config.Localization.StaticTextInfo::ToString()","IL_1386","18",",StoreLackOfAsset:"
"DolocTown.Config.Localization.StaticTextInfo","ToString","System.String DolocTown.Config.Localization.StaticTextInfo::ToString()","IL_139F","19",",StoreUpgradePrice:"
"DolocTown.Config.Localization.StaticTextInfo","ToString","System.String DolocTown.Config.Localization.StaticTextInfo::ToString()","IL_13B8","21",",StoreUpgradeConfirm:"
"DolocTown.Config.Localization.StaticTextInfo","ToString","System.String DolocTown.Config.Localization.StaticTextInfo::ToString()","IL_13D1","18",",StoreSoldOutIcon:"
"DolocTown.Config.Localization.StaticTextInfo","ToString","System.String DolocTown.Config.Localization.StaticTextInfo::ToString()","IL_13EA","23",",StoreUpgradeEmptyInfo:"
"DolocTown.Config.Localization.StaticTextInfo","ToString","System.String DolocTown.Config.Localization.StaticTextInfo::ToString()","IL_1403","29",",StoreItemNotSaleableComment:"
"DolocTown.Config.Localization.StaticTextInfo","ToString","System.String DolocTown.Config.Localization.StaticTextInfo::ToString()","IL_141C","28",",StoreQuantitySubmitSelling:"
"DolocTown.Config.Localization.StaticTextInfo","ToString","System.String DolocTown.Config.Localization.StaticTextInfo::ToString()","IL_1435","40",",StoreQuantitySubmitCurrentMoneySelling:"
"DolocTown.Config.Localization.StaticTextInfo","ToString","System.String DolocTown.Config.Localization.StaticTextInfo::ToString()","IL_144E","38",",StoreQuantitySubmitTotalMoneySelling:"
"DolocTown.Config.Localization.StaticTextInfo","ToString","System.String DolocTown.Config.Localization.StaticTextInfo::ToString()","IL_1467","27",",StoreQuantitySubmitBuying:"
"DolocTown.Config.Localization.StaticTextInfo","ToString","System.String DolocTown.Config.Localization.StaticTextInfo::ToString()","IL_1480","39",",StoreQuantitySubmitCurrentMoneyBuying:"
"DolocTown.Config.Localization.StaticTextInfo","ToString","System.String DolocTown.Config.Localization.StaticTextInfo::ToString()","IL_1499","37",",StoreQuantitySubmitTotalMoneyBuying:"
"DolocTown.Config.Localization.StaticTextInfo","ToString","System.String DolocTown.Config.Localization.StaticTextInfo::ToString()","IL_14B2","32",",StoreQuantitySubmitCountInBack:"
"DolocTown.Config.Localization.StaticTextInfo","ToString","System.String DolocTown.Config.Localization.StaticTextInfo::ToString()","IL_14CB","30",",StoreQuantitySubmitUnitPrice:"
"DolocTown.Config.Localization.StaticTextInfo","ToString","System.String DolocTown.Config.Localization.StaticTextInfo::ToString()","IL_14E4","30",",StoreItemTipPlantbasinLocked:"
"DolocTown.Config.Localization.StaticTextInfo","ToString","System.String DolocTown.Config.Localization.StaticTextInfo::ToString()","IL_152F","31",",FarmbuilderErrIndoorEquipment:"
"DolocTown.Config.Localization.StaticTextInfo","ToString","System.String DolocTown.Config.Localization.StaticTextInfo::ToString()","IL_1548","32",",FarmbuilderErrOutdoorEquipment:"
"DolocTown.Config.Localization.StaticTextInfo","ToString","System.String DolocTown.Config.Localization.StaticTextInfo::ToString()","IL_1610","38",",FarmbuilderErrPlantbasinTreeOccupied:"
"DolocTown.Config.Localization.StaticTextInfo","ToString","System.String DolocTown.Config.Localization.StaticTextInfo::ToString()","IL_1836","20",",TechtreePanelTitle:"
"DolocTown.Config.Localization.StaticTextInfo","ToString","System.String DolocTown.Config.Localization.StaticTextInfo::ToString()","IL_184F","26",",TechtreeNodeLackOfPoints:"
"DolocTown.Config.Localization.StaticTextInfo","ToString","System.String DolocTown.Config.Localization.StaticTextInfo::ToString()","IL_1868","25",",TechtreeNodeNotAvaiable:"
"DolocTown.Config.Localization.StaticTextInfo","ToString","System.String DolocTown.Config.Localization.StaticTextInfo::ToString()","IL_1881","22",",TechtreeNodeUnlocked:"
"DolocTown.Config.Localization.StaticTextInfo","ToString","System.String DolocTown.Config.Localization.StaticTextInfo::ToString()","IL_189A","20",",TechtreeNodeUnopen:"
"DolocTown.Config.Localization.StaticTextInfo","ToString","System.String DolocTown.Config.Localization.StaticTextInfo::ToString()","IL_18B3","27",",TechtreeNodeUnlockConfirm:"
"DolocTown.Config.Localization.StaticTextInfo","ToString","System.String DolocTown.Config.Localization.StaticTextInfo::ToString()","IL_18CC","28",",TechtreeNodeBuildingHealth:"
"DolocTown.Config.Localization.StaticTextInfo","ToString","System.String DolocTown.Config.Localization.StaticTextInfo::ToString()","IL_18E5","33",",TechtreeNodeEquipmentElectronic:"
"DolocTown.Config.Localization.StaticTextInfo","ToString","System.String DolocTown.Config.Localization.StaticTextInfo::ToString()","IL_18FE","22",",TechtreeProgressInfo:"
"DolocTown.Config.Localization.StaticTextInfo","ToString","System.String DolocTown.Config.Localization.StaticTextInfo::ToString()","IL_1917","18",",TechtreeMaxLevel:"
"DolocTown.Config.Localization.StaticTextInfo","ToString","System.String DolocTown.Config.Localization.StaticTextInfo::ToString()","IL_1930","18",",TechtreeNodeHint:"
"DolocTown.Config.Localization.StaticTextInfo","ToString","System.String DolocTown.Config.Localization.StaticTextInfo::ToString()","IL_246B","24",",RewardInfoRecipeUnlock:"
"DolocTown.Config.Localization.StaticTextInfo","ToString","System.String DolocTown.Config.Localization.StaticTextInfo::ToString()","IL_2484","28",",RewardInfoRecipeUnlockHint:"
"DolocTown.Config.Localization.StaticTextInfo","ToString","System.String DolocTown.Config.Localization.StaticTextInfo::ToString()","IL_251A","19",",DropoffBoxNoGoods:"
"DolocTown.Config.Localization.StaticTextInfo","ToString","System.String DolocTown.Config.Localization.StaticTextInfo::ToString()","IL_2533","19",",DropoffBoxNoDrone:"
"DolocTown.Config.Localization.StaticTextInfo","ToString","System.String DolocTown.Config.Localization.StaticTextInfo::ToString()","IL_254C","22",",DropoffBoxTotalMoney:"
"DolocTown.Config.Localization.StaticTextInfo","ToString","System.String DolocTown.Config.Localization.StaticTextInfo::ToString()","IL_2565","26",",DropoffBoxPriceIncreased:"
"DolocTown.Config.Localization.StaticTextInfo","ToString","System.String DolocTown.Config.Localization.StaticTextInfo::ToString()","IL_257E","23",",DropoffBoxLaunchDrone:"
"DolocTown.Config.Localization.StaticTextInfo","ToString","System.String DolocTown.Config.Localization.StaticTextInfo::ToString()","IL_2597","24",",DropoffBoxConfirmLauch:"
"DolocTown.Config.Localization.StaticTextInfo","ToString","System.String DolocTown.Config.Localization.StaticTextInfo::ToString()","IL_28D0","22",",BoxPanelNoRepairCost:"
"DolocTown.Config.Localization.StaticTextInfo","ToString","System.String DolocTown.Config.Localization.StaticTextInfo::ToString()","IL_378F","32",",CollectionPanelMonsterDropText:"
"DolocTown.Config.Localization.StaticTextInfo","ToString","System.String DolocTown.Config.Localization.StaticTextInfo::ToString()","IL_3983","32",",CollectionPanelResourceCollect:"
"DolocTown.Config.Localization.StaticTextInfo","ToString","System.String DolocTown.Config.Localization.StaticTextInfo::ToString()","IL_399C","37",",CollectionPanelResourceGrowthPeriod:"
"DolocTown.Config.Localization.StaticTextInfo","ToString","System.String DolocTown.Config.Localization.StaticTextInfo::ToString()","IL_39B5","40",",CollectionPanelResourceYearRoundGrowth:"
"DolocTown.Config.Localization.StaticTextInfo","ToString","System.String DolocTown.Config.Localization.StaticTextInfo::ToString()","IL_39CE","34",",CollectionPanelResourceDropTitle:"
"DolocTown.Config.Localization.StaticTextInfo","ToString","System.String DolocTown.Config.Localization.StaticTextInfo::ToString()","IL_39E7","39",",CollectionPanelResourceContentLockTip:"
"DolocTown.Config.Localization.StaticTextInfo","ToString","System.String DolocTown.Config.Localization.StaticTextInfo::ToString()","IL_408B","24",",UiCropInfoHarvestCount:"
"DolocTown.Config.Item.ItemFunctionBase","DeserializeItemFunctionBase","DolocTown.Config.Item.ItemFunctionBase DolocTown.Config.Item.ItemFunctionBase::DeserializeItemFunctionBase(SimpleJSON.JSONNode)","IL_03A9","20","ItemFunctionSeedTree"
"DolocTown.Config.Item.ItemFunctionFertilizer",".ctor","System.Void DolocTown.Config.Item.ItemFunctionFertilizer::.ctor(SimpleJSON.JSONNode)","IL_0064","7","is_tree"
"DolocTown.Config.Item.ItemFunctionFertilizer",".ctor","System.Void DolocTown.Config.Item.ItemFunctionFertilizer::.ctor(SimpleJSON.JSONNode)","IL_007D","7","is_tree"
"DolocTown.Config.Item.ItemFunctionFertilizer","ToString","System.String DolocTown.Config.Item.ItemFunctionFertilizer::ToString()","IL_003B","8",",IsTree:"
"DolocTown.Config.Item.ItemFunctionRandomPackage",".ctor","System.Void DolocTown.Config.Item.ItemFunctionRandomPackage::.ctor(SimpleJSON.JSONNode)","IL_0008","16","drop_spawn_entry"
"DolocTown.Config.Item.ItemFunctionRandomPackage",".ctor","System.Void DolocTown.Config.Item.ItemFunctionRandomPackage::.ctor(SimpleJSON.JSONNode)","IL_0021","16","drop_spawn_entry"
"DolocTown.Config.Item.ItemFunctionRandomPackage","ToString","System.String DolocTown.Config.Item.ItemFunctionRandomPackage::ToString()","IL_0000","17","{ DropSpawnEntry:"
"DolocTown.Config.Item.ItemFunctionSeedTree",".ctor","System.Void DolocTown.Config.Item.ItemFunctionSeedTree::.ctor(SimpleJSON.JSONNode)","IL_0008","12","tree_seed_id"
"DolocTown.Config.Item.ItemFunctionSeedTree",".ctor","System.Void DolocTown.Config.Item.ItemFunctionSeedTree::.ctor(SimpleJSON.JSONNode)","IL_0021","12","tree_seed_id"
"DolocTown.Config.Item.ItemFunctionSeedTree","Resolve","System.Void DolocTown.Config.Item.ItemFunctionSeedTree::Resolve(System.Collections.Generic.Dictionary`2<System.String,System.Object>)","IL_0009","16","Plant.TbTreeSeed"
"DolocTown.Config.Item.ItemFunctionSeedTree","ToString","System.String DolocTown.Config.Item.ItemFunctionSeedTree::ToString()","IL_0000","13","{ TreeSeedId:"
"DolocTown.Config.Item.ItemFunctionSeedTree","ToString","System.String DolocTown.Config.Item.ItemFunctionSeedTree::ToString()","IL_000B","2",",}"
"DolocTown.Config.Item.ItemSpawnRandom","SpawnItems","DolocTown.CountItem[] DolocTown.Config.Item.ItemSpawnRandom::SpawnItems(System.Func`2<DolocTown.Config.Item.ItemSpawnData,System.Boolean>)","IL_0030","0",""
"DolocTown.Config.Item.ToolExtraSpawnLutByResourceClass",".ctor","System.Void DolocTown.Config.Item.ToolExtraSpawnLutByResourceClass::.ctor(SimpleJSON.JSONNode)","IL_0007","21","target_resource_class"
"DolocTown.Config.Item.ToolExtraSpawnLutByResourceClass",".ctor","System.Void DolocTown.Config.Item.ToolExtraSpawnLutByResourceClass::.ctor(SimpleJSON.JSONNode)","IL_0020","21","target_resource_class"
"DolocTown.Config.Item.ToolExtraSpawnLutByResourceClass",".ctor","System.Void DolocTown.Config.Item.ToolExtraSpawnLutByResourceClass::.ctor(SimpleJSON.JSONNode)","IL_0035","11","spawn_entry"
"DolocTown.Config.Item.ToolExtraSpawnLutByResourceClass",".ctor","System.Void DolocTown.Config.Item.ToolExtraSpawnLutByResourceClass::.ctor(SimpleJSON.JSONNode)","IL_004E","11","spawn_entry"
"DolocTown.Config.Item.ToolExtraSpawnLutByResourceClass",".ctor","System.Void DolocTown.Config.Item.ToolExtraSpawnLutByResourceClass::.ctor(SimpleJSON.JSONNode)","IL_0063","13","target_levels"
"DolocTown.Config.Item.ToolExtraSpawnLutByResourceClass","ToString","System.String DolocTown.Config.Item.ToolExtraSpawnLutByResourceClass::ToString()","IL_0008","22","{ TargetResourceClass:"
"DolocTown.Config.Item.ToolExtraSpawnLutByResourceClass","ToString","System.String DolocTown.Config.Item.ToolExtraSpawnLutByResourceClass::ToString()","IL_0027","12",",SpawnEntry:"
"DolocTown.Config.Item.ToolExtraSpawnLutByResourceClass","ToString","System.String DolocTown.Config.Item.ToolExtraSpawnLutByResourceClass::ToString()","IL_0044","14",",TargetLevels:"
"DolocTown.Config.Item.ToolExtraSpawnLutByResourceClass","ToString","System.String DolocTown.Config.Item.ToolExtraSpawnLutByResourceClass::ToString()","IL_005A","2",",}"
"DolocTown.Config.Item.ToolExtraSpawnLutByResourceName",".ctor","System.Void DolocTown.Config.Item.ToolExtraSpawnLutByResourceName::.ctor(SimpleJSON.JSONNode)","IL_0007","20","target_resource_name"
"DolocTown.Config.Item.ToolExtraSpawnLutByResourceName",".ctor","System.Void DolocTown.Config.Item.ToolExtraSpawnLutByResourceName::.ctor(SimpleJSON.JSONNode)","IL_0020","20","target_resource_name"
"DolocTown.Config.Item.ToolExtraSpawnLutByResourceName",".ctor","System.Void DolocTown.Config.Item.ToolExtraSpawnLutByResourceName::.ctor(SimpleJSON.JSONNode)","IL_0035","11","spawn_entry"
"DolocTown.Config.Item.ToolExtraSpawnLutByResourceName",".ctor","System.Void DolocTown.Config.Item.ToolExtraSpawnLutByResourceName::.ctor(SimpleJSON.JSONNode)","IL_004E","11","spawn_entry"
"DolocTown.Config.Item.ToolExtraSpawnLutByResourceName",".ctor","System.Void DolocTown.Config.Item.ToolExtraSpawnLutByResourceName::.ctor(SimpleJSON.JSONNode)","IL_0063","13","target_levels"
"DolocTown.Config.Item.ToolExtraSpawnLutByResourceName","Resolve","System.Void DolocTown.Config.Item.ToolExtraSpawnLutByResourceName::Resolve(System.Collections.Generic.Dictionary`2<System.String,System.Object>)","IL_0002","19","Resource.TbResource"
"DolocTown.Config.Item.ToolExtraSpawnLutByResourceName","ToString","System.String DolocTown.Config.Item.ToolExtraSpawnLutByResourceName::ToString()","IL_0008","21","{ TargetResourceName:"
"DolocTown.Config.Item.ToolExtraSpawnLutByResourceName","ToString","System.String DolocTown.Config.Item.ToolExtraSpawnLutByResourceName::ToString()","IL_0019","12",",SpawnEntry:"
"DolocTown.Config.Item.ToolExtraSpawnLutByResourceName","ToString","System.String DolocTown.Config.Item.ToolExtraSpawnLutByResourceName::ToString()","IL_0036","14",",TargetLevels:"
"DolocTown.Config.Item.ToolExtraSpawnLutByResourceName","ToString","System.String DolocTown.Config.Item.ToolExtraSpawnLutByResourceName::ToString()","IL_004C","2",",}"
"DolocTown.Config.Item.ToolOverrideLevel",".ctor","System.Void DolocTown.Config.Item.ToolOverrideLevel::.ctor(SimpleJSON.JSONNode)","IL_0007","21","target_resource_class"
"DolocTown.Config.Item.ToolOverrideLevel",".ctor","System.Void DolocTown.Config.Item.ToolOverrideLevel::.ctor(SimpleJSON.JSONNode)","IL_0020","21","target_resource_class"
"DolocTown.Config.Item.ToolOverrideLevel","ToString","System.String DolocTown.Config.Item.ToolOverrideLevel::ToString()","IL_0008","22","{ TargetResourceClass:"
"DolocTown.Config.Item.ToolOverrideSpawnLut",".ctor","System.Void DolocTown.Config.Item.ToolOverrideSpawnLut::.ctor(SimpleJSON.JSONNode)","IL_0007","21","target_resource_class"
"DolocTown.Config.Item.ToolOverrideSpawnLut",".ctor","System.Void DolocTown.Config.Item.ToolOverrideSpawnLut::.ctor(SimpleJSON.JSONNode)","IL_0020","21","target_resource_class"
"DolocTown.Config.Item.ToolOverrideSpawnLut","ToString","System.String DolocTown.Config.Item.ToolOverrideSpawnLut::ToString()","IL_0008","22","{ TargetResourceClass:"
"DolocTown.Config.Global.SpawnData","DeserializeSpawnData","DolocTown.Config.Global.SpawnData DolocTown.Config.Global.SpawnData::DeserializeSpawnData(SimpleJSON.JSONNode)","IL_002C","26","Resource.ResourceSpawnData"
"DolocTown.Config.Global.SpawnData","DeserializeSpawnData","DolocTown.Config.Global.SpawnData DolocTown.Config.Global.SpawnData::DeserializeSpawnData(SimpleJSON.JSONNode)","IL_0039","28","Resource.VegetationSpawnData"
"DolocTown.Config.Fishing.FishInfo",".ctor","System.Void DolocTown.Config.Fishing.FishInfo::.ctor(SimpleJSON.JSONNode)","IL_050F","16","bonus_base_score"
"DolocTown.Config.Fishing.FishInfo",".ctor","System.Void DolocTown.Config.Fishing.FishInfo::.ctor(SimpleJSON.JSONNode)","IL_0528","16","bonus_base_score"
"DolocTown.Config.Fishing.FishInfo",".ctor","System.Void DolocTown.Config.Fishing.FishInfo::.ctor(SimpleJSON.JSONNode)","IL_053D","17","bonus_extra_score"
"DolocTown.Config.Fishing.FishInfo",".ctor","System.Void DolocTown.Config.Fishing.FishInfo::.ctor(SimpleJSON.JSONNode)","IL_0556","17","bonus_extra_score"
"DolocTown.Config.Fishing.FishInfo","ToString","System.String DolocTown.Config.Fishing.FishInfo::ToString()","IL_0271","16",",BonusBaseScore:"
"DolocTown.Config.Fishing.FishInfo","ToString","System.String DolocTown.Config.Fishing.FishInfo::ToString()","IL_028C","17",",BonusExtraScore:"
"DolocTown.Config.Equipment.ChairInfo",".ctor","System.Void DolocTown.Config.Equipment.ChairInfo::.ctor(SimpleJSON.JSONNode)","IL_0091","10","foreground"
"DolocTown.Config.Equipment.ChairInfo",".ctor","System.Void DolocTown.Config.Equipment.ChairInfo::.ctor(SimpleJSON.JSONNode)","IL_00AA","10","foreground"
"DolocTown.Config.Equipment.ChairInfo",".ctor","System.Void DolocTown.Config.Equipment.ChairInfo::.ctor(SimpleJSON.JSONNode)","IL_00C4","15","foreground_flip"
"DolocTown.Config.Equipment.ChairInfo",".ctor","System.Void DolocTown.Config.Equipment.ChairInfo::.ctor(SimpleJSON.JSONNode)","IL_00DD","15","foreground_flip"
"DolocTown.Config.Equipment.ChairInfo","ToString","System.String DolocTown.Config.Equipment.ChairInfo::ToString()","IL_004C","12",",Foreground:"
"DolocTown.Config.Equipment.ChairInfo","ToString","System.String DolocTown.Config.Equipment.ChairInfo::ToString()","IL_0069","16",",ForegroundFlip:"
"DolocTown.Config.Equipment.EquipmentFuncEquipment","DeserializeEquipmentFuncEquipment","DolocTown.Config.Equipment.EquipmentFuncEquipment DolocTown.Config.Equipment.EquipmentFuncEquipment::DeserializeEquipmentFuncEquipment(SimpleJSON.JSONNode)","IL_04C5","27","EquipmentFuncPlantBasinTree"
"DolocTown.Config.Equipment.EquipmentFuncParkingApron",".ctor","System.Void DolocTown.Config.Equipment.EquipmentFuncParkingApron::.ctor(SimpleJSON.JSONNode)","IL_0008","10","store_name"
"DolocTown.Config.Equipment.EquipmentFuncParkingApron",".ctor","System.Void DolocTown.Config.Equipment.EquipmentFuncParkingApron::.ctor(SimpleJSON.JSONNode)","IL_0021","10","store_name"
"DolocTown.Config.Equipment.EquipmentFuncParkingApron","Resolve","System.Void DolocTown.Config.Equipment.EquipmentFuncParkingApron::Resolve(System.Collections.Generic.Dictionary`2<System.String,System.Object>)","IL_0009","13","Store.TbStore"
"DolocTown.Config.Equipment.EquipmentFuncParkingApron","ToString","System.String DolocTown.Config.Equipment.EquipmentFuncParkingApron::ToString()","IL_003B","11",",StoreName:"
"DolocTown.Config.Equipment.EquipmentFuncPlantBasinTree",".ctor","System.Void DolocTown.Config.Equipment.EquipmentFuncPlantBasinTree::.ctor(SimpleJSON.JSONNode)","IL_0008","17","fertilizer_offset"
"DolocTown.Config.Equipment.EquipmentFuncPlantBasinTree",".ctor","System.Void DolocTown.Config.Equipment.EquipmentFuncPlantBasinTree::.ctor(SimpleJSON.JSONNode)","IL_0021","17","fertilizer_offset"
"DolocTown.Config.Equipment.EquipmentFuncPlantBasinTree","ToString","System.String DolocTown.Config.Equipment.EquipmentFuncPlantBasinTree::ToString()","IL_0000","19","{ FertilizerOffset:"
"DolocTown.Config.Equipment.EquipmentFuncPlantBasinTree","ToString","System.String DolocTown.Config.Equipment.EquipmentFuncPlantBasinTree::ToString()","IL_0013","2",",}"
"DolocTown.Config.Equipment.EquipmentFuncResinCollector","Resolve","System.Void DolocTown.Config.Equipment.EquipmentFuncResinCollector::Resolve(System.Collections.Generic.Dictionary`2<System.String,System.Object>)","IL_0009","31","Resource.TbResinCollectorOutput"
"DolocTown.Config.Equipment.EquipmentFuncShowCase",".ctor","System.Void DolocTown.Config.Equipment.EquipmentFuncShowCase::.ctor(SimpleJSON.JSONNode)","IL_00AD","17","foreground_sprite"
"DolocTown.Config.Equipment.EquipmentFuncShowCase",".ctor","System.Void DolocTown.Config.Equipment.EquipmentFuncShowCase::.ctor(SimpleJSON.JSONNode)","IL_00C6","17","foreground_sprite"
"DolocTown.Config.Equipment.EquipmentFuncShowCase","ToString","System.String DolocTown.Config.Equipment.EquipmentFuncShowCase::ToString()","IL_0040","18",",ForegroundSprite:"
"DolocTown.Config.Drone.DroneFunctionProto","DeserializeDroneFunctionProto","DolocTown.Config.Drone.DroneFunctionProto DolocTown.Config.Drone.DroneFunctionProto::DeserializeDroneFunctionProto(SimpleJSON.JSONNode)","IL_0156","27","DroneFunctionProtoBrustCore"
"DolocTown.Config.Drone.DroneFunctionProto","DeserializeDroneFunctionProto","DolocTown.Config.Drone.DroneFunctionProto DolocTown.Config.Drone.DroneFunctionProto::DeserializeDroneFunctionProto(SimpleJSON.JSONNode)","IL_01AA","37","DroneFunctionProtoRestrictionReleaser"
"DolocTown.Config.Drone.DroneFunctionProtoBrustCore",".ctor","System.Void DolocTown.Config.Drone.DroneFunctionProtoBrustCore::.ctor(SimpleJSON.JSONNode)","IL_0008","15","bullet_interval"
"DolocTown.Config.Drone.DroneFunctionProtoBrustCore",".ctor","System.Void DolocTown.Config.Drone.DroneFunctionProtoBrustCore::.ctor(SimpleJSON.JSONNode)","IL_0021","15","bullet_interval"
"DolocTown.Config.Drone.DroneFunctionProtoBrustCore",".ctor","System.Void DolocTown.Config.Drone.DroneFunctionProtoBrustCore::.ctor(SimpleJSON.JSONNode)","IL_0036","12","bullet_count"
"DolocTown.Config.Drone.DroneFunctionProtoBrustCore",".ctor","System.Void DolocTown.Config.Drone.DroneFunctionProtoBrustCore::.ctor(SimpleJSON.JSONNode)","IL_004F","12","bullet_count"
"DolocTown.Config.Drone.DroneFunctionProtoBrustCore","ToString","System.String DolocTown.Config.Drone.DroneFunctionProtoBrustCore::ToString()","IL_0008","17","{ BulletInterval:"
"DolocTown.Config.Drone.DroneFunctionProtoBrustCore","ToString","System.String DolocTown.Config.Drone.DroneFunctionProtoBrustCore::ToString()","IL_0021","13",",BulletCount:"
"DolocTown.Config.Drone.DroneFunctionProtoBrustCore","ToString","System.String DolocTown.Config.Drone.DroneFunctionProtoBrustCore::ToString()","IL_003A","2",",}"
"DolocTown.Config.Drone.DroneFunctionProtoRestrictionReleaser",".ctor","System.Void DolocTown.Config.Drone.DroneFunctionProtoRestrictionReleaser::.ctor(SimpleJSON.JSONNode)","IL_0008","19","power_cost_increase"
"DolocTown.Config.Drone.DroneFunctionProtoRestrictionReleaser",".ctor","System.Void DolocTown.Config.Drone.DroneFunctionProtoRestrictionReleaser::.ctor(SimpleJSON.JSONNode)","IL_0021","19","power_cost_increase"
"DolocTown.Config.Drone.DroneFunctionProtoRestrictionReleaser",".ctor","System.Void DolocTown.Config.Drone.DroneFunctionProtoRestrictionReleaser::.ctor(SimpleJSON.JSONNode)","IL_0036","15","damage_increase"
"DolocTown.Config.Drone.DroneFunctionProtoRestrictionReleaser",".ctor","System.Void DolocTown.Config.Drone.DroneFunctionProtoRestrictionReleaser::.ctor(SimpleJSON.JSONNode)","IL_004F","15","damage_increase"
"DolocTown.Config.Drone.DroneFunctionProtoRestrictionReleaser","ToString","System.String DolocTown.Config.Drone.DroneFunctionProtoRestrictionReleaser::ToString()","IL_0008","20","{ PowerCostIncrease:"
"DolocTown.Config.Drone.DroneFunctionProtoRestrictionReleaser","ToString","System.String DolocTown.Config.Drone.DroneFunctionProtoRestrictionReleaser::ToString()","IL_0021","16",",DamageIncrease:"
"DolocTown.Config.Drone.DroneFunctionProtoRestrictionReleaser","ToString","System.String DolocTown.Config.Drone.DroneFunctionProtoRestrictionReleaser::ToString()","IL_003A","2",",}"
"DolocTown.Config.Automate.AutomateBotFunction","DeserializeAutomateBotFunction","DolocTown.Config.Automate.AutomateBotFunction DolocTown.Config.Automate.AutomateBotFunction::DeserializeAutomateBotFunction(SimpleJSON.JSONNode)","IL_002C","28","AutomateBotFunctionGathering"
"DolocTown.Config.Automate.AutomateBotFunctionGathering","ToString","System.String DolocTown.Config.Automate.AutomateBotFunctionGathering::ToString()","IL_0000","3","{ }"
