"namespace","name","full_name","kind","visibility","base_type","interfaces","is_abstract","is_sealed","declaring_type","methods","fields","properties","events","token"
"","<WaitWhileInUiSateTask>d__287","DolocAPI/<WaitWhileInUiSateTask>d__287","struct","private","System.ValueType","System.Runtime.CompilerServices.IAsyncStateMachine","False","True","DolocAPI","2","3","0","0","0x02000D96"
"","DolocBuilder","DolocBuilder","class","public","UnityEngine.MonoBehaviour","","False","False","","7","3","0","0","0x02000018"
"","BoxUiState","BoxUiState","class","public","DolocTown.ContainerBaseUiState","","False","False","","33","1","8","0","0x02000022"
"","BuilderInputActions","DolocInputSource/BuilderInputActions","struct","public","System.ValueType","","False","True","DolocInputSource","20","1","14","0","0x02000DE1"
"","IBuilderInputActions","DolocInputSource/IBuilderInputActions","interface","public","","","True","False","DolocInputSource","13","0","0","0","0x02000DE5"
"","RedSawHorizontalTiledPanelLayoutGroup","RedSawHorizontalTiledPanelLayoutGroup","class","public","UnityEngine.UI.LayoutGroup","","False","False","","11","5","2","0","0x02000044"
"","RedSawTiledPanelLayoutGroup","RedSawTiledPanelLayoutGroup","class","public","UnityEngine.UI.LayoutGroup","","False","False","","22","7","2","0","0x02000045"
"","RedSawVerticalTiledPanelLayoutGroup","RedSawVerticalTiledPanelLayoutGroup","class","public","UnityEngine.UI.LayoutGroup","","False","False","","11","5","2","0","0x02000046"
"","UIAnimMoving","UIAnimMoving","class","public","DolocTweenAnimation","","False","False","","8","2","1","0","0x0200005C"
"","UIAnimWander","UIAnimWander","class","public","DolocTweenAnimation","","False","False","","5","4","0","0","0x0200005D"
"","UIAnimFadeInout","UIAnimFadeInout","class","public","DolocTweenAnimation","","True","False","","5","1","1","0","0x0200005E"
"","UIAnimSingleFadeInout","UIAnimSingleFadeInout","class","public","UIAnimFadeInout","","False","False","","6","2","0","0","0x0200005F"
"","<>c__DisplayClass2_0","UIAnimSingleFadeInout/<>c__DisplayClass2_0","class","private","System.Object","","False","True","UIAnimSingleFadeInout","3","1","0","0","0x02000E0C"
"","<>c__DisplayClass3_0","UIAnimSingleFadeInout/<>c__DisplayClass3_0","class","private","System.Object","","False","True","UIAnimSingleFadeInout","3","1","0","0","0x02000E0D"
"","<>c__DisplayClass4_0","UIAnimSingleFadeInout/<>c__DisplayClass4_0","class","private","System.Object","","False","True","UIAnimSingleFadeInout","3","1","0","0","0x02000E0E"
"","UIAnimFadeInoutGroup","UIAnimFadeInoutGroup","class","public","UIAnimFadeInout","","False","False","","11","2","2","0","0x02000060"
"","<>c__DisplayClass9_0","UIAnimFadeInoutGroup/<>c__DisplayClass9_0","class","private","System.Object","","False","True","UIAnimFadeInoutGroup","2","1","0","0","0x02000E0F"
"","<>c__DisplayClass9_1","UIAnimFadeInoutGroup/<>c__DisplayClass9_1","class","private","System.Object","","False","True","UIAnimFadeInoutGroup","2","1","0","0","0x02000E10"
"","UIAnimFadeInoutImages","UIAnimFadeInoutImages","class","public","UIAnimFadeInoutGroup","","False","False","","3","0","0","0","0x02000061"
"","<>c__DisplayClass1_0","UIAnimFadeInoutImages/<>c__DisplayClass1_0","class","private","System.Object","","False","True","UIAnimFadeInoutImages","2","1","0","0","0x02000E11"
"","<>c__DisplayClass2_0","UIAnimFadeInoutImages/<>c__DisplayClass2_0","class","private","System.Object","","False","True","UIAnimFadeInoutImages","2","3","0","0","0x02000E12"
"","UIAnimFadeInoutTexts","UIAnimFadeInoutTexts","class","public","UIAnimFadeInoutGroup","","False","False","","3","0","0","0","0x02000062"
"","<>c__DisplayClass1_0","UIAnimFadeInoutTexts/<>c__DisplayClass1_0","class","private","System.Object","","False","True","UIAnimFadeInoutTexts","2","1","0","0","0x02000E13"
"","<>c__DisplayClass2_0","UIAnimFadeInoutTexts/<>c__DisplayClass2_0","class","private","System.Object","","False","True","UIAnimFadeInoutTexts","2","3","0","0","0x02000E14"
"","UIAnimFadeInoutArray","UIAnimFadeInoutArray","class","public","UIAnimFadeInout","","False","False","","6","1","0","0","0x02000063"
"","UIAnimFloat","UIAnimFloat","class","public","DolocTweenAnimation","","False","False","","4","3","1","0","0x02000064"
"","UIAnimResize","UIAnimResize","class","public","DolocTweenAnimation","","False","False","","6","2","0","0","0x02000065"
"","UIAnimScaleToX","UIAnimScaleToX","class","public","DolocTweenAnimation","","False","False","","5","2","0","0","0x02000066"
"","UIAnimFadeInoutGroupEx","UIAnimFadeInoutGroupEx","class","public","UIAnimFadeInout","","False","False","","13","3","4","0","0x02000067"
"","UIAnimMovingFadeInout","UIAnimMovingFadeInout","class","public","DolocTweenAnimation","","False","False","","15","6","2","0","0x02000068"
"","UIAnimStree","UIAnimStree","class","public","System.Object","","False","False","","3","1","0","0","0x02000069"
"","UIAnimScale","UIAnimScale","class","public","DolocTweenAnimation","","False","False","","9","3","2","0","0x0200006A"
"","DolocUiColor","DolocUiColor","static class","public","System.Object","","True","True","","1","23","0","0","0x0200006D"
"","DolocUiSystem","DolocUiSystem","class","public","UnityEngine.MonoBehaviour","","False","False","","49","16","17","0","0x0200006F"
"","DolocInfoPanelBox","DolocInfoPanelBox","class","public","DolocTown.UI.DolocUiObject","","False","False","","9","6","0","0","0x02000070"
"","TipPanelText","TipPanelText","struct","public","System.ValueType","","False","True","","1","2","0","0","0x02000072"
"XLua.Cast","UInt16","XLua.Cast.UInt16","class","public","XLua.Cast.Any`1<System.UInt16>","","False","False","","1","0","0","0","0x020000AD"
"XLua.Cast","UInt32","XLua.Cast.UInt32","class","public","XLua.Cast.Any`1<System.UInt32>","","False","False","","1","0","0","0","0x020000AF"
"XLua.Cast","UInt64","XLua.Cast.UInt64","class","public","XLua.Cast.Any`1<System.UInt64>","","False","False","","1","0","0","0","0x020000B1"
"RedSaw.UI","RedSawUiObject","RedSaw.UI.RedSawUiObject","class","public","RedSaw.RedSawObject","","True","False","","20","7","6","0","0x020000E4"
"RedSaw.UI","RedSawButtonPrototype","RedSaw.UI.RedSawButtonPrototype","class","public","RedSaw.UI.RedSawUiObject","UnityEngine.EventSystems.IPointerEnterHandler | UnityEngine.EventSystems.IEventSystemHandler | UnityEngine.EventSystems.IPointerExitHandler | UnityEngine.EventSystems.IPointerDownHandler | UnityEngine.EventSystems.IPointerUpHandler | UnityEngine.EventSystems.IPointerClickHandler","True","False","","11","3","0","0","0x020000E5"
"RedSaw.UI","RedSawButtonBase","RedSaw.UI.RedSawButtonBase","class","public","RedSaw.UI.RedSawButtonPrototype","","False","False","","26","8","8","0","0x020000E6"
"RedSaw.UI","UiUtils","RedSaw.UI.UiUtils","static class","public","System.Object","","True","True","","5","0","0","0","0x020000E7"
"RedSaw.UI","RsMoveComponent","RedSaw.UI.RsMoveComponent","class","public","System.Object","","False","False","","4","5","0","0","0x020000E8"
"RedSaw.CommandLineInterface","DebugInlineButtonAttribute","RedSaw.CommandLineInterface.DebugInlineButtonAttribute","class","public","System.Attribute","","False","False","","4","4","1","0","0x02000136"
"RedSaw.CommandLineInterface","DebugButtonAttribute","RedSaw.CommandLineInterface.DebugButtonAttribute","class","public","System.Attribute","","False","False","","4","2","1","0","0x02000139"
"RedSaw.CommandLineInterface","DebugButtonType","RedSaw.CommandLineInterface.DebugButtonType","enum","public","System.Enum","","False","True","","0","4","0","0","0x02000141"
"RedSaw.CommandLineInterface","DebugButton","RedSaw.CommandLineInterface.DebugButton","class","public","System.Object","","False","False","","3","6","0","0","0x02000142"
"RedSaw.CommandLineInterface.UnityImpl","GameConsoleAlternativeOptionsPanel","RedSaw.CommandLineInterface.UnityImpl.GameConsoleAlternativeOptionsPanel","class","public","UnityEngine.MonoBehaviour","","False","False","","4","4","1","0","0x02000144"
"DolocTown","LocalizedLine","DolocTown.LocalizedLine","class","public","Yarn.Unity.LocalizedLine","","False","False","","3","0","2","0","0x020001BD"
"DolocTown","IDialogueLineView","DolocTown.IDialogueLineView","interface","public","","DolocTown.UI.IView","True","False","","9","0","3","0","0x020001C3"
"DolocTown","IDialogueOptionView","DolocTown.IDialogueOptionView","interface","public","","DolocTown.UI.IView","True","False","","9","0","2","0","0x020001C4"
"DolocTown","RewardBuildingUnlock","DolocTown.RewardBuildingUnlock","class","public","DolocTown.Reward","","False","False","","8","1","4","0","0x02000206"
"","PursuitState","DolocTown.MonsterAI_IndieGuarder/PursuitState","class","private","DolocTown.MonsterStateManager/MoveState`1<DolocTown.MonsterAI_IndieGuarder>","","False","False","DolocTown.MonsterAI_IndieGuarder","3","0","0","0","0x02000EE0"
"","PursuitState","DolocTown.MonsterAI_Ranger/PursuitState","class","private","DolocTown.MonsterStateManager/MoveState`1<DolocTown.MonsterAI_Ranger>","","False","False","DolocTown.MonsterAI_Ranger","3","0","0","0","0x02000EE3"
"","PursuitState","DolocTown.MonsterAI_Amoeba/PursuitState","class","private","DolocTown.MonsterStateManager/MoveState`1<DolocTown.MonsterAI_Amoeba>","","False","False","DolocTown.MonsterAI_Amoeba","3","0","0","0","0x02000EE6"
"","PursuitState","DolocTown.MonsterAI_FwbDrone/PursuitState","class","private","DolocTown.MonsterStateManager/MoveState`1<DolocTown.MonsterAI_FwbDrone>","","False","False","DolocTown.MonsterAI_FwbDrone","3","0","0","0","0x02000EEF"
"","PursuitState","DolocTown.MonsterAI_Nian/PursuitState","class","public","DolocTown.MonsterStateManager/MoveState`1<DolocTown.MonsterAI_Nian>","","False","False","DolocTown.MonsterAI_Nian","3","0","0","0","0x02000EFB"
"","PursuitState","DolocTown.MonsterAI_NianHead/PursuitState","class","public","DolocTown.MonsterStateManager/MoveState`1<DolocTown.MonsterAI_NianHead>","","False","False","DolocTown.MonsterAI_NianHead","3","0","0","0","0x02000EFF"
"DolocTown","DungeonResourceBuildingsGarbage","DolocTown.DungeonResourceBuildingsGarbage","class","public","DolocTown.DungeonResource","","False","False","","5","0","0","0","0x020002CC"
"","<FromBuilding>d__24","DolocTown.AnimalMap/<FromBuilding>d__24","class","private","System.Object","System.Collections.Generic.IEnumerable`1<DolocTown.AnimalStair> | System.Collections.IEnumerable | System.Collections.Generic.IEnumerator`1<DolocTown.AnimalStair> | System.Collections.IEnumerator | System.IDisposable","False","True","DolocTown.AnimalMap","10","6","2","0","0x02000F3E"
"","<FromBuildingFloor>d__25","DolocTown.AnimalMap/<FromBuildingFloor>d__25","class","private","System.Object","System.Collections.Generic.IEnumerable`1<DolocTown.AnimalStair> | System.Collections.IEnumerable | System.Collections.Generic.IEnumerator`1<DolocTown.AnimalStair> | System.Collections.IEnumerator | System.IDisposable","False","True","DolocTown.AnimalMap","9","6","2","0","0x02000F3F"
"","<FromBuildingCeiling>d__26","DolocTown.AnimalMap/<FromBuildingCeiling>d__26","class","private","System.Object","System.Collections.Generic.IEnumerable`1<DolocTown.AnimalStair> | System.Collections.IEnumerable | System.Collections.Generic.IEnumerator`1<DolocTown.AnimalStair> | System.Collections.IEnumerator | System.IDisposable","False","True","DolocTown.AnimalMap","9","6","2","0","0x02000F40"
"DolocTown","AnimalWork_BuildChickenNest","DolocTown.AnimalWork_BuildChickenNest","class","public","DolocTown.AnimalWork","","False","False","","3","0","1","0","0x02000316"
"DolocTown","AnimalMapForBuilding","DolocTown.AnimalMapForBuilding","class","public","System.Object","","False","False","","5","2","1","0","0x0200032D"
"","<>c","DolocTown.AnimalMapForBuilding/<>c","class","private","System.Object","","False","True","DolocTown.AnimalMapForBuilding","3","2","0","0","0x02000F61"
"","<get__AllEquipments>d__9","DolocTown.AutomateStationEnv/RoomEnv/<get__AllEquipments>d__9","class","private","System.Object","System.Collections.Generic.IEnumerable`1<DolocTown.Equipment> | System.Collections.IEnumerable | System.Collections.Generic.IEnumerator`1<DolocTown.Equipment> | System.Collections.IEnumerator | System.IDisposable","False","True","DolocTown.AutomateStationEnv/RoomEnv","9","5","2","0","0x020012AD"
"","<get_AllBuildings>d__13","DolocTown.AutomateStationEnv/RoomEnv/<get_AllBuildings>d__13","class","private","System.Object","System.Collections.Generic.IEnumerable`1<DolocTown.Building> | System.Collections.IEnumerable | System.Collections.Generic.IEnumerator`1<DolocTown.Building> | System.Collections.IEnumerator | System.IDisposable","False","True","DolocTown.AutomateStationEnv/RoomEnv","8","4","2","0","0x020012AF"
"","<GetEquipmentsNearStation>d__25","DolocTown.AutomateSystemEnv/<GetEquipmentsNearStation>d__25","class","private","System.Object","System.Collections.Generic.IEnumerable`1<DolocTown.Equipment> | System.Collections.IEnumerable | System.Collections.Generic.IEnumerator`1<DolocTown.Equipment> | System.Collections.IEnumerator | System.IDisposable","False","True","DolocTown.AutomateSystemEnv","13","13","2","0","0x02000F8E"
"","<GetEquipmentsNearStation>d__26`1","DolocTown.AutomateSystemEnv/<GetEquipmentsNearStation>d__26`1","class","private","System.Object","System.Collections.Generic.IEnumerable`1<T> | System.Collections.IEnumerable | System.Collections.Generic.IEnumerator`1<T> | System.Collections.IEnumerator | System.IDisposable","False","True","DolocTown.AutomateSystemEnv","9","11","2","0","0x02000F8F"
"","<GetEquipmentsNearStation>d__17","DolocTown.AutomateSystemLocker/<GetEquipmentsNearStation>d__17","class","private","System.Object","System.Collections.Generic.IEnumerable`1<DolocTown.Equipment> | System.Collections.IEnumerable | System.Collections.Generic.IEnumerator`1<DolocTown.Equipment> | System.Collections.IEnumerator | System.IDisposable","False","True","DolocTown.AutomateSystemLocker","13","13","2","0","0x02000F91"
"","<GetEquipmentsNearStation>d__18`1","DolocTown.AutomateSystemLocker/<GetEquipmentsNearStation>d__18`1","class","private","System.Object","System.Collections.Generic.IEnumerable`1<T> | System.Collections.IEnumerable | System.Collections.Generic.IEnumerator`1<T> | System.Collections.IEnumerator | System.IDisposable","False","True","DolocTown.AutomateSystemLocker","9","11","2","0","0x02000F92"
"DolocTown","AutomateTaskEnterBuilding","DolocTown.AutomateTaskEnterBuilding","class","public","DolocTown.AutomateTask","","False","False","","2","1","0","0","0x0200034B"
"DolocTown","AutomateTaskGatherEquipment","DolocTown.AutomateTaskGatherEquipment","class","public","DolocTown.AutomateTask","","False","False","","2","1","0","0","0x02000351"
"DolocTown","IGatherableEquipment","DolocTown.IGatherableEquipment","interface","public","","","True","False","","3","0","2","0","0x02000360"
"DolocTown","BuilderUtils","DolocTown.BuilderUtils","static class","public","System.Object","","True","True","","8","0","0","0","0x02000369"
"DolocTown","BuilderIndicator","DolocTown.BuilderIndicator","class","public","DolocTown.GameEntity","","False","False","","3","2","1","0","0x0200036A"
"DolocTown","IBuilderState","DolocTown.IBuilderState","interface","public","","","True","False","","11","0","2","0","0x02000370"
"DolocTown","BuilderState`2","DolocTown.BuilderState`2","class","public","System.Object","DolocTown.IBuilderState","True","False","","49","10","10","0","0x02000371"
"DolocTown","BuildingBuilder","DolocTown.BuildingBuilder","class","public","DolocTown.BuilderState`2<DolocTown.ItemBuilding,DolocTown.Building>","","False","False","","32","17","6","0","0x02000372"
"","<>c","DolocTown.BuildingBuilder/<>c","class","private","System.Object","","False","True","DolocTown.BuildingBuilder","8","7","0","0","0x02000FA8"
"","<>c__DisplayClass44_0","DolocTown.BuildingBuilder/<>c__DisplayClass44_0","class","private","System.Object","","False","True","DolocTown.BuildingBuilder","2","2","0","0","0x02000FA9"
"DolocTown","EquipmentBuilder","DolocTown.EquipmentBuilder","class","public","DolocTown.BuilderState`2<DolocTown.ItemEquipment,DolocTown.Equipment>","","False","False","","25","5","4","0","0x02000373"
"DolocTown","PlatformBuilder","DolocTown.PlatformBuilder","class","public","DolocTown.BuilderState`2<DolocTown.ItemPlatform,DolocTown.Platform>","","False","False","","21","7","4","0","0x02000374"
"","<>c","DolocTown.PlatformBuilder/<>c","class","private","System.Object","","False","True","DolocTown.PlatformBuilder","3","2","0","0","0x02000FAA"
"DolocTown","BuildingBuilderRenderer","DolocTown.BuildingBuilderRenderer","class","public","System.Object","","False","False","","10","2","2","0","0x02000375"
"DolocTown","EquipmentBuilderRenderer","DolocTown.EquipmentBuilderRenderer","class","public","System.Object","","False","False","","12","5","9","0","0x02000376"
"DolocTown","PlatformBuilderRenderer","DolocTown.PlatformBuilderRenderer","class","public","System.Object","","False","False","","16","5","8","0","0x02000377"
"DolocTown","Equipment","DolocTown.Equipment","class","public","DolocTown.TerrainContent","DolocTown.IDismantleable | DolocTown.IDecal | RedSaw.IHasIndex | DolocTown.IDecalHost | DolocTown.IElectronicComponentContainer | DolocTown.IElectronicComponent | DolocTown.IWaterable","True","False","","120","16","43","0","0x0200037A"
"","WeatherDecoratorManager","DolocTown.Equipment/WeatherDecoratorManager","class","public","System.Object","","False","False","DolocTown.Equipment","28","6","3","0","0x02000FAB"
"","<>c__DisplayClass15_0","DolocTown.Equipment/WeatherDecoratorManager/<>c__DisplayClass15_0","class","private","System.Object","","False","True","DolocTown.Equipment/WeatherDecoratorManager","2","1","0","0","0x020012B0"
"","<>c","DolocTown.Equipment/WeatherDecoratorManager/<>c","class","private","System.Object","","False","True","DolocTown.Equipment/WeatherDecoratorManager","3","2","0","0","0x020012B1"
"","<>c__DisplayClass18_0","DolocTown.Equipment/WeatherDecoratorManager/<>c__DisplayClass18_0","class","private","System.Object","","False","True","DolocTown.Equipment/WeatherDecoratorManager","2","1","0","0","0x020012B2"
"DolocTown","BuilderTipBase","DolocTown.BuilderTipBase","class","public","System.Object","","True","False","","20","4","6","0","0x0200037D"
"DolocTown","BuildingItemBuilderTip","DolocTown.BuildingItemBuilderTip","class","public","DolocTown.BuilderTipBase","","False","False","","13","11","4","0","0x0200037E"
"DolocTown","DecalEquipmentItemBuilderTip","DolocTown.DecalEquipmentItemBuilderTip","class","public","DolocTown.BuilderTipBase","","False","False","","15","5","3","0","0x0200037F"
"","CachedHostData","DolocTown.DecalEquipmentItemBuilderTip/CachedHostData","class","private","System.Object","","False","False","DolocTown.DecalEquipmentItemBuilderTip","1","8","0","0","0x02000FAC"
"DolocTown","EquipmentItemBuilderTip","DolocTown.EquipmentItemBuilderTip","class","public","DolocTown.BuilderTipBase","","False","False","","19","11","4","0","0x02000380"
"DolocTown","PlatformItemBuilderTip","DolocTown.PlatformItemBuilderTip","class","public","DolocTown.BuilderTipBase","","False","False","","13","6","2","0","0x02000381"
"DolocTown","PlatformBuilderHelper","DolocTown.PlatformBuilderHelper","class","public","System.Object","","False","False","","19","9","7","0","0x02000382"
"DolocTown","Building","DolocTown.Building","class","public","DolocTown.TerrainContent","","False","False","","94","16","42","0","0x02000383"
"","<>c__DisplayClass106_0","DolocTown.Building/<>c__DisplayClass106_0","class","private","System.Object","","False","True","DolocTown.Building","4","4","0","0","0x02000FAD"
"","<>c__DisplayClass113_0","DolocTown.Building/<>c__DisplayClass113_0","class","private","System.Object","","False","True","DolocTown.Building","2","4","0","0","0x02000FAE"
"","<>c","DolocTown.Building/<>c","class","private","System.Object","","False","True","DolocTown.Building","4","3","0","0","0x02000FAF"
"DolocTown","BuildingGate","DolocTown.BuildingGate","class","public","DolocTown.GameEntity","DolocTown.IGate","False","False","","18","5","7","0","0x02000385"
"DolocTown","BuildingLinkGate","DolocTown.BuildingLinkGate","class","public","DolocTown.DolocObject","DolocTown.IGate","False","False","","26","6","9","0","0x02000386"
"DolocTown","BuildingLinkGateEditorHelper","DolocTown.BuildingLinkGateEditorHelper","class","public","UnityEngine.MonoBehaviour","","False","False","","7","0","0","0","0x02000387"
"DolocTown","BuildingLinkGateId","DolocTown.BuildingLinkGateId","struct","public","System.ValueType","","False","True","","2","2","0","0","0x02000388"
"DolocTown","BuildingLinkGateMap","DolocTown.BuildingLinkGateMap","class","public","System.Object","","False","False","","11","5","1","0","0x02000389"
"","<>c__DisplayClass14_0","DolocTown.BuildingLinkGateMap/<>c__DisplayClass14_0","class","private","System.Object","","False","True","DolocTown.BuildingLinkGateMap","2","1","0","0","0x02000FB0"
"","<>c","DolocTown.BuildingLinkGateMap/<>c","class","private","System.Object","","False","True","DolocTown.BuildingLinkGateMap","3","2","0","0","0x02000FB1"
"DolocTown","BuildingLinkInfo","DolocTown.BuildingLinkInfo","class","public","System.Object","","False","False","","15","7","4","0","0x0200038A"
"DolocTown","BuildingLinkInfoForCellar","DolocTown.BuildingLinkInfoForCellar","class","public","DolocTown.BuildingLinkInfo","","False","False","","2","4","1","0","0x0200038B"
"DolocTown","BuildingLinkType","DolocTown.BuildingLinkType","enum","public","System.Enum","","False","True","","0","5","0","0","0x0200038C"
"DolocTown","BuildingLinkTypePatch","DolocTown.BuildingLinkTypePatch","static class","public","System.Object","","True","True","","3","0","0","0","0x0200038D"
"DolocTown","BuildingManager","DolocTown.BuildingManager","class","public","System.Object","","False","False","","16","2","4","0","0x0200038E"
"DolocTown","BuildingSupport","DolocTown.BuildingSupport","class","public","System.Object","","False","False","","10","9","3","0","0x0200038F"
"","TileCache","DolocTown.BuildingSupport/TileCache","struct","private","System.ValueType","","False","True","DolocTown.BuildingSupport","1","7","0","0","0x02000FB2"
"","PlatformTileType","DolocTown.BuildingSupport/PlatformTileType","enum","private","System.Enum","","False","True","DolocTown.BuildingSupport","0","5","0","0","0x02000FB3"
"","SupportLayerType","DolocTown.BuildingSupport/SupportLayerType","enum","private","System.Enum","","False","True","DolocTown.BuildingSupport","0","7","0","0","0x02000FB4"
"","<>c","DolocTown.BuildingSupport/<>c","class","private","System.Object","","False","True","DolocTown.BuildingSupport","5","4","0","0","0x02000FB5"
"DolocTown","BuildingRenderer","DolocTown.BuildingRenderer","class","public","DolocTown.GameRendererEntity","","False","False","","17","4","6","0","0x02000390"
"","<GetAllQuitPositionsPair>d__14","DolocTown.CellarExtension/<GetAllQuitPositionsPair>d__14","class","private","System.Object","System.Collections.Generic.IEnumerable`1<System.ValueTuple`2<DolocTown.Building,UnityEngine.Vector2>> | System.Collections.IEnumerable | System.Collections.Generic.IEnumerator`1<System.ValueTuple`2<DolocTown.Building,UnityEngine.Vector2>> | System.Collections.IEnumerator | System.IDisposable","False","True","DolocTown.CellarExtension","9","6","2","0","0x02000FBA"
"DolocTown","BuildingWindow","DolocTown.BuildingWindow","class","public","DolocTown.GameEntity","","False","False","","2","0","0","0","0x02000394"
"DolocTown","EquipmentRoom","DolocTown.EquipmentRoom","class","public","DolocTown.Equipment","","False","False","","9","1","0","0","0x020003D8"
"DolocTown","EquipmentAnimation","DolocTown.EquipmentAnimation","class","public","DolocTown.Equipment","","False","False","","7","0","1","0","0x020003E9"
"DolocTown","TrampolineEquipment","DolocTown.TrampolineEquipment","class","public","DolocTown.Equipment","","False","False","","5","0","0","0","0x020003EC"
"DolocTown","EquipmentWorker","DolocTown.EquipmentWorker","class","public","DolocTown.Equipment","DolocTown.IEquipmentWorker","True","False","","32","8","11","0","0x020003F0"
"DolocTown","IEquipmentWorker","DolocTown.IEquipmentWorker","interface","public","","","True","False","","20","0","7","0","0x020003F1"
"DolocTown","IEquipmentWorkerRenderer","DolocTown.IEquipmentWorkerRenderer","interface","public","","","True","False","","7","1","0","0","0x020003F2"
"","WorkerRendererDefault","DolocTown.IEquipmentWorkerRenderer/WorkerRendererDefault","class","public","System.Object","DolocTown.IEquipmentWorkerRenderer","False","False","DolocTown.IEquipmentWorkerRenderer","7","0","0","0","0x02000FE7"
"DolocTown","EquipmentInteractableBridge","DolocTown.EquipmentInteractableBridge","class","public","System.Object","DolocTown.IInteractable","False","False","","6","1","2","0","0x020003F3"
"DolocTown","EquipmentManager","DolocTown.EquipmentManager","class","public","System.Object","","False","False","","26","5","3","0","0x020003F4"
"","<ForEachEquipments>d__23`1","DolocTown.EquipmentManager/<ForEachEquipments>d__23`1","class","private","System.Object","System.Collections.Generic.IEnumerable`1<T> | System.Collections.IEnumerable | System.Collections.Generic.IEnumerator`1<T> | System.Collections.IEnumerator | System.IDisposable","False","True","DolocTown.EquipmentManager","9","5","2","0","0x02000FE8"
"","<>c__DisplayClass25_0`1","DolocTown.EquipmentManager/<>c__DisplayClass25_0`1","class","private","System.Object","","False","True","DolocTown.EquipmentManager","2","2","0","0","0x02000FE9"
"","<>c__DisplayClass27_0","DolocTown.EquipmentManager/<>c__DisplayClass27_0","class","private","System.Object","","False","True","DolocTown.EquipmentManager","2","1","0","0","0x02000FEA"
"","<>c__DisplayClass31_0","DolocTown.EquipmentManager/<>c__DisplayClass31_0","class","private","System.Object","","False","True","DolocTown.EquipmentManager","2","1","0","0","0x02000FEB"
"DolocTown","EquipmentPatch","DolocTown.EquipmentPatch","static class","public","System.Object","","True","True","","16","0","0","0","0x020003F5"
"DolocTown","EquipmentRenderer","DolocTown.EquipmentRenderer","class","public","DolocTown.GameRendererEntity","","False","False","","31","8","7","0","0x020003F6"
"DolocTown","EquipmentRendererBasePatch","DolocTown.EquipmentRendererBasePatch","static class","public","System.Object","","True","True","","13","0","0","0","0x020003F7"
"DolocTown","EquipmentUtils","DolocTown.EquipmentUtils","static class","public","System.Object","","True","True","","8","1","0","0","0x020003F8"
"","<>c__DisplayClass1_0","DolocTown.EquipmentUtils/<>c__DisplayClass1_0","class","private","System.Object","","False","True","DolocTown.EquipmentUtils","2","1","0","0","0x02000FEC"
"","<>c","DolocTown.EquipmentUtils/<>c","class","private","System.Object","","False","True","DolocTown.EquipmentUtils","3","2","0","0","0x02000FED"
"DolocTown","ItemBuilding","DolocTown.ItemBuilding","class","public","DolocTown.Item","","False","False","","18","2","8","0","0x0200042D"
"DolocTown","ItemBuildingExterior","DolocTown.ItemBuildingExterior","class","public","DolocTown.Item","","False","False","","14","0","3","0","0x0200042E"
"","<>c","DolocTown.ItemBuildingExterior/<>c","class","private","System.Object","","False","True","DolocTown.ItemBuildingExterior","4","3","0","0","0x02000FFA"
"DolocTown","ItemEdenFruit","DolocTown.ItemEdenFruit","class","public","DolocTown.Item","","False","False","","7","0","0","0","0x0200043F"
"","<>c","DolocTown.ItemEdenFruit/<>c","class","private","System.Object","","False","True","DolocTown.ItemEdenFruit","3","2","0","0","0x02001004"
"DolocTown","ItemEquipment","DolocTown.ItemEquipment","class","public","DolocTown.Item","","False","False","","21","2","7","0","0x02000440"
"","<>c","DolocTown.ItemEquipment/<>c","class","private","System.Object","","False","True","DolocTown.ItemEquipment","3","2","0","0","0x02001005"
"DolocTown","BuildingPreset","DolocTown.BuildingPreset","class","public","DolocTown.ObjectPreset","","False","False","","6","3","4","0","0x0200048B"
"DolocTown","EquipmentPreset","DolocTown.EquipmentPreset","class","public","DolocTown.ObjectPreset","","False","False","","7","4","5","0","0x0200048C"
"","<get_Buildings>d__12","DolocTown.TemplateRoomInHouse/<get_Buildings>d__12","class","private","System.Object","System.Collections.Generic.IEnumerable`1<DolocTown.Building> | System.Collections.IEnumerable | System.Collections.Generic.IEnumerator`1<DolocTown.Building> | System.Collections.IEnumerator | System.IDisposable","False","True","DolocTown.TemplateRoomInHouse","9","5","2","0","0x02001031"
"DolocTown","GameStatePluginUiBackground","DolocTown.GameStatePluginUiBackground","class","public","DolocTown.GameStatePlugin","","False","False","","3","1","0","0","0x020004B1"
"DolocTown","DepthFogControllerBuilding","DolocTown.DepthFogControllerBuilding","class","public","DolocTown.GameEntity","","False","False","","10","9","0","0","0x020004C3"
"","<>c__DisplayClass17_0","DolocTown.DepthFogControllerBuilding/<>c__DisplayClass17_0","class","private","System.Object","","False","True","DolocTown.DepthFogControllerBuilding","2","2","0","0","0x02001045"
"DolocTown","EquipmentRendererComponentAttribute","DolocTown.EquipmentRendererComponentAttribute","class","public","System.Attribute","","False","False","","1","2","0","0","0x020004D7"
"DolocTown","EquipmentStateRenderer","DolocTown.EquipmentStateRenderer","class","public","DolocTown.GameEntity","","False","False","","8","1","0","0","0x020004D9"
"DolocTown","EquipmentParticleSystemRenderer","DolocTown.EquipmentParticleSystemRenderer","class","public","DolocTown.GameEntity","","False","False","","7","1","1","0","0x020004DF"
"DolocTown","CityEquipment","DolocTown.CityEquipment","class","public","DolocTown.InteractableObject","","False","False","","13","3","5","0","0x0200050E"
"DolocTown","CityEquipmentLogic","DolocTown.CityEquipmentLogic","class","public","DolocTown.InteractableObjectLogic","","False","False","","9","1","2","0","0x0200050F"
"DolocTown","SceneLightBuildingGateContent","DolocTown.SceneLightBuildingGateContent","class","public","DolocTown.SceneLight","","False","False","","4","1","0","0","0x02000542"
"DolocTown","BuildingMaterial","DolocTown.BuildingMaterial","class","public","DolocTown.DolocObject","","False","False","","3","3","0","0","0x02000554"
"DolocTown","AgentEquipmentFunction","DolocTown.AgentEquipmentFunction","class","public","System.Object","","True","False","","17","5","3","0","0x020005B7"
"DolocTown","AgentEquipmentFunctionAmoeba","DolocTown.AgentEquipmentFunctionAmoeba","class","public","DolocTown.AgentEquipmentFunction","","False","False","","1","0","0","0","0x020005B8"
"DolocTown","AgentEquipmentFunctionAreaSpeedUp","DolocTown.AgentEquipmentFunctionAreaSpeedUp","class","public","DolocTown.AgentEquipmentFunction","","False","False","","3","1","0","0","0x020005B9"
"","<>c__DisplayClass2_0","DolocTown.AgentEquipmentFunctionAreaSpeedUp/<>c__DisplayClass2_0","class","private","System.Object","","False","True","DolocTown.AgentEquipmentFunctionAreaSpeedUp","2","1","0","0","0x02001081"
"DolocTown","AgentEquipmentFunctionCook","DolocTown.AgentEquipmentFunctionCook","class","public","DolocTown.AgentEquipmentFunction","","False","False","","1","1","0","0","0x020005BA"
"DolocTown","AgentEquipmentFunctionCounterBack","DolocTown.AgentEquipmentFunctionCounterBack","class","public","DolocTown.AgentEquipmentFunction","","False","False","","2","1","0","0","0x020005BB"
"DolocTown","AgentEquipmentFunctionDashCdCooler","DolocTown.AgentEquipmentFunctionDashCdCooler","class","public","DolocTown.AgentEquipmentFunction","","False","False","","2","1","0","0","0x020005BC"
"DolocTown","AgentEquipmentFunctionDisguise","DolocTown.AgentEquipmentFunctionDisguise","class","public","DolocTown.AgentEquipmentFunction","","False","False","","2","1","0","0","0x020005BD"
"DolocTown","AgentEquipmentFunctionExtraResource","DolocTown.AgentEquipmentFunctionExtraResource","class","public","DolocTown.AgentEquipmentFunction","","False","False","","2","2","0","0","0x020005BE"
"","<>c__DisplayClass3_0","DolocTown.AgentEquipmentFunctionExtraResource/<>c__DisplayClass3_0","class","private","System.Object","","False","True","DolocTown.AgentEquipmentFunctionExtraResource","2","2","0","0","0x02001082"
"DolocTown","AgentEquipmentFunctionFellCountAdditionOre","DolocTown.AgentEquipmentFunctionFellCountAdditionOre","class","public","DolocTown.AgentEquipmentFunction","","False","False","","2","1","0","0","0x020005BF"
"DolocTown","AgentEquipmentFunctionFishTank","DolocTown.AgentEquipmentFunctionFishTank","class","public","DolocTown.AgentEquipmentFunction","","False","False","","4","2","1","0","0x020005C0"
"DolocTown","AgentEquipmentFunctionFoodEffectsAddition","DolocTown.AgentEquipmentFunctionFoodEffectsAddition","class","public","DolocTown.AgentEquipmentFunction","","False","False","","2","1","0","0","0x020005C1"
"","<>c__DisplayClass2_0","DolocTown.AgentEquipmentFunctionFoodEffectsAddition/<>c__DisplayClass2_0","class","private","System.Object","","False","True","DolocTown.AgentEquipmentFunctionFoodEffectsAddition","2","1","0","0","0x02001083"
"DolocTown","AgentEquipmentFunctionGrandmasButton","DolocTown.AgentEquipmentFunctionGrandmasButton","class","public","DolocTown.AgentEquipmentFunction","","False","False","","2","0","0","0","0x020005C2"
"DolocTown","AgentEquipmentFunctionHerbPackage","DolocTown.AgentEquipmentFunctionHerbPackage","class","public","DolocTown.AgentEquipmentFunction","","False","False","","3","2","1","0","0x020005C3"
"DolocTown","AgentEquipmentFunctionImmuneAcidRain","DolocTown.AgentEquipmentFunctionImmuneAcidRain","class","public","DolocTown.AgentEquipmentFunction","","False","False","","2","0","0","0","0x020005C4"
"DolocTown","AgentEquipmentFunctionIncreaseCriticalRate","DolocTown.AgentEquipmentFunctionIncreaseCriticalRate","class","public","DolocTown.AgentEquipmentFunction","","False","False","","2","1","0","0","0x020005C5"
"DolocTown","AgentEquipmentFunctionLightningConductor","DolocTown.AgentEquipmentFunctionLightningConductor","class","public","DolocTown.AgentEquipmentFunction","","False","False","","3","3","0","0","0x020005C6"
"DolocTown","AgentEquipmentFunctionMimeticAffinity","DolocTown.AgentEquipmentFunctionMimeticAffinity","class","public","DolocTown.AgentEquipmentFunction","","False","False","","2","0","1","0","0x020005C7"
"DolocTown","AgentEquipmentFunctionShepherd","DolocTown.AgentEquipmentFunctionShepherd","class","public","DolocTown.AgentEquipmentFunction","","False","False","","2","1","0","0","0x020005C8"
"DolocTown","AgentEquipmentFunctionShield","DolocTown.AgentEquipmentFunctionShield","class","public","DolocTown.AgentEquipmentFunction","DolocTown.IAgentEquipmentShieldItem","False","False","","3","2","1","0","0x020005C9"
"DolocTown","IAgentEquipmentShieldItem","DolocTown.IAgentEquipmentShieldItem","interface","public","","","True","False","","2","0","1","0","0x020005CA"
"DolocTown","BuildingScanner","DolocTown.BuildingScanner","class","public","DolocTown.Scanner`1<DolocTown.Building>","","False","False","","9","5","1","0","0x020005DD"
"DolocTown","IBuildingHost","DolocTown.IBuildingHost","interface","public","","DolocTown.IBaseHost","True","False","","36","0","2","0","0x020005FB"
"","<>c","DolocTown.IBuildingHost/<>c","class","private","System.Object","","False","True","DolocTown.IBuildingHost","5","4","0","0","0x0200109E"
"","<>c__DisplayClass30_0","DolocTown.IBuildingHost/<>c__DisplayClass30_0","class","private","System.Object","","False","True","DolocTown.IBuildingHost","2","1","0","0","0x0200109F"
"","<>c__DisplayClass36_0","DolocTown.IBuildingHost/<>c__DisplayClass36_0","class","private","System.Object","","False","True","DolocTown.IBuildingHost","2","1","0","0","0x020010A0"
"","<>c__DisplayClass37_0","DolocTown.IBuildingHost/<>c__DisplayClass37_0","class","private","System.Object","","False","True","DolocTown.IBuildingHost","2","1","0","0","0x020010A1"
"DolocTown","IEquipmentHost","DolocTown.IEquipmentHost","interface","public","","DolocTown.IBaseHost","True","False","","50","0","8","0","0x020005FF"
"","<get_AllEquipmentsIncludeSubrooms>d__13","DolocTown.IEquipmentHost/<get_AllEquipmentsIncludeSubrooms>d__13","class","private","System.Object","System.Collections.Generic.IEnumerable`1<DolocTown.Equipment> | System.Collections.IEnumerable | System.Collections.Generic.IEnumerator`1<DolocTown.Equipment> | System.Collections.IEnumerator | System.IDisposable","False","True","DolocTown.IEquipmentHost","11","6","2","0","0x020010A5"
"","<>c__DisplayClass22_0","DolocTown.IEquipmentHost/<>c__DisplayClass22_0","class","private","System.Object","","False","True","DolocTown.IEquipmentHost","2","1","0","0","0x020010A6"
"","<>c","DolocTown.IEquipmentHost/<>c","class","private","System.Object","","False","True","DolocTown.IEquipmentHost","6","5","0","0","0x020010A7"
"DolocTown","EquipmentHostPatch_OfCrop","DolocTown.EquipmentHostPatch_OfCrop","static class","public","System.Object","","True","True","","2","0","0","0","0x02000600"
"DolocTown","DolocGameUiState","DolocTown.DolocGameUiState","class","public","DolocTownGameStateBase","","True","False","","32","4","7","0","0x02000613"
"DolocTown","DolocGameUiStateManager","DolocTown.DolocGameUiStateManager","class","public","System.Object","","False","False","","10","1","0","0","0x02000614"
"DolocTown","DolocUiState`1","DolocTown.DolocUiState`1","class","public","DolocTown.DolocGameUiState","","True","False","","26","2","7","0","0x02000615"
"DolocTown","AllDocumentUiState","DolocTown.AllDocumentUiState","class","public","DolocTown.UI.PageUiStateBase`2<DolocTown.UI.DocumentPanel,DolocTown.UI.DocumentData>","","False","False","","9","1","4","0","0x02000616"
"DolocTown","ChipDocumentUiState","DolocTown.ChipDocumentUiState","class","public","DolocTown.UI.PageUiStateBase`2<DolocTown.UI.DocumentPanel,DolocTown.UI.DocumentData>","","False","False","","5","0","2","0","0x02000617"
"DolocTown","PlantDocumentUiState","DolocTown.PlantDocumentUiState","class","public","DolocTown.UI.PageUiStateBase`2<DolocTown.UI.DocumentPanel,DolocTown.UI.DocumentData>","","False","False","","5","0","2","0","0x02000618"
"DolocTown","ChipSubmitUiState","DolocTown.ChipSubmitUiState","class","public","DolocTown.SubmitMultipleItemsUiStateBase","","False","False","","6","0","1","0","0x02000619"
"DolocTown","PlantSubmitUiState","DolocTown.PlantSubmitUiState","class","public","DolocTown.SubmitMultipleItemsUiStateBase","","False","False","","6","0","1","0","0x0200061A"
"DolocTown","SubmitMultipleItemsUiStateBase","DolocTown.SubmitMultipleItemsUiStateBase","class","public","DolocTown.DolocUiState`1<DolocTown.UI.BackpackBottomPanel>","","True","False","","17","0","2","0","0x0200061B"
"","<>c","DolocTown.SubmitMultipleItemsUiStateBase/<>c","class","private","System.Object","","False","True","DolocTown.SubmitMultipleItemsUiStateBase","3","2","0","0","0x020010B3"
"DolocTown","SubmitSingleItemsUiStateBase","DolocTown.SubmitSingleItemsUiStateBase","class","public","DolocTown.DolocUiState`1<DolocTown.UI.BackpackBottomPanel>","","True","False","","19","0","2","0","0x0200061C"
"","<>c__DisplayClass13_0","DolocTown.SubmitSingleItemsUiStateBase/<>c__DisplayClass13_0","class","private","System.Object","","False","True","DolocTown.SubmitSingleItemsUiStateBase","2","5","0","0","0x020010B4"
"DolocTown","BuildingPanelUiState","DolocTown.BuildingPanelUiState","class","public","DolocTown.UI.PageUiStateBase`2<DolocTown.UI.BuildingPanel,DolocTown.UI.BuildingData>","","False","False","","14","4","2","0","0x0200061D"
"","<>c","DolocTown.BuildingPanelUiState/<>c","class","private","System.Object","","False","True","DolocTown.BuildingPanelUiState","3","2","0","0","0x020010B5"
"","<>c__DisplayClass13_0","DolocTown.BuildingPanelUiState/<>c__DisplayClass13_0","class","private","System.Object","","False","True","DolocTown.BuildingPanelUiState","3","4","0","0","0x020010B6"
"DolocTown","EquipmentSortMode","DolocTown.EquipmentSortMode","enum","public","System.Enum","","False","True","","0","3","0","0","0x0200061E"
"DolocTown","EquipmentPanelUiState","DolocTown.EquipmentPanelUiState","class","public","DolocTown.UI.PageUiStateBase`2<DolocTown.UI.EquipmentPanel,DolocTown.UI.EquipmentData>","","False","False","","44","9","5","0","0x0200061F"
"","<>c","DolocTown.EquipmentPanelUiState/<>c","class","private","System.Object","","False","True","DolocTown.EquipmentPanelUiState","5","4","0","0","0x020010B7"
"","<>c__DisplayClass36_0","DolocTown.EquipmentPanelUiState/<>c__DisplayClass36_0","class","private","System.Object","","False","True","DolocTown.EquipmentPanelUiState","2","4","0","0","0x020010B8"
"","<>c__DisplayClass36_1","DolocTown.EquipmentPanelUiState/<>c__DisplayClass36_1","class","private","System.Object","","False","True","DolocTown.EquipmentPanelUiState","2","2","0","0","0x020010B9"
"DolocTown","PlatformPanelUiState","DolocTown.PlatformPanelUiState","class","public","DolocTown.UI.PageUiStateBase`2<DolocTown.UI.PlatformPanel,DolocTown.UI.PlatformData>","","False","False","","13","3","2","0","0x02000620"
"DolocTown","RecipePanelUiState","DolocTown.RecipePanelUiState","class","public","DolocTown.DolocUiState`1<DolocTown.UI.CookPanel>","","False","False","","48","20","12","0","0x02000621"
"","<>c__DisplayClass54_0","DolocTown.RecipePanelUiState/<>c__DisplayClass54_0","class","private","System.Object","","False","True","DolocTown.RecipePanelUiState","2","3","0","0","0x020010BA"
"","<>c__DisplayClass56_0","DolocTown.RecipePanelUiState/<>c__DisplayClass56_0","class","private","System.Object","","False","True","DolocTown.RecipePanelUiState","2","2","0","0","0x020010BB"
"","<>c__DisplayClass75_0","DolocTown.RecipePanelUiState/<>c__DisplayClass75_0","class","private","System.Object","","False","True","DolocTown.RecipePanelUiState","3","2","0","0","0x020010BC"
"DolocTown","ConfirmUiState","DolocTown.ConfirmUiState","class","public","DolocTown.DolocUiState`1<DolocTown.UI.ConfirmBox>","","False","False","","11","1","1","0","0x02000622"
"DolocTown","DemoEndUiSate","DolocTown.DemoEndUiSate","class","public","DolocTown.DolocUiState`1<DolocTown.UI.DemoEndBox>","","False","False","","8","0","2","0","0x02000623"
"DolocTown","InputBirthdayUiState","DolocTown.InputBirthdayUiState","class","public","DolocTown.DolocUiState`1<DolocTown.UI.InputBirthdayBox>","","False","False","","11","4","2","0","0x02000624"
"","<>c__DisplayClass7_0","DolocTown.InputBirthdayUiState/<>c__DisplayClass7_0","class","private","System.Object","","False","True","DolocTown.InputBirthdayUiState","2","3","0","0","0x020010BD"
"DolocTown","InputNameUiState","DolocTown.InputNameUiState","class","public","DolocTown.DolocUiState`1<DolocTown.UI.InputNameBox>","","False","False","","10","1","2","0","0x02000625"
"","<>c__DisplayClass6_0","DolocTown.InputNameUiState/<>c__DisplayClass6_0","class","private","System.Object","","False","True","DolocTown.InputNameUiState","2","2","0","0","0x020010BE"
"DolocTown","LargeQuesitionUiState","DolocTown.LargeQuesitionUiState","class","public","DolocTown.DolocUiState`1<DolocTown.UI.QuestionBoxLarge>","","False","False","","12","3","1","0","0x02000626"
"DolocTown","PendingUiState","DolocTown.PendingUiState","class","public","DolocTown.DolocUiState`1<DolocTown.UI.PendingBox>","","False","False","","7","0","1","0","0x02000627"
"DolocTown","QuestionUiState","DolocTown.QuestionUiState","class","public","DolocTown.DolocUiState`1<DolocTown.UI.QuestionBox>","","False","False","","12","3","1","0","0x02000628"
"DolocTown","KillTimeUiState","DolocTown.KillTimeUiState","class","public","DolocTown.DolocUiState`1<DolocTown.UI.DialogueOptionPanel>","","False","False","","10","5","1","0","0x02000629"
"","<>c__DisplayClass7_0","DolocTown.KillTimeUiState/<>c__DisplayClass7_0","class","private","System.Object","","False","True","DolocTown.KillTimeUiState","5","2","0","0","0x020010BF"
"DolocTown","OptionUiState","DolocTown.OptionUiState","class","public","DolocTown.DolocUiState`1<DolocTown.UI.DialogueOptionPanel>","","False","False","","9","2","1","0","0x0200062A"
"DolocTown","SleepUiState","DolocTown.SleepUiState","class","public","DolocTown.DolocUiState`1<DolocTown.UI.DialogueOptionPanel>","","False","False","","16","1","3","0","0x0200062B"
"","<>c__DisplayClass17_0","DolocTown.SleepUiState/<>c__DisplayClass17_0","class","private","System.Object","","False","True","DolocTown.SleepUiState","2","6","0","0","0x020010C0"
"DolocTown","EnvOptimizerSubmitUiState","DolocTown.EnvOptimizerSubmitUiState","class","public","DolocTown.ContainerBaseUiState","","False","False","","17","2","6","0","0x0200062D"
"DolocTown","EnvOptimizerUiState","DolocTown.EnvOptimizerUiState","class","public","DolocTown.DolocUiState`1<DolocTown.UI.EnvOptimizerPanel>","","False","False","","21","3","4","0","0x0200062E"
"","<>c__DisplayClass15_0","DolocTown.EnvOptimizerUiState/<>c__DisplayClass15_0","class","private","System.Object","","False","True","DolocTown.EnvOptimizerUiState","2","2","0","0","0x020010C1"
"DolocTown","AutomateBotUiState","DolocTown.AutomateBotUiState","class","public","DolocTown.DolocUiState`1<DolocTown.UI.AutomateBotPanel>","","False","False","","27","4","5","0","0x0200062F"
"DolocTown","GlobalBuilderState","DolocTown.GlobalBuilderState","class","public","DolocTownGameStateBase","","False","False","","44","14","14","0","0x02000630"
"","<>c__DisplayClass47_0","DolocTown.GlobalBuilderState/<>c__DisplayClass47_0","class","private","System.Object","","False","True","DolocTown.GlobalBuilderState","2","1","0","0","0x020010C2"
"","<>c","DolocTown.GlobalBuilderState/<>c","class","private","System.Object","","False","True","DolocTown.GlobalBuilderState","4","3","0","0","0x020010C3"
"DolocTown","DeveloperListUiState","DolocTown.DeveloperListUiState","class","public","DolocTown.DolocUiState`1<DolocTown.UI.DeveloperListPanel>","","False","False","","12","6","6","0","0x02000631"
"DolocTown","GameDataUiState","DolocTown.GameDataUiState","class","public","DolocTown.DolocUiState`1<DolocTown.UI.GameDataPanel>","","False","False","","17","2","3","0","0x02000632"
"","<>c__DisplayClass13_0","DolocTown.GameDataUiState/<>c__DisplayClass13_0","class","private","System.Object","","False","True","DolocTown.GameDataUiState","3","2","0","0","0x020010C4"
"","<>c__DisplayClass13_1","DolocTown.GameDataUiState/<>c__DisplayClass13_1","class","private","System.Object","","False","True","DolocTown.GameDataUiState","3","3","0","0","0x020010C5"
"DolocTown","ButtonAction","DolocTown.ButtonAction","class","public","System.Object","","False","False","","4","3","2","0","0x02000633"
"DolocTown","HomePageUiState","DolocTown.HomePageUiState","class","public","DolocTown.DolocUiState`1<DolocTown.UI.HomePage>","","False","False","","24","3","3","0","0x02000634"
"","<>c","DolocTown.HomePageUiState/<>c","class","private","System.Object","","False","True","DolocTown.HomePageUiState","7","6","0","0","0x020010C6"
"DolocTown","ModChangeListUiState","DolocTown.ModChangeListUiState","class","public","DolocTown.DolocUiState`1<DolocTown.UI.ModChangeListPanel>","","False","False","","12","3","1","0","0x02000635"
"DolocTown","ModUiState","DolocTown.ModUiState","class","public","DolocTown.UI.PageUiStateBase`2<DolocTown.UI.ModPanel,DolocTown.UI.ModData>","","False","False","","46","4","8","0","0x02000636"
"","<>c","DolocTown.ModUiState/<>c","class","private","System.Object","","False","True","DolocTown.ModUiState","6","5","0","0","0x020010C7"
"","<>c__DisplayClass31_0","DolocTown.ModUiState/<>c__DisplayClass31_0","class","private","System.Object","","False","True","DolocTown.ModUiState","2","3","0","0","0x020010C8"
"","<>c__DisplayClass41_0","DolocTown.ModUiState/<>c__DisplayClass41_0","class","private","System.Object","","False","True","DolocTown.ModUiState","2","3","0","0","0x020010C9"
"","<>c__DisplayClass43_0","DolocTown.ModUiState/<>c__DisplayClass43_0","class","private","System.Object","","False","True","DolocTown.ModUiState","3","3","0","0","0x020010CA"
"","<>c__DisplayClass43_1","DolocTown.ModUiState/<>c__DisplayClass43_1","class","private","System.Object","","False","True","DolocTown.ModUiState","2","2","0","0","0x020010CB"
"DolocTown","UpdateLogUiState","DolocTown.UpdateLogUiState","class","public","DolocTown.DolocUiState`1<DolocTown.UI.UpdateLogPanel>","","False","False","","9","0","2","0","0x02000637"
"DolocTown","ContainerBaseUiState","DolocTown.ContainerBaseUiState","class","public","DolocTown.DolocUiState`1<DolocTown.UI.ContainerPanel>","","True","False","","65","16","23","0","0x02000638"
"","<>c__DisplayClass100_0","DolocTown.ContainerBaseUiState/<>c__DisplayClass100_0","class","private","System.Object","","False","True","DolocTown.ContainerBaseUiState","3","2","0","0","0x020010CC"
"DolocTown","RenamingUiState","DolocTown.RenamingUiState","class","public","DolocTown.DolocUiState`1<DolocTown.UI.RenamingBox>","","False","False","","12","3","2","0","0x02000639"
"DolocTown","ConversionRecipeUiState","DolocTown.ConversionRecipeUiState","class","public","DolocTown.ContainerBaseUiState","","False","False","","23","10","2","0","0x0200063A"
"DolocTown","DungeonCaseUiState","DolocTown.DungeonCaseUiState","class","public","DolocTown.ContainerBaseUiState","","False","False","","13","0","5","0","0x0200063B"
"DolocTown","EquipmentBarUiState","DolocTown.EquipmentBarUiState","class","public","DolocTown.DolocUiState`1<DolocTown.UI.EquipmentBarPanel>","","False","False","","53","4","13","0","0x0200063C"
"","<>c__DisplayClass49_0","DolocTown.EquipmentBarUiState/<>c__DisplayClass49_0","class","private","System.Object","","False","True","DolocTown.EquipmentBarUiState","3","2","0","0","0x020010CD"
"DolocTown","FarmCaseUiState","DolocTown.FarmCaseUiState","class","public","DolocTown.ContainerBaseUiState","","False","False","","12","1","3","0","0x0200063D"
"","<>c__DisplayClass7_0","DolocTown.FarmCaseUiState/<>c__DisplayClass7_0","class","private","System.Object","","False","True","DolocTown.FarmCaseUiState","4","4","0","0","0x020010CE"
"DolocTown","FarmingGunUiState","DolocTown.FarmingGunUiState","class","public","DolocTown.ContainerBaseUiState","","False","False","","13","0","1","0","0x0200063E"
"DolocTown","FishTankUiState","DolocTown.FishTankUiState","class","public","DolocTown.ContainerBaseUiState","","False","False","","32","7","6","0","0x0200063F"
"","<>c","DolocTown.FishTankUiState/<>c","class","private","System.Object","","False","True","DolocTown.FishTankUiState","5","4","0","0","0x020010CF"
"DolocTown","GarbageShredderUiState","DolocTown.GarbageShredderUiState","class","public","DolocTown.ContainerBaseUiState","","False","False","","22","4","2","0","0x02000640"
"DolocTown","ParkingApronUiState","DolocTown.ParkingApronUiState","class","public","DolocTown.ContainerBaseUiState","","False","False","","17","1","2","0","0x02000641"
"DolocTown","SacrificeBoxUiState","DolocTown.SacrificeBoxUiState","class","public","DolocTown.ContainerBaseUiState","","False","False","","11","0","4","0","0x02000642"
"DolocTown","StorageShelfUiState","DolocTown.StorageShelfUiState","class","public","DolocTown.DolocUiState`1<DolocTown.UI.StorageShelfPanel>","","False","False","","52","7","10","0","0x02000643"
"","<>c__DisplayClass29_0","DolocTown.StorageShelfUiState/<>c__DisplayClass29_0","class","private","System.Object","","False","True","DolocTown.StorageShelfUiState","8","2","0","0","0x020010D0"
"","<>c","DolocTown.StorageShelfUiState/<>c","class","private","System.Object","","False","True","DolocTown.StorageShelfUiState","7","6","0","0","0x020010D1"
"","<>c__DisplayClass36_0","DolocTown.StorageShelfUiState/<>c__DisplayClass36_0","class","private","System.Object","","False","True","DolocTown.StorageShelfUiState","2","2","0","0","0x020010D2"
"","<>c__DisplayClass40_0","DolocTown.StorageShelfUiState/<>c__DisplayClass40_0","class","private","System.Object","","False","True","DolocTown.StorageShelfUiState","3","2","0","0","0x020010D3"
"","<>c__DisplayClass45_0","DolocTown.StorageShelfUiState/<>c__DisplayClass45_0","class","private","System.Object","","False","True","DolocTown.StorageShelfUiState","2","1","0","0","0x020010D4"
"DolocTown","TeleportUiState","DolocTown.TeleportUiState","class","public","DolocTown.DolocUiState`1<DolocTown.UI.TeleportPanel>","","False","False","","20","5","5","0","0x02000644"
"","<>c","DolocTown.TeleportUiState/<>c","class","private","System.Object","","False","True","DolocTown.TeleportUiState","3","2","0","0","0x020010D5"
"DolocTown","InstructionUiState","DolocTown.InstructionUiState","class","public","DolocTown.DolocUiState`1<DolocTown.UI.TutorialPanel>","","False","False","","11","1","3","0","0x02000645"
"DolocTown","MainMenuUiState","DolocTown.MainMenuUiState","class","public","DolocTown.DolocUiState`1<DolocTown.UI.MainMenuPanel>","","False","False","","18","2","6","0","0x02000646"
"","<>c","DolocTown.MainMenuUiState/<>c","class","private","System.Object","","False","True","DolocTown.MainMenuUiState","6","5","0","0","0x020010D6"
"DolocTown","SmallTextMenuUiState","DolocTown.SmallTextMenuUiState","class","public","DolocTown.DolocUiState`1<DolocTown.UI.SmallTextMenu>","","False","False","","8","3","0","0","0x02000647"
"DolocTown","SystemMenuUiState","DolocTown.SystemMenuUiState","class","public","DolocTown.DolocUiState`1<DolocTown.UI.TextMenu>","","False","False","","8","0","0","0","0x02000648"
"","<>c","DolocTown.SystemMenuUiState/<>c","class","private","System.Object","","False","True","DolocTown.SystemMenuUiState","3","2","0","0","0x020010D7"
"DolocTown","BoardMissionUiState","DolocTown.BoardMissionUiState","class","public","DolocTown.DolocUiState`1<DolocTown.UI.BoardMissionPanel>","","False","False","","12","0","3","0","0x02000649"
"DolocTown","FactionMissionUiState","DolocTown.FactionMissionUiState","class","public","DolocTown.DolocUiState`1<DolocTown.UI.FactionMissionPanel>","","False","False","","29","7","10","0","0x0200064A"
"","<>c__DisplayClass30_0","DolocTown.FactionMissionUiState/<>c__DisplayClass30_0","class","private","System.Object","","False","True","DolocTown.FactionMissionUiState","2","5","0","0","0x020010D8"
"","<>c__DisplayClass35_0","DolocTown.FactionMissionUiState/<>c__DisplayClass35_0","class","private","System.Object","","False","True","DolocTown.FactionMissionUiState","2","2","0","0","0x020010D9"
"","<>c","DolocTown.FactionMissionUiState/<>c","class","private","System.Object","","False","True","DolocTown.FactionMissionUiState","3","2","0","0","0x020010DA"
"DolocTown","MissionPanelUiState","DolocTown.MissionPanelUiState","class","public","DolocTown.UI.PageUiStateBase`2<DolocTown.UI.MissionPanel,DolocTown.UI.MissionData>","","False","False","","12","3","4","0","0x0200064B"
"","<>c","DolocTown.MissionPanelUiState/<>c","class","private","System.Object","","False","True","DolocTown.MissionPanelUiState","6","5","0","0","0x020010DB"
"DolocTown","GiveGiftToNPCUiState","DolocTown.GiveGiftToNPCUiState","class","public","DolocTown.SubmitSingleItemsUiStateBase","","False","False","","7","2","0","0","0x0200064C"
"DolocTown","SubmitItemToNpcUiState","DolocTown.SubmitItemToNpcUiState","class","public","DolocTown.SubmitSingleItemsUiStateBase","","False","False","","16","3","1","0","0x0200064E"
"","<>c__DisplayClass7_0","DolocTown.SubmitItemToNpcUiState/<>c__DisplayClass7_0","class","private","System.Object","","False","True","DolocTown.SubmitItemToNpcUiState","2","1","0","0","0x020010DC"
"","<>c","DolocTown.SubmitItemToNpcUiState/<>c","class","private","System.Object","","False","True","DolocTown.SubmitItemToNpcUiState","3","2","0","0","0x020010DD"
"DolocTown","AnimalPanelUiState","DolocTown.AnimalPanelUiState","class","public","DolocTown.UI.PageUiStateBase`2<DolocTown.UI.AnimalPanel,DolocTown.UI.AnimalFullInfoData>","","False","False","","15","5","1","0","0x0200064F"
"DolocTown","CalendarUiState","DolocTown.CalendarUiState","class","public","DolocTown.DolocUiState`1<DolocTown.UI.CalendarPanel>","","False","False","","15","1","4","0","0x02000650"
"","<>c__DisplayClass12_0","DolocTown.CalendarUiState/<>c__DisplayClass12_0","class","private","System.Object","","False","True","DolocTown.CalendarUiState","2","2","0","0","0x020010DE"
"","<>c__DisplayClass18_0","DolocTown.CalendarUiState/<>c__DisplayClass18_0","class","private","System.Object","","False","True","DolocTown.CalendarUiState","3","3","0","0","0x020010DF"
"DolocTown","CollectionBookUiState","DolocTown.CollectionBookUiState","class","public","DolocTown.DolocUiState`1<DolocTown.UI.CollectionBookPanel>","","False","False","","50","11","16","0","0x02000651"
"","<>c__DisplayClass39_0","DolocTown.CollectionBookUiState/<>c__DisplayClass39_0","class","private","System.Object","","False","True","DolocTown.CollectionBookUiState","2","2","0","0","0x020010E0"
"","<>c","DolocTown.CollectionBookUiState/<>c","class","private","System.Object","","False","True","DolocTown.CollectionBookUiState","9","8","0","0","0x020010E1"
"DolocTown","DialogueHistoryUiState","DolocTown.DialogueHistoryUiState","class","public","DolocTown.DolocUiState`1<DolocTown.UI.DialogueHistoryPanel>","","False","False","","9","0","3","0","0x02000652"
"DolocTown","DronePanelUiState","DolocTown.DronePanelUiState","class","public","DolocTown.DolocUiState`1<DolocTown.UI.DronePanel>","","False","False","","29","3","6","0","0x02000653"
"","<>c__DisplayClass18_0","DolocTown.DronePanelUiState/<>c__DisplayClass18_0","class","private","System.Object","","False","True","DolocTown.DronePanelUiState","2","4","0","0","0x020010E2"
"","<>c__DisplayClass27_0","DolocTown.DronePanelUiState/<>c__DisplayClass27_0","class","private","System.Object","","False","True","DolocTown.DronePanelUiState","2","3","0","0","0x020010E3"
"DolocTown","EmailPanelUiState","DolocTown.EmailPanelUiState","class","public","DolocTown.UI.PageUiStateBase`2<DolocTown.UI.EmailPanel,DolocTown.UI.EmailData>","","False","False","","21","3","5","0","0x02000654"
"","<>c","DolocTown.EmailPanelUiState/<>c","class","private","System.Object","","False","True","DolocTown.EmailPanelUiState","7","6","0","0","0x020010E4"
"DolocTown","LongTextInputUiState","DolocTown.LongTextInputUiState","class","public","DolocTown.DolocUiState`1<DolocTown.UI.LongTextInputBox>","","False","False","","11","1","2","0","0x02000655"
"DolocTown","RecruitPanelUiState","DolocTown.RecruitPanelUiState","class","public","DolocTown.DolocUiState`1<DolocTown.UI.TreatyPortPanel>","","False","False","","13","2","4","0","0x02000656"
"","<>c","DolocTown.RecruitPanelUiState/<>c","class","private","System.Object","","False","True","DolocTown.RecruitPanelUiState","3","2","0","0","0x020010E5"
"DolocTown","SeedUnLockUiState","DolocTown.SeedUnLockUiState","class","public","DolocTown.UI.PageUiStateBase`2<DolocTown.UI.SeedUnLockPanel,DolocTown.UI.SeedUnLockData>","","False","False","","14","2","3","0","0x02000657"
"","<>c","DolocTown.SeedUnLockUiState/<>c","class","private","System.Object","","False","True","DolocTown.SeedUnLockUiState","3","2","0","0","0x020010E6"
"","<>c__DisplayClass11_0","DolocTown.SeedUnLockUiState/<>c__DisplayClass11_0","class","private","System.Object","","False","True","DolocTown.SeedUnLockUiState","2","2","0","0","0x020010E7"
"DolocTown","SettingPanelUiState","DolocTown.SettingPanelUiState","class","public","DolocTown.DolocUiState`1<DolocTown.UI.SettingPanel>","","False","False","","27","3","3","0","0x02000658"
"DolocTown","TechTreeUiState","DolocTown.TechTreeUiState","class","public","DolocTown.DolocUiState`1<DolocTown.UI.TechTreePanel>","","False","False","","34","4","8","0","0x02000659"
"","<>c__DisplayClass20_0","DolocTown.TechTreeUiState/<>c__DisplayClass20_0","class","private","System.Object","","False","True","DolocTown.TechTreeUiState","3","3","0","0","0x020010E8"
"","<>c","DolocTown.TechTreeUiState/<>c","class","private","System.Object","","False","True","DolocTown.TechTreeUiState","6","5","0","0","0x020010E9"
"DolocTown","TutorialPanelUiState","DolocTown.TutorialPanelUiState","class","public","DolocTown.DolocUiState`1<DolocTown.UI.TutorialPanel>","","False","False","","9","0","1","0","0x0200065A"
"DolocTown","WeatherReportUiState","DolocTown.WeatherReportUiState","class","public","DolocTown.DolocUiState`1<DolocTown.UI.WeatherReportPanel>","","False","False","","7","0","1","0","0x0200065B"
"DolocTown","BackpackUpgradeUiState","DolocTown.BackpackUpgradeUiState","class","public","DolocTown.DolocUiState`1<DolocTown.UI.BackpackUpPanel>","","False","False","","13","2","3","0","0x0200065C"
"DolocTown","StoreUiState","DolocTown.StoreUiState","class","public","DolocTown.UI.PageUiStateBase`2<DolocTown.UI.StorePanel,DolocTown.UI.StoreItemData>","","False","False","","49","8","10","0","0x0200065D"
"","FocusMode","DolocTown.StoreUiState/FocusMode","enum","private","System.Enum","","False","True","DolocTown.StoreUiState","0","3","0","0","0x020010EA"
"","<>c__DisplayClass35_0","DolocTown.StoreUiState/<>c__DisplayClass35_0","class","private","System.Object","","False","True","DolocTown.StoreUiState","2","7","0","0","0x020010EB"
"","<>c__DisplayClass35_1","DolocTown.StoreUiState/<>c__DisplayClass35_1","class","private","System.Object","","False","True","DolocTown.StoreUiState","2","3","0","0","0x020010EC"
"","<>c__DisplayClass42_0","DolocTown.StoreUiState/<>c__DisplayClass42_0","class","private","System.Object","","False","True","DolocTown.StoreUiState","2","6","0","0","0x020010ED"
"","<>c__DisplayClass42_1","DolocTown.StoreUiState/<>c__DisplayClass42_1","class","private","System.Object","","False","True","DolocTown.StoreUiState","2","4","0","0","0x020010EE"
"","<>c__DisplayClass43_0","DolocTown.StoreUiState/<>c__DisplayClass43_0","class","private","System.Object","","False","True","DolocTown.StoreUiState","2","2","0","0","0x020010EF"
"","<>c","DolocTown.StoreUiState/<>c","class","private","System.Object","","False","True","DolocTown.StoreUiState","3","2","0","0","0x020010F0"
"DolocTown","CraftQuantitySubmitUiState","DolocTown.CraftQuantitySubmitUiState","class","public","DolocTown.QuantitySubmitUiStateBase`2<DolocTown.UI.CraftQuantitySubmitPanel,DolocTown.UI.CraftQuantityData>","","False","False","","1","0","0","0","0x0200065E"
"DolocTown","GeneralSubmitUiState","DolocTown.GeneralSubmitUiState","class","public","DolocTown.SubmitSingleItemsUiStateBase","","False","False","","7","6","0","0","0x0200065F"
"","<>c","DolocTown.GeneralSubmitUiState/<>c","class","private","System.Object","","False","True","DolocTown.GeneralSubmitUiState","6","5","0","0","0x020010F1"
"DolocTown","QuantitySubmitUiStateBase`2","DolocTown.QuantitySubmitUiStateBase`2","class","public","DolocTown.DolocUiState`1<TPanel>","","True","False","","12","5","2","0","0x02000660"
"DolocTown","StoreQuantitySubmitUiState","DolocTown.StoreQuantitySubmitUiState","class","public","DolocTown.QuantitySubmitUiStateBase`2<DolocTown.UI.StoreQuantitySubmitPanel,DolocTown.UI.StoreQuantitySubmitData>","","False","False","","1","0","0","0","0x02000661"
"DolocTown","NodeCanvasSelector","DolocTown.NodeCanvasSelector","class","public","System.Object","","False","False","","18","4","6","0","0x02000666"
"DolocTown","GEMUIObjectAttribute","DolocTown.GEMUIObjectAttribute","class","public","DolocTown.GameEntityManagerBaseAttribute","","True","False","","1","0","0","0","0x020006B7"
"DolocTown","GameEntityUi","DolocTown.GameEntityUi","class","public","DolocTown.GameEntity","","True","False","","1","0","0","0","0x020006BC"
"DolocTown","GameEntitySlotUI`1","DolocTown.GameEntitySlotUI`1","class","public","System.Object","","False","False","","7","3","1","0","0x020006C1"
"DolocTown","FastButtonAttribute","DolocTown.FastButtonAttribute","class","public","System.Attribute","","False","False","","2","1","0","0","0x020006CA"
"DolocTown","DevMenuItemAttribute","DolocTown.DevMenuItemAttribute","class","public","System.Attribute","","False","False","","2","1","0","0","0x020006CB"
"DolocTown","UiEffectsManager","DolocTown.UiEffectsManager","class","public","System.Object","DolocTown.GameServiceLocator.IUIEffectsProvider","False","False","","6","4","0","0","0x020006E2"
"DolocTown","BuildingRecipe","DolocTown.BuildingRecipe","class","public","System.Object","DolocTown.IRecipe","False","False","","11","2","10","0","0x020006E4"
"DolocTown","AsideDialoguePanel","DolocTown.AsideDialoguePanel","class","public","DolocTown.UI.DolocUIPanel","DolocTown.IDialogueLineView | DolocTown.UI.IView","False","False","","17","5","4","0","0x020006E5"
"DolocTown.GameDataTracker","GameDataTrackerMissionGuide","DolocTown.GameDataTracker.GameDataTrackerMissionGuide","class","public","System.Object","","False","False","","4","1","0","0","0x020006F3"
"","MissionListener","DolocTown.GameDataTracker.GameDataTrackerMissionGuide/MissionListener","class","public","System.Object","DolocTown.IMissionManagerComponent","False","False","DolocTown.GameDataTracker.GameDataTrackerMissionGuide","5","0","0","0","0x02001142"
"DolocTown.UI","PageUiStateBase`2","DolocTown.UI.PageUiStateBase`2","class","public","DolocTown.DolocUiState`1<TPanel>","","True","False","","12","1","3","0","0x020006FA"
"DolocTown.UI","UILocalization","DolocTown.UI.UILocalization","class","public","UnityEngine.MonoBehaviour","","False","False","","7","4","1","0","0x020006FB"
"DolocTown.UI","UILocalizationImage","DolocTown.UI.UILocalizationImage","class","public","UnityEngine.MonoBehaviour","","False","False","","6","2","0","0","0x020006FC"
"DolocTown.UI","UIEffects","DolocTown.UI.UIEffects","class","public","System.Object","","True","False","","3","1","0","0","0x020006FD"
"DolocTown.UI","UIEffectsAttention","DolocTown.UI.UIEffectsAttention","class","public","DolocTown.UI.UIEffects","","False","False","","2","0","0","0","0x020006FE"
"DolocTown.UI","LineRenderer","DolocTown.UI.LineRenderer","class","public","UnityEngine.UI.Extensions.UILineRenderer","RedSaw.IRecyclable","False","False","","6","0","1","0","0x020006FF"
"DolocTown.UI","DolocBasicTip","DolocTown.UI.DolocBasicTip","class","public","DolocTown.UI.DolocUiObject","","False","False","","8","4","0","0","0x02000700"
"DolocTown.UI","DolocUiObject","DolocTown.UI.DolocUiObject","class","public","UnityEngine.MonoBehaviour","","True","False","","72","4","32","0","0x02000701"
"DolocTown.UI","DolocUiRecyclableObject","DolocTown.UI.DolocUiRecyclableObject","class","public","DolocTown.UI.DolocUiObject","RedSaw.IRecyclable","True","False","","5","0","0","0","0x02000702"
"DolocTown.UI","DolocUiRecyclableObjectSelfCall`1","DolocTown.UI.DolocUiRecyclableObjectSelfCall`1","class","public","DolocTown.UI.DolocUiRecyclableObject","","True","False","","4","1","1","0","0x02000703"
"DolocTown.UI","DolocUiEntity","DolocTown.UI.DolocUiEntity","class","public","DolocTown.UI.DolocUiObject","","True","False","","5","0","4","0","0x02000704"
"DolocTown.UI","CenterType","DolocTown.UI.CenterType","enum","public","System.Enum","","False","True","","0","4","0","0","0x02000705"
"DolocTown.UI","DolocUIPanel","DolocTown.UI.DolocUIPanel","class","public","DolocTown.UI.DolocUiEntity","DolocTown.UI.IView | UnityEngine.EventSystems.IPointerEnterHandler | UnityEngine.EventSystems.IEventSystemHandler | UnityEngine.EventSystems.IPointerExitHandler","True","False","","50","22","12","0","0x02000706"
"","<>c","DolocTown.UI.DolocUIPanel/<>c","class","private","System.Object","","False","True","DolocTown.UI.DolocUIPanel","3","2","0","0","0x02001143"
"","<>c__DisplayClass41_0","DolocTown.UI.DolocUIPanel/<>c__DisplayClass41_0","class","private","System.Object","","False","True","DolocTown.UI.DolocUIPanel","2","3","0","0","0x02001144"
"","<Display>d__41","DolocTown.UI.DolocUIPanel/<Display>d__41","struct","private","System.ValueType","System.Runtime.CompilerServices.IAsyncStateMachine","False","True","DolocTown.UI.DolocUIPanel","2","6","0","0","0x02001145"
"DolocTown.UI","AutoSizeUIPanel","DolocTown.UI.AutoSizeUIPanel","class","public","DolocTown.UI.DolocUIPanel","","True","False","","4","2","0","0","0x02000707"
"DolocTown.UI","UiPanelDisplayAnimType","DolocTown.UI.UiPanelDisplayAnimType","enum","public","System.Enum","","False","True","","0","10","0","0","0x02000708"
"DolocTown.UI","UIAlignmentType","DolocTown.UI.UIAlignmentType","enum","public","System.Enum","","False","True","","0","11","0","0","0x02000709"
"DolocTown.UI","IClickable","DolocTown.UI.IClickable","interface","public","","","True","False","","1","0","0","0","0x0200070A"
"DolocTown.UI","ILayoutableUi","DolocTown.UI.ILayoutableUi","interface","public","","","True","False","","2","0","1","0","0x0200070B"
"DolocTown.UI","INavigationView","DolocTown.UI.INavigationView","interface","public","","DolocTown.UI.IView","True","False","","2","0","0","0","0x0200070C"
"DolocTown.UI","INavPanel","DolocTown.UI.INavPanel","interface","public","","","True","False","","2","0","2","0","0x0200070D"
"DolocTown.UI","IPageUI`1","DolocTown.UI.IPageUI`1","interface","public","","DolocTown.UI.IView","True","False","","6","0","1","0","0x0200070E"
"DolocTown.UI","ISelectable","DolocTown.UI.ISelectable","interface","public","","","True","False","","4","0","4","0","0x0200070F"
"DolocTown.UI","ISinglePageUI`1","DolocTown.UI.ISinglePageUI`1","interface","public","","","True","False","","6","0","1","0","0x02000710"
"DolocTown.UI","IUIData","DolocTown.UI.IUIData","interface","public","","","True","False","","1","0","1","0","0x02000711"
"DolocTown.UI","IView","DolocTown.UI.IView","interface","public","","","True","False","","3","0","1","0","0x02000712"
"DolocTown.UI","DolocPagedGridUI`2","DolocTown.UI.DolocPagedGridUI`2","class","public","DolocTown.UI.DolocUIPanel","DolocTown.UI.INavPanel | DolocTown.UI.IPageUI`1<TData> | DolocTown.UI.IView","True","False","","63","20","15","0","0x02000713"
"","<>c","DolocTown.UI.DolocPagedGridUI`2/<>c","class","private","System.Object","","False","True","DolocTown.UI.DolocPagedGridUI`2","3","2","0","0","0x02001146"
"","<>c__DisplayClass37_0","DolocTown.UI.DolocPagedGridUI`2/<>c__DisplayClass37_0","class","private","System.Object","","False","True","DolocTown.UI.DolocPagedGridUI`2","2","2","0","0","0x02001147"
"DolocTown.UI","SlotLayout","DolocTown.UI.SlotLayout","enum","public","System.Enum","","False","True","","0","3","0","0","0x02000714"
"DolocTown.UI","DolocPagedLinearUI`2","DolocTown.UI.DolocPagedLinearUI`2","class","public","DolocTown.UI.AutoSizeUIPanel","DolocTown.UI.INavPanel | DolocTown.UI.IPageUI`1<TData> | DolocTown.UI.IView","True","False","","57","21","13","0","0x02000715"
"","<>c","DolocTown.UI.DolocPagedLinearUI`2/<>c","class","private","System.Object","","False","True","DolocTown.UI.DolocPagedLinearUI`2","3","2","0","0","0x02001148"
"","<>c__DisplayClass36_0","DolocTown.UI.DolocPagedLinearUI`2/<>c__DisplayClass36_0","class","private","System.Object","","False","True","DolocTown.UI.DolocPagedLinearUI`2","2","2","0","0","0x02001149"
"DolocTown.UI","DolocScrollGridUI`2","DolocTown.UI.DolocScrollGridUI`2","class","public","DolocTown.UI.DolocGridUI`1<TSlot>","DolocTown.UI.INavPanel","True","False","","15","3","3","0","0x02000716"
"","<>c","DolocTown.UI.DolocScrollGridUI`2/<>c","class","private","System.Object","","False","True","DolocTown.UI.DolocScrollGridUI`2","3","2","0","0","0x0200114A"
"DolocTown.UI","DolocSinglePageUI`1","DolocTown.UI.DolocSinglePageUI`1","class","public","DolocTown.UI.DolocUiObject","DolocTown.UI.ISinglePageUI`1<TData>","True","False","","17","6","3","0","0x02000717"
"DolocTown.UI","LayoutType","DolocTown.UI.LayoutType","enum","public","System.Enum","","False","True","","0","4","0","0","0x02000718"
"DolocTown.UI","DolocGridUI`1","DolocTown.UI.DolocGridUI`1","class","public","DolocTown.UI.AutoSizeUIPanel","","True","False","","50","12","13","0","0x02000719"
"","<>c__DisplayClass20_0","DolocTown.UI.DolocGridUI`1/<>c__DisplayClass20_0","class","private","System.Object","","False","True","DolocTown.UI.DolocGridUI`1","3","2","0","0","0x0200114B"
"","<>c__DisplayClass23_0","DolocTown.UI.DolocGridUI`1/<>c__DisplayClass23_0","class","private","System.Object","","False","True","DolocTown.UI.DolocGridUI`1","4","2","0","0","0x0200114C"
"","<>c__DisplayClass26_0","DolocTown.UI.DolocGridUI`1/<>c__DisplayClass26_0","class","private","System.Object","","False","True","DolocTown.UI.DolocGridUI`1","3","2","0","0","0x0200114D"
"","<>c__DisplayClass29_0","DolocTown.UI.DolocGridUI`1/<>c__DisplayClass29_0","class","private","System.Object","","False","True","DolocTown.UI.DolocGridUI`1","2","2","0","0","0x0200114E"
"","<>c__DisplayClass32_0","DolocTown.UI.DolocGridUI`1/<>c__DisplayClass32_0","class","private","System.Object","","False","True","DolocTown.UI.DolocGridUI`1","2","2","0","0","0x0200114F"
"DolocTown.UI","DolocHorizontalUI`1","DolocTown.UI.DolocHorizontalUI`1","class","public","DolocTown.UI.DolocGridUI`1<T>","","True","False","","6","0","2","0","0x0200071A"
"DolocTown.UI","DolocVerticalUI`1","DolocTown.UI.DolocVerticalUI`1","class","public","DolocTown.UI.DolocGridUI`1<T>","","True","False","","6","0","2","0","0x0200071B"
"DolocTown.UI","SimpleGroup","DolocTown.UI.SimpleGroup","class","public","DolocTown.UI.DolocUiObject","","False","False","","2","0","0","0","0x0200071C"
"DolocTown.UI","DolocNavigationButton","DolocTown.UI.DolocNavigationButton","class","public","DolocIcon","","False","False","","43","26","9","0","0x0200071D"
"DolocTown.UI","DynamicArrow","DolocTown.UI.DynamicArrow","class","public","DolocTown.UI.DolocUiObject","","False","False","","6","7","0","0","0x0200071E"
"DolocTown.UI","PageInfo","DolocTown.UI.PageInfo","class","public","DolocTown.UI.DolocUiObject","","False","False","","6","3","0","0","0x0200071F"
"","<>c__DisplayClass4_0","DolocTown.UI.PageInfo/<>c__DisplayClass4_0","class","private","System.Object","","False","True","DolocTown.UI.PageInfo","3","2","0","0","0x02001150"
"DolocTown.UI","ProgressBarDirection","DolocTown.UI.ProgressBarDirection","enum","public","System.Enum","","False","True","","0","3","0","0","0x02000720"
"DolocTown.UI","ProgressBar","DolocTown.UI.ProgressBar","class","public","DolocTown.UI.DolocNavigationButton","","False","False","","4","6","0","0","0x02000721"
"DolocTown.UI","RotateImage","DolocTown.UI.RotateImage","class","public","DolocTown.UI.DolocUiObject","","False","False","","6","8","1","0","0x02000722"
"DolocTown.UI","ClickEventTriggeredType","DolocTown.UI.ClickEventTriggeredType","enum","public","System.Enum","","False","True","","0","3","0","0","0x02000723"
"DolocTown.UI","ClickType","DolocTown.UI.ClickType","enum","public","System.Enum","","False","True","","0","4","0","0","0x02000724"
"DolocTown.UI","DolocButtonComponent","DolocTown.UI.DolocButtonComponent","class","public","UnityEngine.UI.Button","DolocTown.UI.ISelectable | DolocTown.UI.IClickable","False","False","","34","27","17","0","0x02000725"
"DolocTown.UI","DolocInputFiledComponent","DolocTown.UI.DolocInputFiledComponent","class","public","UnityEngine.UI.InputField","","False","False","","7","3","3","0","0x02000726"
"DolocTown.UI","DolocSelectableComponent","DolocTown.UI.DolocSelectableComponent","class","public","UnityEngine.UI.Selectable","DolocTown.UI.ISelectable","False","False","","8","4","4","0","0x02000727"
"DolocTown.UI","DolocSliderComponent","DolocTown.UI.DolocSliderComponent","class","public","UnityEngine.UI.Slider","DolocTown.UI.ISelectable","False","False","","8","4","4","0","0x02000728"
"DolocTown.UI","DolocToggleComponent","DolocTown.UI.DolocToggleComponent","class","public","UnityEngine.UI.Toggle","DolocTown.UI.ISelectable | DolocTown.UI.IClickable","False","False","","9","4","4","0","0x02000729"
"DolocTown.UI","DolocToggleHelper","DolocTown.UI.DolocToggleHelper","class","public","DolocTown.UI.DolocUiObject","","False","False","","3","13","0","0","0x0200072A"
"DolocTown.UI","CaseAutomateLabelTip","DolocTown.UI.CaseAutomateLabelTip","class","public","DolocTown.UI.DolocUiRecyclableObject","","False","False","","1","1","0","0","0x0200072B"
"DolocTown.UI","DeviceDetectImageCom","DolocTown.UI.DeviceDetectImageCom","class","public","DolocTown.UI.DolocUiObject","DolocTown.UI.IInputDeviceDetect","False","False","","5","5","2","0","0x0200072C"
"DolocTown.UI","DeviceDetectL10nKeyTextCom","DolocTown.UI.DeviceDetectL10nKeyTextCom","class","public","DolocTown.UI.DolocUiObject","DolocTown.UI.IInputDeviceDetect","False","False","","7","4","2","0","0x0200072D"
"DolocTown.UI","DeviceDetectTextCom","DolocTown.UI.DeviceDetectTextCom","class","public","DolocTown.UI.DolocUiObject","DolocTown.UI.IInputDeviceDetect","False","False","","6","3","2","0","0x0200072E"
"DolocTown.UI","IInputDeviceDetect","DolocTown.UI.IInputDeviceDetect","interface","public","","","True","False","","1","0","0","0","0x0200072F"
"DolocTown.UI","DamageTip","DolocTown.UI.DamageTip","class","public","DolocTown.UI.DolocUiRecyclableObject","","False","False","","14","7","1","0","0x02000730"
"DolocTown.UI","DamageTipManager","DolocTown.UI.DamageTipManager","class","public","System.Object","","False","False","","2","0","0","0","0x02000731"
"","<>c","DolocTown.UI.DamageTipManager/<>c","class","private","System.Object","","False","True","DolocTown.UI.DamageTipManager","3","2","0","0","0x02001151"
"DolocTown.UI","FadeUpTipNumberManager","DolocTown.UI.FadeUpTipNumberManager","class","public","System.Object","","False","False","","3","0","0","0","0x02000732"
"","<>c__DisplayClass1_0","DolocTown.UI.FadeUpTipNumberManager/<>c__DisplayClass1_0","class","private","System.Object","","False","True","DolocTown.UI.FadeUpTipNumberManager","2","1","0","0","0x02001152"
"DolocTown.UI","FadeUpTipSpriteManager","DolocTown.UI.FadeUpTipSpriteManager","class","public","System.Object","","False","False","","3","0","0","0","0x02000733"
"","<>c__DisplayClass0_0","DolocTown.UI.FadeUpTipSpriteManager/<>c__DisplayClass0_0","class","private","System.Object","","False","True","DolocTown.UI.FadeUpTipSpriteManager","4","2","0","0","0x02001153"
"","<>c__DisplayClass1_0","DolocTown.UI.FadeUpTipSpriteManager/<>c__DisplayClass1_0","class","private","System.Object","","False","True","DolocTown.UI.FadeUpTipSpriteManager","4","2","0","0","0x02001154"
"DolocTown.UI","FadeUpTipTextManager","DolocTown.UI.FadeUpTipTextManager","class","public","System.Object","","False","False","","2","0","0","0","0x02000734"
"","<>c__DisplayClass0_0","DolocTown.UI.FadeUpTipTextManager/<>c__DisplayClass0_0","class","private","System.Object","","False","True","DolocTown.UI.FadeUpTipTextManager","4","1","0","0","0x02001155"
"DolocTown.UI","SingleImage","DolocTown.UI.SingleImage","class","public","DolocTown.UI.DolocUiRecyclableObject","","False","False","","10","3","2","0","0x02000735"
"DolocTown.UI","GetUnstuckButton","DolocTown.UI.GetUnstuckButton","class","public","DolocTown.UI.LinkButton","","False","False","","3","1","0","0","0x02000736"
"","<>c","DolocTown.UI.GetUnstuckButton/<>c","class","private","System.Object","","False","True","DolocTown.UI.GetUnstuckButton","3","2","0","0","0x02001156"
"DolocTown.UI","LanguageButton","DolocTown.UI.LanguageButton","class","public","DolocTown.UI.DolocNavigationButton","","False","False","","4","1","0","0","0x02000737"
"DolocTown.UI","LinkButton","DolocTown.UI.LinkButton","class","public","DolocTown.UI.DolocNavigationButton","","False","False","","5","1","1","0","0x02000738"
"DolocTown.UI","VerticalButtonGroup`1","DolocTown.UI.VerticalButtonGroup`1","class","public","DolocTown.UI.DolocVerticalUI`1<T>","","True","False","","7","1","2","0","0x02000739"
"DolocTown.UI","HorizontalTextMenu","DolocTown.UI.HorizontalTextMenu","class","public","DolocTown.UI.DolocUIPanel","","True","False","","9","6","2","0","0x0200073A"
"DolocTown.UI","ItemData","DolocTown.UI.ItemData","struct","public","System.ValueType","DolocTown.UI.IUIData","False","True","","6","8","1","0","0x0200073B"
"DolocTown.UI","SplashController","DolocTown.UI.SplashController","class","public","UnityEngine.MonoBehaviour","","False","False","","14","8","3","0","0x0200073C"
"","<>c__DisplayClass20_0","DolocTown.UI.SplashController/<>c__DisplayClass20_0","class","private","System.Object","","False","True","DolocTown.UI.SplashController","4","2","0","0","0x02001157"
"DolocTown.UI","UiGroup","DolocTown.UI.UiGroup","class","public","UnityEngine.MonoBehaviour","","False","False","","7","2","1","0","0x0200073D"
"","<>c","DolocTown.UI.UiGroup/<>c","class","private","System.Object","","False","True","DolocTown.UI.UiGroup","3","2","0","0","0x02001158"
"DolocTown.UI","AnimalFullInfoData","DolocTown.UI.AnimalFullInfoData","class","public","DolocTown.UI.AnimalBaseInfoData","","False","False","","1","11","0","0","0x0200073E"
"DolocTown.UI","AnimalPanel","DolocTown.UI.AnimalPanel","class","public","DolocTown.UI.DolocPagedLinearUI`2<DolocTown.UI.AnimalSlot,DolocTown.UI.AnimalFullInfoData>","","False","False","","12","4","4","0","0x0200073F"
"","<>c__DisplayClass14_0","DolocTown.UI.AnimalPanel/<>c__DisplayClass14_0","class","private","System.Object","","False","True","DolocTown.UI.AnimalPanel","3","2","0","0","0x02001159"
"DolocTown.UI","AnimalSlot","DolocTown.UI.AnimalSlot","class","public","DolocTown.UI.DolocNavigationButton","","False","False","","3","3","1","0","0x02000740"
"DolocTown.UI","AnimalViewer","DolocTown.UI.AnimalViewer","class","public","DolocTown.UI.DolocUiObject","","False","False","","6","13","0","0","0x02000741"
"DolocTown.UI","DocumentData","DolocTown.UI.DocumentData","struct","public","System.ValueType","DolocTown.UI.IUIData","False","True","","2","4","1","0","0x02000742"
"DolocTown.UI","DocumentPanel","DolocTown.UI.DocumentPanel","class","public","DolocTown.UI.DolocPagedLinearUI`2<DolocTown.UI.DocumentSlot,DolocTown.UI.DocumentData>","","False","False","","15","5","5","0","0x02000743"
"","<>c__DisplayClass19_0","DolocTown.UI.DocumentPanel/<>c__DisplayClass19_0","class","private","System.Object","","False","True","DolocTown.UI.DocumentPanel","3","2","0","0","0x0200115A"
"DolocTown.UI","DocumentSlot","DolocTown.UI.DocumentSlot","class","public","DolocTown.UI.DolocNavigationButton","","False","False","","5","1","2","0","0x02000744"
"DolocTown.UI","DocumentViewer","DolocTown.UI.DocumentViewer","class","public","DolocTown.UI.DolocUiObject","DolocTown.UI.IScrollContentRect","False","False","","11","7","3","0","0x02000745"
"DolocTown.UI","BuffIconRenderer","DolocTown.UI.BuffIconRenderer","class","public","DolocTown.UI.DolocNavigationButton","","False","False","","9","4","2","0","0x02000746"
"DolocTown.UI","BuffTip","DolocTown.UI.BuffTip","class","public","DolocTown.UI.DolocBasicTip","","False","False","","6","2","0","0","0x02000747"
"DolocTown.UI","CalendarDateList","DolocTown.UI.CalendarDateList","class","public","DolocTown.UI.DolocGridUI`1<DolocTown.UI.DateSlot>","","False","False","","5","2","1","0","0x02000748"
"DolocTown.UI","CalendarPanel","DolocTown.UI.CalendarPanel","class","public","DolocTown.UI.DolocUIPanel","","False","False","","4","7","0","0","0x02000749"
"DolocTown.UI","DateEventData","DolocTown.UI.DateEventData","struct","public","System.ValueType","DolocTown.UI.IUIData","False","True","","8","7","7","0","0x0200074A"
"DolocTown.UI","CalendarViewer","DolocTown.UI.CalendarViewer","class","public","DolocTown.UI.DolocUIPanel","","False","False","","3","6","0","0","0x0200074B"
"DolocTown.UI","DateEventInfo","DolocTown.UI.DateEventInfo","class","public","DolocTown.UI.DolocUiRecyclableObject","","False","False","","2","2","0","0","0x0200074C"
"DolocTown.UI","DateData","DolocTown.UI.DateData","struct","public","System.ValueType","DolocTown.UI.IUIData","False","True","","8","7","7","0","0x0200074D"
"","<>c__DisplayClass21_0","DolocTown.UI.DateData/<>c__DisplayClass21_0","class","private","System.Object","","False","True","DolocTown.UI.DateData","3","1","0","0","0x0200115B"
"DolocTown.UI","DateSlot","DolocTown.UI.DateSlot","class","public","DolocTown.UI.DolocNavigationButton","","False","False","","3","5","0","0","0x0200074E"
"DolocTown.UI","ArchiveCatalogPanel","DolocTown.UI.ArchiveCatalogPanel","class","public","DolocTown.UI.DolocUIPanel","DolocTown.UI.IScrollContentRect","False","False","","5","3","2","0","0x0200074F"
"DolocTown.UI","ArchiveListViewer","DolocTown.UI.ArchiveListViewer","class","public","DolocTown.UI.DolocScrollGridUI`2<DolocTown.UI.DocumentSlot,DolocTown.UI.DocumentData>","","False","False","","6","1","1","0","0x02000750"
"DolocTown.UI","ArchiveViewer","DolocTown.UI.ArchiveViewer","class","public","DolocTown.UI.DolocUIPanel","","False","False","","4","6","0","0","0x02000751"
"DolocTown.UI","CollectionBookPanel","DolocTown.UI.CollectionBookPanel","class","public","DolocTown.UI.DolocUIPanel","","False","False","","1","8","0","0","0x02000752"
"DolocTown.UI","CollectionBookSubMenu","DolocTown.UI.CollectionBookSubMenu","class","public","DolocTown.UI.HorizontalTextMenu","","False","False","","7","0","2","0","0x02000753"
"DolocTown.UI","AnimalDetailData","DolocTown.UI.AnimalDetailData","struct","public","System.ValueType","DolocTown.UI.IUIData","False","True","","11","10","10","0","0x02000754"
"","<>c__DisplayClass30_0","DolocTown.UI.AnimalDetailData/<>c__DisplayClass30_0","class","private","System.Object","","False","True","DolocTown.UI.AnimalDetailData","2","2","0","0","0x0200115C"
"","<>c","DolocTown.UI.AnimalDetailData/<>c","class","private","System.Object","","False","True","DolocTown.UI.AnimalDetailData","4","3","0","0","0x0200115D"
"DolocTown.UI","AnimalDetailInfo","DolocTown.UI.AnimalDetailInfo","class","public","DolocTown.UI.DolocUiObject","","False","False","","3","5","0","0","0x02000755"
"DolocTown.UI","BookCreatureData","DolocTown.UI.BookCreatureData","struct","public","System.ValueType","DolocTown.UI.IUIData","False","True","","7","6","6","0","0x02000756"
"DolocTown.UI","BookCreatureSlot","DolocTown.UI.BookCreatureSlot","class","public","DolocTown.UI.DolocNavigationButton","","False","False","","3","2","0","0","0x02000757"
"DolocTown.UI","CreatureCatalogPanel","DolocTown.UI.CreatureCatalogPanel","class","public","DolocTown.UI.DolocUIPanel","DolocTown.UI.IScrollContentRect","False","False","","4","2","2","0","0x02000758"
"DolocTown.UI","CreatureListViewer","DolocTown.UI.CreatureListViewer","class","public","DolocTown.UI.DolocScrollGridUI`2<DolocTown.UI.BookCreatureSlot,DolocTown.UI.BookCreatureData>","","False","False","","4","0","1","0","0x02000759"
"DolocTown.UI","CreatureDetailData","DolocTown.UI.CreatureDetailData","struct","public","System.ValueType","DolocTown.UI.IUIData","False","True","","8","7","7","0","0x0200075A"
"DolocTown.UI","CreatureViewer","DolocTown.UI.CreatureViewer","class","public","DolocTown.UI.DolocUIPanel","","False","False","","3","7","0","0","0x0200075B"
"DolocTown.UI","FishDetailData","DolocTown.UI.FishDetailData","struct","public","System.ValueType","DolocTown.UI.IUIData","False","True","","11","10","10","0","0x0200075C"
"","<>c","DolocTown.UI.FishDetailData/<>c","class","private","System.Object","","False","True","DolocTown.UI.FishDetailData","5","4","0","0","0x0200115E"
"DolocTown.UI","FishDetailInfo","DolocTown.UI.FishDetailInfo","class","public","DolocTown.UI.DolocUiObject","","False","False","","3","6","0","0","0x0200075D"
"DolocTown.UI","IScrollContentRect","DolocTown.UI.IScrollContentRect","interface","public","","","True","False","","6","0","3","0","0x0200075E"
"DolocTown.UI","BookItemData","DolocTown.UI.BookItemData","struct","public","System.ValueType","DolocTown.UI.IUIData","False","True","","5","4","4","0","0x0200075F"
"DolocTown.UI","BookItemSlot","DolocTown.UI.BookItemSlot","class","public","DolocTown.UI.DolocNavigationButton","","False","False","","6","5","0","0","0x02000760"
"DolocTown.UI","CategoryOption","DolocTown.UI.CategoryOption","class","public","DolocTown.UI.DolocUiObject","","False","False","","18","10","6","0","0x02000761"
"DolocTown.UI","InputItemViewer","DolocTown.UI.InputItemViewer","class","public","DolocTown.UI.DolocHorizontalUI`1<DolocTown.UI.RecipeSubItemSlot>","","False","False","","11","2","2","0","0x02000762"
"DolocTown.UI","ItemCatalogPanel","DolocTown.UI.ItemCatalogPanel","class","public","DolocTown.UI.DolocUIPanel","DolocTown.UI.IScrollContentRect","False","False","","6","3","2","0","0x02000763"
"DolocTown.UI","ItemListViewer","DolocTown.UI.ItemListViewer","class","public","DolocTown.UI.DolocScrollGridUI`2<DolocTown.UI.BookItemSlot,DolocTown.UI.BookItemData>","","False","False","","7","0","1","0","0x02000764"
"DolocTown.UI","ItemRecipeListViewer","DolocTown.UI.ItemRecipeListViewer","class","public","DolocTown.UI.DolocScrollGridUI`2<DolocTown.UI.ItemRecipeSlot,DolocTown.UI.ItemRecipeData>","","False","False","","15","6","3","0","0x02000765"
"","<>c__DisplayClass17_0","DolocTown.UI.ItemRecipeListViewer/<>c__DisplayClass17_0","class","private","System.Object","","False","True","DolocTown.UI.ItemRecipeListViewer","2","2","0","0","0x0200115F"
"","<>c__DisplayClass17_1","DolocTown.UI.ItemRecipeListViewer/<>c__DisplayClass17_1","class","private","System.Object","","False","True","DolocTown.UI.ItemRecipeListViewer","3","2","0","0","0x02001160"
"DolocTown.UI","ItemRecipeScrollRect","DolocTown.UI.ItemRecipeScrollRect","class","public","UnityEngine.UI.ScrollRect","","False","False","","1","0","0","0","0x02000766"
"DolocTown.UI","ItemRecipeData","DolocTown.UI.ItemRecipeData","struct","public","System.ValueType","DolocTown.UI.IUIData","False","True","","13","12","12","0","0x02000767"
"","<>c","DolocTown.UI.ItemRecipeData/<>c","class","private","System.Object","","False","True","DolocTown.UI.ItemRecipeData","3","2","0","0","0x02001161"
"DolocTown.UI","ItemRecipeSlot","DolocTown.UI.ItemRecipeSlot","class","public","DolocTown.UI.DolocNavigationButton","DolocTown.UI.INavPanel","False","False","","17","11","3","0","0x02000768"
"DolocTown.UI","ItemDetailData","DolocTown.UI.ItemDetailData","struct","public","System.ValueType","DolocTown.UI.IUIData","False","True","","14","11","11","0","0x02000769"
"","<>c__DisplayClass33_0","DolocTown.UI.ItemDetailData/<>c__DisplayClass33_0","class","private","System.Object","","False","True","DolocTown.UI.ItemDetailData","2","1","0","0","0x02001162"
"","<>c","DolocTown.UI.ItemDetailData/<>c","class","private","System.Object","","False","True","DolocTown.UI.ItemDetailData","3","2","0","0","0x02001163"
"","<GetRelatedRecipesData>d__34","DolocTown.UI.ItemDetailData/<GetRelatedRecipesData>d__34","class","private","System.Object","System.Collections.Generic.IEnumerable`1<System.String> | System.Collections.IEnumerable | System.Collections.Generic.IEnumerator`1<System.String> | System.Collections.IEnumerator | System.IDisposable","False","True","DolocTown.UI.ItemDetailData","9","9","2","0","0x02001164"
"DolocTown.UI","ItemViewer","DolocTown.UI.ItemViewer","class","public","DolocTown.UI.DolocUIPanel","","False","False","","4","15","1","0","0x0200076A"
"DolocTown.UI","ItemSimpleData","DolocTown.UI.ItemSimpleData","struct","public","System.ValueType","DolocTown.UI.IUIData","False","True","","5","4","4","0","0x0200076B"
"DolocTown.UI","RecipeSubItemSlot","DolocTown.UI.RecipeSubItemSlot","class","public","DolocTown.UI.DolocNavigationButton","","False","False","","7","6","0","0","0x0200076C"
"DolocTown.UI","BookMonsterData","DolocTown.UI.BookMonsterData","struct","public","System.ValueType","DolocTown.UI.IUIData","False","True","","7","6","6","0","0x0200076D"
"DolocTown.UI","BookMonsterSlot","DolocTown.UI.BookMonsterSlot","class","public","DolocTown.UI.DolocNavigationButton","","False","False","","3","2","0","0","0x0200076E"
"DolocTown.UI","MonsterCatalogPanel","DolocTown.UI.MonsterCatalogPanel","class","public","DolocTown.UI.DolocUIPanel","DolocTown.UI.IScrollContentRect","False","False","","4","2","2","0","0x0200076F"
"DolocTown.UI","MonsterListViewer","DolocTown.UI.MonsterListViewer","class","public","DolocTown.UI.DolocScrollGridUI`2<DolocTown.UI.BookMonsterSlot,DolocTown.UI.BookMonsterData>","","False","False","","4","0","1","0","0x02000770"
"DolocTown.UI","MonsterDetailData","DolocTown.UI.MonsterDetailData","struct","public","System.ValueType","DolocTown.UI.IUIData","False","True","","12","11","11","0","0x02000771"
"","<>c","DolocTown.UI.MonsterDetailData/<>c","class","private","System.Object","","False","True","DolocTown.UI.MonsterDetailData","3","2","0","0","0x02001165"
"DolocTown.UI","MonsterViewer","DolocTown.UI.MonsterViewer","class","public","DolocTown.UI.DolocUIPanel","","False","False","","3","11","0","0","0x02000772"
"DolocTown.UI","BookNpcData","DolocTown.UI.BookNpcData","struct","public","System.ValueType","DolocTown.UI.IUIData","False","True","","6","5","5","0","0x02000773"
"DolocTown.UI","BookNpcSlot","DolocTown.UI.BookNpcSlot","class","public","DolocTown.UI.DolocNavigationButton","","False","False","","2","2","0","0","0x02000774"
"DolocTown.UI","FavorabilityHeartViewer","DolocTown.UI.FavorabilityHeartViewer","class","public","DolocTown.UI.DolocUiRecyclableObject","","False","False","","4","4","0","0","0x02000775"
"DolocTown.UI","NpcCatalogPanel","DolocTown.UI.NpcCatalogPanel","class","public","DolocTown.UI.DolocUIPanel","DolocTown.UI.IScrollContentRect","False","False","","4","2","2","0","0x02000776"
"DolocTown.UI","NpcListViewer","DolocTown.UI.NpcListViewer","class","public","DolocTown.UI.DolocScrollGridUI`2<DolocTown.UI.BookNpcSlot,DolocTown.UI.BookNpcData>","","False","False","","4","0","1","0","0x02000777"
"DolocTown.UI","NpcDetailData","DolocTown.UI.NpcDetailData","struct","public","System.ValueType","DolocTown.UI.IUIData","False","True","","15","14","14","0","0x02000778"
"","<>c__DisplayClass42_0","DolocTown.UI.NpcDetailData/<>c__DisplayClass42_0","class","private","System.Object","","False","True","DolocTown.UI.NpcDetailData","3","1","0","0","0x02001166"
"","<>c","DolocTown.UI.NpcDetailData/<>c","class","private","System.Object","","False","True","DolocTown.UI.NpcDetailData","3","2","0","0","0x02001167"
"DolocTown.UI","NpcViewer","DolocTown.UI.NpcViewer","class","public","DolocTown.UI.DolocUIPanel","","False","False","","3","16","0","0","0x02000779"
"DolocTown.UI","BookResourceData","DolocTown.UI.BookResourceData","struct","public","System.ValueType","DolocTown.UI.IUIData","False","True","","6","5","5","0","0x0200077A"
"DolocTown.UI","BookResourceSlot","DolocTown.UI.BookResourceSlot","class","public","DolocTown.UI.DolocNavigationButton","","False","False","","3","2","0","0","0x0200077B"
"DolocTown.UI","ResourceCatalogPanel","DolocTown.UI.ResourceCatalogPanel","class","public","DolocTown.UI.DolocUIPanel","DolocTown.UI.IScrollContentRect","False","False","","5","3","2","0","0x0200077C"
"DolocTown.UI","ResourceListViewer","DolocTown.UI.ResourceListViewer","class","public","DolocTown.UI.DolocScrollGridUI`2<DolocTown.UI.BookResourceSlot,DolocTown.UI.BookResourceData>","","False","False","","4","0","1","0","0x0200077D"
"DolocTown.UI","ResourceDetailData","DolocTown.UI.ResourceDetailData","struct","public","System.ValueType","DolocTown.UI.IUIData","False","True","","14","13","13","0","0x0200077E"
"","<>c","DolocTown.UI.ResourceDetailData/<>c","class","private","System.Object","","False","True","DolocTown.UI.ResourceDetailData","7","6","0","0","0x02001168"
"DolocTown.UI","ResourceViewer","DolocTown.UI.ResourceViewer","class","public","DolocTown.UI.DolocUIPanel","","False","False","","3","12","0","0","0x0200077F"
"DolocTown.UI","BuildingPanel","DolocTown.UI.BuildingPanel","class","public","DolocTown.UI.CraftPanel`3<DolocTown.UI.BuildingSlot,DolocTown.UI.BuildingViewer,DolocTown.UI.BuildingData>","","False","False","","1","0","0","0","0x02000780"
"DolocTown.UI","BuildingSlot","DolocTown.UI.BuildingSlot","class","public","DolocTown.UI.CraftSlot`1<DolocTown.UI.BuildingData>","","False","False","","2","2","0","0","0x02000781"
"DolocTown.UI","BuildingViewer","DolocTown.UI.BuildingViewer","class","public","DolocTown.UI.CraftViewer`1<DolocTown.UI.BuildingData>","","False","False","","3","2","0","0","0x02000782"
"DolocTown.UI","BuildingData","DolocTown.UI.BuildingData","struct","public","System.ValueType","DolocTown.UI.ICraftData | DolocTown.UI.IUIData","False","True","","17","16","16","0","0x02000783"
"DolocTown.UI","ConfirmCraftButton","DolocTown.UI.ConfirmCraftButton","class","public","DolocTown.UI.DolocNavigationButton","","False","False","","4","5","1","0","0x02000784"
"DolocTown.UI","ICraftData","DolocTown.UI.ICraftData","interface","public","","DolocTown.UI.IUIData","True","False","","9","0","9","0","0x02000785"
"DolocTown.UI","CraftGridPanel`3","DolocTown.UI.CraftGridPanel`3","class","public","DolocTown.UI.DolocPagedGridUI`2<TSlot,TData>","DolocTown.UI.ICraftPanel`1<TData> | DolocTown.UI.IPageUI`1<TData> | DolocTown.UI.IView","False","False","","9","3","1","0","0x02000786"
"","<>c__DisplayClass7_0","DolocTown.UI.CraftGridPanel`3/<>c__DisplayClass7_0","class","private","System.Object","","False","True","DolocTown.UI.CraftGridPanel`3","3","2","0","0","0x02001169"
"DolocTown.UI","CraftPanel`3","DolocTown.UI.CraftPanel`3","class","public","DolocTown.UI.DolocPagedLinearUI`2<TSlot,TData>","DolocTown.UI.ICraftPanel`1<TData> | DolocTown.UI.IPageUI`1<TData> | DolocTown.UI.IView","False","False","","11","3","3","0","0x02000787"
"","<>c__DisplayClass11_0","DolocTown.UI.CraftPanel`3/<>c__DisplayClass11_0","class","private","System.Object","","False","True","DolocTown.UI.CraftPanel`3","3","2","0","0","0x0200116A"
"DolocTown.UI","CraftSlot`1","DolocTown.UI.CraftSlot`1","class","public","DolocTown.UI.DolocNavigationButton","","False","False","","3","2","1","0","0x02000788"
"DolocTown.UI","CraftViewer`1","DolocTown.UI.CraftViewer`1","class","public","DolocTown.UI.DolocUiObject","","True","False","","9","8","1","0","0x02000789"
"DolocTown.UI","EquipmentData","DolocTown.UI.EquipmentData","struct","public","System.ValueType","DolocTown.UI.ICraftData | DolocTown.UI.IUIData","False","True","","25","21","21","0","0x0200078A"
"","<>c__DisplayClass66_0","DolocTown.UI.EquipmentData/<>c__DisplayClass66_0","class","private","System.Object","","False","True","DolocTown.UI.EquipmentData","2","2","0","0","0x0200116B"
"DolocTown.UI","EquipmentPanel","DolocTown.UI.EquipmentPanel","class","public","DolocTown.UI.CraftGridPanel`3<DolocTown.UI.EquipmentSlot,DolocTown.UI.EquipmentViewer,DolocTown.UI.EquipmentData>","","False","False","","5","2","2","0","0x0200078B"
"","<>c__DisplayClass6_0","DolocTown.UI.EquipmentPanel/<>c__DisplayClass6_0","class","private","System.Object","","False","True","DolocTown.UI.EquipmentPanel","4","2","0","0","0x0200116C"
"DolocTown.UI","EquipmentSlot","DolocTown.UI.EquipmentSlot","class","public","DolocTown.UI.CraftSlot`1<DolocTown.UI.EquipmentData>","","False","False","","5","9","2","0","0x0200078C"
"DolocTown.UI","EquipmentViewer","DolocTown.UI.EquipmentViewer","class","public","DolocTown.UI.CraftViewer`1<DolocTown.UI.EquipmentData>","","False","False","","5","5","1","0","0x0200078D"
"DolocTown.UI","ICraftPanel`1","DolocTown.UI.ICraftPanel`1","interface","public","","DolocTown.UI.IPageUI`1<TData> | DolocTown.UI.IView","True","False","","0","0","0","0","0x0200078E"
"DolocTown.UI","PlatformData","DolocTown.UI.PlatformData","struct","public","System.ValueType","DolocTown.UI.ICraftData | DolocTown.UI.IUIData","False","True","","12","11","11","0","0x0200078F"
"DolocTown.UI","PlatformPanel","DolocTown.UI.PlatformPanel","class","public","DolocTown.UI.CraftPanel`3<DolocTown.UI.PlatformSlot,DolocTown.UI.PlatformViewer,DolocTown.UI.PlatformData>","","False","False","","1","0","0","0","0x02000790"
"DolocTown.UI","PlatformSlot","DolocTown.UI.PlatformSlot","class","public","DolocTown.UI.CraftSlot`1<DolocTown.UI.PlatformData>","","False","False","","2","2","0","0","0x02000791"
"DolocTown.UI","PlatformViewer","DolocTown.UI.PlatformViewer","class","public","DolocTown.UI.CraftViewer`1<DolocTown.UI.PlatformData>","","False","False","","3","0","0","0","0x02000792"
"DolocTown.UI","CookPanelMode","DolocTown.UI.CookPanelMode","enum","public","System.Enum","","False","True","","0","5","0","0","0x02000793"
"DolocTown.UI","CookPanel","DolocTown.UI.CookPanel","class","public","DolocTown.UI.DolocUIPanel","","False","False","","11","5","2","0","0x02000794"
"DolocTown.UI","ConversionRecipeData","DolocTown.UI.ConversionRecipeData","struct","public","System.ValueType","DolocTown.UI.IUIData","False","True","","11","10","8","0","0x02000795"
"DolocTown.UI","RecipeData","DolocTown.UI.RecipeData","struct","public","System.ValueType","DolocTown.UI.ICraftData | DolocTown.UI.IUIData","False","True","","25","24","22","0","0x02000796"
"DolocTown.UI","DishPanel","DolocTown.UI.DishPanel","class","public","DolocTown.UI.DolocUIPanel","DolocTown.UI.INavPanel","False","False","","13","11","3","0","0x02000797"
"","<>c","DolocTown.UI.DishPanel/<>c","class","private","System.Object","","False","True","DolocTown.UI.DishPanel","3","2","0","0","0x0200116D"
"DolocTown.UI","DishSlot","DolocTown.UI.DishSlot","class","public","DolocTown.UI.DolocNavigationButton","","False","False","","7","5","1","0","0x02000798"
"DolocTown.UI","DishViewer","DolocTown.UI.DishViewer","class","public","DolocTown.UI.DolocUiObject","","False","False","","7","9","0","0","0x02000799"
"DolocTown.UI","ConversionRecipeViewer","DolocTown.UI.ConversionRecipeViewer","class","public","DolocTown.UI.DolocUiObject","","False","False","","7","5","0","0","0x0200079A"
"DolocTown.UI","RecipePanel","DolocTown.UI.RecipePanel","class","public","DolocTown.UI.CraftPanel`3<DolocTown.UI.RecipeSlot,DolocTown.UI.RecipeViewer,DolocTown.UI.RecipeData>","","False","False","","3","1","0","0","0x0200079B"
"DolocTown.UI","RecipeSlot","DolocTown.UI.RecipeSlot","class","public","DolocTown.UI.CraftSlot`1<DolocTown.UI.RecipeData>","","False","False","","2","4","0","0","0x0200079C"
"DolocTown.UI","RecipeViewer","DolocTown.UI.RecipeViewer","class","public","DolocTown.UI.CraftViewer`1<DolocTown.UI.RecipeData>","","False","False","","5","10","0","0","0x0200079D"
"DolocTown.UI","SwitchBar","DolocTown.UI.SwitchBar","class","public","DolocTown.UI.DolocUiObject","","False","False","","4","4","0","0","0x0200079E"
"DolocTown.UI","BubbleDialogPointer","DolocTown.UI.BubbleDialogPointer","class","public","DolocTown.UI.DolocUiObject","","False","False","","2","2","0","0","0x0200079F"
"DolocTown.UI","BubbleDialoguePanel","DolocTown.UI.BubbleDialoguePanel","class","public","DolocTown.UI.AutoSizeUIPanel","DolocTown.IDialogueLineView | DolocTown.UI.IView","False","False","","22","14","4","0","0x020007A0"
"DolocTown.UI","ConfirmBox","DolocTown.UI.ConfirmBox","class","public","DolocTown.UI.AutoSizeUIPanel","","False","False","","5","7","0","0","0x020007A1"
"DolocTown.UI","AnimalBaseInfoData","DolocTown.UI.AnimalBaseInfoData","class","public","System.Object","DolocTown.UI.IUIData","False","False","","3","6","1","0","0x020007A2"
"DolocTown.UI","CropInfoData","DolocTown.UI.CropInfoData","struct","public","System.ValueType","DolocTown.UI.IUIData","False","True","","2","11","1","0","0x020007A3"
"DolocTown.UI","IHasCropInfo","DolocTown.UI.IHasCropInfo","interface","public","","","True","False","","11","0","11","0","0x020007A4"
"DolocTown.UI","OptionData","DolocTown.UI.OptionData","struct","public","System.ValueType","","False","True","","1","6","1","0","0x020007A5"
"DolocTown.UI","OptionGroupData","DolocTown.UI.OptionGroupData","struct","public","System.ValueType","DolocTown.UI.IUIData","False","True","","8","2","3","0","0x020007A6"
"","<>c__DisplayClass10_0","DolocTown.UI.OptionGroupData/<>c__DisplayClass10_0","struct","private","System.ValueType","","False","True","DolocTown.UI.OptionGroupData","0","1","0","0","0x0200116E"
"","<>c","DolocTown.UI.OptionGroupData/<>c","class","private","System.Object","","False","True","DolocTown.UI.OptionGroupData","4","3","0","0","0x0200116F"
"DolocTown.UI","DemoEndBox","DolocTown.UI.DemoEndBox","class","public","DolocTown.UI.AutoSizeUIPanel","","False","False","","7","3","0","0","0x020007A7"
"DolocTown.UI","DialogueHistoryList","DolocTown.UI.DialogueHistoryList","class","public","DolocTown.UI.DolocUIPanel","DolocTown.UI.IScrollContentRect","False","False","","9","6","3","0","0x020007A8"
"","<>c","DolocTown.UI.DialogueHistoryList/<>c","class","private","System.Object","","False","True","DolocTown.UI.DialogueHistoryList","3","2","0","0","0x02001170"
"DolocTown.UI","DialogueHistoryPanel","DolocTown.UI.DialogueHistoryPanel","class","public","DolocTown.UI.DolocUIPanel","","False","False","","4","1","1","0","0x020007A9"
"DolocTown.UI","DialogueHistoryTextSlot","DolocTown.UI.DialogueHistoryTextSlot","class","public","DolocTown.UI.DolocUiRecyclableObject","RedSaw.IHasIndex","False","False","","5","3","2","0","0x020007AA"
"DolocTown.UI","DialogueHistoryTip","DolocTown.UI.DialogueHistoryTip","class","public","DolocTown.UI.DolocUIPanel","","False","False","","2","0","0","0","0x020007AB"
"DolocTown.UI","InputBirthdayBox","DolocTown.UI.InputBirthdayBox","class","public","DolocTown.UI.DolocUIPanel","","False","False","","16","7","3","0","0x020007AC"
"DolocTown.UI","InputNameBox","DolocTown.UI.InputNameBox","class","public","DolocTown.UI.DolocUIPanel","","False","False","","23","12","2","0","0x020007AD"
"","<>c__DisplayClass30_0","DolocTown.UI.InputNameBox/<>c__DisplayClass30_0","class","private","System.Object","","False","True","DolocTown.UI.InputNameBox","2","2","0","0","0x02001171"
"DolocTown.UI","InputNumberSlot","DolocTown.UI.InputNumberSlot","class","public","DolocTown.UI.DolocNavigationButton","","False","False","","11","9","1","0","0x020007AE"
"","<>c__DisplayClass13_0","DolocTown.UI.InputNumberSlot/<>c__DisplayClass13_0","class","private","System.Object","","False","True","DolocTown.UI.InputNumberSlot","3","2","0","0","0x02001172"
"DolocTown.UI","DialogueOptionPanel","DolocTown.UI.DialogueOptionPanel","class","public","DolocTown.UI.TextMenu","DolocTown.IDialogueOptionView | DolocTown.UI.IView","False","False","","11","3","3","0","0x020007AF"
"DolocTown.UI","QuestionBox","DolocTown.UI.QuestionBox","class","public","DolocTown.UI.DolocUIPanel","","False","False","","4","3","1","0","0x020007B0"
"DolocTown.UI","QuestionBoxLarge","DolocTown.UI.QuestionBoxLarge","class","public","DolocTown.UI.DolocUIPanel","","False","False","","4","4","2","0","0x020007B1"
"DolocTown.UI","AnimalInfoBox","DolocTown.UI.AnimalInfoBox","class","public","DolocTown.UI.SceneBoxBase","","False","False","","2","5","0","0","0x020007B2"
"DolocTown.UI","CropInfoBox","DolocTown.UI.CropInfoBox","class","public","DolocTown.UI.SceneBoxBase","","False","False","","4","10","0","0","0x020007B3"
"DolocTown.UI","SceneBoxBase","DolocTown.UI.SceneBoxBase","class","public","DolocTown.UI.DolocUiObject","UnityEngine.EventSystems.IPointerEnterHandler | UnityEngine.EventSystems.IEventSystemHandler | UnityEngine.EventSystems.IPointerExitHandler","False","False","","10","4","1","0","0x020007B4"
"DolocTown.UI","SceneBoxGroup","DolocTown.UI.SceneBoxGroup","class","public","DolocTown.UI.DolocUIPanel","","False","False","","17","12","2","0","0x020007B5"
"DolocTown.UI","SceneTextBox","DolocTown.UI.SceneTextBox","class","public","DolocTown.UI.SceneBoxBase","","False","False","","4","6","0","0","0x020007B6"
"DolocTown.UI","SceneDialogueBox","DolocTown.UI.SceneDialogueBox","class","public","DolocTown.UI.DolocUiRecyclableObject","","False","False","","14","4","3","0","0x020007B7"
"DolocTown.UI","TextPlayer","DolocTown.UI.TextPlayer","class","public","System.Object","","False","False","","12","4","4","0","0x020007B8"
"","<>c__DisplayClass16_0","DolocTown.UI.TextPlayer/<>c__DisplayClass16_0","class","private","System.Object","","False","True","DolocTown.UI.TextPlayer","2","2","0","0","0x02001173"
"DolocTown.UI","DroneComponentItemSlot","DolocTown.UI.DroneComponentItemSlot","class","public","DolocTown.UI.DroneItemSlot","","False","False","","2","0","0","0","0x020007B9"
"DolocTown.UI","DroneItemSlot","DolocTown.UI.DroneItemSlot","class","public","DolocTown.UI.DolocNavigationButton","","True","False","","12","10","2","0","0x020007BA"
"DolocTown.UI","DroneStructureItemSlot","DolocTown.UI.DroneStructureItemSlot","class","public","DolocTown.UI.DroneItemSlot","","False","False","","1","0","0","0","0x020007BB"
"DolocTown.UI","DronePanel","DolocTown.UI.DronePanel","class","public","DolocTown.UI.DolocUIPanel","","False","False","","5","2","0","0","0x020007BC"
"DolocTown.UI","DroneWidget","DolocTown.UI.DroneWidget","class","public","DolocTown.UI.AutoSizeUIPanel","DolocTown.UI.INavPanel","False","False","","13","6","2","0","0x020007BD"
"DolocTown.UI","DropItemPickTip","DolocTown.UI.DropItemPickTip","class","public","DolocTown.UI.DolocUiRecyclableObject","","False","False","","10","16","2","0","0x020007BE"
"DolocTown.UI","DropItemPickTipManager","DolocTown.UI.DropItemPickTipManager","class","public","DolocTown.UI.DolocUiEntity","","False","False","","5","3","0","0","0x020007BF"
"DolocTown.UI","EmailData","DolocTown.UI.EmailData","struct","public","System.ValueType","DolocTown.UI.IUIData","False","True","","2","16","1","0","0x020007C0"
"","<>c","DolocTown.UI.EmailData/<>c","class","private","System.Object","","False","True","DolocTown.UI.EmailData","3","2","0","0","0x02001174"
"DolocTown.UI","RewardAcceptState","DolocTown.UI.RewardAcceptState","struct","public","System.ValueType","","False","True","","1","4","0","0","0x020007C1"
"DolocTown.UI","EmailPanel","DolocTown.UI.EmailPanel","class","public","DolocTown.UI.DolocPagedLinearUI`2<DolocTown.UI.EmailSlot,DolocTown.UI.EmailData>","","False","False","","8","2","2","0","0x020007C2"
"DolocTown.UI","EmailSlot","DolocTown.UI.EmailSlot","class","public","DolocTown.UI.DolocNavigationButton","","False","False","","2","5","0","0","0x020007C3"
"DolocTown.UI","EmailViewer","DolocTown.UI.EmailViewer","class","public","DolocTown.UI.DolocUiObject","DolocTown.UI.IScrollContentRect","False","False","","6","13","2","0","0x020007C4"
"DolocTown.UI","EnvOptimizerData","DolocTown.UI.EnvOptimizerData","struct","public","System.ValueType","DolocTown.UI.IUIData","False","True","","12","11","11","0","0x020007C5"
"","<>c","DolocTown.UI.EnvOptimizerData/<>c","class","private","System.Object","","False","True","DolocTown.UI.EnvOptimizerData","8","7","0","0","0x02001175"
"DolocTown.UI","EnvOptimizerBranchData","DolocTown.UI.EnvOptimizerBranchData","struct","public","System.ValueType","DolocTown.UI.IUIData","False","True","","9","8","8","0","0x020007C6"
"DolocTown.UI","EnvOptimizerConsoleBlockData","DolocTown.UI.EnvOptimizerConsoleBlockData","struct","public","System.ValueType","DolocTown.UI.IUIData","False","True","","3","2","2","0","0x020007C7"
"DolocTown.UI","EnvOptimizerItemData","DolocTown.UI.EnvOptimizerItemData","struct","public","System.ValueType","DolocTown.UI.IUIData","False","True","","5","4","4","0","0x020007C8"
"DolocTown.UI","EnvOptimizerConfirmButton","DolocTown.UI.EnvOptimizerConfirmButton","class","public","DolocTown.UI.DolocNavigationButton","","False","False","","5","5","0","0","0x020007C9"
"DolocTown.UI","EnvOptimizerConsole","DolocTown.UI.EnvOptimizerConsole","class","public","DolocTown.UI.DolocUiObject","DolocTown.UI.IScrollContentRect","False","False","","10","7","2","0","0x020007CA"
"DolocTown.UI","EnvOptimizerItemSlot","DolocTown.UI.EnvOptimizerItemSlot","class","public","DolocTown.UI.DolocNavigationButton","","False","False","","6","3","1","0","0x020007CB"
"DolocTown.UI","EnvOptimizerPanel","DolocTown.UI.EnvOptimizerPanel","class","public","DolocTown.UI.DolocUIPanel","","False","False","","21","15","3","0","0x020007CC"
"","<>c__DisplayClass22_0","DolocTown.UI.EnvOptimizerPanel/<>c__DisplayClass22_0","class","private","System.Object","","False","True","DolocTown.UI.EnvOptimizerPanel","5","2","0","0","0x02001176"
"","<>c__DisplayClass22_1","DolocTown.UI.EnvOptimizerPanel/<>c__DisplayClass22_1","class","private","System.Object","","False","True","DolocTown.UI.EnvOptimizerPanel","2","2","0","0","0x02001177"
"","<>c","DolocTown.UI.EnvOptimizerPanel/<>c","class","private","System.Object","","False","True","DolocTown.UI.EnvOptimizerPanel","4","3","0","0","0x02001178"
"","<>c__DisplayClass34_0","DolocTown.UI.EnvOptimizerPanel/<>c__DisplayClass34_0","class","private","System.Object","","False","True","DolocTown.UI.EnvOptimizerPanel","3","1","0","0","0x02001179"
"","<PlayAnim>d__34","DolocTown.UI.EnvOptimizerPanel/<PlayAnim>d__34","class","private","System.Object","System.Collections.Generic.IEnumerator`1<System.Object> | System.Collections.IEnumerator | System.IDisposable","False","True","DolocTown.UI.EnvOptimizerPanel","6","11","2","0","0x0200117A"
"DolocTown.UI","AutomateBotPanel","DolocTown.UI.AutomateBotPanel","class","public","DolocTown.UI.DolocUIPanel","","False","False","","3","2","0","0","0x020007CD"
"DolocTown.UI","AutomateBotSlot","DolocTown.UI.AutomateBotSlot","class","public","DolocTown.UI.DolocNavigationButton","","False","False","","4","8","1","0","0x020007CE"
"DolocTown.UI","AutomateBotSubMenu","DolocTown.UI.AutomateBotSubMenu","class","public","DolocTown.UI.DolocVerticalUI`1<DolocTown.UI.AutomateBotSlot>","","False","False","","6","1","1","0","0x020007CF"
"DolocTown.UI","AutomateBotData","DolocTown.UI.AutomateBotData","struct","public","System.ValueType","DolocTown.UI.IUIData","False","True","","10","9","9","0","0x020007D0"
"DolocTown.UI","AutomateBotViewer","DolocTown.UI.AutomateBotViewer","class","public","DolocTown.UI.DolocUIPanel","","False","False","","4","9","0","0","0x020007D1"
"","<>c__DisplayClass11_0","DolocTown.UI.AutomateBotViewer/<>c__DisplayClass11_0","class","private","System.Object","","False","True","DolocTown.UI.AutomateBotViewer","3","4","0","0","0x0200117B"
"DolocTown.UI","AutomateBotWidget","DolocTown.UI.AutomateBotWidget","class","public","DolocTown.UI.DolocUIPanel","","False","False","","8","2","5","0","0x020007D2"
"DolocTown.UI","BotRecipeData","DolocTown.UI.BotRecipeData","struct","public","System.ValueType","DolocTown.UI.IUIData","False","True","","7","6","6","0","0x020007D3"
"","<>c","DolocTown.UI.BotRecipeData/<>c","class","private","System.Object","","False","True","DolocTown.UI.BotRecipeData","4","3","0","0","0x0200117C"
"DolocTown.UI","BotRecipeSlot","DolocTown.UI.BotRecipeSlot","class","public","DolocTown.UI.DolocNavigationButton","","False","False","","4","7","1","0","0x020007D4"
"DolocTown.UI","BotRecipeViewer","DolocTown.UI.BotRecipeViewer","class","public","DolocTown.UI.DolocPagedGridUI`2<DolocTown.UI.BotRecipeSlot,DolocTown.UI.BotRecipeData>","","False","False","","6","1","0","0","0x020007D5"
"","<>c__DisplayClass2_0","DolocTown.UI.BotRecipeViewer/<>c__DisplayClass2_0","class","private","System.Object","","False","True","DolocTown.UI.BotRecipeViewer","3","1","0","0","0x0200117D"
"DolocTown.UI","OptionItem","DolocTown.UI.OptionItem","class","public","DolocTown.UI.DolocUiObject","","False","False","","20","12","6","0","0x020007D6"
"DolocTown.UI","BoxInventoryWidget","DolocTown.UI.BoxInventoryWidget","class","public","DolocTown.UI.InventoryPanel","","False","False","","19","5","4","0","0x020007D7"
"DolocTown.UI","StorageShelfPanel","DolocTown.UI.StorageShelfPanel","class","public","DolocTown.UI.AutoSizeUIPanel","","False","False","","6","3","2","0","0x020007D8"
"DolocTown.UI","StorageShelfWidget","DolocTown.UI.StorageShelfWidget","class","public","DolocTown.UI.AutoSizeUIPanel","DolocTown.UI.INavPanel","False","False","","15","9","6","0","0x020007D9"
"","<>c","DolocTown.UI.StorageShelfWidget/<>c","class","private","System.Object","","False","True","DolocTown.UI.StorageShelfWidget","3","2","0","0","0x0200117E"
"DolocTown.UI","AccessoriesBar","DolocTown.UI.AccessoriesBar","class","public","DolocTown.UI.DolocUIPanel","DolocTown.UI.INavPanel","False","False","","31","13","3","0","0x020007DA"
"","<>c","DolocTown.UI.AccessoriesBar/<>c","class","private","System.Object","","False","True","DolocTown.UI.AccessoriesBar","6","5","0","0","0x0200117F"
"DolocTown.UI","AccessorySlot","DolocTown.UI.AccessorySlot","class","public","DolocTown.UI.DolocNavigationButton","","False","False","","4","3","0","0","0x020007DB"
"DolocTown.UI","DroneBarData","DolocTown.UI.DroneBarData","struct","public","System.ValueType","DolocTown.UI.IUIData","False","True","","6","5","5","0","0x020007DC"
"","<>c","DolocTown.UI.DroneBarData/<>c","class","private","System.Object","","False","True","DolocTown.UI.DroneBarData","4","3","0","0","0x02001180"
"DolocTown.UI","DroneBar","DolocTown.UI.DroneBar","class","public","DolocTown.UI.DolocHorizontalUI`1<DolocTown.UI.DroneItemSimpleSlot>","DolocTown.UI.INavPanel","False","False","","17","6","3","0","0x020007DD"
"","<>c","DolocTown.UI.DroneBar/<>c","class","private","System.Object","","False","True","DolocTown.UI.DroneBar","4","3","0","0","0x02001181"
"DolocTown.UI","DroneEquipmentBar","DolocTown.UI.DroneEquipmentBar","class","public","DolocTown.UI.DolocUiObject","","False","False","","3","2","0","0","0x020007DE"
"DolocTown.UI","DroneItemSimpleSlot","DolocTown.UI.DroneItemSimpleSlot","class","public","DolocTown.UI.DolocNavigationButton","","False","False","","3","3","0","0","0x020007DF"
"DolocTown.UI","MotorBar","DolocTown.UI.MotorBar","class","public","DolocTown.UI.DolocUiObject","","False","False","","2","5","0","0","0x020007E0"
"DolocTown.UI","EquipmentBarPanel","DolocTown.UI.EquipmentBarPanel","class","public","DolocTown.UI.DolocUIPanel","","False","False","","3","4","0","0","0x020007E1"
"DolocTown.UI","EquipmentBarWidget","DolocTown.UI.EquipmentBarWidget","class","public","DolocTown.UI.DolocUIPanel","DolocTown.UI.INavPanel","False","False","","12","10","2","0","0x020007E2"
"","<>c","DolocTown.UI.EquipmentBarWidget/<>c","class","private","System.Object","","False","True","DolocTown.UI.EquipmentBarWidget","6","5","0","0","0x02001182"
"DolocTown.UI","CandidateFactionData","DolocTown.UI.CandidateFactionData","struct","public","System.ValueType","DolocTown.UI.IUIData","False","True","","6","5","5","0","0x020007E3"
"DolocTown.UI","CandidateFactionSlot","DolocTown.UI.CandidateFactionSlot","class","public","DolocTown.UI.DolocNavigationButton","","False","False","","2","2","0","0","0x020007E4"
"DolocTown.UI","RecruitData","DolocTown.UI.RecruitData","struct","public","System.ValueType","DolocTown.UI.IUIData","False","True","","4","3","3","0","0x020007E5"
"","<>c","DolocTown.UI.RecruitData/<>c","class","private","System.Object","","False","True","DolocTown.UI.RecruitData","3","2","0","0","0x02001183"
"DolocTown.UI","CandidateFactionViewer","DolocTown.UI.CandidateFactionViewer","class","public","DolocTown.UI.DolocNavigationButton","","False","False","","7","7","0","0","0x020007E6"
"","<>c","DolocTown.UI.CandidateFactionViewer/<>c","class","private","System.Object","","False","True","DolocTown.UI.CandidateFactionViewer","3","2","0","0","0x02001184"
"DolocTown.UI","FactionListViewer","DolocTown.UI.FactionListViewer","class","public","DolocTown.UI.DolocGridUI`1<DolocTown.UI.CandidateFactionViewer>","","False","False","","10","4","3","0","0x020007E7"
"","<>c","DolocTown.UI.FactionListViewer/<>c","class","private","System.Object","","False","True","DolocTown.UI.FactionListViewer","3","2","0","0","0x02001185"
"DolocTown.UI","PrestigeTrophyViewer","DolocTown.UI.PrestigeTrophyViewer","class","public","DolocTown.UI.DolocUiObject","","False","False","","3","5","0","0","0x020007E8"
"DolocTown.UI","TreatyPortFactionData","DolocTown.UI.TreatyPortFactionData","struct","public","System.ValueType","DolocTown.UI.IUIData","False","True","","13","12","12","0","0x020007E9"
"DolocTown.UI","TreatyPortFactionViewer","DolocTown.UI.TreatyPortFactionViewer","class","public","DolocTown.UI.DolocUiRecyclableObject","","False","False","","3","8","0","0","0x020007EA"
"DolocTown.UI","TreatyPortPanel","DolocTown.UI.TreatyPortPanel","class","public","DolocTown.UI.DolocUIPanel","","False","False","","3","5","0","0","0x020007EB"
"DolocTown.UI","FishingBehaviorNote","DolocTown.UI.FishingBehaviorNote","class","public","DolocTown.UI.DolocUiRecyclableObject","","False","False","","7","2","2","0","0x020007EC"
"","<>c__DisplayClass7_0","DolocTown.UI.FishingBehaviorNote/<>c__DisplayClass7_0","class","private","System.Object","","False","True","DolocTown.UI.FishingBehaviorNote","2","2","0","0","0x02001186"
"DolocTown.UI","FishingNoteBar","DolocTown.UI.FishingNoteBar","class","public","DolocTown.UI.DolocUiObject","","False","False","","9","13","0","0","0x020007ED"
"","<SpawnNotes>d__13","DolocTown.UI.FishingNoteBar/<SpawnNotes>d__13","class","private","System.Object","System.Collections.Generic.IEnumerator`1<System.Object> | System.Collections.IEnumerator | System.IDisposable","False","True","DolocTown.UI.FishingNoteBar","6","6","2","0","0x02001187"
"DolocTown.UI","FishingPanel","DolocTown.UI.FishingPanel","class","public","DolocTown.UI.DolocUIPanel","","False","False","","13","3","0","0","0x020007EE"
"DolocTown.UI","FishingProgressBar","DolocTown.UI.FishingProgressBar","class","public","DolocTown.UI.DolocUiObject","","False","False","","2","2","0","0","0x020007EF"
"DolocTown.UI","FishingTurntable","DolocTown.UI.FishingTurntable","class","public","DolocTown.UI.DolocUiObject","","False","False","","10","9","0","0","0x020007F0"
"DolocTown.UI","GlobalBuilderPanel","DolocTown.UI.GlobalBuilderPanel","class","public","DolocTown.UI.DolocUIPanel","","False","False","","2","2","1","0","0x020007F1"
"DolocTown.UI","TempBuildingViewer","DolocTown.UI.TempBuildingViewer","class","public","DolocTown.UI.InventoryPanel","","False","False","","21","2","2","0","0x020007F2"
"DolocTown.UI","DeveloperListPanel","DolocTown.UI.DeveloperListPanel","class","public","DolocTown.UI.DolocUIPanel","DolocTown.UI.IScrollContentRect","False","False","","11","5","2","0","0x020007F3"
"","<>c","DolocTown.UI.DeveloperListPanel/<>c","class","private","System.Object","","False","True","DolocTown.UI.DeveloperListPanel","3","2","0","0","0x02001188"
"DolocTown.UI","GameDataPanel","DolocTown.UI.GameDataPanel","class","public","DolocTown.UI.DolocGridUI`1<DolocTown.UI.GameDataSlot>","","False","False","","16","9","3","0","0x020007F4"
"","<>c__DisplayClass16_0","DolocTown.UI.GameDataPanel/<>c__DisplayClass16_0","class","private","System.Object","","False","True","DolocTown.UI.GameDataPanel","2","2","0","0","0x02001189"
"DolocTown.UI","GameDataSlot","DolocTown.UI.GameDataSlot","class","public","DolocTown.UI.DolocNavigationButton","","False","False","","7","13","0","0","0x020007F5"
"DolocTown.UI","HomePage","DolocTown.UI.HomePage","class","public","DolocTown.UI.DolocUIPanel","","False","False","","16","11","1","0","0x020007F6"
"","<>c__DisplayClass21_0","DolocTown.UI.HomePage/<>c__DisplayClass21_0","class","private","System.Object","","False","True","DolocTown.UI.HomePage","2","1","0","0","0x0200118A"
"DolocTown.UI","HomePageTextMenu","DolocTown.UI.HomePageTextMenu","class","public","DolocTown.UI.TextMenu","","False","False","","2","0","1","0","0x020007F7"
"DolocTown.UI","LanguageButtonGroup","DolocTown.UI.LanguageButtonGroup","class","public","DolocTown.UI.VerticalButtonGroup`1<DolocTown.UI.LanguageButton>","","False","False","","2","0","0","0","0x020007F8"
"DolocTown.UI","LoadingPanel","DolocTown.UI.LoadingPanel","class","public","DolocTown.UI.DolocUIPanel","","False","False","","5","6","0","0","0x020007F9"
"DolocTown.UI","OuterLinkButtonGroup","DolocTown.UI.OuterLinkButtonGroup","class","public","DolocTown.UI.VerticalButtonGroup`1<DolocTown.UI.LinkButton>","","False","False","","2","0","0","0","0x020007FA"
"DolocTown.UI","PendingBox","DolocTown.UI.PendingBox","class","public","DolocTown.UI.DolocUIPanel","","False","False","","6","6","0","0","0x020007FB"
"DolocTown.UI","UpdateLogPanel","DolocTown.UI.UpdateLogPanel","class","public","DolocTown.UI.DolocUIPanel","","False","False","","3","1","0","0","0x020007FC"
"DolocTown.UI","LongTextInputBox","DolocTown.UI.LongTextInputBox","class","public","DolocTown.UI.InputNameBox","","False","False","","11","3","2","0","0x020007FD"
"DolocTown.UI","RenamingBox","DolocTown.UI.RenamingBox","class","public","DolocTown.UI.InputNameBox","","False","False","","8","5","0","0","0x020007FE"
"DolocTown.UI","TutorialPanel","DolocTown.UI.TutorialPanel","class","public","DolocTown.UI.AutoSizeUIPanel","","False","False","","6","6","0","0","0x020007FF"
"","TutorialPanelMode","DolocTown.UI.TutorialPanel/TutorialPanelMode","enum","public","System.Enum","","False","True","DolocTown.UI.TutorialPanel","0","3","0","0","0x0200118B"
"DolocTown.UI","BackpackBottomPanel","DolocTown.UI.BackpackBottomPanel","class","public","DolocTown.UI.InventoryPanel","","False","False","","11","7","0","0","0x02000800"
"DolocTown.UI","BackpackSideBarWidget","DolocTown.UI.BackpackSideBarWidget","class","public","DolocTown.UI.InventoryPanel","","False","False","","7","2","0","0","0x02000801"
"","<>c","DolocTown.UI.BackpackSideBarWidget/<>c","class","private","System.Object","","False","True","DolocTown.UI.BackpackSideBarWidget","3","2","0","0","0x0200118C"
"DolocTown.UI","BackpackSideBarMode","DolocTown.UI.BackpackSideBarMode","enum","public","System.Enum","","False","True","","0","3","0","0","0x02000802"
"DolocTown.UI","ContainerColorTagSlot","DolocTown.UI.ContainerColorTagSlot","class","public","DolocTown.UI.DolocNavigationButton","","False","False","","6","2","0","0","0x02000803"
"DolocTown.UI","ContainerColorTagUI","DolocTown.UI.ContainerColorTagUI","class","public","DolocTown.UI.DolocHorizontalUI`1<DolocTown.UI.ContainerColorTagSlot>","DolocTown.UI.INavPanel","False","False","","7","1","3","0","0x02000804"
"","<>c","DolocTown.UI.ContainerColorTagUI/<>c","class","private","System.Object","","False","True","DolocTown.UI.ContainerColorTagUI","3","2","0","0","0x0200118D"
"DolocTown.UI","ContainerLabelSlot","DolocTown.UI.ContainerLabelSlot","class","public","DolocTown.UI.DolocNavigationButton","","False","False","","2","1","0","0","0x02000805"
"DolocTown.UI","ContainerLabelUI","DolocTown.UI.ContainerLabelUI","class","public","DolocTown.UI.DolocHorizontalUI`1<DolocTown.UI.ContainerLabelSlot>","","False","False","","6","3","1","0","0x02000806"
"DolocTown.UI","ContainerSocketUI","DolocTown.UI.ContainerSocketUI","class","public","DolocTown.UI.InventoryPanel","","False","False","","2","0","0","0","0x02000807"
"DolocTown.UI","BorderType","DolocTown.UI.BorderType","enum","public","System.Enum","","False","True","","0","3","0","0","0x02000808"
"DolocTown.UI","ItemBorder","DolocTown.UI.ItemBorder","class","public","DolocTown.UI.DolocUiEntity","","False","False","","12","9","3","0","0x02000809"
"DolocTown.UI","ContainerPanel","DolocTown.UI.ContainerPanel","class","public","DolocTown.UI.AutoSizeUIPanel","","False","False","","8","3","0","0","0x0200080A"
"DolocTown.UI","ContainerWidget","DolocTown.UI.ContainerWidget","class","public","DolocTown.UI.InventoryPanel","","False","False","","25","14","1","0","0x0200080B"
"","<>c","DolocTown.UI.ContainerWidget/<>c","class","private","System.Object","","False","True","DolocTown.UI.ContainerWidget","3","2","0","0","0x0200118E"
"DolocTown.UI","DisposeItemPanel","DolocTown.UI.DisposeItemPanel","class","public","DolocTown.UI.DolocUiEntity","UnityEngine.EventSystems.IPointerClickHandler | UnityEngine.EventSystems.IEventSystemHandler","False","False","","5","1","0","0","0x0200080C"
"DolocTown.UI","DisposeItemWidget","DolocTown.UI.DisposeItemWidget","class","public","DolocTown.UI.DolocUiObject","UnityEngine.EventSystems.IPointerClickHandler | UnityEngine.EventSystems.IEventSystemHandler","False","False","","2","0","0","0","0x0200080D"
"DolocTown.UI","ExchangeInventory","DolocTown.UI.ExchangeInventory","class","public","DolocTown.UI.DolocUiEntity","","False","False","","8","6","1","0","0x0200080E"
"DolocTown.UI","InventoryPanel","DolocTown.UI.InventoryPanel","class","public","DolocTown.UI.DolocGridUI`1<DolocTown.UI.ItemNavSlot>","DolocTown.UI.INavPanel","True","False","","35","5","5","0","0x0200080F"
"","<>c","DolocTown.UI.InventoryPanel/<>c","class","private","System.Object","","False","True","DolocTown.UI.InventoryPanel","5","4","0","0","0x0200118F"
"DolocTown.UI","TextGroup","DolocTown.UI.TextGroup","struct","public","System.ValueType","DolocTown.UI.IUIData","False","True","","2","3","1","0","0x02000810"
"DolocTown.UI","HoverBoxBase","DolocTown.UI.HoverBoxBase","class","public","DolocTown.UI.DolocUiObject","","True","False","","2","0","0","0","0x02000811"
"DolocTown.UI","HoverBoxStyle","DolocTown.UI.HoverBoxStyle","enum","public","System.Enum","","False","True","","0","3","0","0","0x02000812"
"DolocTown.UI","HoverBoxGroup","DolocTown.UI.HoverBoxGroup","class","public","DolocTown.UI.DolocUIPanel","","False","False","","11","9","0","0","0x02000813"
"DolocTown.UI","ItemHoverBox","DolocTown.UI.ItemHoverBox","class","public","DolocTown.UI.HoverBoxBase","","False","False","","6","14","1","0","0x02000814"
"DolocTown.UI","SimpleHoverBox","DolocTown.UI.SimpleHoverBox","class","public","DolocTown.UI.HoverBoxBase","","False","False","","6","6","0","0","0x02000815"
"DolocTown.UI","TextHoverBox","DolocTown.UI.TextHoverBox","class","public","DolocTown.UI.HoverBoxBase","","False","False","","4","6","0","0","0x02000816"
"DolocTown.UI","ItemNavSlot","DolocTown.UI.ItemNavSlot","class","public","DolocTown.UI.DolocNavigationButton","","False","False","","13","9","0","0","0x02000817"
"","GrayMode","DolocTown.UI.ItemNavSlot/GrayMode","enum","public","System.Enum","","False","True","DolocTown.UI.ItemNavSlot","0","3","0","0","0x02001190"
"DolocTown.UI","QuickInventoryPanel","DolocTown.UI.QuickInventoryPanel","class","public","DolocTown.UI.InventoryPanel","","False","False","","53","12","3","0","0x02000818"
"","<>c","DolocTown.UI.QuickInventoryPanel/<>c","class","private","System.Object","","False","True","DolocTown.UI.QuickInventoryPanel","4","3","0","0","0x02001191"
"","<>c__DisplayClass18_0","DolocTown.UI.QuickInventoryPanel/<>c__DisplayClass18_0","class","private","System.Object","","False","True","DolocTown.UI.QuickInventoryPanel","2","2","0","0","0x02001192"
"DolocTown.UI","DoubleNumberRenderer","DolocTown.UI.DoubleNumberRenderer","class","public","DolocTown.UI.DolocUiObject","","False","False","","5","4","0","0","0x02000819"
"DolocTown.UI","LevelTipRenderer","DolocTown.UI.LevelTipRenderer","class","public","DolocTown.UI.DolocUiEntity","","False","False","","4","5","0","0","0x0200081A"
"","<>c__DisplayClass7_0","DolocTown.UI.LevelTipRenderer/<>c__DisplayClass7_0","class","private","System.Object","","False","True","DolocTown.UI.LevelTipRenderer","3","6","0","0","0x02001193"
"DolocTown.UI","NumberRenderer","DolocTown.UI.NumberRenderer","class","public","DolocTown.UI.DolocUiObject","","False","False","","5","4","1","0","0x0200081B"
"DolocTown.UI","CityMapPanel","DolocTown.UI.CityMapPanel","class","public","DolocTown.UI.DolocUIPanel","","False","False","","42","36","3","0","0x0200081C"
"","<>c","DolocTown.UI.CityMapPanel/<>c","class","private","System.Object","","False","True","DolocTown.UI.CityMapPanel","9","8","0","0","0x02001194"
"","<>c__DisplayClass46_0","DolocTown.UI.CityMapPanel/<>c__DisplayClass46_0","class","private","System.Object","","False","True","DolocTown.UI.CityMapPanel","3","2","0","0","0x02001195"
"","<>c__DisplayClass47_0","DolocTown.UI.CityMapPanel/<>c__DisplayClass47_0","class","private","System.Object","","False","True","DolocTown.UI.CityMapPanel","3","3","0","0","0x02001196"
"DolocTown.UI","MapTipData","DolocTown.UI.MapTipData","struct","public","System.ValueType","DolocTown.UI.IUIData","False","True","","2","12","1","0","0x0200081D"
"","<>c","DolocTown.UI.MapTipData/<>c","class","private","System.Object","","False","True","DolocTown.UI.MapTipData","3","2","0","0","0x02001197"
"DolocTown.UI","MapArea","DolocTown.UI.MapArea","class","public","DolocTown.UI.DolocUiObject","","False","False","","14","7","8","0","0x0200081E"
"DolocTown.UI","MapMissionTip","DolocTown.UI.MapMissionTip","class","public","DolocTown.UI.DolocNavigationButton","","False","False","","2","0","0","0","0x0200081F"
"DolocTown.UI","MapPoint","DolocTown.UI.MapPoint","class","public","DolocTown.UI.DolocNavigationButton","","False","False","","1","0","0","0","0x02000820"
"DolocTown.UI","MapText","DolocTown.UI.MapText","class","public","DolocTown.UI.DolocUiObject","","False","False","","5","6","1","0","0x02000821"
"","<>c","DolocTown.UI.MapText/<>c","class","private","System.Object","","False","True","DolocTown.UI.MapText","4","3","0","0","0x02001198"
"DolocTown.UI","MapViewer","DolocTown.UI.MapViewer","class","public","DolocTown.UI.DolocUiObject","","False","False","","2","1","0","0","0x02000822"
"DolocTown.UI","MapPanel","DolocTown.UI.MapPanel","class","public","DolocTown.UI.DolocUIPanel","","False","False","","26","10","1","0","0x02000823"
"","MapCache","DolocTown.UI.MapPanel/MapCache","class","private","System.Object","","False","False","DolocTown.UI.MapPanel","3","3","2","0","0x02001199"
"","<>c__DisplayClass12_0","DolocTown.UI.MapPanel/<>c__DisplayClass12_0","class","private","System.Object","","False","True","DolocTown.UI.MapPanel","2","1","0","0","0x0200119A"
"","<>c","DolocTown.UI.MapPanel/<>c","class","private","System.Object","","False","True","DolocTown.UI.MapPanel","3","2","0","0","0x0200119B"
"","<FollowPointerPosition>d__16","DolocTown.UI.MapPanel/<FollowPointerPosition>d__16","struct","private","System.ValueType","System.Runtime.CompilerServices.IAsyncStateMachine","False","True","DolocTown.UI.MapPanel","2","4","0","0","0x0200119C"
"","<>c__DisplayClass34_0","DolocTown.UI.MapPanel/<>c__DisplayClass34_0","class","private","System.Object","","False","True","DolocTown.UI.MapPanel","2","1","0","0","0x0200119D"
"","<>c__DisplayClass35_0","DolocTown.UI.MapPanel/<>c__DisplayClass35_0","class","private","System.Object","","False","True","DolocTown.UI.MapPanel","2","1","0","0","0x0200119E"
"DolocTown.UI","EquipmentSubMenuUI","DolocTown.UI.EquipmentSubMenuUI","class","public","DolocTown.UI.DolocHorizontalUI`1<DolocTown.UI.DolocNavigationButton>","","False","False","","7","5","1","0","0x02000824"
"DolocTown.UI","GunModeMenu","DolocTown.UI.GunModeMenu","class","public","DolocTown.UI.DolocUiEntity","","False","False","","2","0","0","0","0x02000825"
"DolocTown.UI","MainMenuPanel","DolocTown.UI.MainMenuPanel","class","public","DolocTown.UI.DolocUIPanel","","False","False","","3","2","0","0","0x02000826"
"","<>c","DolocTown.UI.MainMenuPanel/<>c","class","private","System.Object","","False","True","DolocTown.UI.MainMenuPanel","5","4","0","0","0x0200119F"
"DolocTown.UI","MenuButton","DolocTown.UI.MenuButton","class","public","DolocTown.UI.DolocNavigationButton","","False","False","","6","2","1","0","0x02000827"
"DolocTown.UI","MenuUI","DolocTown.UI.MenuUI","class","public","DolocTown.UI.DolocHorizontalUI`1<DolocTown.UI.MenuButton>","","False","False","","6","1","1","0","0x02000828"
"DolocTown.UI","SubMenuPanel","DolocTown.UI.SubMenuPanel","class","public","DolocTown.UI.MenuUI","","False","False","","5","5","0","0","0x02000829"
"DolocTown.UI","MessageBoxBase","DolocTown.UI.MessageBoxBase","class","public","DolocTown.UI.DolocUiObject","","True","False","","12","12","1","0","0x0200082A"
"","MessageRecord","DolocTown.UI.MessageBoxBase/MessageRecord","struct","public","System.ValueType","","False","True","DolocTown.UI.MessageBoxBase","2","3","0","0","0x020011A0"
"","<>c__DisplayClass17_0","DolocTown.UI.MessageBoxBase/<>c__DisplayClass17_0","class","private","System.Object","","False","True","DolocTown.UI.MessageBoxBase","2","1","0","0","0x020011A1"
"","<>c__DisplayClass18_0","DolocTown.UI.MessageBoxBase/<>c__DisplayClass18_0","class","private","System.Object","","False","True","DolocTown.UI.MessageBoxBase","2","2","0","0","0x020011A2"
"","<_Wait>d__19","DolocTown.UI.MessageBoxBase/<_Wait>d__19","class","private","System.Object","System.Collections.Generic.IEnumerator`1<System.Object> | System.Collections.IEnumerator | System.IDisposable","False","True","DolocTown.UI.MessageBoxBase","6","4","2","0","0x020011A3"
"DolocTown.UI","MessageBox","DolocTown.UI.MessageBox","class","public","DolocTown.UI.MessageBoxBase","","False","False","","10","1","1","0","0x0200082B"
"DolocTown.UI","MessageBoxCool","DolocTown.UI.MessageBoxCool","class","public","DolocTown.DolocObject","","False","False","","6","9","0","0","0x0200082C"
"DolocTown.UI","MessageBoxInScene","DolocTown.UI.MessageBoxInScene","class","public","DolocTown.UI.DolocUiRecyclableObject","","False","False","","13","5","2","0","0x0200082D"
"","<>c__DisplayClass12_0","DolocTown.UI.MessageBoxInScene/<>c__DisplayClass12_0","class","private","System.Object","","False","True","DolocTown.UI.MessageBoxInScene","4","2","0","0","0x020011A4"
"","<WaitForHide>d__13","DolocTown.UI.MessageBoxInScene/<WaitForHide>d__13","class","private","System.Object","System.Collections.Generic.IEnumerator`1<System.Object> | System.Collections.IEnumerator | System.IDisposable","False","True","DolocTown.UI.MessageBoxInScene","6","4","2","0","0x020011A5"
"DolocTown.UI","MessageBoxInSceneManager","DolocTown.UI.MessageBoxInSceneManager","class","public","System.Object","","False","False","","4","1","0","0","0x0200082E"
"DolocTown.UI","MessageBoxInSceneWithIcon","DolocTown.UI.MessageBoxInSceneWithIcon","class","public","DolocTown.UI.DolocUiRecyclableObject","","False","False","","14","6","3","0","0x0200082F"
"","<WaitForChange>d__17","DolocTown.UI.MessageBoxInSceneWithIcon/<WaitForChange>d__17","class","private","System.Object","System.Collections.Generic.IEnumerator`1<System.Object> | System.Collections.IEnumerator | System.IDisposable","False","True","DolocTown.UI.MessageBoxInSceneWithIcon","6","3","2","0","0x020011A6"
"","<WaitForHide>d__18","DolocTown.UI.MessageBoxInSceneWithIcon/<WaitForHide>d__18","class","private","System.Object","System.Collections.Generic.IEnumerator`1<System.Object> | System.Collections.IEnumerator | System.IDisposable","False","True","DolocTown.UI.MessageBoxInSceneWithIcon","6","4","2","0","0x020011A7"
"","<>c__DisplayClass19_0","DolocTown.UI.MessageBoxInSceneWithIcon/<>c__DisplayClass19_0","class","private","System.Object","","False","True","DolocTown.UI.MessageBoxInSceneWithIcon","5","7","0","0","0x020011A8"
"","<>c__DisplayClass20_0","DolocTown.UI.MessageBoxInSceneWithIcon/<>c__DisplayClass20_0","class","private","System.Object","","False","True","DolocTown.UI.MessageBoxInSceneWithIcon","5","5","0","0","0x020011A9"
"DolocTown.UI","MessageBoxInSceneWithIconManager","DolocTown.UI.MessageBoxInSceneWithIconManager","class","public","System.Object","","False","False","","4","1","0","0","0x02000830"
"DolocTown.UI","MessageBoxLarge","DolocTown.UI.MessageBoxLarge","class","public","DolocTown.UI.MessageBoxBase","","False","False","","6","2","0","0","0x02000831"
"DolocTown.UI","MessageBoxLittle","DolocTown.UI.MessageBoxLittle","class","public","DolocTown.UI.DolocUiRecyclableObject","","False","False","","12","12","3","0","0x02000832"
"","<>c__DisplayClass20_0","DolocTown.UI.MessageBoxLittle/<>c__DisplayClass20_0","class","private","System.Object","","False","True","DolocTown.UI.MessageBoxLittle","5","3","0","0","0x020011AA"
"","<Wait>d__21","DolocTown.UI.MessageBoxLittle/<Wait>d__21","class","private","System.Object","System.Collections.Generic.IEnumerator`1<System.Object> | System.Collections.IEnumerator | System.IDisposable","False","True","DolocTown.UI.MessageBoxLittle","6","4","2","0","0x020011AB"
"DolocTown.UI","MessageBoxManager","DolocTown.UI.MessageBoxManager","class","public","DolocTown.UI.DolocUiEntity","","False","False","","18","8","8","0","0x02000833"
"DolocTown.UI","MessageBoxNode","DolocTown.UI.MessageBoxNode","class","public","DolocTown.UI.DolocUiObject","","False","False","","7","9","1","0","0x02000834"
"DolocTown.UI","MessageBoxRollCall","DolocTown.UI.MessageBoxRollCall","class","public","DolocTown.UI.DolocUiObject","","False","False","","9","7","3","0","0x02000835"
"","MessageRecord","DolocTown.UI.MessageBoxRollCall/MessageRecord","struct","private","System.ValueType","","False","True","DolocTown.UI.MessageBoxRollCall","1","5","0","0","0x020011AC"
"","<>c__DisplayClass18_0","DolocTown.UI.MessageBoxRollCall/<>c__DisplayClass18_0","class","private","System.Object","","False","True","DolocTown.UI.MessageBoxRollCall","8","2","0","0","0x020011AD"
"DolocTown.UI","FactionItemData","DolocTown.UI.FactionItemData","struct","public","System.ValueType","DolocTown.UI.IUIData","False","True","","3","4","1","0","0x02000836"
"DolocTown.UI","FactionMissionData","DolocTown.UI.FactionMissionData","struct","public","System.ValueType","DolocTown.UI.IUIData","False","True","","2","13","1","0","0x02000837"
"","<>c","DolocTown.UI.FactionMissionData/<>c","class","private","System.Object","","False","True","DolocTown.UI.FactionMissionData","5","4","0","0","0x020011AE"
"DolocTown.UI","FactionItemSlot","DolocTown.UI.FactionItemSlot","class","public","DolocTown.UI.DolocNavigationButton","","False","False","","3","2","0","0","0x02000838"
"DolocTown.UI","FactionMissionPanel","DolocTown.UI.FactionMissionPanel","class","public","DolocTown.UI.DolocUIPanel","","False","False","","3","2","0","0","0x02000839"
"DolocTown.UI","FactionMissionViewer","DolocTown.UI.FactionMissionViewer","class","public","DolocTown.UI.DolocSinglePageUI`1<DolocTown.UI.FactionMissionData>","DolocTown.UI.INavPanel | DolocTown.UI.IScrollContentRect","False","False","","12","17","4","0","0x0200083A"
"DolocTown.UI","FactionMissionWidget","DolocTown.UI.FactionMissionWidget","class","public","DolocTown.UI.AutoSizeUIPanel","","False","False","","11","6","2","0","0x0200083B"
"DolocTown.UI","FactionSubSeriesSlot","DolocTown.UI.FactionSubSeriesSlot","class","public","DolocTown.UI.DolocNavigationButton","","False","False","","7","5","3","0","0x0200083C"
"DolocTown.UI","BoardMissionPanel","DolocTown.UI.BoardMissionPanel","class","public","DolocTown.UI.DolocHorizontalUI`1<DolocTown.UI.BoardMissionSlot>","","False","False","","7","4","1","0","0x0200083D"
"","<>c__DisplayClass7_0","DolocTown.UI.BoardMissionPanel/<>c__DisplayClass7_0","class","private","System.Object","","False","True","DolocTown.UI.BoardMissionPanel","2","2","0","0","0x020011AF"
"DolocTown.UI","BoardMissionSlot","DolocTown.UI.BoardMissionSlot","class","public","DolocTown.UI.DolocNavigationButton","","False","False","","3","11","0","0","0x0200083E"
"DolocTown.UI","BoardMissionData","DolocTown.UI.BoardMissionData","class","public","System.Object","DolocTown.UI.IUIData","False","False","","11","8","8","0","0x0200083F"
"DolocTown.UI","MissionData","DolocTown.UI.MissionData","struct","public","System.ValueType","DolocTown.UI.IUIData","False","True","","3","17","1","0","0x02000840"
"DolocTown.UI","RewardData","DolocTown.UI.RewardData","struct","public","System.ValueType","DolocTown.UI.IUIData","False","True","","2","5","1","0","0x02000841"
"","<>c","DolocTown.UI.RewardData/<>c","class","private","System.Object","","False","True","DolocTown.UI.RewardData","6","5","0","0","0x020011B0"
"DolocTown.UI","MissionPanel","DolocTown.UI.MissionPanel","class","public","DolocTown.UI.DolocPagedLinearUI`2<DolocTown.UI.MissionSlot,DolocTown.UI.MissionData>","","False","False","","9","1","2","0","0x02000842"
"DolocTown.UI","MissionSlot","DolocTown.UI.MissionSlot","class","public","DolocTown.UI.DolocNavigationButton","","False","False","","2","4","0","0","0x02000843"
"DolocTown.UI","MissionViewer","DolocTown.UI.MissionViewer","class","public","DolocTown.UI.DolocUiObject","DolocTown.UI.IScrollContentRect","False","False","","7","16","2","0","0x02000844"
"DolocTown.UI","PositionViewer","DolocTown.UI.PositionViewer","class","public","DolocTown.UI.DolocUiObject","","False","False","","7","3","0","0","0x02000845"
"","<>c","DolocTown.UI.PositionViewer/<>c","class","private","System.Object","","False","True","DolocTown.UI.PositionViewer","3","2","0","0","0x020011B1"
"DolocTown.UI","RewardViewer","DolocTown.UI.RewardViewer","class","public","DolocTown.UI.DolocUiObject","","False","False","","4","3","1","0","0x02000846"
"DolocTown.UI","ModChangeData","DolocTown.UI.ModChangeData","class","public","System.Object","DolocTown.UI.IUIData","False","False","","8","3","4","0","0x02000847"
"DolocTown.UI","ModData","DolocTown.UI.ModData","class","public","System.Object","DolocTown.UI.IUIData","False","False","","2","12","1","0","0x02000848"
"DolocTown.UI","ModChangeListPanel","DolocTown.UI.ModChangeListPanel","class","public","DolocTown.UI.DolocUIPanel","","False","False","","3","6","0","0","0x02000849"
"DolocTown.UI","ModFunctionButton","DolocTown.UI.ModFunctionButton","class","public","DolocTown.UI.DolocNavigationButton","","False","False","","6","3","1","0","0x0200084A"
"DolocTown.UI","ModFunctionButtonGroup","DolocTown.UI.ModFunctionButtonGroup","class","public","DolocTown.UI.DolocUiObject","","False","False","","3","1","1","0","0x0200084B"
"DolocTown.UI","ModPanel","DolocTown.UI.ModPanel","class","public","DolocTown.UI.DolocPagedLinearUI`2<DolocTown.UI.ModSlot,DolocTown.UI.ModData>","","False","False","","11","5","2","0","0x0200084C"
"DolocTown.UI","ModSlot","DolocTown.UI.ModSlot","class","public","DolocTown.UI.DolocNavigationButton","","False","False","","10","16","0","0","0x0200084D"
"DolocTown.UI","ModViewer","DolocTown.UI.ModViewer","class","public","DolocTown.UI.DolocUiObject","DolocTown.UI.IScrollContentRect | DolocTown.UI.INavPanel","False","False","","10","21","4","0","0x0200084E"
"","<>c","DolocTown.UI.ModViewer/<>c","class","private","System.Object","","False","True","DolocTown.UI.ModViewer","4","3","0","0","0x020011B2"
"DolocTown.UI","IconWithNuberTip","DolocTown.UI.IconWithNuberTip","class","public","DolocTown.UI.NumberTip","","False","False","","8","2","0","0","0x0200084F"
"DolocTown.UI","NumberTip","DolocTown.UI.NumberTip","class","public","DolocTown.UI.DolocUiRecyclableObject","","False","False","","11","4","3","0","0x02000850"
"DolocTown.UI","SeedUnLockData","DolocTown.UI.SeedUnLockData","struct","public","System.ValueType","DolocTown.UI.IUIData","False","True","","9","8","8","0","0x02000851"
"","<>c","DolocTown.UI.SeedUnLockData/<>c","class","private","System.Object","","False","True","DolocTown.UI.SeedUnLockData","4","3","0","0","0x020011B3"
"DolocTown.UI","SeedUINode","DolocTown.UI.SeedUINode","class","public","DolocTown.UI.DolocNavigationButton","","False","False","","4","10","2","0","0x02000852"
"DolocTown.UI","SeedUnLockPanel","DolocTown.UI.SeedUnLockPanel","class","public","DolocTown.UI.DolocPagedGridUI`2<DolocTown.UI.SeedUINode,DolocTown.UI.SeedUnLockData>","","False","False","","5","0","0","0","0x02000853"
"","<>c__DisplayClass1_0","DolocTown.UI.SeedUnLockPanel/<>c__DisplayClass1_0","class","private","System.Object","","False","True","DolocTown.UI.SeedUnLockPanel","3","1","0","0","0x020011B4"
"DolocTown.UI","BackpackUpPanel","DolocTown.UI.BackpackUpPanel","class","public","DolocTown.UI.DolocUIPanel","","False","False","","3","5","0","0","0x02000854"
"DolocTown.UI","StoreItemData","DolocTown.UI.StoreItemData","class","public","System.Object","DolocTown.UI.IUIData","False","False","","3","10","1","0","0x02000855"
"DolocTown.UI","StoreItemSlot","DolocTown.UI.StoreItemSlot","class","public","DolocTown.UI.DolocNavigationButton","","False","False","","2","7","0","0","0x02000856"
"DolocTown.UI","StorePanel","DolocTown.UI.StorePanel","class","public","DolocTown.UI.DolocUIPanel","DolocTown.UI.IPageUI`1<DolocTown.UI.StoreItemData> | DolocTown.UI.IView","False","False","","10","2","1","0","0x02000857"
"DolocTown.UI","StoreWidget","DolocTown.UI.StoreWidget","class","public","DolocTown.UI.DolocPagedLinearUI`2<DolocTown.UI.StoreItemSlot,DolocTown.UI.StoreItemData>","","False","False","","8","1","2","0","0x02000858"
"DolocTown.UI","ItemWithQuantity","DolocTown.UI.ItemWithQuantity","class","public","DolocTown.UI.DolocUiObject","","False","False","","3","3","1","0","0x02000859"
"DolocTown.UI","QuantitySubmitBar","DolocTown.UI.QuantitySubmitBar","class","public","DolocTown.UI.DolocUiObject","","False","False","","12","13","1","0","0x0200085A"
"","<>c__DisplayClass17_0","DolocTown.UI.QuantitySubmitBar/<>c__DisplayClass17_0","class","private","System.Object","","False","True","DolocTown.UI.QuantitySubmitBar","3","2","0","0","0x020011B5"
"DolocTown.UI","CraftQuantitySubmitPanel","DolocTown.UI.CraftQuantitySubmitPanel","class","public","DolocTown.UI.QuantitySubmitPanelBase`1<DolocTown.UI.CraftQuantityData>","","False","False","","4","3","0","0","0x0200085B"
"DolocTown.UI","CraftQuantityData","DolocTown.UI.CraftQuantityData","class","public","DolocTown.UI.QuantitySubmitData","","False","False","","1","1","0","0","0x0200085C"
"DolocTown.UI","ItemQuantityData","DolocTown.UI.ItemQuantityData","struct","public","System.ValueType","DolocTown.UI.IUIData","False","True","","4","4","1","0","0x0200085D"
"DolocTown.UI","QuantitySubmitData","DolocTown.UI.QuantitySubmitData","class","public","System.Object","DolocTown.UI.IUIData","False","False","","3","5","1","0","0x0200085E"
"DolocTown.UI","StoreQuantitySubmitData","DolocTown.UI.StoreQuantitySubmitData","class","public","DolocTown.UI.QuantitySubmitData","","False","False","","1","4","0","0","0x0200085F"
"DolocTown.UI","QuantitySubmitPanelBase`1","DolocTown.UI.QuantitySubmitPanelBase`1","class","public","DolocTown.UI.AutoSizeUIPanel","","True","False","","12","8","1","0","0x02000860"
"DolocTown.UI","StoreSubmitType","DolocTown.UI.StoreSubmitType","enum","public","System.Enum","","False","True","","0","3","0","0","0x02000861"
"DolocTown.UI","StoreQuantitySubmitPanel","DolocTown.UI.StoreQuantitySubmitPanel","class","public","DolocTown.UI.QuantitySubmitPanelBase`1<DolocTown.UI.StoreQuantitySubmitData>","","False","False","","4","7","0","0","0x02000862"
"DolocTown.UI","TechNodeData","DolocTown.UI.TechNodeData","struct","public","System.ValueType","DolocTown.UI.IUIData","False","True","","6","5","5","0","0x02000863"
"DolocTown.UI","TechNodeInfoData","DolocTown.UI.TechNodeInfoData","struct","public","System.ValueType","DolocTown.UI.IUIData","False","True","","9","6","6","0","0x02000864"
"","<>c","DolocTown.UI.TechNodeInfoData/<>c","class","private","System.Object","","False","True","DolocTown.UI.TechNodeInfoData","8","7","0","0","0x020011B6"
"DolocTown.UI","TechNodePreviewData","DolocTown.UI.TechNodePreviewData","struct","public","System.ValueType","DolocTown.UI.IUIData","False","True","","10","8","8","0","0x02000865"
"","<>c__DisplayClass24_0","DolocTown.UI.TechNodePreviewData/<>c__DisplayClass24_0","class","private","System.Object","","False","True","DolocTown.UI.TechNodePreviewData","2","1","0","0","0x020011B7"
"","<>c","DolocTown.UI.TechNodePreviewData/<>c","class","private","System.Object","","False","True","DolocTown.UI.TechNodePreviewData","3","2","0","0","0x020011B8"
"DolocTown.UI","TechPointSimpleData","DolocTown.UI.TechPointSimpleData","struct","public","System.ValueType","DolocTown.UI.IUIData","False","True","","5","4","4","0","0x02000866"
"DolocTown.UI","TechPointData","DolocTown.UI.TechPointData","struct","public","System.ValueType","DolocTown.UI.IUIData","False","True","","7","6","6","0","0x02000867"
"DolocTown.UI","TechPointCostData","DolocTown.UI.TechPointCostData","struct","public","System.ValueType","DolocTown.UI.IUIData","False","True","","5","4","4","0","0x02000868"
"DolocTown.UI","TechNodeInfo","DolocTown.UI.TechNodeInfo","class","public","DolocTown.UI.DolocNavigationButton","","False","False","","2","3","0","0","0x02000869"
"DolocTown.UI","TechNodeInfoListViewer","DolocTown.UI.TechNodeInfoListViewer","class","public","DolocTown.UI.DolocScrollGridUI`2<DolocTown.UI.TechNodeInfo,DolocTown.UI.TechNodeInfoData>","","False","False","","5","0","1","0","0x0200086A"
"DolocTown.UI","TechNodePreviewViewer","DolocTown.UI.TechNodePreviewViewer","class","public","DolocTown.UI.DolocUIPanel","","False","False","","4","7","0","0","0x0200086B"
"DolocTown.UI","TechNodeStatus","DolocTown.UI.TechNodeStatus","enum","public","System.Enum","","False","True","","0","6","0","0","0x0200086C"
"DolocTown.UI","TechNodeSlot","DolocTown.UI.TechNodeSlot","class","public","DolocTown.UI.DolocNavigationButton","","False","False","","4","6","1","0","0x0200086D"
"DolocTown.UI","TechPointListViewer","DolocTown.UI.TechPointListViewer","class","public","DolocTown.UI.DolocHorizontalUI`1<DolocTown.UI.TechPointRenderer>","","False","False","","7","1","1","0","0x0200086E"
"DolocTown.UI","TechPointPreviewBox","DolocTown.UI.TechPointPreviewBox","class","public","DolocTown.UI.DolocUiEntity","","False","False","","3","3","0","0","0x0200086F"
"DolocTown.UI","TechPointRenderer","DolocTown.UI.TechPointRenderer","class","public","DolocTown.UI.DolocNavigationButton","","False","False","","2","2","0","0","0x02000870"
"DolocTown.UI","TechTreePanel","DolocTown.UI.TechTreePanel","class","public","DolocTown.UI.DolocUIPanel","","False","False","","4","7","1","0","0x02000871"
"DolocTown.UI","TechTreeTitleMenu","DolocTown.UI.TechTreeTitleMenu","class","public","DolocTown.UI.HorizontalTextMenu","","False","False","","5","2","1","0","0x02000872"
"DolocTown.UI","LineType","DolocTown.UI.LineType","enum","public","System.Enum","","False","True","","0","4","0","0","0x02000873"
"DolocTown.UI","TechTreeWidget","DolocTown.UI.TechTreeWidget","class","public","DolocTown.UI.DolocUIPanel","UnityEngine.EventSystems.IBeginDragHandler | UnityEngine.EventSystems.IEventSystemHandler","False","False","","23","19","2","0","0x02000874"
"","<>c__DisplayClass29_0","DolocTown.UI.TechTreeWidget/<>c__DisplayClass29_0","class","private","System.Object","","False","True","DolocTown.UI.TechTreeWidget","1","2","0","0","0x020011B9"
"","<>c__DisplayClass29_1","DolocTown.UI.TechTreeWidget/<>c__DisplayClass29_1","class","private","System.Object","","False","True","DolocTown.UI.TechTreeWidget","2","2","0","0","0x020011BA"
"DolocTown.UI","TeleportPointGroupData","DolocTown.UI.TeleportPointGroupData","struct","public","System.ValueType","DolocTown.UI.IUIData","False","True","","4","3","3","0","0x02000875"
"","<>c__DisplayClass9_0","DolocTown.UI.TeleportPointGroupData/<>c__DisplayClass9_0","class","private","System.Object","","False","True","DolocTown.UI.TeleportPointGroupData","2","1","0","0","0x020011BB"
"DolocTown.UI","TeleportPointData","DolocTown.UI.TeleportPointData","struct","public","System.ValueType","DolocTown.UI.IUIData","False","True","","5","4","4","0","0x02000876"
"DolocTown.UI","TeleportPanel","DolocTown.UI.TeleportPanel","class","public","DolocTown.UI.DolocUIPanel","DolocTown.UI.INavPanel","False","False","","11","9","2","0","0x02000877"
"","<>c","DolocTown.UI.TeleportPanel/<>c","class","private","System.Object","","False","True","DolocTown.UI.TeleportPanel","3","2","0","0","0x020011BC"
"","<>c__DisplayClass14_0","DolocTown.UI.TeleportPanel/<>c__DisplayClass14_0","struct","private","System.ValueType","","False","True","DolocTown.UI.TeleportPanel","0","2","0","0","0x020011BD"
"DolocTown.UI","TeleportPoint","DolocTown.UI.TeleportPoint","class","public","DolocTown.UI.DolocNavigationButton","","False","False","","2","0","0","0","0x02000878"
"DolocTown.UI","TeleportViewer","DolocTown.UI.TeleportViewer","class","public","DolocTown.UI.DolocUiObject","","False","False","","4","3","0","0","0x02000879"
"DolocTown.UI","TicketTip","DolocTown.UI.TicketTip","class","public","DolocTown.UI.DolocUiObject","","False","False","","3","1","0","0","0x0200087A"
"DolocTown.UI","AutoSizeText","DolocTown.UI.AutoSizeText","class","public","DolocTown.UI.DolocUiObject","","False","False","","6","4","3","0","0x0200087B"
"DolocTown.UI","BatteryTip","DolocTown.UI.BatteryTip","class","public","DolocTown.UI.DolocUiRecyclableObject","","False","False","","4","4","0","0","0x0200087C"
"DolocTown.UI","BuilderItemCostTip","DolocTown.UI.BuilderItemCostTip","class","public","DolocTown.UI.DolocUiEntity","","False","False","","5","1","0","0","0x0200087D"
"DolocTown.UI","CommonTip","DolocTown.UI.CommonTip","class","public","DolocTown.UI.DolocUiRecyclableObject","","False","False","","5","1","2","0","0x0200087E"
"DolocTown.UI","CostItemSlot","DolocTown.UI.CostItemSlot","class","public","DolocTown.UI.DolocIconWithText","UnityEngine.EventSystems.IPointerEnterHandler | UnityEngine.EventSystems.IEventSystemHandler | UnityEngine.EventSystems.IPointerExitHandler","False","False","","9","5","2","0","0x0200087F"
"DolocTown.UI","CostItemViewer","DolocTown.UI.CostItemViewer","class","public","DolocTown.UI.DolocUiEntity","","False","False","","8","7","0","0","0x02000880"
"DolocTown.UI","CostViewerData","DolocTown.UI.CostViewerData","struct","public","System.ValueType","DolocTown.UI.IUIData","False","True","","7","11","2","0","0x02000881"
"","<>c__DisplayClass16_0","DolocTown.UI.CostViewerData/<>c__DisplayClass16_0","class","private","System.Object","","False","True","DolocTown.UI.CostViewerData","2","1","0","0","0x020011BE"
"","<>c","DolocTown.UI.CostViewerData/<>c","class","private","System.Object","","False","True","DolocTown.UI.CostViewerData","6","5","0","0","0x020011BF"
"","<>c__DisplayClass19_0","DolocTown.UI.CostViewerData/<>c__DisplayClass19_0","class","private","System.Object","","False","True","DolocTown.UI.CostViewerData","2","1","0","0","0x020011C0"
"DolocTown.UI","DolocBorderRenderer","DolocTown.UI.DolocBorderRenderer","class","public","DolocTown.UI.DolocUiRecyclableObject","","False","False","","11","1","4","0","0x02000882"
"DolocTown.UI","EffectGroupData","DolocTown.UI.EffectGroupData","struct","public","System.ValueType","DolocTown.UI.IUIData","False","True","","3","3","1","0","0x02000883"
"","<>c","DolocTown.UI.EffectGroupData/<>c","class","private","System.Object","","False","True","DolocTown.UI.EffectGroupData","3","2","0","0","0x020011C1"
"DolocTown.UI","EffectGroupViewer","DolocTown.UI.EffectGroupViewer","class","public","DolocTown.UI.DolocUiObject","","False","False","","5","2","0","0","0x02000884"
"DolocTown.UI","EffectSlot","DolocTown.UI.EffectSlot","class","public","DolocTown.DolocRecyclableObject","","False","False","","7","3","3","0","0x02000885"
"DolocTown.UI","GameInitTip","DolocTown.UI.GameInitTip","class","public","DolocTown.UI.DolocUiObject","","False","False","","4","1","0","0","0x02000886"
"DolocTown.UI","GameLoadingTip","DolocTown.UI.GameLoadingTip","class","public","DolocTown.UI.DolocUiObject","","False","False","","1","0","0","0","0x02000887"
"DolocTown.UI","GameTimeTip","DolocTown.UI.GameTimeTip","class","public","DolocTown.UI.DolocUiEntity","","False","False","","8","4","0","0","0x02000888"
"DolocTown.UI","GameVersionTip","DolocTown.UI.GameVersionTip","class","public","DolocTown.UI.DolocBasicTip","","False","False","","3","0","0","0","0x02000889"
"DolocTown.UI","GunReloadTip","DolocTown.UI.GunReloadTip","class","public","DolocTown.UI.DolocUiRecyclableObject","","False","False","","3","3","1","0","0x0200088A"
"DolocTown.UI","LongPressTipRenderer","DolocTown.UI.LongPressTipRenderer","class","public","DolocTown.UI.DolocUiObject","","False","False","","6","4","2","0","0x0200088B"
"DolocTown.UI","MoneyTipSmall","DolocTown.UI.MoneyTipSmall","class","public","DolocTown.UI.MoneyTip","","False","False","","2","2","0","0","0x0200088C"
"DolocTown.UI","OperationGuidanceIconGroup","DolocTown.UI.OperationGuidanceIconGroup","class","public","DolocTown.UI.DolocUiObject","","False","False","","4","1","1","0","0x0200088D"
"","<>c","DolocTown.UI.OperationGuidanceIconGroup/<>c","class","private","System.Object","","False","True","DolocTown.UI.OperationGuidanceIconGroup","3","2","0","0","0x020011C2"
"DolocTown.UI","OperationGuidanceManager","DolocTown.UI.OperationGuidanceManager","class","public","DolocTown.UI.DolocUIPanel","","False","False","","16","6","3","0","0x0200088E"
"","GuidanceInfo","DolocTown.UI.OperationGuidanceManager/GuidanceInfo","struct","private","System.ValueType","","False","True","DolocTown.UI.OperationGuidanceManager","1","3","0","0","0x020011C3"
"","<>c__DisplayClass20_0","DolocTown.UI.OperationGuidanceManager/<>c__DisplayClass20_0","class","private","System.Object","","False","True","DolocTown.UI.OperationGuidanceManager","2","2","0","0","0x020011C4"
"DolocTown.UI","OperationGuidanceSlot","DolocTown.UI.OperationGuidanceSlot","class","public","DolocTown.UI.DolocUiRecyclableObject","DolocTown.UI.IInputDeviceDetect | UnityEngine.EventSystems.IPointerEnterHandler | UnityEngine.EventSystems.IEventSystemHandler | UnityEngine.EventSystems.IPointerExitHandler","False","False","","12","7","1","0","0x0200088F"
"","<>c","DolocTown.UI.OperationGuidanceSlot/<>c","class","private","System.Object","","False","True","DolocTown.UI.OperationGuidanceSlot","5","4","0","0","0x020011C5"
"","<>c__DisplayClass14_0","DolocTown.UI.OperationGuidanceSlot/<>c__DisplayClass14_0","class","private","System.Object","","False","True","DolocTown.UI.OperationGuidanceSlot","2","2","0","0","0x020011C6"
"DolocTown.UI","OperationTip","DolocTown.UI.OperationTip","class","public","DolocTown.UI.DolocUiRecyclableObject","","False","False","","15","13","2","0","0x02000890"
"","<>c__DisplayClass26_0","DolocTown.UI.OperationTip/<>c__DisplayClass26_0","class","private","System.Object","","False","True","DolocTown.UI.OperationTip","2","2","0","0","0x020011C7"
"","<>c__DisplayClass27_0","DolocTown.UI.OperationTip/<>c__DisplayClass27_0","class","private","System.Object","","False","True","DolocTown.UI.OperationTip","3","4","0","0","0x020011C8"
"DolocTown.UI","OperationTipBase","DolocTown.UI.OperationTipBase","class","public","DolocTown.UI.DolocUiRecyclableObject","","False","False","","6","3","2","0","0x02000891"
"DolocTown.UI","OperationTipInScene","DolocTown.UI.OperationTipInScene","class","public","DolocTown.UI.OperationTipBase","","False","False","","17","13","1","0","0x02000892"
"","<>c__DisplayClass19_0","DolocTown.UI.OperationTipInScene/<>c__DisplayClass19_0","class","private","System.Object","","False","True","DolocTown.UI.OperationTipInScene","2","2","0","0","0x020011C9"
"","<>c__DisplayClass20_0","DolocTown.UI.OperationTipInScene/<>c__DisplayClass20_0","class","private","System.Object","","False","True","DolocTown.UI.OperationTipInScene","2","2","0","0","0x020011CA"
"","<>c__DisplayClass22_0","DolocTown.UI.OperationTipInScene/<>c__DisplayClass22_0","class","private","System.Object","","False","True","DolocTown.UI.OperationTipInScene","2","2","0","0","0x020011CB"
"","<>c__DisplayClass23_0","DolocTown.UI.OperationTipInScene/<>c__DisplayClass23_0","class","private","System.Object","","False","True","DolocTown.UI.OperationTipInScene","4","2","0","0","0x020011CC"
"DolocTown.UI","OperationTipInSceneManager","DolocTown.UI.OperationTipInSceneManager","class","public","DolocTown.UI.DolocUiEntity","","False","False","","15","3","0","0","0x02000893"
"","<>c__DisplayClass15_0","DolocTown.UI.OperationTipInSceneManager/<>c__DisplayClass15_0","class","private","System.Object","","False","True","DolocTown.UI.OperationTipInSceneManager","2","1","0","0","0x020011CD"
"","<>c__DisplayClass16_0","DolocTown.UI.OperationTipInSceneManager/<>c__DisplayClass16_0","class","private","System.Object","","False","True","DolocTown.UI.OperationTipInSceneManager","2","3","0","0","0x020011CE"
"DolocTown.UI","OperationTipInScenePatch","DolocTown.UI.OperationTipInScenePatch","static class","public","System.Object","","True","True","","14","1","0","0","0x02000894"
"DolocTown.UI","ClickableOperationTipInUI","DolocTown.UI.ClickableOperationTipInUI","class","public","DolocTown.UI.OperationTipInUI","UnityEngine.EventSystems.IPointerClickHandler | UnityEngine.EventSystems.IEventSystemHandler","False","False","","4","2","0","0","0x02000895"
"DolocTown.UI","OperationTipInUI","DolocTown.UI.OperationTipInUI","class","public","DolocTown.UI.DolocUiObject","DolocTown.UI.IInputDeviceDetect","False","False","","4","5","0","0","0x02000896"
"","<>c","DolocTown.UI.OperationTipInUI/<>c","class","private","System.Object","","False","True","DolocTown.UI.OperationTipInUI","3","2","0","0","0x020011CF"
"DolocTown.UI","OperationTipMulti","DolocTown.UI.OperationTipMulti","class","public","DolocTown.UI.DolocUiRecyclableObject","","False","False","","27","26","3","0","0x02000897"
"DolocTown.UI","OperationTipMultiManager","DolocTown.UI.OperationTipMultiManager","class","public","DolocTown.UI.DolocUiEntity","","False","False","","14","3","0","0","0x02000898"
"","OperationList","DolocTown.UI.OperationTipMultiManager/OperationList","class","private","System.Object","","False","False","DolocTown.UI.OperationTipMultiManager","22","3","6","0","0x020011D0"
"","<>c__DisplayClass17_0","DolocTown.UI.OperationTipMultiManager/OperationList/<>c__DisplayClass17_0","class","private","System.Object","","False","True","DolocTown.UI.OperationTipMultiManager/OperationList","2","1","0","0","0x020012B3"
"","<>c__DisplayClass19_0","DolocTown.UI.OperationTipMultiManager/OperationList/<>c__DisplayClass19_0","class","private","System.Object","","False","True","DolocTown.UI.OperationTipMultiManager/OperationList","2","1","0","0","0x020012B4"
"","<>c__DisplayClass20_0","DolocTown.UI.OperationTipMultiManager/OperationList/<>c__DisplayClass20_0","class","private","System.Object","","False","True","DolocTown.UI.OperationTipMultiManager/OperationList","2","2","0","0","0x020012B5"
"","<>c__DisplayClass21_0","DolocTown.UI.OperationTipMultiManager/OperationList/<>c__DisplayClass21_0","class","private","System.Object","","False","True","DolocTown.UI.OperationTipMultiManager/OperationList","2","2","0","0","0x020012B6"
"","<>c__DisplayClass22_0","DolocTown.UI.OperationTipMultiManager/OperationList/<>c__DisplayClass22_0","class","private","System.Object","","False","True","DolocTown.UI.OperationTipMultiManager/OperationList","2","2","0","0","0x020012B7"
"","<>c__DisplayClass23_0","DolocTown.UI.OperationTipMultiManager/OperationList/<>c__DisplayClass23_0","class","private","System.Object","","False","True","DolocTown.UI.OperationTipMultiManager/OperationList","2","2","0","0","0x020012B8"
"","PositionHandle","DolocTown.UI.OperationTipMultiManager/PositionHandle","class","private","System.Object","","True","False","DolocTown.UI.OperationTipMultiManager","2","0","1","0","0x020011D1"
"","StaticPosition","DolocTown.UI.OperationTipMultiManager/StaticPosition","class","private","DolocTown.UI.OperationTipMultiManager/PositionHandle","","False","False","DolocTown.UI.OperationTipMultiManager","2","1","1","0","0x020011D2"
"","DynamicPosition","DolocTown.UI.OperationTipMultiManager/DynamicPosition","class","private","DolocTown.UI.OperationTipMultiManager/PositionHandle","","False","False","DolocTown.UI.OperationTipMultiManager","2","1","1","0","0x020011D3"
"","OperationTip","DolocTown.UI.OperationTipMultiManager/OperationTip","class","private","System.Object","","False","False","DolocTown.UI.OperationTipMultiManager","4","5","2","0","0x020011D4"
"DolocTown.UI","OperationTipPanel","DolocTown.UI.OperationTipPanel","class","public","DolocTown.UI.DolocUiRecyclableObject","","False","False","","12","4","3","0","0x02000899"
"","<Show>d__13","DolocTown.UI.OperationTipPanel/<Show>d__13","struct","private","System.ValueType","System.Runtime.CompilerServices.IAsyncStateMachine","False","True","DolocTown.UI.OperationTipPanel","2","5","0","0","0x020011D5"
"","<Hide>d__16","DolocTown.UI.OperationTipPanel/<Hide>d__16","struct","private","System.ValueType","System.Runtime.CompilerServices.IAsyncStateMachine","False","True","DolocTown.UI.OperationTipPanel","2","6","0","0","0x020011D6"
"DolocTown.UI","ResidentOperationTip","DolocTown.UI.ResidentOperationTip","class","public","DolocTown.UI.DolocUiRecyclableObject","","False","False","","8","6","1","0","0x0200089A"
"DolocTown.UI","PlainTextTip","DolocTown.UI.PlainTextTip","class","public","DolocTown.UI.SimpleTextTip","","False","False","","1","0","0","0","0x0200089B"
"DolocTown.UI","SimpleTextTip","DolocTown.UI.SimpleTextTip","class","public","DolocTown.UI.DolocUiRecyclableObject","","False","False","","5","1","1","0","0x0200089C"
"DolocTown.UI","AgentCellTip","DolocTown.UI.AgentCellTip","class","public","DolocTown.UI.DolocBasicTip","","False","False","","16","10","10","0","0x0200089D"
"","<get_CellPositions>d__23","DolocTown.UI.AgentCellTip/<get_CellPositions>d__23","class","private","System.Object","System.Collections.Generic.IEnumerable`1<UnityEngine.Vector2Int> | System.Collections.IEnumerable | System.Collections.Generic.IEnumerator`1<UnityEngine.Vector2Int> | System.Collections.IEnumerator | System.IDisposable","False","True","DolocTown.UI.AgentCellTip","8","6","2","0","0x020011D7"
"DolocTown.UI","TimerTip","DolocTown.UI.TimerTip","class","public","DolocTown.UI.DolocUiEntity","","False","False","","10","4","2","0","0x0200089E"
"DolocTown.UI","AgentCorrosionBar","DolocTown.UI.AgentCorrosionBar","class","public","DolocTown.UI.DolocUiObject","","False","False","","5","10","1","0","0x0200089F"
"DolocTown.UI","AgentStatusBar","DolocTown.UI.AgentStatusBar","class","public","DolocTown.UI.DolocUiObject","","False","False","","8","10","2","0","0x020008A0"
"DolocTown.UI","AgentStatusTip","DolocTown.UI.AgentStatusTip","class","public","DolocTown.UI.DolocBasicTip","","False","False","","17","4","7","0","0x020008A1"
"","<>c__DisplayClass6_0","DolocTown.UI.AgentStatusTip/<>c__DisplayClass6_0","class","private","System.Object","","False","True","DolocTown.UI.AgentStatusTip","5","5","0","0","0x020011D8"
"DolocTown.UI","ProgressCircle","DolocTown.UI.ProgressCircle","class","public","DolocTown.UI.DolocUiObject","","False","False","","8","3","2","0","0x020008A2"
"DolocTown.UI","BasicTipGroup","DolocTown.UI.BasicTipGroup","class","public","DolocTown.UI.DolocUiEntity","","False","False","","29","17","11","0","0x020008A3"
"","<>c__DisplayClass41_0","DolocTown.UI.BasicTipGroup/<>c__DisplayClass41_0","class","private","System.Object","","False","True","DolocTown.UI.BasicTipGroup","2","1","0","0","0x020011D9"
"DolocTown.UI","ElectricityInfoViewer","DolocTown.UI.ElectricityInfoViewer","class","public","DolocTown.UI.DolocBasicTip","","False","False","","8","8","1","0","0x020008A4"
"DolocTown.UI","ElectricityProgressBar","DolocTown.UI.ElectricityProgressBar","class","public","DolocTown.UI.DolocUiObject","","False","False","","11","3","5","0","0x020008A5"
"DolocTown.UI","MenuTip","DolocTown.UI.MenuTip","class","public","DolocTown.UI.DolocBasicTip","","False","False","","3","0","0","0","0x020008A6"
"DolocTown.UI","MissionTipManager","DolocTown.UI.MissionTipManager","class","public","DolocTown.UI.DolocBasicTip","","False","False","","18","8","2","0","0x020008A7"
"","<>c__DisplayClass24_0","DolocTown.UI.MissionTipManager/<>c__DisplayClass24_0","class","private","System.Object","","False","True","DolocTown.UI.MissionTipManager","3","3","0","0","0x020011DA"
"","<>c__DisplayClass24_1","DolocTown.UI.MissionTipManager/<>c__DisplayClass24_1","class","private","System.Object","","False","True","DolocTown.UI.MissionTipManager","2","2","0","0","0x020011DB"
"","<>c__DisplayClass25_0","DolocTown.UI.MissionTipManager/<>c__DisplayClass25_0","class","private","System.Object","","False","True","DolocTown.UI.MissionTipManager","2","2","0","0","0x020011DC"
"DolocTown.UI","MoneyTip","DolocTown.UI.MoneyTip","class","public","DolocTown.UI.DolocBasicTip","","False","False","","8","9","0","0","0x020008A8"
"DolocTown.UI","PositionTip","DolocTown.UI.PositionTip","class","public","DolocTown.UI.DolocBasicTip","","False","False","","5","1","1","0","0x020008A9"
"DolocTown.UI","TimeTip","DolocTown.UI.TimeTip","class","public","DolocTown.UI.DolocBasicTip","","False","False","","9","3","2","0","0x020008AA"
"DolocTown.UI","WeatherTip","DolocTown.UI.WeatherTip","class","public","DolocTown.UI.DolocBasicTip","","False","False","","17","11","7","0","0x020008AB"
"","<DoProgress>d__32","DolocTown.UI.WeatherTip/<DoProgress>d__32","struct","private","System.ValueType","System.Runtime.CompilerServices.IAsyncStateMachine","False","True","DolocTown.UI.WeatherTip","2","10","0","0","0x020011DD"
"DolocTown.UI","ISettingUiItem","DolocTown.UI.ISettingUiItem","interface","public","","","True","False","","9","0","7","0","0x020008AC"
"DolocTown.UI","ISettingUiItemWithValue`1","DolocTown.UI.ISettingUiItemWithValue`1","interface","public","","DolocTown.UI.ISettingUiItem","True","False","","2","0","2","0","0x020008AD"
"DolocTown.UI","OptionItemUI","DolocTown.UI.OptionItemUI","class","public","DolocTown.UI.SettingValueItemUI`1<System.String>","","False","False","","14","9","4","0","0x020008AE"
"DolocTown.UI","InputActionKeyIcon","DolocTown.UI.InputActionKeyIcon","class","public","DolocTown.UI.DolocUiObject","","False","False","","13","13","3","0","0x020008AF"
"DolocTown.UI","RebindActionMask","DolocTown.UI.RebindActionMask","class","public","DolocTown.UI.DolocUiObject","","False","False","","13","10","0","0","0x020008B0"
"","<DotLoop>d__15","DolocTown.UI.RebindActionMask/<DotLoop>d__15","class","private","System.Object","System.Collections.Generic.IEnumerator`1<System.Object> | System.Collections.IEnumerator | System.IDisposable","False","True","DolocTown.UI.RebindActionMask","6","5","2","0","0x020011DE"
"DolocTown.UI","RebindActionSlot","DolocTown.UI.RebindActionSlot","class","public","DolocTown.UI.DolocNavigationButton","","False","False","","50","15","17","0","0x020008B1"
"","<WaitToInterrupt>d__61","DolocTown.UI.RebindActionSlot/<WaitToInterrupt>d__61","class","private","System.Object","System.Collections.Generic.IEnumerator`1<System.Object> | System.Collections.IEnumerator | System.IDisposable","False","True","DolocTown.UI.RebindActionSlot","6","5","2","0","0x020011DF"
"DolocTown.UI","RebindActionUI","DolocTown.UI.RebindActionUI","class","public","DolocTown.UI.SettingItemUI","","False","False","","31","11","14","0","0x020008B2"
"","<>c__DisplayClass46_0","DolocTown.UI.RebindActionUI/<>c__DisplayClass46_0","class","private","System.Object","","False","True","DolocTown.UI.RebindActionUI","6","2","0","0","0x020011E0"
"","<>c","DolocTown.UI.RebindActionUI/<>c","class","private","System.Object","","False","True","DolocTown.UI.RebindActionUI","3","2","0","0","0x020011E1"
"DolocTown.UI","SettingItemUI","DolocTown.UI.SettingItemUI","class","public","DolocTown.UI.DolocUiObject","DolocTown.UI.ISettingUiItem","True","False","","10","2","6","0","0x020008B3"
"DolocTown.UI","SettingValueItemUI`1","DolocTown.UI.SettingValueItemUI`1","class","public","DolocTown.UI.DolocUiObject","DolocTown.UI.ISettingUiItemWithValue`1<T> | DolocTown.UI.ISettingUiItem","True","False","","14","4","8","0","0x020008B4"
"DolocTown.UI","SliderItemUI","DolocTown.UI.SliderItemUI","class","public","DolocTown.UI.SettingValueItemUI`1<System.Int32>","","False","False","","8","6","2","0","0x020008B5"
"DolocTown.UI","TitleItemUI","DolocTown.UI.TitleItemUI","class","public","DolocTown.UI.SettingItemUI","","False","False","","1","0","0","0","0x020008B6"
"DolocTown.UI","ToggleItemUI","DolocTown.UI.ToggleItemUI","class","public","DolocTown.UI.SettingValueItemUI`1<System.Boolean>","","False","False","","11","4","3","0","0x020008B7"
"DolocTown.UI","SettingPanel","DolocTown.UI.SettingPanel","class","public","DolocTown.UI.DolocUIPanel","DolocTown.UI.INavPanel | DolocTown.UI.IScrollContentRect","False","False","","41","24","13","0","0x020008B8"
"","<>c","DolocTown.UI.SettingPanel/<>c","class","private","System.Object","","False","True","DolocTown.UI.SettingPanel","8","7","0","0","0x020011E2"
"","<>c__DisplayClass46_0","DolocTown.UI.SettingPanel/<>c__DisplayClass46_0","class","private","System.Object","","False","True","DolocTown.UI.SettingPanel","2","3","0","0","0x020011E3"
"","<>c__DisplayClass49_0","DolocTown.UI.SettingPanel/<>c__DisplayClass49_0","class","private","System.Object","","False","True","DolocTown.UI.SettingPanel","2","3","0","0","0x020011E4"
"DolocTown.UI","SettingUIItemManager","DolocTown.UI.SettingUIItemManager","class","public","System.Object","","False","False","","24","7","9","0","0x020008B9"
"","<>c__DisplayClass33_0","DolocTown.UI.SettingUIItemManager/<>c__DisplayClass33_0","class","private","System.Object","","False","True","DolocTown.UI.SettingUIItemManager","3","2","0","0","0x020011E5"
"DolocTown.UI","WeatherGroup","DolocTown.UI.WeatherGroup","class","public","DolocTown.UI.DolocUiObject","","False","False","","7","2","1","0","0x020008BA"
"","<>c","DolocTown.UI.WeatherGroup/<>c","class","private","System.Object","","False","True","DolocTown.UI.WeatherGroup","4","3","0","0","0x020011E6"
"","<>c__DisplayClass7_0","DolocTown.UI.WeatherGroup/<>c__DisplayClass7_0","class","private","System.Object","","False","True","DolocTown.UI.WeatherGroup","3","3","0","0","0x020011E7"
"DolocTown.UI","WeatherReportPanel","DolocTown.UI.WeatherReportPanel","class","public","DolocTown.UI.DolocUIPanel","DolocTown.UI.INavPanel","False","False","","9","1","3","0","0x020008BB"
"","<>c","DolocTown.UI.WeatherReportPanel/<>c","class","private","System.Object","","False","True","DolocTown.UI.WeatherReportPanel","3","2","0","0","0x020011E8"
"DolocTown.UI","WeatherSlot","DolocTown.UI.WeatherSlot","class","public","DolocTown.UI.DolocNavigationButton","","False","False","","4","1","0","0","0x020008BC"
"DolocTown.UI","CanvasUiRendererPoolManager","DolocTown.UI.CanvasUiRendererPoolManager","class","public","DolocTown.UI.UiRendererPoolManagerBase","","False","False","","1","0","0","0","0x020008BD"
"DolocTown.UI","SceneUiRendererPoolManager","DolocTown.UI.SceneUiRendererPoolManager","class","public","DolocTown.UI.UiRendererPoolManagerBase","","False","False","","1","0","0","0","0x020008BE"
"DolocTown.UI","UiRendererPoolManagerBase","DolocTown.UI.UiRendererPoolManagerBase","class","public","DolocTown.UI.DolocUiEntity","","True","False","","8","2","0","0","0x020008BF"
"DolocTown.UI","DolocIconWithText","DolocTown.UI.DolocIconWithText","class","public","DolocIcon","","False","False","","2","1","1","0","0x020008C0"
"DolocTown.UI","DolocIconWithTextEx","DolocTown.UI.DolocIconWithTextEx","class","public","DolocIcon","","False","False","","5","2","4","0","0x020008C1"
"DolocTown.UI","DolocImage","DolocTown.UI.DolocImage","class","public","DolocTown.UI.DolocUiRecyclableObject","","False","False","","23","4","8","0","0x020008C2"
"DolocTown.UI","DolocSimpleText","DolocTown.UI.DolocSimpleText","class","public","DolocTown.UI.DolocUiRecyclableObject","","False","False","","5","1","2","0","0x020008C3"
"DolocTown.UI","DolocTextTMP","DolocTown.UI.DolocTextTMP","class","public","DolocTown.UI.DolocUiRecyclableObject","","False","False","","9","1","3","0","0x020008C4"
"DolocTown.UI","SmallTextMenu","DolocTown.UI.SmallTextMenu","class","public","DolocTown.UI.TextMenu","","False","False","","3","0","1","0","0x020008C5"
"","<>c","DolocTown.UI.SmallTextMenu/<>c","class","private","System.Object","","False","True","DolocTown.UI.SmallTextMenu","3","2","0","0","0x020011E9"
"DolocTown.UI","TextButton","DolocTown.UI.TextButton","class","public","DolocTown.UI.DolocNavigationButton","","False","False","","11","2","6","0","0x020008C6"
"DolocTown.UI","TextMenu","DolocTown.UI.TextMenu","class","public","DolocTown.UI.DolocVerticalUI`1<DolocTown.UI.TextButton>","DolocTown.UI.INavPanel","False","False","","11","4","3","0","0x020008C7"
"","<>c","DolocTown.UI.TextMenu/<>c","class","private","System.Object","","False","True","DolocTown.UI.TextMenu","3","2","0","0","0x020011EA"
"DolocTown.UI","IconWithTitleMenu","DolocTown.UI.IconWithTitleMenu","class","public","DolocTown.UI.TitleMenu","","False","False","","3","0","1","0","0x020008C8"
"DolocTown.UI","TitleMenu","DolocTown.UI.TitleMenu","class","public","DolocTown.UI.DolocHorizontalUI`1<DolocTown.UI.TextButton>","","False","False","","15","8","1","0","0x020008C9"
"DolocTown.UI","TopLabelTitleMenu","DolocTown.UI.TopLabelTitleMenu","class","public","DolocTown.UI.TitleMenu","","False","False","","2","0","1","0","0x020008CA"
"DolocTown.UI","WebBrowserOpener","DolocTown.UI.WebBrowserOpener","class","public","UnityEngine.MonoBehaviour","","False","False","","3","1","0","0","0x020008CB"
"DolocTown.Params","AgentEquipmentAbility","DolocTown.Params.AgentEquipmentAbility","struct","public","System.ValueType","","False","True","","1","8","0","0","0x020008CC"
"DolocTown.Params","AgentEquipmentParams","DolocTown.Params.AgentEquipmentParams","struct","public","System.ValueType","","False","True","","3","9","0","0","0x020008CD"
"DolocTown.NodeCanvas","GetPositionTask","DolocTown.NodeCanvas.GetPositionTask","class","public","NodeCanvas.Framework.ActionTask","","False","False","","2","2","0","0","0x020008D8"
"DolocTown.NodeCanvas","ActionTask_MoveTo","DolocTown.NodeCanvas.ActionTask_MoveTo","class","public","NodeCanvas.Framework.ActionTask","","False","False","","5","2","2","0","0x020008D9"
"DolocTown.NodeCanvas","ActionTask_RaycastLine","DolocTown.NodeCanvas.ActionTask_RaycastLine","class","public","NodeCanvas.Framework.ActionTask","","False","False","","4","6","2","0","0x020008DA"
"","RaycastType","DolocTown.NodeCanvas.ActionTask_RaycastLine/RaycastType","enum","public","System.Enum","","False","True","DolocTown.NodeCanvas.ActionTask_RaycastLine","0","3","0","0","0x020011EF"
"DolocTown.NodeCanvas","CheckHealth","DolocTown.NodeCanvas.CheckHealth","class","public","NodeCanvas.Framework.ConditionTask`1<DolocTown.MonsterController>","","False","False","","3","3","1","0","0x020008DB"
"DolocTown.NodeCanvas","ConditionTask_IsWeaponAvailable","DolocTown.NodeCanvas.ConditionTask_IsWeaponAvailable","class","public","NodeCanvas.Framework.ConditionTask","","False","False","","4","2","2","0","0x020008DC"
"DolocTown.NodeCanvas","ConditionTask_IsWeaponAvailableViewDst","DolocTown.NodeCanvas.ConditionTask_IsWeaponAvailableViewDst","class","public","NodeCanvas.Framework.ConditionTask","","False","False","","4","4","2","0","0x020008DD"
"DolocTown.NodeCanvas","IsAttackBehaviourAvailable","DolocTown.NodeCanvas.IsAttackBehaviourAvailable","class","public","NodeCanvas.Framework.ConditionTask`1<DolocTown.MonsterController>","","False","False","","3","1","1","0","0x020008DE"
"DolocTown.NodeCanvas","IsAttackBehaviourWork","DolocTown.NodeCanvas.IsAttackBehaviourWork","class","public","NodeCanvas.Framework.ConditionTask`1<DolocTown.MonsterController>","","False","False","","3","2","1","0","0x020008DF"
"DolocTown.NodeCanvas","IsMonsterJumping","DolocTown.NodeCanvas.IsMonsterJumping","class","public","NodeCanvas.Framework.ConditionTask`1<DolocTown.MonsterController>","","False","False","","3","0","1","0","0x020008E0"
"DolocTown.NodeCanvas","NearCheckTask","DolocTown.NodeCanvas.NearCheckTask","class","public","NodeCanvas.Framework.ConditionTask","","False","False","","3","3","1","0","0x020008E1"
"DolocTown.NodeCanvas","RaycastTask","DolocTown.NodeCanvas.RaycastTask","class","public","NodeCanvas.Framework.ConditionTask","","False","False","","2","4","0","0","0x020008E2"
"DolocTown.NodeCanvas","GameProcessRunner","DolocTown.NodeCanvas.GameProcessRunner","class","public","DolocTown.GameEntity","","False","False","","5","4","0","0","0x020008E3"
"DolocTown.NodeCanvas","DebugLogTask","DolocTown.NodeCanvas.DebugLogTask","class","public","NodeCanvas.Framework.ActionTask","","False","False","","3","1","1","0","0x020008E4"
"DolocTown.NodeCanvas","GlobalTask_Output","DolocTown.NodeCanvas.GlobalTask_Output","class","public","NodeCanvas.Framework.ActionTask","","False","False","","3","1","1","0","0x020008E5"
"DolocTown.NodeCanvas","CheckDistanceToGameObject2D","DolocTown.NodeCanvas.CheckDistanceToGameObject2D","class","public","NodeCanvas.Framework.ConditionTask`1<UnityEngine.Transform>","","False","False","","4","5","1","0","0x020008E6"
"DolocTown.NodeCanvas","Wait","DolocTown.NodeCanvas.Wait","class","public","NodeCanvas.Framework.ActionTask","","False","False","","4","5","1","0","0x020008E7"
"DolocTown.NodeCanvas","TimeoutOptional","DolocTown.NodeCanvas.TimeoutOptional","class","public","NodeCanvas.BehaviourTrees.Timeout","","False","False","","2","1","0","0","0x020008E8"
"DolocTown.NodeCanvas","DialogueTask_CashMissionReward","DolocTown.NodeCanvas.DialogueTask_CashMissionReward","class","public","DolocTown.NodeCanvas.DialogueTask","","False","False","","4","3","2","0","0x020008E9"
"DolocTown.NodeCanvas","DialogueTask_UnlockDocument","DolocTown.NodeCanvas.DialogueTask_UnlockDocument","class","public","DolocTown.NodeCanvas.DialogueTask","","False","False","","3","1","1","0","0x020008EA"
"DolocTown.NodeCanvas","DialogueTask_UnlockInteractableObject","DolocTown.NodeCanvas.DialogueTask_UnlockInteractableObject","class","public","DolocTown.NodeCanvas.DialogueTask","","False","False","","4","2","2","0","0x020008EB"
"DolocTown.NodeCanvas","DialogueTask_UnlockSpecialDocument","DolocTown.NodeCanvas.DialogueTask_UnlockSpecialDocument","class","public","DolocTown.NodeCanvas.DialogueTask","","False","False","","3","2","1","0","0x020008EC"
"DolocTown.NodeCanvas","DialogueTask_UnlockStoreItem","DolocTown.NodeCanvas.DialogueTask_UnlockStoreItem","class","public","DolocTown.NodeCanvas.DialogueTask","","False","False","","3","2","1","0","0x020008ED"
"DolocTown.NodeCanvas","DialogueTask_SendItemAsEmail","DolocTown.NodeCanvas.DialogueTask_SendItemAsEmail","class","public","DolocTown.NodeCanvas.DialogueTask","","False","False","","3","6","1","0","0x020008EE"
"DolocTown.NodeCanvas","DialogueTask_SetDisposeItemState","DolocTown.NodeCanvas.DialogueTask_SetDisposeItemState","class","public","DolocTown.NodeCanvas.DialogueTask","","False","False","","3","1","1","0","0x020008EF"
"DolocTown.NodeCanvas","DialogueTask_GameProcess","DolocTown.NodeCanvas.DialogueTask_GameProcess","class","public","DolocTown.NodeCanvas.DialogueTask","","False","False","","2","2","1","0","0x020008F0"
"DolocTown.NodeCanvas","DialogueTask_GateOperation","DolocTown.NodeCanvas.DialogueTask_GateOperation","class","public","DolocTown.NodeCanvas.DialogueTask","","False","False","","4","2","2","0","0x020008F1"
"DolocTown.NodeCanvas","DialogueTask_IsFishUnlocked","DolocTown.NodeCanvas.DialogueTask_IsFishUnlocked","class","public","DolocTown.NodeCanvas.DialogueConditionTask","","False","False","","3","1","1","0","0x020008F2"
"DolocTown.NodeCanvas","DialogueTask_LockGate","DolocTown.NodeCanvas.DialogueTask_LockGate","class","public","DolocTown.NodeCanvas.DialogueTask","","False","False","","4","2","2","0","0x020008F3"
"DolocTown.NodeCanvas","DialogueTask_MoveNpcToScene","DolocTown.NodeCanvas.DialogueTask_MoveNpcToScene","class","public","DolocTown.NodeCanvas.DialogueTask","","False","False","","3","2","1","0","0x020008F4"
"DolocTown.NodeCanvas","DialogueTask_SetNpcScheduleStatus","DolocTown.NodeCanvas.DialogueTask_SetNpcScheduleStatus","class","public","DolocTown.NodeCanvas.DialogueTask","","False","False","","3","3","1","0","0x020008F5"
"DolocTown.NodeCanvas","DialogueTask_Output","DolocTown.NodeCanvas.DialogueTask_Output","class","public","DolocTown.NodeCanvas.DialogueTask","","False","False","","3","2","1","0","0x020008F6"
"DolocTown.NodeCanvas","DialogueTask_RunCommand","DolocTown.NodeCanvas.DialogueTask_RunCommand","class","public","DolocTown.NodeCanvas.DialogueTask","","False","False","","3","1","1","0","0x020008F7"
"","<>c","DolocTown.NodeCanvas.DialogueTask_RunCommand/<>c","class","private","System.Object","","False","True","DolocTown.NodeCanvas.DialogueTask_RunCommand","3","2","0","0","0x020011F0"
"DolocTown.NodeCanvas","DialogueTask_ClearMonster","DolocTown.NodeCanvas.DialogueTask_ClearMonster","class","public","DolocTown.NodeCanvas.DialogueTask","","False","False","","4","2","1","0","0x020008F8"
"DolocTown.NodeCanvas","DialogueTask_EnterDungeon","DolocTown.NodeCanvas.DialogueTask_EnterDungeon","class","public","DolocTown.NodeCanvas.DialogueTask","","False","False","","4","1","1","0","0x020008F9"
"","<>c","DolocTown.NodeCanvas.DialogueTask_EnterDungeon/<>c","class","private","System.Object","","False","True","DolocTown.NodeCanvas.DialogueTask_EnterDungeon","3","2","0","0","0x020011F1"
"DolocTown.NodeCanvas","DialogueTask_SetRoomEnvObjectStatus","DolocTown.NodeCanvas.DialogueTask_SetRoomEnvObjectStatus","class","public","DolocTown.NodeCanvas.DialogueTask","","False","False","","3","5","1","0","0x020008FA"
"DolocTown.NodeCanvas","DialogueTask_SpawnMonsterByName","DolocTown.NodeCanvas.DialogueTask_SpawnMonsterByName","class","public","DolocTown.NodeCanvas.DialogueTask","","False","False","","4","3","1","0","0x020008FB"
"","MonsterInfo","DolocTown.NodeCanvas.DialogueTask_SpawnMonsterByName/MonsterInfo","struct","public","System.ValueType","","False","True","DolocTown.NodeCanvas.DialogueTask_SpawnMonsterByName","1","4","0","0","0x020011F2"
"DolocTown.NodeCanvas","DialogueTask_SpwanMonsterByLut","DolocTown.NodeCanvas.DialogueTask_SpwanMonsterByLut","class","public","DolocTown.NodeCanvas.DialogueTask","","False","False","","3","4","1","0","0x020008FC"
"DolocTown.NodeCanvas","DialogueTask_AddEventDecorator","DolocTown.NodeCanvas.DialogueTask_AddEventDecorator","class","public","DolocTown.NodeCanvas.DialogueTask","","False","False","","4","2","2","0","0x020008FD"
"DolocTown.NodeCanvas","DialogueTask_AddMission","DolocTown.NodeCanvas.DialogueTask_AddMission","class","public","DolocTown.NodeCanvas.DialogueTask","","False","False","","3","2","1","0","0x020008FE"
"DolocTown.NodeCanvas","DialogueTask_AddMissionItem","DolocTown.NodeCanvas.DialogueTask_AddMissionItem","class","public","DolocTown.NodeCanvas.DialogueTask","","False","False","","3","5","1","0","0x020008FF"
"","MissionItemHostType","DolocTown.NodeCanvas.DialogueTask_AddMissionItem/MissionItemHostType","enum","public","System.Enum","","False","True","DolocTown.NodeCanvas.DialogueTask_AddMissionItem","0","3","0","0","0x020011F3"
"DolocTown.NodeCanvas","DialogueTask_FactionMission","DolocTown.NodeCanvas.DialogueTask_FactionMission","class","public","DolocTown.NodeCanvas.DialogueTask","","False","False","","3","1","1","0","0x02000900"
"DolocTown.NodeCanvas","DialogueTask_RemoveDecoratorMission","DolocTown.NodeCanvas.DialogueTask_RemoveDecoratorMission","class","public","DolocTown.NodeCanvas.DialogueTask","","False","False","","3","1","1","0","0x02000901"
"DolocTown.NodeCanvas","DialogueTask_SendEmail","DolocTown.NodeCanvas.DialogueTask_SendEmail","class","public","DolocTown.NodeCanvas.DialogueTask","","False","False","","3","2","1","0","0x02000902"
"DolocTown.NodeCanvas","DialogueTask_RaiseEmotion","DolocTown.NodeCanvas.DialogueTask_RaiseEmotion","class","public","DolocTown.NodeCanvas.DialogueTask","","False","False","","4","2","2","0","0x02000903"
"","EntityLabel","DolocTown.NodeCanvas.DialogueTask_RaiseEmotion/EntityLabel","enum","public","System.Enum","","False","True","DolocTown.NodeCanvas.DialogueTask_RaiseEmotion","0","3","0","0","0x020011F4"
"DolocTown.NodeCanvas","DialogueTask_SetSpiritEnabled","DolocTown.NodeCanvas.DialogueTask_SetSpiritEnabled","class","public","DolocTown.NodeCanvas.DialogueTask","","False","False","","3","1","1","0","0x02000904"
"DolocTown.NodeCanvas","DialogueTask_OpenOperationTip","DolocTown.NodeCanvas.DialogueTask_OpenOperationTip","class","public","DolocTown.NodeCanvas.DialogueTask","","False","False","","4","4","1","0","0x02000905"
"DolocTown.NodeCanvas","DialogueTask_OpenSubmitPanel","DolocTown.NodeCanvas.DialogueTask_OpenSubmitPanel","class","public","DolocTown.NodeCanvas.DialogueTask","","False","False","","3","1","1","0","0x02000906"
"DolocTown.NodeCanvas","ArchiveItemType","DolocTown.NodeCanvas.ArchiveItemType","enum","public","System.Enum","","False","True","","0","3","0","0","0x02000907"
"DolocTown.NodeCanvas","DialogueTask_OpenTutorialPanel","DolocTown.NodeCanvas.DialogueTask_OpenTutorialPanel","class","public","DolocTown.NodeCanvas.DialogueTask","","False","False","","5","2","1","0","0x02000908"
"","<>c","DolocTown.NodeCanvas.DialogueTask_OpenTutorialPanel/<>c","class","private","System.Object","","False","True","DolocTown.NodeCanvas.DialogueTask_OpenTutorialPanel","3","2","0","0","0x020011F5"
"","<DoExtension>d__5","DolocTown.NodeCanvas.DialogueTask_OpenTutorialPanel/<DoExtension>d__5","struct","private","System.ValueType","System.Runtime.CompilerServices.IAsyncStateMachine","False","True","DolocTown.NodeCanvas.DialogueTask_OpenTutorialPanel","2","4","0","0","0x020011F6"
"DolocTown.NodeCanvas","DialogueTask_SetTechTreeLocked","DolocTown.NodeCanvas.DialogueTask_SetTechTreeLocked","class","public","DolocTown.NodeCanvas.DialogueTask","","False","False","","3","2","1","0","0x02000909"
"DolocTown.NodeCanvas","DialogueTask_ShowMessageBox","DolocTown.NodeCanvas.DialogueTask_ShowMessageBox","class","public","DolocTown.NodeCanvas.DialogueTask","","False","False","","3","7","1","0","0x0200090A"
"","MessageBoxType","DolocTown.NodeCanvas.DialogueTask_ShowMessageBox/MessageBoxType","enum","public","System.Enum","","False","True","DolocTown.NodeCanvas.DialogueTask_ShowMessageBox","0","6","0","0","0x020011F7"
"","CommonMessageIconType","DolocTown.NodeCanvas.DialogueTask_ShowMessageBox/CommonMessageIconType","enum","public","System.Enum","","False","True","DolocTown.NodeCanvas.DialogueTask_ShowMessageBox","0","3","0","0","0x020011F8"
"","MissionMessageIconType","DolocTown.NodeCanvas.DialogueTask_ShowMessageBox/MissionMessageIconType","enum","public","System.Enum","","False","True","DolocTown.NodeCanvas.DialogueTask_ShowMessageBox","0","3","0","0","0x020011F9"
"DolocTown.NodeCanvas","DialogueTask_ShowMessageBoxAttention","DolocTown.NodeCanvas.DialogueTask_ShowMessageBoxAttention","class","public","DolocTown.NodeCanvas.DialogueTask","","False","False","","3","1","1","0","0x0200090B"
"DolocTown.NodeCanvas","DialogueTask_ShowOperationGuidance","DolocTown.NodeCanvas.DialogueTask_ShowOperationGuidance","class","public","DolocTown.NodeCanvas.DialogueTask","","False","False","","3","3","1","0","0x0200090C"
"DolocTown.NodeCanvas","DialogueTask_SubmitMissionItem","DolocTown.NodeCanvas.DialogueTask_SubmitMissionItem","class","public","DolocTown.NodeCanvas.DialogueTask","","False","False","","4","3","1","0","0x0200090D"
"DolocTown.NodeCanvas","DialogueConditionTask_CheckNpcLikingLv","DolocTown.NodeCanvas.DialogueConditionTask_CheckNpcLikingLv","class","public","DolocTown.NodeCanvas.DialogueConditionTask","","False","False","","3","3","1","0","0x0200090E"
"DolocTown.NodeCanvas","DialogueConditionTask_WeekCheck","DolocTown.NodeCanvas.DialogueConditionTask_WeekCheck","class","public","DolocTown.NodeCanvas.DialogueConditionTask","","False","False","","5","4","2","0","0x0200090F"
"DolocTown.NodeCanvas","DialogueTask_BackpackItemCheck","DolocTown.NodeCanvas.DialogueTask_BackpackItemCheck","class","public","DolocTown.NodeCanvas.DialogueConditionTask","","False","False","","3","4","1","0","0x02000910"
"DolocTown.NodeCanvas","DialogueTask_BirthdayCheck","DolocTown.NodeCanvas.DialogueTask_BirthdayCheck","class","public","DolocTown.NodeCanvas.DialogueConditionTask","","False","False","","4","2","2","0","0x02000911"
"DolocTown.NodeCanvas","DialogueTask_CheckRoomResourceClass","DolocTown.NodeCanvas.DialogueTask_CheckRoomResourceClass","class","public","DolocTown.NodeCanvas.DialogueConditionTask","","False","False","","3","5","1","0","0x02000912"
"DolocTown.NodeCanvas","DialogueConditionTask_CheckStatus","DolocTown.NodeCanvas.DialogueConditionTask_CheckStatus","class","public","DolocTown.NodeCanvas.DialogueConditionTask","","False","False","","5","3","2","0","0x02000913"
"","PlayerStatus","DolocTown.NodeCanvas.DialogueConditionTask_CheckStatus/PlayerStatus","enum","public","System.Enum","","False","True","DolocTown.NodeCanvas.DialogueConditionTask_CheckStatus","0","4","0","0","0x020011FA"
"DolocTown.NodeCanvas","DialogueTask_DayCheck","DolocTown.NodeCanvas.DialogueTask_DayCheck","class","public","DolocTown.NodeCanvas.DialogueConditionTask","","False","False","","3","1","1","0","0x02000914"
"DolocTown.NodeCanvas","DialogueTask_DayCheckEx","DolocTown.NodeCanvas.DialogueTask_DayCheckEx","class","public","DolocTown.NodeCanvas.DialogueConditionTask","","False","False","","3","2","1","0","0x02000915"
"DolocTown.NodeCanvas","DialogueConditionTask_Dice","DolocTown.NodeCanvas.DialogueConditionTask_Dice","class","public","DolocTown.NodeCanvas.DialogueConditionTask","","False","False","","4","1","2","0","0x02000916"
"","PlayerStatus","DolocTown.NodeCanvas.DialogueConditionTask_Dice/PlayerStatus","enum","public","System.Enum","","False","True","DolocTown.NodeCanvas.DialogueConditionTask_Dice","0","3","0","0","0x020011FB"
"DolocTown.NodeCanvas","DialogueTask_DistanceToMarkPoint","DolocTown.NodeCanvas.DialogueTask_DistanceToMarkPoint","class","public","DolocTown.NodeCanvas.DialogueConditionTask","","False","False","","4","6","2","0","0x02000917"
"","DistanceType","DolocTown.NodeCanvas.DialogueTask_DistanceToMarkPoint/DistanceType","enum","private","System.Enum","","False","True","DolocTown.NodeCanvas.DialogueTask_DistanceToMarkPoint","0","6","0","0","0x020011FC"
"DolocTown.NodeCanvas","DialogueTask_EnvOptimizerEnergy","DolocTown.NodeCanvas.DialogueTask_EnvOptimizerEnergy","class","public","DolocTown.NodeCanvas.DialogueConditionTask","","False","False","","3","2","1","0","0x02000918"
"DolocTown.NodeCanvas","DialogueTask_HourCheck","DolocTown.NodeCanvas.DialogueTask_HourCheck","class","public","DolocTown.NodeCanvas.DialogueConditionTask","","False","False","","5","5","3","0","0x02000919"
"DolocTown.NodeCanvas","CheckPositionType","DolocTown.NodeCanvas.CheckPositionType","enum","public","System.Enum","","False","True","","0","3","0","0","0x0200091A"
"DolocTown.NodeCanvas","DialogueTask_IsNpcAtScene","DolocTown.NodeCanvas.DialogueTask_IsNpcAtScene","class","public","DolocTown.NodeCanvas.DialogueConditionTask","","False","False","","3","4","1","0","0x0200091B"
"DolocTown.NodeCanvas","DialogueTask_ItemCountCheck","DolocTown.NodeCanvas.DialogueTask_ItemCountCheck","class","public","DolocTown.NodeCanvas.DialogueConditionTask","","False","False","","3","2","1","0","0x0200091C"
"DolocTown.NodeCanvas","DialogueConditionTask_Money","DolocTown.NodeCanvas.DialogueConditionTask_Money","class","public","DolocTown.NodeCanvas.DialogueConditionTask","","False","False","","3","2","1","0","0x0200091D"
"DolocTown.NodeCanvas","DialogueTask_PositionStatus","DolocTown.NodeCanvas.DialogueTask_PositionStatus","class","public","DolocTown.NodeCanvas.DialogueConditionTask","","False","False","","3","0","1","0","0x0200091E"
"DolocTown.NodeCanvas","DialogueTask_TimeCheck","DolocTown.NodeCanvas.DialogueTask_TimeCheck","class","public","DolocTown.NodeCanvas.DialogueConditionTask","","False","False","","6","6","4","0","0x0200091F"
"","TimeCheckType","DolocTown.NodeCanvas.DialogueTask_TimeCheck/TimeCheckType","enum","public","System.Enum","","False","True","DolocTown.NodeCanvas.DialogueTask_TimeCheck","0","6","0","0","0x020011FD"
"DolocTown.NodeCanvas","DialogueTask_TouchCustomEventObject","DolocTown.NodeCanvas.DialogueTask_TouchCustomEventObject","class","public","DolocTown.NodeCanvas.DialogueConditionTask","","False","False","","3","1","1","0","0x02000920"
"DolocTown.NodeCanvas","DialogueTask_WeatherCheck","DolocTown.NodeCanvas.DialogueTask_WeatherCheck","class","public","DolocTown.NodeCanvas.DialogueConditionTask","","False","False","","3","4","1","0","0x02000921"
"","CheckType","DolocTown.NodeCanvas.DialogueTask_WeatherCheck/CheckType","enum","private","System.Enum","","False","True","DolocTown.NodeCanvas.DialogueTask_WeatherCheck","0","4","0","0","0x020011FE"
"DolocTown.NodeCanvas","DialogueConditionTask_CheckReputationValue","DolocTown.NodeCanvas.DialogueConditionTask_CheckReputationValue","class","public","DolocTown.NodeCanvas.DialogueConditionTask","","False","False","","3","2","1","0","0x02000922"
"DolocTown.NodeCanvas","DialogueTask_CheckChainCompleteTimes","DolocTown.NodeCanvas.DialogueTask_CheckChainCompleteTimes","class","public","DolocTown.NodeCanvas.DialogueConditionTask","","False","False","","3","3","1","0","0x02000923"
"DolocTown.NodeCanvas","DialogueTask_CheckGameEventTypeAccumulation","DolocTown.NodeCanvas.DialogueTask_CheckGameEventTypeAccumulation","class","public","DolocTown.NodeCanvas.DialogueConditionTask","","False","False","","4","3","2","0","0x02000924"
"DolocTown.NodeCanvas","DialogueTask_IsEventDecoratorComplete","DolocTown.NodeCanvas.DialogueTask_IsEventDecoratorComplete","class","public","DolocTown.NodeCanvas.DialogueConditionTask","","False","False","","3","1","1","0","0x02000925"
"DolocTown.NodeCanvas","DialogueTask_IsMissionComplete","DolocTown.NodeCanvas.DialogueTask_IsMissionComplete","class","public","DolocTown.NodeCanvas.DialogueConditionTask","","False","False","","3","2","1","0","0x02000926"
"DolocTown.NodeCanvas","DialogueTask_IsTechNodeUnlocked","DolocTown.NodeCanvas.DialogueTask_IsTechNodeUnlocked","class","public","DolocTown.NodeCanvas.DialogueConditionTask","","False","False","","3","2","1","0","0x02000927"
"DolocTown.NodeCanvas","DialogueTask_CheckBackpackStatusSpecial","DolocTown.NodeCanvas.DialogueTask_CheckBackpackStatusSpecial","class","public","DolocTown.NodeCanvas.DialogueConditionTask","","False","False","","7","1","3","0","0x02000928"
"","BackpackItemType","DolocTown.NodeCanvas.DialogueTask_CheckBackpackStatusSpecial/BackpackItemType","enum","public","System.Enum","","False","True","DolocTown.NodeCanvas.DialogueTask_CheckBackpackStatusSpecial","0","3","0","0","0x020011FF"
"DolocTown.NodeCanvas","DialogueTask_CheckDocumentsStatus","DolocTown.NodeCanvas.DialogueTask_CheckDocumentsStatus","class","public","DolocTown.NodeCanvas.DialogueConditionTask","","False","False","","3","1","1","0","0x02000929"
"","DocumentType","DolocTown.NodeCanvas.DialogueTask_CheckDocumentsStatus/DocumentType","enum","public","System.Enum","","False","True","DolocTown.NodeCanvas.DialogueTask_CheckDocumentsStatus","0","4","0","0","0x02001200"
"DolocTown.NodeCanvas","DialogueTask_CheckChipType","DolocTown.NodeCanvas.DialogueTask_CheckChipType","class","public","DolocTown.NodeCanvas.DialogueConditionTask","","False","False","","3","1","1","0","0x0200092A"
"","ChipType","DolocTown.NodeCanvas.DialogueTask_CheckChipType/ChipType","enum","public","System.Enum","","False","True","DolocTown.NodeCanvas.DialogueTask_CheckChipType","0","3","0","0","0x02001201"
"DolocTown.NodeCanvas","DialogueTask_CheckSubmitStatus","DolocTown.NodeCanvas.DialogueTask_CheckSubmitStatus","class","public","DolocTown.NodeCanvas.DialogueConditionTask","","False","False","","5","2","3","0","0x0200092B"
"","SubmitItemType","DolocTown.NodeCanvas.DialogueTask_CheckSubmitStatus/SubmitItemType","enum","public","System.Enum","","False","True","DolocTown.NodeCanvas.DialogueTask_CheckSubmitStatus","0","3","0","0","0x02001202"
"","SubmitCountType","DolocTown.NodeCanvas.DialogueTask_CheckSubmitStatus/SubmitCountType","enum","public","System.Enum","","False","True","DolocTown.NodeCanvas.DialogueTask_CheckSubmitStatus","0","5","0","0","0x02001203"
"DolocTown.NodeCanvas","DialogueConditionTask","DolocTown.NodeCanvas.DialogueConditionTask","class","public","NodeCanvas.Framework.ConditionTask","","True","False","","5","0","3","0","0x0200092C"
"DolocTown.NodeCanvas","DialogueConditionTaskList","DolocTown.NodeCanvas.DialogueConditionTaskList","class","public","DolocTown.NodeCanvas.DialogueConditionTask","","False","False","","6","2","3","0","0x0200092D"
"","ConditionCheckMode","DolocTown.NodeCanvas.DialogueConditionTaskList/ConditionCheckMode","enum","public","System.Enum","","False","True","DolocTown.NodeCanvas.DialogueConditionTaskList","0","3","0","0","0x02001204"
"","<>c","DolocTown.NodeCanvas.DialogueConditionTaskList/<>c","class","private","System.Object","","False","True","DolocTown.NodeCanvas.DialogueConditionTaskList","4","3","0","0","0x02001205"
"DolocTown.NodeCanvas","DialogueTask","DolocTown.NodeCanvas.DialogueTask","class","public","NodeCanvas.Framework.ActionTask","","True","False","","4","0","2","0","0x0200092E"
"DolocTown.NodeCanvas","DialogueTaskList","DolocTown.NodeCanvas.DialogueTaskList","class","public","DolocTown.NodeCanvas.DialogueTask","","False","False","","6","1","1","0","0x0200092F"
"DolocTown.NodeCanvas","DialogueTextTask","DolocTown.NodeCanvas.DialogueTextTask","class","public","NodeCanvas.Framework.Task","","True","False","","5","0","3","0","0x02000930"
"DolocTown.NodeCanvas","DialogueTextTaskList","DolocTown.NodeCanvas.DialogueTextTaskList","class","public","DolocTown.NodeCanvas.DialogueTextTask","","False","False","","5","1","2","0","0x02000931"
"DolocTown.NodeCanvas","CustomMissionProgressFunc","DolocTown.NodeCanvas.CustomMissionProgressFunc","class","public","System.Object","","True","False","","3","0","0","0","0x02000932"
"DolocTown.NodeCanvas","CustomMissionProgressFunc_EnvOptimizerEnergy","DolocTown.NodeCanvas.CustomMissionProgressFunc_EnvOptimizerEnergy","class","public","DolocTown.NodeCanvas.CustomMissionProgressFunc","","False","False","","2","1","0","0","0x02000933"
"DolocTown.NodeCanvas","NodeCanvasUtils","DolocTown.NodeCanvas.NodeCanvasUtils","static class","public","System.Object","","True","True","","1","0","0","0","0x02000934"
"DolocTown.NodeCanvas","GameProcessGraph","DolocTown.NodeCanvas.GameProcessGraph","class","public","NodeCanvas.Framework.Graph","","False","False","","19","6","9","0","0x02000935"
"DolocTown.NodeCanvas","GameProcessBroken","DolocTown.NodeCanvas.GameProcessBroken","class","public","DolocTown.NodeCanvas.GameProcessNode","","False","False","","6","2","2","0","0x02000936"
"DolocTown.NodeCanvas","GameProcessConnection","DolocTown.NodeCanvas.GameProcessConnection","class","public","DolocTown.NodeCanvas.HorizontalLinkedConnection","","False","False","","3","2","2","0","0x02000937"
"DolocTown.NodeCanvas","GameProcessNode","DolocTown.NodeCanvas.GameProcessNode","class","public","NodeCanvas.Framework.Node","","True","False","","8","0","7","0","0x02000938"
"DolocTown.NodeCanvas","GameProcessQuit","DolocTown.NodeCanvas.GameProcessQuit","class","public","DolocTown.NodeCanvas.GameProcessNode","","False","False","","3","1","1","0","0x02000939"
"DolocTown.NodeCanvas","GameProcessState","DolocTown.NodeCanvas.GameProcessState","class","public","DolocTown.NodeCanvas.GameProcessNode","","False","False","","11","9","2","0","0x0200093A"
"DolocTown.NodeCanvas","GameProcessTaskMission","DolocTown.NodeCanvas.GameProcessTaskMission","class","public","DolocTown.NodeCanvas.GameProcessTask","DolocTown.NodeCanvas.IGameProcessMission","False","False","","7","4","2","0","0x0200093B"
"DolocTown.NodeCanvas","GameProcessTaskScorePanel","DolocTown.NodeCanvas.GameProcessTaskScorePanel","class","public","DolocTown.NodeCanvas.GameProcessTask","DolocTown.NodeCanvas.IGameProcessMission","False","False","","5","5","0","0","0x0200093C"
"","ScoreCounter","DolocTown.NodeCanvas.GameProcessTaskScorePanel/ScoreCounter","struct","private","System.ValueType","","False","True","DolocTown.NodeCanvas.GameProcessTaskScorePanel","1","4","0","0","0x02001206"
"","<>c__DisplayClass7_0","DolocTown.NodeCanvas.GameProcessTaskScorePanel/<>c__DisplayClass7_0","class","private","System.Object","","False","True","DolocTown.NodeCanvas.GameProcessTaskScorePanel","2","3","0","0","0x02001207"
"","<>c__DisplayClass10_0","DolocTown.NodeCanvas.GameProcessTaskScorePanel/<>c__DisplayClass10_0","class","private","System.Object","","False","True","DolocTown.NodeCanvas.GameProcessTaskScorePanel","2","2","0","0","0x02001208"
"DolocTown.NodeCanvas","GameProcessTaskWait","DolocTown.NodeCanvas.GameProcessTaskWait","class","public","DolocTown.NodeCanvas.GameProcessTask","","False","False","","6","4","2","0","0x0200093D"
"DolocTown.NodeCanvas","GameProcessTask","DolocTown.NodeCanvas.GameProcessTask","class","public","System.Object","","True","False","","9","3","4","0","0x0200093E"
"DolocTown.NodeCanvas","IGameProcessMission","DolocTown.NodeCanvas.IGameProcessMission","interface","public","","","True","False","","1","0","0","0","0x0200093F"
"DolocTown.NodeCanvas","SwitchScheduleNode","DolocTown.NodeCanvas.SwitchScheduleNode","class","public","DolocTown.NodeCanvas.HorizontalLinkedNode","","True","False","","8","0","7","0","0x02000940"
"DolocTown.NodeCanvas","LightScheduleConnection","DolocTown.NodeCanvas.LightScheduleConnection","class","public","DolocTown.NodeCanvas.HorizontalLinkedConnection","","False","False","","1","0","0","0","0x02000941"
"DolocTown.NodeCanvas","SwitchScheduleNodeEntrance","DolocTown.NodeCanvas.SwitchScheduleNodeEntrance","class","public","DolocTown.NodeCanvas.SwitchScheduleNode","","False","False","","4","0","2","0","0x02000942"
"DolocTown.NodeCanvas","SwitchScheduleNodeFilter","DolocTown.NodeCanvas.SwitchScheduleNodeFilter","class","public","DolocTown.NodeCanvas.SwitchScheduleNode","DolocTown.GameData.ISwitchScheduleNodeFilter | DolocTown.GameData.ISwitchScheduleNode","True","False","","3","0","1","0","0x02000943"
"","<>c","DolocTown.NodeCanvas.SwitchScheduleNodeFilter/<>c","class","private","System.Object","","False","True","DolocTown.NodeCanvas.SwitchScheduleNodeFilter","3","2","0","0","0x02001209"
"DolocTown.NodeCanvas","SwitchScheduleNodeFilterDate","DolocTown.NodeCanvas.SwitchScheduleNodeFilterDate","class","public","DolocTown.NodeCanvas.SwitchScheduleNodeFilter","","False","False","","5","6","0","0","0x02000944"
"","Date","DolocTown.NodeCanvas.SwitchScheduleNodeFilterDate/Date","struct","private","System.ValueType","","False","True","DolocTown.NodeCanvas.SwitchScheduleNodeFilterDate","0","2","0","0","0x0200120A"
"DolocTown.NodeCanvas","SwitchScheduleNodeFilterGlobalDay","DolocTown.NodeCanvas.SwitchScheduleNodeFilterGlobalDay","class","public","DolocTown.NodeCanvas.SwitchScheduleNodeFilter","","False","False","","2","4","0","0","0x02000945"
"DolocTown.NodeCanvas","SwitchScheduleNodeFilterHour","DolocTown.NodeCanvas.SwitchScheduleNodeFilterHour","class","public","DolocTown.NodeCanvas.SwitchScheduleNodeFilter","","False","False","","2","4","0","0","0x02000946"
"DolocTown.NodeCanvas","SwitchScheduleNodeFilterWeather","DolocTown.NodeCanvas.SwitchScheduleNodeFilterWeather","class","public","DolocTown.NodeCanvas.SwitchScheduleNodeFilter","","False","False","","3","5","1","0","0x02000947"
"","WeatherCheckType","DolocTown.NodeCanvas.SwitchScheduleNodeFilterWeather/WeatherCheckType","enum","private","System.Enum","","False","True","DolocTown.NodeCanvas.SwitchScheduleNodeFilterWeather","0","4","0","0","0x0200120B"
"DolocTown.NodeCanvas","SwitchScheduleNodeFilterWeek","DolocTown.NodeCanvas.SwitchScheduleNodeFilterWeek","class","public","DolocTown.NodeCanvas.SwitchScheduleNodeFilter","","False","False","","3","5","0","0","0x02000948"
"DolocTown.NodeCanvas","SwitchScheduleNodeFilterYear","DolocTown.NodeCanvas.SwitchScheduleNodeFilterYear","class","public","DolocTown.NodeCanvas.SwitchScheduleNodeFilter","","False","False","","2","4","0","0","0x02000949"
"DolocTown.NodeCanvas","SwitchScheduleNodeTarget","DolocTown.NodeCanvas.SwitchScheduleNodeTarget","class","public","DolocTown.NodeCanvas.SwitchScheduleNode","DolocTown.GameData.ISwitchScheduleNodeTarget | DolocTown.GameData.ISwitchScheduleNode","False","False","","2","1","1","0","0x0200094A"
"DolocTown.NodeCanvas","SwitchScheduleGraph","DolocTown.NodeCanvas.SwitchScheduleGraph","class","public","NodeCanvas.Framework.Graph","DolocTown.GameData.ISwitchSchedule","False","False","","9","0","6","0","0x0200094B"
"DolocTown.NodeCanvas","MissionGraph","DolocTown.NodeCanvas.MissionGraph","class","public","NodeCanvas.Framework.Graph","","False","False","","24","2","12","0","0x0200094C"
"","<get_AllExplicitMissionIds>d__19","DolocTown.NodeCanvas.MissionGraph/<get_AllExplicitMissionIds>d__19","class","private","System.Object","System.Collections.Generic.IEnumerable`1<System.String> | System.Collections.IEnumerable | System.Collections.Generic.IEnumerator`1<System.String> | System.Collections.IEnumerator | System.IDisposable","False","True","DolocTown.NodeCanvas.MissionGraph","9","5","2","0","0x0200120C"
"","<get_AllMissionIds>d__21","DolocTown.NodeCanvas.MissionGraph/<get_AllMissionIds>d__21","class","private","System.Object","System.Collections.Generic.IEnumerable`1<System.String> | System.Collections.IEnumerable | System.Collections.Generic.IEnumerator`1<System.String> | System.Collections.IEnumerator | System.IDisposable","False","True","DolocTown.NodeCanvas.MissionGraph","9","5","2","0","0x0200120D"
"","<>c","DolocTown.NodeCanvas.MissionGraph/<>c","class","private","System.Object","","False","True","DolocTown.NodeCanvas.MissionGraph","7","6","0","0","0x0200120E"
"","<get_AllRootMissionNodes>d__29","DolocTown.NodeCanvas.MissionGraph/<get_AllRootMissionNodes>d__29","class","private","System.Object","System.Collections.Generic.IEnumerable`1<DolocTown.NodeCanvas.MissionNodeListener> | System.Collections.IEnumerable | System.Collections.Generic.IEnumerator`1<DolocTown.NodeCanvas.MissionNodeListener> | System.Collections.IEnumerator | System.IDisposable","False","True","DolocTown.NodeCanvas.MissionGraph","9","5","2","0","0x0200120F"
"","<get_AllMissionNodes>d__31","DolocTown.NodeCanvas.MissionGraph/<get_AllMissionNodes>d__31","class","private","System.Object","System.Collections.Generic.IEnumerable`1<DolocTown.NodeCanvas.MissionNode> | System.Collections.IEnumerable | System.Collections.Generic.IEnumerator`1<DolocTown.NodeCanvas.MissionNode> | System.Collections.IEnumerator | System.IDisposable","False","True","DolocTown.NodeCanvas.MissionGraph","10","7","2","0","0x02001210"
"","<GetMissionNodesInAchievementMode>d__36","DolocTown.NodeCanvas.MissionGraph/<GetMissionNodesInAchievementMode>d__36","class","private","System.Object","System.Collections.Generic.IEnumerable`1<DolocTown.NodeCanvas.MissionNodeListener> | System.Collections.IEnumerable | System.Collections.Generic.IEnumerator`1<DolocTown.NodeCanvas.MissionNodeListener> | System.Collections.IEnumerator | System.IDisposable","False","True","DolocTown.NodeCanvas.MissionGraph","10","9","2","0","0x02001211"
"DolocTown.NodeCanvas","MissionNodeType","DolocTown.NodeCanvas.MissionNodeType","enum","public","System.Enum","","False","True","","0","9","0","0","0x0200094D"
"DolocTown.NodeCanvas","MissionEvent","DolocTown.NodeCanvas.MissionEvent","class","public","System.Object","","False","False","","6","9","2","0","0x0200094E"
"DolocTown.NodeCanvas","MissionRequireTemplateAccumulation","DolocTown.NodeCanvas.MissionRequireTemplateAccumulation","class","public","DolocTown.NodeCanvas.MissionRequireTemplate","","False","False","","6","2","2","0","0x0200094F"
"","Handle","DolocTown.NodeCanvas.MissionRequireTemplateAccumulation/Handle","class","public","DolocTown.NodeCanvas.MissionRequireTemplateHandle","","False","False","DolocTown.NodeCanvas.MissionRequireTemplateAccumulation","9","2","2","0","0x02001212"
"DolocTown.NodeCanvas","MissionRequireTemplateConditionTarget","DolocTown.NodeCanvas.MissionRequireTemplateConditionTarget","class","public","DolocTown.NodeCanvas.MissionRequireTemplate","","False","False","","6","3","3","0","0x02000950"
"","Handle","DolocTown.NodeCanvas.MissionRequireTemplateConditionTarget/Handle","class","public","DolocTown.NodeCanvas.MissionRequireTemplateHandle","","False","False","DolocTown.NodeCanvas.MissionRequireTemplateConditionTarget","8","1","2","0","0x02001213"
"DolocTown.NodeCanvas","MissionRequireTemplateMultiArgs","DolocTown.NodeCanvas.MissionRequireTemplateMultiArgs","class","public","DolocTown.NodeCanvas.MissionRequireTemplate","","False","False","","5","2","1","0","0x02000951"
"","Handle","DolocTown.NodeCanvas.MissionRequireTemplateMultiArgs/Handle","class","public","DolocTown.NodeCanvas.MissionRequireTemplateHandle","","False","False","DolocTown.NodeCanvas.MissionRequireTemplateMultiArgs","9","2","2","0","0x02001214"
"DolocTown.NodeCanvas","MissionRequireTemplateOrder","DolocTown.NodeCanvas.MissionRequireTemplateOrder","class","public","DolocTown.NodeCanvas.MissionRequireTemplate","","False","False","","5","2","1","0","0x02000952"
"","Handle","DolocTown.NodeCanvas.MissionRequireTemplateOrder/Handle","class","public","DolocTown.NodeCanvas.MissionRequireTemplateHandle","","False","False","DolocTown.NodeCanvas.MissionRequireTemplateOrder","9","2","2","0","0x02001215"
"","EventSimple","DolocTown.NodeCanvas.MissionRequireTemplateOrder/EventSimple","class","public","System.Object","","False","False","DolocTown.NodeCanvas.MissionRequireTemplateOrder","3","3","1","0","0x02001216"
"DolocTown.NodeCanvas","MissionRequireTemplateUniversal","DolocTown.NodeCanvas.MissionRequireTemplateUniversal","class","public","DolocTown.NodeCanvas.MissionRequireTemplate","","False","False","","14","13","4","0","0x02000953"
"","HandleLocal","DolocTown.NodeCanvas.MissionRequireTemplateUniversal/HandleLocal","class","public","DolocTown.NodeCanvas.MissionRequireTemplateHandle","","False","False","DolocTown.NodeCanvas.MissionRequireTemplateUniversal","9","2","2","0","0x02001217"
"","HandleGlobal","DolocTown.NodeCanvas.MissionRequireTemplateUniversal/HandleGlobal","class","public","DolocTown.NodeCanvas.MissionRequireTemplateHandle","","False","False","DolocTown.NodeCanvas.MissionRequireTemplateUniversal","9","1","2","0","0x02001218"
"DolocTown.NodeCanvas","MissionRequireTemplate","DolocTown.NodeCanvas.MissionRequireTemplate","class","public","System.Object","","True","False","","8","1","4","0","0x02000954"
"DolocTown.NodeCanvas","MissionRequireTemplateHandle","DolocTown.NodeCanvas.MissionRequireTemplateHandle","class","public","System.Object","","True","False","","11","3","3","0","0x02000955"
"DolocTown.NodeCanvas","MissionRequireGraphConfig","DolocTown.NodeCanvas.MissionRequireGraphConfig","class","public","System.Object","","False","False","","2","4","0","0","0x02000956"
"DolocTown.NodeCanvas","MissionNode","DolocTown.NodeCanvas.MissionNode","class","public","DolocTown.NodeCanvas.HorizontalLinkedNode","","True","False","","15","0","12","0","0x02000957"
"","<>c","DolocTown.NodeCanvas.MissionNode/<>c","class","private","System.Object","","False","True","DolocTown.NodeCanvas.MissionNode","4","3","0","0","0x02001219"
"","<get_ChildMissionNodes>d__20","DolocTown.NodeCanvas.MissionNode/<get_ChildMissionNodes>d__20","class","private","System.Object","System.Collections.Generic.IEnumerable`1<DolocTown.NodeCanvas.MissionNode> | System.Collections.IEnumerable | System.Collections.Generic.IEnumerator`1<DolocTown.NodeCanvas.MissionNode> | System.Collections.IEnumerator | System.IDisposable","False","True","DolocTown.NodeCanvas.MissionNode","9","5","2","0","0x0200121A"
"","<get_ChildMissionNodesInDepthOrder>d__22","DolocTown.NodeCanvas.MissionNode/<get_ChildMissionNodesInDepthOrder>d__22","class","private","System.Object","System.Collections.Generic.IEnumerable`1<DolocTown.NodeCanvas.MissionNode> | System.Collections.IEnumerable | System.Collections.Generic.IEnumerator`1<DolocTown.NodeCanvas.MissionNode> | System.Collections.IEnumerator | System.IDisposable","False","True","DolocTown.NodeCanvas.MissionNode","10","7","2","0","0x0200121B"
"","<GetChildrenNodes>d__23","DolocTown.NodeCanvas.MissionNode/<GetChildrenNodes>d__23","class","private","System.Object","System.Collections.Generic.IEnumerable`1<DolocTown.NodeCanvas.MissionNode> | System.Collections.IEnumerable | System.Collections.Generic.IEnumerator`1<DolocTown.NodeCanvas.MissionNode> | System.Collections.IEnumerator | System.IDisposable","False","True","DolocTown.NodeCanvas.MissionNode","9","7","2","0","0x0200121C"
"DolocTown.NodeCanvas","StartMode","DolocTown.NodeCanvas.StartMode","enum","public","System.Enum","","False","True","","0","3","0","0","0x02000958"
"DolocTown.NodeCanvas","MissionConnection","DolocTown.NodeCanvas.MissionConnection","class","public","DolocTown.NodeCanvas.HorizontalLinkedConnection","","False","False","","5","3","4","0","0x02000959"
"DolocTown.NodeCanvas","MissionNodeListenerBase","DolocTown.NodeCanvas.MissionNodeListenerBase","class","public","DolocTown.NodeCanvas.MissionNode","","True","False","","15","3","10","0","0x0200095A"
"DolocTown.NodeCanvas","IDialogueNode","DolocTown.NodeCanvas.IDialogueNode","interface","public","","","True","False","","1","0","0","0","0x0200095B"
"DolocTown.NodeCanvas","MissionNodeAction","DolocTown.NodeCanvas.MissionNodeAction","class","public","DolocTown.NodeCanvas.MissionNode","NodeCanvas.Framework.ITaskAssignable`1<DolocTown.NodeCanvas.DialogueTask> | NodeCanvas.Framework.ITaskAssignable | NodeCanvas.Framework.IGraphElement","False","False","","13","1","9","0","0x0200095C"
"DolocTown.NodeCanvas","MissionNodeCondition","DolocTown.NodeCanvas.MissionNodeCondition","class","public","DolocTown.NodeCanvas.MissionNode","NodeCanvas.Framework.ITaskAssignable`1<DolocTown.NodeCanvas.DialogueConditionTask> | NodeCanvas.Framework.ITaskAssignable | NodeCanvas.Framework.IGraphElement","False","False","","10","1","5","0","0x0200095D"
"DolocTown.NodeCanvas","MissionNodeEntrance","DolocTown.NodeCanvas.MissionNodeEntrance","class","public","DolocTown.NodeCanvas.MissionNode","","False","False","","11","0","9","0","0x0200095E"
"DolocTown.NodeCanvas","MissionNodeListener","DolocTown.NodeCanvas.MissionNodeListener","class","public","DolocTown.NodeCanvas.MissionNodeListenerBase","","False","False","","24","9","16","0","0x0200095F"
"","<>c","DolocTown.NodeCanvas.MissionNodeListener/<>c","class","private","System.Object","","False","True","DolocTown.NodeCanvas.MissionNodeListener","5","4","0","0","0x0200121D"
"","<get_Decorators>d__7","DolocTown.NodeCanvas.MissionNodeListener/<get_Decorators>d__7","class","private","System.Object","System.Collections.Generic.IEnumerable`1<DolocTown.NodeCanvas.MissionNodeListener> | System.Collections.IEnumerable | System.Collections.Generic.IEnumerator`1<DolocTown.NodeCanvas.MissionNodeListener> | System.Collections.IEnumerator | System.IDisposable","False","True","DolocTown.NodeCanvas.MissionNodeListener","9","5","2","0","0x0200121E"
"","<>c__DisplayClass20_0`1","DolocTown.NodeCanvas.MissionNodeListener/<>c__DisplayClass20_0`1","class","private","System.Object","","False","True","DolocTown.NodeCanvas.MissionNodeListener","2","2","0","0","0x0200121F"
"","<>c__DisplayClass37_0","DolocTown.NodeCanvas.MissionNodeListener/<>c__DisplayClass37_0","class","private","System.Object","","False","True","DolocTown.NodeCanvas.MissionNodeListener","2","2","0","0","0x02001220"
"","<>c__DisplayClass39_0","DolocTown.NodeCanvas.MissionNodeListener/<>c__DisplayClass39_0","class","private","System.Object","","False","True","DolocTown.NodeCanvas.MissionNodeListener","2","2","0","0","0x02001221"
"DolocTown.NodeCanvas","DialogueOperationType","DolocTown.NodeCanvas.DialogueOperationType","enum","public","System.Enum","","False","True","","0","5","0","0","0x02000960"
"DolocTown.NodeCanvas","MissionNodeMultiDialogue","DolocTown.NodeCanvas.MissionNodeMultiDialogue","class","public","DolocTown.NodeCanvas.MissionNode","DolocTown.NodeCanvas.IDialogueNode","False","False","","6","1","4","0","0x02000961"
"DolocTown.NodeCanvas","MissionNodeReward","DolocTown.NodeCanvas.MissionNodeReward","class","public","DolocTown.NodeCanvas.MissionNode","","False","False","","6","2","5","0","0x02000962"
"","<get_MissionRewards>d__11","DolocTown.NodeCanvas.MissionNodeReward/<get_MissionRewards>d__11","class","private","System.Object","System.Collections.Generic.IEnumerable`1<DolocTown.Reward> | System.Collections.IEnumerable | System.Collections.Generic.IEnumerator`1<DolocTown.Reward> | System.Collections.IEnumerator | System.IDisposable","False","True","DolocTown.NodeCanvas.MissionNodeReward","9","5","2","0","0x02001222"
"DolocTown.NodeCanvas","MissionRewardCfg","DolocTown.NodeCanvas.MissionRewardCfg","class","public","System.Object","","False","False","","4","4","2","0","0x02000963"
"DolocTown.NodeCanvas","MissionNodeSubGraph","DolocTown.NodeCanvas.MissionNodeSubGraph","class","public","DolocTown.NodeCanvas.MissionNode","NodeCanvas.Framework.IGraphAssignable`1<DolocTown.NodeCanvas.MissionGraph> | NodeCanvas.Framework.IGraphAssignable | NodeCanvas.Framework.IGraphElement","False","False","","18","4","10","0","0x02000964"
"DolocTown.NodeCanvas","NpcScheduleNodeFilterDate","DolocTown.NodeCanvas.NpcScheduleNodeFilterDate","class","public","DolocTown.NodeCanvas.NpcScheduleNodeFilter","","False","False","","5","6","0","0","0x02000965"
"","Date","DolocTown.NodeCanvas.NpcScheduleNodeFilterDate/Date","struct","private","System.ValueType","","False","True","DolocTown.NodeCanvas.NpcScheduleNodeFilterDate","0","2","0","0","0x02001223"
"DolocTown.NodeCanvas","NpcScheduleNodeFilterGlobalDay","DolocTown.NodeCanvas.NpcScheduleNodeFilterGlobalDay","class","public","DolocTown.NodeCanvas.NpcScheduleNodeFilter","","False","False","","2","4","0","0","0x02000966"
"DolocTown.NodeCanvas","NpcScheduleNodeFilterHour","DolocTown.NodeCanvas.NpcScheduleNodeFilterHour","class","public","DolocTown.NodeCanvas.NpcScheduleNodeFilter","","False","False","","7","7","0","0","0x02000967"
"DolocTown.NodeCanvas","NpcScheduleNodeFilterWeather","DolocTown.NodeCanvas.NpcScheduleNodeFilterWeather","class","public","DolocTown.NodeCanvas.NpcScheduleNodeFilter","","False","False","","3","5","1","0","0x02000968"
"","WeatherCheckType","DolocTown.NodeCanvas.NpcScheduleNodeFilterWeather/WeatherCheckType","enum","private","System.Enum","","False","True","DolocTown.NodeCanvas.NpcScheduleNodeFilterWeather","0","4","0","0","0x02001224"
"DolocTown.NodeCanvas","NpcScheduleNodeFilterWeek","DolocTown.NodeCanvas.NpcScheduleNodeFilterWeek","class","public","DolocTown.NodeCanvas.NpcScheduleNodeFilter","","False","False","","3","5","0","0","0x02000969"
"DolocTown.NodeCanvas","NpcScheduleNodeFilterYear","DolocTown.NodeCanvas.NpcScheduleNodeFilterYear","class","public","DolocTown.NodeCanvas.NpcScheduleNodeFilter","DolocTown.GameData.INpcScheduleNodeFilter | DolocTown.GameData.INpcScheduleNode","False","False","","2","4","0","0","0x0200096A"
"DolocTown.NodeCanvas","NpcScheduleNode","DolocTown.NodeCanvas.NpcScheduleNode","class","public","DolocTown.NodeCanvas.HorizontalLinkedNode","DolocTown.GameData.INpcScheduleNode","True","False","","8","0","7","0","0x0200096B"
"DolocTown.NodeCanvas","NpcScheduleConnection","DolocTown.NodeCanvas.NpcScheduleConnection","class","public","DolocTown.NodeCanvas.HorizontalLinkedConnection","","False","False","","1","0","0","0","0x0200096C"
"DolocTown.NodeCanvas","NpcScheduleNodeCondition","DolocTown.NodeCanvas.NpcScheduleNodeCondition","class","public","DolocTown.NodeCanvas.NpcScheduleNodeFilter","","False","False","","2","1","0","0","0x0200096D"
"DolocTown.NodeCanvas","NpcScheduleNodeEntrance","DolocTown.NodeCanvas.NpcScheduleNodeEntrance","class","public","DolocTown.NodeCanvas.NpcScheduleNode","","False","False","","5","1","3","0","0x0200096E"
"DolocTown.NodeCanvas","NpcScheduleNodeFilter","DolocTown.NodeCanvas.NpcScheduleNodeFilter","class","public","DolocTown.NodeCanvas.NpcScheduleNode","DolocTown.GameData.INpcScheduleNodeFilter | DolocTown.GameData.INpcScheduleNode","True","False","","3","0","1","0","0x0200096F"
"","<get_Children>d__2","DolocTown.NodeCanvas.NpcScheduleNodeFilter/<get_Children>d__2","class","private","System.Object","System.Collections.Generic.IEnumerable`1<DolocTown.GameData.INpcScheduleNode> | System.Collections.IEnumerable | System.Collections.Generic.IEnumerator`1<DolocTown.GameData.INpcScheduleNode> | System.Collections.IEnumerator | System.IDisposable","False","True","DolocTown.NodeCanvas.NpcScheduleNodeFilter","9","5","2","0","0x02001225"
"DolocTown.NodeCanvas","NpcScheduleNodePass","DolocTown.NodeCanvas.NpcScheduleNodePass","class","public","DolocTown.NodeCanvas.NpcScheduleNodeFilter","","False","False","","2","0","0","0","0x02000970"
"DolocTown.NodeCanvas","NpcScheduleNodeResult","DolocTown.NodeCanvas.NpcScheduleNodeResult","class","public","DolocTown.NodeCanvas.NpcScheduleNode","DolocTown.GameData.INpcScheduleNodeTargetScene | DolocTown.GameData.INpcScheduleNode","True","False","","3","0","2","0","0x02000971"
"DolocTown.NodeCanvas","NpcScheduleNodeTargetScene","DolocTown.NodeCanvas.NpcScheduleNodeTargetScene","class","public","DolocTown.NodeCanvas.NpcScheduleNodeResult","","False","False","","3","4","2","0","0x02000972"
"","PortalRange","DolocTown.NodeCanvas.NpcScheduleNodeTargetScene/PortalRange","enum","private","System.Enum","","False","True","DolocTown.NodeCanvas.NpcScheduleNodeTargetScene","0","4","0","0","0x02001226"
"DolocTown.NodeCanvas","NpcScheduleNodeTargetWork","DolocTown.NodeCanvas.NpcScheduleNodeTargetWork","class","public","DolocTown.NodeCanvas.NpcScheduleNode","","False","False","","3","3","2","0","0x02000973"
"DolocTown.NodeCanvas","NpcScheduleGraph","DolocTown.NodeCanvas.NpcScheduleGraph","class","public","NodeCanvas.Framework.Graph","DolocTown.GameData.INpcScheduleGraph","False","False","","10","0","6","0","0x02000974"
"DolocTown.NodeCanvas","RoutineNode_Dialogue","DolocTown.NodeCanvas.RoutineNode_Dialogue","class","public","DolocTown.GameData.RoutineNode","DolocTown.NodeCanvas.IDialogueNode","False","False","","5","1","3","0","0x02000975"
"DolocTown.NodeCanvas","DialogueNodeOperationData","DolocTown.NodeCanvas.DialogueNodeOperationData","class","public","System.Object","","False","False","","4","5","1","0","0x02000976"
"DolocTown.NodeCanvas","HorizontalLinkedConnection","DolocTown.NodeCanvas.HorizontalLinkedConnection","class","public","NodeCanvas.Framework.Connection","","False","False","","1","0","0","0","0x02000977"
"DolocTown.NodeCanvas","HorizontalLinkedNode","DolocTown.NodeCanvas.HorizontalLinkedNode","class","public","NodeCanvas.Framework.Node","","True","False","","1","0","0","0","0x02000978"
"DolocTown.GameData","EquipmentWorkbench","DolocTown.GameData.EquipmentWorkbench","class","public","DolocTown.Equipment","","False","False","","6","0","0","0","0x0200099F"
"","RequireMode","DolocTown.GameData.MissionContentMulti/RequireMode","enum","public","System.Enum","","False","True","DolocTown.GameData.MissionContentMulti","0","3","0","0","0x0200122A"
"DolocTown.GameData","MissionRequire","DolocTown.GameData.MissionRequire","class","public","System.Object","","True","False","","2","0","0","0","0x020009B4"
"DolocTown.GameData","MissionRequire_Graph","DolocTown.GameData.MissionRequire_Graph","class","public","DolocTown.GameData.MissionRequire","","False","False","","5","7","1","0","0x020009B5"
"DolocTown.GameData","MissionRequire_Simple","DolocTown.GameData.MissionRequire_Simple","class","public","DolocTown.GameData.MissionRequire","","False","False","","3","3","1","0","0x020009B6"
"","Handle","DolocTown.GameData.MissionRequire_Simple/Handle","class","public","DolocTown.GameData.MissionRequireHandle","","False","False","DolocTown.GameData.MissionRequire_Simple","10","2","4","0","0x0200122D"
"DolocTown.GameData","MissionRequireHandle","DolocTown.GameData.MissionRequireHandle","class","public","System.Object","","True","False","","10","1","5","0","0x020009B7"
"DolocTown.GameData","MissionRequireHandle_Graph","DolocTown.GameData.MissionRequireHandle_Graph","class","public","DolocTown.GameData.MissionRequireHandle","","False","False","","11","2","5","0","0x020009B8"
"DolocTown.GameData","DroneStructureVisibleSuitableType","DolocTown.GameData.DroneStructureVisibleSuitableType","enum","public","System.Enum","","False","True","","0","5","0","0","0x02000A2F"
"DolocTown.GameData","AgentEquipmentManager","DolocTown.GameData.AgentEquipmentManager","class","public","System.Object","","False","False","","50","7","12","0","0x02000A73"
"","<>c__DisplayClass29_0","DolocTown.GameData.AgentEquipmentManager/<>c__DisplayClass29_0","class","private","System.Object","","False","True","DolocTown.GameData.AgentEquipmentManager","2","1","0","0","0x02001254"
"","<>c__DisplayClass30_0","DolocTown.GameData.AgentEquipmentManager/<>c__DisplayClass30_0","class","private","System.Object","","False","True","DolocTown.GameData.AgentEquipmentManager","2","1","0","0","0x02001255"
"","<>c","DolocTown.GameData.AgentEquipmentManager/<>c","class","private","System.Object","","False","True","DolocTown.GameData.AgentEquipmentManager","3","2","0","0","0x02001256"
"DolocTown.GameServiceLocator","IUIEffectsProvider","DolocTown.GameServiceLocator.IUIEffectsProvider","interface","public","","","True","False","","5","0","0","0","0x02000A86"
"DolocTown.Config.UI","AlignmentText","DolocTown.Config.UI.AlignmentText","class","public","Bright.Config.BeanBase","","False","True","","12","4","3","0","0x02000AA4"
"DolocTown.Config.UI","CfgTextAnchor","DolocTown.Config.UI.CfgTextAnchor","enum","public","System.Enum","","False","True","","0","10","0","0","0x02000AA5"
"DolocTown.Config.UI","CompendiumLabel","DolocTown.Config.UI.CompendiumLabel","enum","public","System.Enum","","False","True","","0","8","0","0","0x02000AA6"
"DolocTown.Config.UI","CompendiumMenuInfo","DolocTown.Config.UI.CompendiumMenuInfo","class","public","Bright.Config.BeanBase","","False","True","","16","6","5","0","0x02000AA7"
"DolocTown.Config.UI","EmailMenuInfo","DolocTown.Config.UI.EmailMenuInfo","class","public","Bright.Config.BeanBase","","False","True","","17","7","6","0","0x02000AA8"
"DolocTown.Config.UI","EmailMenuType","DolocTown.Config.UI.EmailMenuType","enum","public","System.Enum","","False","True","","0","4","0","0","0x02000AA9"
"DolocTown.Config.UI","EquipmentMenuInfo","DolocTown.Config.UI.EquipmentMenuInfo","class","public","Bright.Config.BeanBase","","False","True","","14","5","4","0","0x02000AAA"
"DolocTown.Config.UI","EquipmentMenuSubType","DolocTown.Config.UI.EquipmentMenuSubType","enum","public","System.Enum","","False","True","","0","8","0","0","0x02000AAB"
"DolocTown.Config.UI","GameCombinedKeyIconInfo","DolocTown.Config.UI.GameCombinedKeyIconInfo","class","public","Bright.Config.BeanBase","","False","True","","13","4","3","0","0x02000AAC"
"DolocTown.Config.UI","GameKeyActionInfo","DolocTown.Config.UI.GameKeyActionInfo","class","public","Bright.Config.BeanBase","","False","True","","21","7","6","0","0x02000AAD"
"DolocTown.Config.UI","GameKeyIconInfo","DolocTown.Config.UI.GameKeyIconInfo","class","public","Bright.Config.BeanBase","","False","True","","19","7","6","0","0x02000AAE"
"DolocTown.Config.UI","MainMenuInfo","DolocTown.Config.UI.MainMenuInfo","class","public","Bright.Config.BeanBase","","False","True","","14","5","4","0","0x02000AAF"
"DolocTown.Config.UI","MenuType","DolocTown.Config.UI.MenuType","enum","public","System.Enum","","False","True","","0","9","0","0","0x02000AB0"
"DolocTown.Config.UI","ModMenuInfo","DolocTown.Config.UI.ModMenuInfo","class","public","Bright.Config.BeanBase","","False","True","","17","7","6","0","0x02000AB1"
"DolocTown.Config.UI","ModMenuType","DolocTown.Config.UI.ModMenuType","enum","public","System.Enum","","False","True","","0","4","0","0","0x02000AB2"
"DolocTown.Config.UI","TbCompendiumMenu","DolocTown.Config.UI.TbCompendiumMenu","class","public","System.Object","","False","True","","6","3","1","0","0x02000AB3"
"DolocTown.Config.UI","TbEmailMenu","DolocTown.Config.UI.TbEmailMenu","class","public","System.Object","","False","True","","8","2","3","0","0x02000AB4"
"DolocTown.Config.UI","TbEquipmentMenu","DolocTown.Config.UI.TbEquipmentMenu","class","public","System.Object","","False","True","","8","2","3","0","0x02000AB5"
"DolocTown.Config.UI","TbGameCombinedKeyIcon","DolocTown.Config.UI.TbGameCombinedKeyIcon","class","public","System.Object","","False","True","","10","3","3","0","0x02000AB6"
"","<>c","DolocTown.Config.UI.TbGameCombinedKeyIcon/<>c","class","private","System.Object","","False","True","DolocTown.Config.UI.TbGameCombinedKeyIcon","4","3","0","0","0x02001273"
"DolocTown.Config.UI","TbGameKeyAction","DolocTown.Config.UI.TbGameKeyAction","class","public","System.Object","","False","True","","8","2","3","0","0x02000AB7"
"DolocTown.Config.UI","TbGameKeyIcon","DolocTown.Config.UI.TbGameKeyIcon","class","public","System.Object","","False","True","","7","3","1","0","0x02000AB8"
"DolocTown.Config.UI","TbMainMenu","DolocTown.Config.UI.TbMainMenu","class","public","System.Object","","False","True","","8","2","3","0","0x02000AB9"
"DolocTown.Config.UI","TbModMenu","DolocTown.Config.UI.TbModMenu","class","public","System.Object","","False","True","","8","2","3","0","0x02000ABA"
"DolocTown.Config.UI","TbUIEntity","DolocTown.Config.UI.TbUIEntity","class","public","System.Object","","False","True","","8","2","3","0","0x02000ABB"
"DolocTown.Config.UI","TbUIEntityGroup","DolocTown.Config.UI.TbUIEntityGroup","class","public","System.Object","","False","True","","8","2","3","0","0x02000ABC"
"DolocTown.Config.UI","TbUIPooledObject","DolocTown.Config.UI.TbUIPooledObject","class","public","System.Object","","False","True","","8","2","3","0","0x02000ABD"
"DolocTown.Config.UI","UIEntityGroupInfo","DolocTown.Config.UI.UIEntityGroupInfo","class","public","Bright.Config.BeanBase","","False","True","","15","5","4","0","0x02000ABE"
"DolocTown.Config.UI","UIEntityInfo","DolocTown.Config.UI.UIEntityInfo","class","public","Bright.Config.BeanBase","","False","True","","21","8","7","0","0x02000ABF"
"DolocTown.Config.UI","UIPooledObjectInfo","DolocTown.Config.UI.UIPooledObjectInfo","class","public","Bright.Config.BeanBase","","False","True","","15","5","4","0","0x02000AC0"
"DolocTown.Config.Player","AgentEquipmentFuncProto","DolocTown.Config.Player.AgentEquipmentFuncProto","class","public","Bright.Config.BeanBase","","True","False","","6","0","0","0","0x02000B68"
"DolocTown.Config.Player","AgentEquipmentFuncProtoAmoeba","DolocTown.Config.Player.AgentEquipmentFuncProtoAmoeba","class","public","DolocTown.Config.Player.AgentEquipmentFuncProto","","False","True","","7","1","0","0","0x02000B69"
"DolocTown.Config.Player","AgentEquipmentFuncProtoAreaSpeedUp","DolocTown.Config.Player.AgentEquipmentFuncProtoAreaSpeedUp","class","public","DolocTown.Config.Player.AgentEquipmentFuncProto","","False","True","","11","3","2","0","0x02000B6A"
"DolocTown.Config.Player","AgentEquipmentFuncProtoCook","DolocTown.Config.Player.AgentEquipmentFuncProtoCook","class","public","DolocTown.Config.Player.AgentEquipmentFuncProto","","False","True","","9","2","1","0","0x02000B6B"
"DolocTown.Config.Player","AgentEquipmentFuncProtoCounterBack","DolocTown.Config.Player.AgentEquipmentFuncProtoCounterBack","class","public","DolocTown.Config.Player.AgentEquipmentFuncProto","","False","True","","11","3","2","0","0x02000B6C"
"DolocTown.Config.Player","AgentEquipmentFuncProtoDashCdCooler","DolocTown.Config.Player.AgentEquipmentFuncProtoDashCdCooler","class","public","DolocTown.Config.Player.AgentEquipmentFuncProto","","False","True","","9","2","1","0","0x02000B6D"
"DolocTown.Config.Player","AgentEquipmentFuncProtoDisguise","DolocTown.Config.Player.AgentEquipmentFuncProtoDisguise","class","public","DolocTown.Config.Player.AgentEquipmentFuncProto","","False","True","","11","3","2","0","0x02000B6E"
"DolocTown.Config.Player","AgentEquipmentFuncProtoExtraResource","DolocTown.Config.Player.AgentEquipmentFuncProtoExtraResource","class","public","DolocTown.Config.Player.AgentEquipmentFuncProto","","False","True","","15","5","4","0","0x02000B6F"
"DolocTown.Config.Player","AgentEquipmentFuncProtoFellCountAdditionOre","DolocTown.Config.Player.AgentEquipmentFuncProtoFellCountAdditionOre","class","public","DolocTown.Config.Player.AgentEquipmentFuncProto","","False","True","","9","2","1","0","0x02000B70"
"DolocTown.Config.Player","AgentEquipmentFuncProtoFishTank","DolocTown.Config.Player.AgentEquipmentFuncProtoFishTank","class","public","DolocTown.Config.Player.AgentEquipmentFuncProto","","False","True","","11","3","2","0","0x02000B71"
"DolocTown.Config.Player","AgentEquipmentFuncProtoFoodEffectsAddition","DolocTown.Config.Player.AgentEquipmentFuncProtoFoodEffectsAddition","class","public","DolocTown.Config.Player.AgentEquipmentFuncProto","","False","True","","13","4","3","0","0x02000B72"
"DolocTown.Config.Player","AgentEquipmentFuncProtoGrandmasButton","DolocTown.Config.Player.AgentEquipmentFuncProtoGrandmasButton","class","public","DolocTown.Config.Player.AgentEquipmentFuncProto","","False","True","","9","2","1","0","0x02000B73"
"DolocTown.Config.Player","AgentEquipmentFuncProtoHerbPackage","DolocTown.Config.Player.AgentEquipmentFuncProtoHerbPackage","class","public","DolocTown.Config.Player.AgentEquipmentFuncProto","","False","True","","9","2","1","0","0x02000B74"
"DolocTown.Config.Player","AgentEquipmentFuncProtoImmuneAcidRain","DolocTown.Config.Player.AgentEquipmentFuncProtoImmuneAcidRain","class","public","DolocTown.Config.Player.AgentEquipmentFuncProto","","False","True","","7","1","0","0","0x02000B75"
"DolocTown.Config.Player","AgentEquipmentFuncProtoIncreaseCriticalRate","DolocTown.Config.Player.AgentEquipmentFuncProtoIncreaseCriticalRate","class","public","DolocTown.Config.Player.AgentEquipmentFuncProto","","False","True","","9","2","1","0","0x02000B76"
"DolocTown.Config.Player","AgentEquipmentFuncProtoLightningConductor","DolocTown.Config.Player.AgentEquipmentFuncProtoLightningConductor","class","public","DolocTown.Config.Player.AgentEquipmentFuncProto","","False","True","","13","4","3","0","0x02000B77"
"DolocTown.Config.Player","AgentEquipmentFuncProtoMimeticAffinity","DolocTown.Config.Player.AgentEquipmentFuncProtoMimeticAffinity","class","public","DolocTown.Config.Player.AgentEquipmentFuncProto","","False","True","","7","1","0","0","0x02000B78"
"DolocTown.Config.Player","AgentEquipmentFuncProtoShepherd","DolocTown.Config.Player.AgentEquipmentFuncProtoShepherd","class","public","DolocTown.Config.Player.AgentEquipmentFuncProto","","False","True","","13","4","3","0","0x02000B79"
"DolocTown.Config.Player","AgentEquipmentFuncProtoShield","DolocTown.Config.Player.AgentEquipmentFuncProtoShield","class","public","DolocTown.Config.Player.AgentEquipmentFuncProto","","False","True","","9","2","1","0","0x02000B7A"
"DolocTown.Config.Player","AgentEquipmentSkillInfo","DolocTown.Config.Player.AgentEquipmentSkillInfo","class","public","Bright.Config.BeanBase","","False","True","","14","5","4","0","0x02000B7B"
"DolocTown.Config.Player","TbAgentEquipmentSkill","DolocTown.Config.Player.TbAgentEquipmentSkill","class","public","System.Object","","False","True","","8","2","3","0","0x02000B80"
"DolocTown.Config.Platform","BuildingSupportInfo","DolocTown.Config.Platform.BuildingSupportInfo","class","public","Bright.Config.BeanBase","","False","True","","31","13","12","0","0x02000B85"
"DolocTown.Config.Platform","TbBuildingSupport","DolocTown.Config.Platform.TbBuildingSupport","class","public","System.Object","","False","True","","8","2","3","0","0x02000B89"
"DolocTown.Config.Localization","L10nImageInfo","DolocTown.Config.Localization.L10nImageInfo","class","public","Bright.Config.BeanBase","","False","True","","15","5","4","0","0x02000BFE"
"DolocTown.Config.Localization","L10nLinkInfo","DolocTown.Config.Localization.L10nLinkInfo","class","public","Bright.Config.BeanBase","","False","True","","15","5","4","0","0x02000BFF"
"DolocTown.Config.Localization","L10nTextInfo","DolocTown.Config.Localization.L10nTextInfo","class","public","Bright.Config.BeanBase","","False","True","","12","4","3","0","0x02000C00"
"DolocTown.Config.Localization","LocalizationInfo","DolocTown.Config.Localization.LocalizationInfo","class","public","Bright.Config.BeanBase","","False","True","","27","11","10","0","0x02000C01"
"DolocTown.Config.Localization","SceneTextBoxArgs","DolocTown.Config.Localization.SceneTextBoxArgs","class","public","DolocTown.Config.Localization.TipTextArgsBase","","False","True","","11","3","2","0","0x02000C02"
"DolocTown.Config.Localization","SceneTipArgs","DolocTown.Config.Localization.SceneTipArgs","class","public","DolocTown.Config.Localization.TipTextArgsBase","","False","True","","11","3","2","0","0x02000C03"
"DolocTown.Config.Localization","StaticTextInfo","DolocTown.Config.Localization.StaticTextInfo","class","public","Bright.Config.BeanBase","","False","True","","2224","1479","1478","0","0x02000C04"
"DolocTown.Config.Localization","TbL10nImage","DolocTown.Config.Localization.TbL10nImage","class","public","System.Object","","False","True","","5","2","1","0","0x02000C05"
"DolocTown.Config.Localization","TbL10nLink","DolocTown.Config.Localization.TbL10nLink","class","public","System.Object","","False","True","","5","2","1","0","0x02000C06"
"DolocTown.Config.Localization","TbL10nText","DolocTown.Config.Localization.TbL10nText","class","public","System.Object","","False","True","","8","2","3","0","0x02000C07"
"DolocTown.Config.Localization","TbLocalization","DolocTown.Config.Localization.TbLocalization","class","public","System.Object","","False","True","","8","2","3","0","0x02000C08"
"DolocTown.Config.Localization","TbStaticText","DolocTown.Config.Localization.TbStaticText","class","public","System.Object","","False","True","","742","1","739","0","0x02000C09"
"DolocTown.Config.Localization","TbTextMapperDE","DolocTown.Config.Localization.TbTextMapperDE","class","public","System.Object","DolocTown.Config.ITextProvider","False","True","","11","2","3","0","0x02000C0A"
"DolocTown.Config.Localization","TbTextMapperEN","DolocTown.Config.Localization.TbTextMapperEN","class","public","System.Object","DolocTown.Config.ITextProvider","False","True","","11","2","3","0","0x02000C0B"
"DolocTown.Config.Localization","TbTextMapperFR","DolocTown.Config.Localization.TbTextMapperFR","class","public","System.Object","DolocTown.Config.ITextProvider","False","True","","11","2","3","0","0x02000C0C"
"DolocTown.Config.Localization","TbTextMapperJA","DolocTown.Config.Localization.TbTextMapperJA","class","public","System.Object","DolocTown.Config.ITextProvider","False","True","","11","2","3","0","0x02000C0D"
"DolocTown.Config.Localization","TbTextMapperKO","DolocTown.Config.Localization.TbTextMapperKO","class","public","System.Object","DolocTown.Config.ITextProvider","False","True","","11","2","3","0","0x02000C0E"
"DolocTown.Config.Localization","TbTextMapperPT_BR","DolocTown.Config.Localization.TbTextMapperPT_BR","class","public","System.Object","DolocTown.Config.ITextProvider","False","True","","11","2","3","0","0x02000C0F"
"DolocTown.Config.Localization","TbTextMapperRU","DolocTown.Config.Localization.TbTextMapperRU","class","public","System.Object","DolocTown.Config.ITextProvider","False","True","","11","2","3","0","0x02000C10"
"DolocTown.Config.Localization","TbTextMapperZH_CN","DolocTown.Config.Localization.TbTextMapperZH_CN","class","public","System.Object","DolocTown.Config.ITextProvider","False","True","","11","2","3","0","0x02000C11"
"DolocTown.Config.Localization","TbTextMapperZH_TW","DolocTown.Config.Localization.TbTextMapperZH_TW","class","public","System.Object","DolocTown.Config.ITextProvider","False","True","","11","2","3","0","0x02000C12"
"DolocTown.Config.Localization","TbTextTip","DolocTown.Config.Localization.TbTextTip","class","public","System.Object","","False","True","","8","2","3","0","0x02000C13"
"DolocTown.Config.Localization","TextMapperDE","DolocTown.Config.Localization.TextMapperDE","class","public","Bright.Config.BeanBase","","False","True","","11","3","2","0","0x02000C14"
"DolocTown.Config.Localization","TextMapperEN","DolocTown.Config.Localization.TextMapperEN","class","public","Bright.Config.BeanBase","","False","True","","11","3","2","0","0x02000C15"
"DolocTown.Config.Localization","TextMapperFR","DolocTown.Config.Localization.TextMapperFR","class","public","Bright.Config.BeanBase","","False","True","","11","3","2","0","0x02000C16"
"DolocTown.Config.Localization","TextMapperJA","DolocTown.Config.Localization.TextMapperJA","class","public","Bright.Config.BeanBase","","False","True","","11","3","2","0","0x02000C17"
"DolocTown.Config.Localization","TextMapperKO","DolocTown.Config.Localization.TextMapperKO","class","public","Bright.Config.BeanBase","","False","True","","11","3","2","0","0x02000C18"
"DolocTown.Config.Localization","TextMapperPT_BR","DolocTown.Config.Localization.TextMapperPT_BR","class","public","Bright.Config.BeanBase","","False","True","","11","3","2","0","0x02000C19"
"DolocTown.Config.Localization","TextMapperRU","DolocTown.Config.Localization.TextMapperRU","class","public","Bright.Config.BeanBase","","False","True","","11","3","2","0","0x02000C1A"
"DolocTown.Config.Localization","TextMapperZH_CN","DolocTown.Config.Localization.TextMapperZH_CN","class","public","Bright.Config.BeanBase","","False","True","","11","3","2","0","0x02000C1B"
"DolocTown.Config.Localization","TextMapperZH_TW","DolocTown.Config.Localization.TextMapperZH_TW","class","public","Bright.Config.BeanBase","","False","True","","11","3","2","0","0x02000C1C"
"DolocTown.Config.Localization","TextTipInfo","DolocTown.Config.Localization.TextTipInfo","class","public","Bright.Config.BeanBase","","False","True","","11","3","2","0","0x02000C1D"
"DolocTown.Config.Localization","TipTextArgsBase","DolocTown.Config.Localization.TipTextArgsBase","class","public","Bright.Config.BeanBase","","True","False","","8","1","1","0","0x02000C1E"
"DolocTown.Config.Localization","UIBigMessageBoxArgs","DolocTown.Config.Localization.UIBigMessageBoxArgs","class","public","DolocTown.Config.Localization.TipTextArgsBase","","False","True","","9","2","1","0","0x02000C1F"
"DolocTown.Config.Localization","UINodeMessageBoxArgs","DolocTown.Config.Localization.UINodeMessageBoxArgs","class","public","DolocTown.Config.Localization.TipTextArgsBase","","False","True","","9","2","1","0","0x02000C20"
"DolocTown.Config.Localization","UISmallMessageBoxArgs","DolocTown.Config.Localization.UISmallMessageBoxArgs","class","public","DolocTown.Config.Localization.TipTextArgsBase","","False","True","","9","2","1","0","0x02000C21"
"DolocTown.Config.Localization","UITextConfirmBoxArgs","DolocTown.Config.Localization.UITextConfirmBoxArgs","class","public","DolocTown.Config.Localization.TipTextArgsBase","","False","True","","11","3","2","0","0x02000C22"
"DolocTown.Config.Item","ItemFunctionAgentEquipment","DolocTown.Config.Item.ItemFunctionAgentEquipment","class","public","DolocTown.Config.Item.ItemFunctionBase","","True","False","","6","0","0","0","0x02000C2C"
"DolocTown.Config.Item","ItemFunctionBuilding","DolocTown.Config.Item.ItemFunctionBuilding","class","public","DolocTown.Config.Item.ItemFunctionBase","","False","True","","7","1","0","0","0x02000C35"
"DolocTown.Config.Item","ItemFunctionBuildingExterior","DolocTown.Config.Item.ItemFunctionBuildingExterior","class","public","DolocTown.Config.Item.ItemFunctionBase","","False","True","","11","3","2","0","0x02000C36"
"DolocTown.Config.Item","ItemFunctionEdenFruit","DolocTown.Config.Item.ItemFunctionEdenFruit","class","public","DolocTown.Config.Item.ItemFunctionBase","","False","True","","13","4","3","0","0x02000C40"
"DolocTown.Config.Item","ItemFunctionEquipment","DolocTown.Config.Item.ItemFunctionEquipment","class","public","DolocTown.Config.Item.ItemFunctionBase","","False","True","","7","1","0","0","0x02000C41"
"DolocTown.Config.Equipment","CfgDecalSlotType","DolocTown.Config.Equipment.CfgDecalSlotType","enum","public","System.Enum","","False","True","","0","7","0","0","0x02000C96"
"DolocTown.Config.Equipment","ChairInfo","DolocTown.Config.Equipment.ChairInfo","class","public","Bright.Config.BeanBase","","False","True","","25","10","9","0","0x02000C97"
"DolocTown.Config.Equipment","DecalSlotData","DolocTown.Config.Equipment.DecalSlotData","class","public","Bright.Config.BeanBase","","False","True","","11","3","2","0","0x02000C98"
"DolocTown.Config.Equipment","EComGeneratorBase","DolocTown.Config.Equipment.EComGeneratorBase","class","public","DolocTown.Config.Equipment.ElectronicComponentProto","","True","False","","8","1","1","0","0x02000C99"
"DolocTown.Config.Equipment","EComProtoAppliance","DolocTown.Config.Equipment.EComProtoAppliance","class","public","DolocTown.Config.Equipment.ElectronicComponentProto","","False","True","","9","2","1","0","0x02000C9A"
"DolocTown.Config.Equipment","EComProtoBattery","DolocTown.Config.Equipment.EComProtoBattery","class","public","DolocTown.Config.Equipment.ElectronicComponentProto","","False","True","","11","3","2","0","0x02000C9B"
"DolocTown.Config.Equipment","EComProtoGeneratorCustom","DolocTown.Config.Equipment.EComProtoGeneratorCustom","class","public","DolocTown.Config.Equipment.EComGeneratorBase","","False","True","","7","1","0","0","0x02000C9C"
"DolocTown.Config.Equipment","EComProtoGeneratorFuel","DolocTown.Config.Equipment.EComProtoGeneratorFuel","class","public","DolocTown.Config.Equipment.EComGeneratorBase","","False","True","","13","4","3","0","0x02000C9D"
"DolocTown.Config.Equipment","EComProtoGeneratorSolar","DolocTown.Config.Equipment.EComProtoGeneratorSolar","class","public","DolocTown.Config.Equipment.EComGeneratorBase","","False","True","","7","1","0","0","0x02000C9E"
"DolocTown.Config.Equipment","EComProtoGeneratorWind","DolocTown.Config.Equipment.EComProtoGeneratorWind","class","public","DolocTown.Config.Equipment.EComGeneratorBase","","False","True","","7","1","0","0","0x02000C9F"
"DolocTown.Config.Equipment","ElectronicComponentProto","DolocTown.Config.Equipment.ElectronicComponentProto","class","public","Bright.Config.BeanBase","","True","False","","6","0","0","0","0x02000CA0"
"DolocTown.Config.Equipment","EquipmentEnvType","DolocTown.Config.Equipment.EquipmentEnvType","enum","public","System.Enum","","False","True","","0","4","0","0","0x02000CA1"
"DolocTown.Config.Equipment","EquipmentFitType","DolocTown.Config.Equipment.EquipmentFitType","enum","public","System.Enum","","False","True","","0","4","0","0","0x02000CA2"
"DolocTown.Config.Equipment","EquipmentFuncAffector","DolocTown.Config.Equipment.EquipmentFuncAffector","class","public","DolocTown.Config.Equipment.EquipmentFuncRange","","True","False","","10","1","1","0","0x02000CA3"
"DolocTown.Config.Equipment","EquipmentFuncAnimalDecorator","DolocTown.Config.Equipment.EquipmentFuncAnimalDecorator","class","public","DolocTown.Config.Equipment.EquipmentFuncEquipment","","False","True","","9","2","1","0","0x02000CA4"
"DolocTown.Config.Equipment","EquipmentFuncAnimalStation","DolocTown.Config.Equipment.EquipmentFuncAnimalStation","class","public","DolocTown.Config.Equipment.EquipmentFuncEquipment","","False","True","","7","1","0","0","0x02000CA5"
"DolocTown.Config.Equipment","EquipmentFuncAutomateBotStation","DolocTown.Config.Equipment.EquipmentFuncAutomateBotStation","class","public","DolocTown.Config.Equipment.EquipmentFuncRange","","False","True","","23","9","8","0","0x02000CA6"
"DolocTown.Config.Equipment","EquipmentFuncBarrel","DolocTown.Config.Equipment.EquipmentFuncBarrel","class","public","DolocTown.Config.Equipment.EquipmentFuncEquipment","","False","True","","9","2","1","0","0x02000CA7"
"DolocTown.Config.Equipment","EquipmentFuncBattery","DolocTown.Config.Equipment.EquipmentFuncBattery","class","public","DolocTown.Config.Equipment.EquipmentFuncEquipment","","False","True","","9","2","1","0","0x02000CA8"
"DolocTown.Config.Equipment","EquipmentFuncBed","DolocTown.Config.Equipment.EquipmentFuncBed","class","public","DolocTown.Config.Equipment.EquipmentFuncEquipment","","False","True","","7","1","0","0","0x02000CA9"
"DolocTown.Config.Equipment","EquipmentFuncCase","DolocTown.Config.Equipment.EquipmentFuncCase","class","public","DolocTown.Config.Equipment.EquipmentFuncCaseBase","","False","True","","14","4","3","0","0x02000CAA"
"DolocTown.Config.Equipment","EquipmentFuncCaseBase","DolocTown.Config.Equipment.EquipmentFuncCaseBase","class","public","DolocTown.Config.Equipment.EquipmentFuncEquipment","","True","False","","10","2","2","0","0x02000CAB"
"DolocTown.Config.Equipment","EquipmentFuncCaseLocator","DolocTown.Config.Equipment.EquipmentFuncCaseLocator","class","public","DolocTown.Config.Equipment.EquipmentFuncEquipment","","False","True","","11","3","2","0","0x02000CAC"
"DolocTown.Config.Equipment","EquipmentFuncChair","DolocTown.Config.Equipment.EquipmentFuncChair","class","public","DolocTown.Config.Equipment.EquipmentFuncEquipment","","False","True","","15","5","4","0","0x02000CAD"
"DolocTown.Config.Equipment","EquipmentFuncChickenNest","DolocTown.Config.Equipment.EquipmentFuncChickenNest","class","public","DolocTown.Config.Equipment.EquipmentFuncEquipment","","False","True","","11","3","2","0","0x02000CAE"
"DolocTown.Config.Equipment","EquipmentFuncCropTrafficLight","DolocTown.Config.Equipment.EquipmentFuncCropTrafficLight","class","public","DolocTown.Config.Equipment.EquipmentFuncEquipment","","False","True","","9","2","1","0","0x02000CAF"
"DolocTown.Config.Equipment","EquipmentFuncDecorator","DolocTown.Config.Equipment.EquipmentFuncDecorator","class","public","DolocTown.Config.Equipment.EquipmentFuncEquipment","","False","True","","7","1","0","0","0x02000CB0"
"DolocTown.Config.Equipment","EquipmentFuncEquipment","DolocTown.Config.Equipment.EquipmentFuncEquipment","class","public","Bright.Config.BeanBase","","True","False","","6","0","0","0","0x02000CB1"
"DolocTown.Config.Equipment","EquipmentFuncEquipmentAnimation","DolocTown.Config.Equipment.EquipmentFuncEquipmentAnimation","class","public","DolocTown.Config.Equipment.EquipmentFuncEquipmentAnimationBase","","False","True","","7","1","0","0","0x02000CB2"
"DolocTown.Config.Equipment","EquipmentFuncEquipmentAnimationBase","DolocTown.Config.Equipment.EquipmentFuncEquipmentAnimationBase","class","public","DolocTown.Config.Equipment.EquipmentFuncEquipment","","True","False","","11","3","3","0","0x02000CB3"
"DolocTown.Config.Equipment","EquipmentFuncEquipmentRoom","DolocTown.Config.Equipment.EquipmentFuncEquipmentRoom","class","public","DolocTown.Config.Equipment.EquipmentFuncEquipment","","False","True","","9","2","1","0","0x02000CB4"
"DolocTown.Config.Equipment","EquipmentFuncEquipmentWorkbench","DolocTown.Config.Equipment.EquipmentFuncEquipmentWorkbench","class","public","DolocTown.Config.Equipment.EquipmentFuncEquipment","","False","True","","11","3","2","0","0x02000CB5"
"DolocTown.Config.Equipment","EquipmentFuncFarmLight","DolocTown.Config.Equipment.EquipmentFuncFarmLight","class","public","DolocTown.Config.Equipment.EquipmentFuncAffector","","False","True","","13","4","3","0","0x02000CB6"
"DolocTown.Config.Equipment","EquipmentFuncFeeder","DolocTown.Config.Equipment.EquipmentFuncFeeder","class","public","DolocTown.Config.Equipment.EquipmentFuncEquipment","","False","True","","11","3","2","0","0x02000CB7"
"DolocTown.Config.Equipment","EquipmentFuncFence","DolocTown.Config.Equipment.EquipmentFuncFence","class","public","DolocTown.Config.Equipment.EquipmentFuncEquipment","","False","True","","7","1","0","0","0x02000CB8"
"DolocTown.Config.Equipment","EquipmentFuncFishIncubator","DolocTown.Config.Equipment.EquipmentFuncFishIncubator","class","public","DolocTown.Config.Equipment.EquipmentFuncCaseBase","","False","True","","13","4","3","0","0x02000CB9"
"DolocTown.Config.Equipment","EquipmentFuncFishTank","DolocTown.Config.Equipment.EquipmentFuncFishTank","class","public","DolocTown.Config.Equipment.EquipmentFuncFishTankBase","","False","True","","9","2","1","0","0x02000CBA"
"DolocTown.Config.Equipment","EquipmentFuncFishTankBase","DolocTown.Config.Equipment.EquipmentFuncFishTankBase","class","public","DolocTown.Config.Equipment.EquipmentFuncCaseBase","","True","False","","14","4","4","0","0x02000CBB"
"DolocTown.Config.Equipment","EquipmentFuncFishTankEcological","DolocTown.Config.Equipment.EquipmentFuncFishTankEcological","class","public","DolocTown.Config.Equipment.EquipmentFuncFishTankBase","","False","True","","9","2","1","0","0x02000CBC"
"DolocTown.Config.Equipment","EquipmentFuncFishTankElectricEel","DolocTown.Config.Equipment.EquipmentFuncFishTankElectricEel","class","public","DolocTown.Config.Equipment.EquipmentFuncFishTankBase","","False","True","","11","3","2","0","0x02000CBD"
"DolocTown.Config.Equipment","EquipmentFuncFishTankExtension","DolocTown.Config.Equipment.EquipmentFuncFishTankExtension","class","public","DolocTown.Config.Equipment.EquipmentFuncEquipment","","False","True","","11","3","2","0","0x02000CBE"
"DolocTown.Config.Equipment","EquipmentFuncFlowerPot","DolocTown.Config.Equipment.EquipmentFuncFlowerPot","class","public","DolocTown.Config.Equipment.EquipmentFuncEquipment","","False","True","","7","1","0","0","0x02000CBF"
"DolocTown.Config.Equipment","EquipmentFuncGarbageShredder","DolocTown.Config.Equipment.EquipmentFuncGarbageShredder","class","public","DolocTown.Config.Equipment.EquipmentFuncWorker","","False","True","","19","7","6","0","0x02000CC0"
"DolocTown.Config.Equipment","EquipmentFuncGeneExtractor","DolocTown.Config.Equipment.EquipmentFuncGeneExtractor","class","public","DolocTown.Config.Equipment.EquipmentFuncSynthesizerBase","","False","True","","7","1","0","0","0x02000CC1"
"DolocTown.Config.Equipment","EquipmentFuncGeneIncubator","DolocTown.Config.Equipment.EquipmentFuncGeneIncubator","class","public","DolocTown.Config.Equipment.EquipmentFuncWorker","","False","True","","13","4","3","0","0x02000CC2"
"DolocTown.Config.Equipment","EquipmentFuncGeneReplicator","DolocTown.Config.Equipment.EquipmentFuncGeneReplicator","class","public","DolocTown.Config.Equipment.EquipmentFuncWorker","","False","True","","15","5","4","0","0x02000CC3"
"DolocTown.Config.Equipment","EquipmentFuncGeneSynthesizer","DolocTown.Config.Equipment.EquipmentFuncGeneSynthesizer","class","public","DolocTown.Config.Equipment.EquipmentFuncWorker","","False","True","","15","5","4","0","0x02000CC4"
"DolocTown.Config.Equipment","EquipmentFuncHoneyComb","DolocTown.Config.Equipment.EquipmentFuncHoneyComb","class","public","DolocTown.Config.Equipment.EquipmentFuncEquipment","","False","True","","13","4","3","0","0x02000CC5"
"DolocTown.Config.Equipment","EquipmentFuncLamp","DolocTown.Config.Equipment.EquipmentFuncLamp","class","public","DolocTown.Config.Equipment.EquipmentFuncEquipment","","False","True","","11","3","2","0","0x02000CC6"
"DolocTown.Config.Equipment","EquipmentFuncLightningArrester","DolocTown.Config.Equipment.EquipmentFuncLightningArrester","class","public","DolocTown.Config.Equipment.EquipmentFuncAffector","","False","True","","9","2","1","0","0x02000CC7"
"DolocTown.Config.Equipment","EquipmentFuncLintRoller","DolocTown.Config.Equipment.EquipmentFuncLintRoller","class","public","DolocTown.Config.Equipment.EquipmentFuncEquipment","","False","True","","13","4","3","0","0x02000CC8"
"DolocTown.Config.Equipment","EquipmentFuncLivestockNursery","DolocTown.Config.Equipment.EquipmentFuncLivestockNursery","class","public","DolocTown.Config.Equipment.EquipmentFuncEquipment","","False","True","","9","2","1","0","0x02000CC9"
"DolocTown.Config.Equipment","EquipmentFuncMailBox","DolocTown.Config.Equipment.EquipmentFuncMailBox","class","public","DolocTown.Config.Equipment.EquipmentFuncEquipment","","False","True","","9","2","1","0","0x02000CCA"
"DolocTown.Config.Equipment","EquipmentFuncMalignantWeatherSuppressor","DolocTown.Config.Equipment.EquipmentFuncMalignantWeatherSuppressor","class","public","DolocTown.Config.Equipment.EquipmentFuncEquipment","","False","True","","9","2","1","0","0x02000CCB"
"DolocTown.Config.Equipment","EquipmentFuncMilkingMachine","DolocTown.Config.Equipment.EquipmentFuncMilkingMachine","class","public","DolocTown.Config.Equipment.EquipmentFuncEquipment","","False","True","","13","4","3","0","0x02000CCC"
"DolocTown.Config.Equipment","EquipmentFuncParkingApron","DolocTown.Config.Equipment.EquipmentFuncParkingApron","class","public","DolocTown.Config.Equipment.EquipmentFuncCaseBase","","False","True","","31","11","10","0","0x02000CCD"
"DolocTown.Config.Equipment","EquipmentFuncPlantAnalyzer","DolocTown.Config.Equipment.EquipmentFuncPlantAnalyzer","class","public","DolocTown.Config.Equipment.EquipmentFuncCaseBase","","False","True","","7","1","0","0","0x02000CCE"
"DolocTown.Config.Equipment","EquipmentFuncPlantBasin","DolocTown.Config.Equipment.EquipmentFuncPlantBasin","class","public","DolocTown.Config.Equipment.EquipmentFuncPlantBasinBase","","False","True","","7","1","0","0","0x02000CCF"
"DolocTown.Config.Equipment","EquipmentFuncPlantBasinBase","DolocTown.Config.Equipment.EquipmentFuncPlantBasinBase","class","public","DolocTown.Config.Equipment.EquipmentFuncEquipment","","True","False","","16","5","5","0","0x02000CD0"
"DolocTown.Config.Equipment","EquipmentFuncPlantBasinGrass","DolocTown.Config.Equipment.EquipmentFuncPlantBasinGrass","class","public","DolocTown.Config.Equipment.EquipmentFuncEquipment","","False","True","","16","6","5","0","0x02000CD1"
"DolocTown.Config.Equipment","EquipmentFuncPlantBasinSimple","DolocTown.Config.Equipment.EquipmentFuncPlantBasinSimple","class","public","DolocTown.Config.Equipment.EquipmentFuncPlantBasinBase","","False","True","","9","2","1","0","0x02000CD2"
"DolocTown.Config.Equipment","EquipmentFuncPlantBasinTree","DolocTown.Config.Equipment.EquipmentFuncPlantBasinTree","class","public","DolocTown.Config.Equipment.EquipmentFuncEquipment","","False","True","","9","2","1","0","0x02000CD3"
"DolocTown.Config.Equipment","EquipmentFuncPowerGeneratorBiogas","DolocTown.Config.Equipment.EquipmentFuncPowerGeneratorBiogas","class","public","DolocTown.Config.Equipment.EquipmentFuncEquipment","","False","True","","9","2","1","0","0x02000CD4"
"DolocTown.Config.Equipment","EquipmentFuncPowerGeneratorFuel","DolocTown.Config.Equipment.EquipmentFuncPowerGeneratorFuel","class","public","DolocTown.Config.Equipment.EquipmentFuncEquipment","","False","True","","7","1","0","0","0x02000CD5"
"DolocTown.Config.Equipment","EquipmentFuncPowerGeneratorWind","DolocTown.Config.Equipment.EquipmentFuncPowerGeneratorWind","class","public","DolocTown.Config.Equipment.EquipmentFuncEquipment","","False","True","","7","1","0","0","0x02000CD6"
"DolocTown.Config.Equipment","EquipmentFuncRange","DolocTown.Config.Equipment.EquipmentFuncRange","class","public","DolocTown.Config.Equipment.EquipmentFuncEquipment","","True","False","","12","3","3","0","0x02000CD7"
"DolocTown.Config.Equipment","EquipmentFuncResinCollector","DolocTown.Config.Equipment.EquipmentFuncResinCollector","class","public","DolocTown.Config.Equipment.EquipmentFuncEquipment","","False","True","","15","5","4","0","0x02000CD8"
"DolocTown.Config.Equipment","EquipmentFuncSeedCompressor","DolocTown.Config.Equipment.EquipmentFuncSeedCompressor","class","public","DolocTown.Config.Equipment.EquipmentFuncSynthesizerBase","","False","True","","7","1","0","0","0x02000CD9"
"DolocTown.Config.Equipment","EquipmentFuncShowCase","DolocTown.Config.Equipment.EquipmentFuncShowCase","class","public","DolocTown.Config.Equipment.EquipmentFuncEquipment","","False","True","","13","4","3","0","0x02000CDA"
"DolocTown.Config.Equipment","EquipmentFuncShowerRoom","DolocTown.Config.Equipment.EquipmentFuncShowerRoom","class","public","DolocTown.Config.Equipment.EquipmentFuncEquipment","","False","True","","17","6","5","0","0x02000CDB"
"DolocTown.Config.Equipment","EquipmentFuncSimpleWell","DolocTown.Config.Equipment.EquipmentFuncSimpleWell","class","public","DolocTown.Config.Equipment.EquipmentFuncEquipment","","False","True","","11","3","2","0","0x02000CDC"
"DolocTown.Config.Equipment","EquipmentFuncSprinkler","DolocTown.Config.Equipment.EquipmentFuncSprinkler","class","public","DolocTown.Config.Equipment.EquipmentFuncAffector","","False","True","","11","3","2","0","0x02000CDD"
"DolocTown.Config.Equipment","EquipmentFuncSprinklerManual","DolocTown.Config.Equipment.EquipmentFuncSprinklerManual","class","public","DolocTown.Config.Equipment.EquipmentFuncAffector","","False","True","","11","3","2","0","0x02000CDE"
"DolocTown.Config.Equipment","EquipmentFuncStorageShelf","DolocTown.Config.Equipment.EquipmentFuncStorageShelf","class","public","DolocTown.Config.Equipment.EquipmentFuncCaseBase","","False","True","","11","3","2","0","0x02000CDF"
"DolocTown.Config.Equipment","EquipmentFuncSynthesizer","DolocTown.Config.Equipment.EquipmentFuncSynthesizer","class","public","DolocTown.Config.Equipment.EquipmentFuncSynthesizerBase","","False","True","","7","1","0","0","0x02000CE0"
"DolocTown.Config.Equipment","EquipmentFuncSynthesizerBase","DolocTown.Config.Equipment.EquipmentFuncSynthesizerBase","class","public","DolocTown.Config.Equipment.EquipmentFuncWorker","","True","False","","16","5","5","0","0x02000CE1"
"DolocTown.Config.Equipment","EquipmentFuncSynthesizerGenerator","DolocTown.Config.Equipment.EquipmentFuncSynthesizerGenerator","class","public","DolocTown.Config.Equipment.EquipmentFuncWorker","","False","True","","13","4","3","0","0x02000CE2"
"DolocTown.Config.Equipment","EquipmentFuncTelevision","DolocTown.Config.Equipment.EquipmentFuncTelevision","class","public","DolocTown.Config.Equipment.EquipmentFuncEquipment","","False","True","","11","3","2","0","0x02000CE3"
"DolocTown.Config.Equipment","EquipmentFuncToilet","DolocTown.Config.Equipment.EquipmentFuncToilet","class","public","DolocTown.Config.Equipment.EquipmentFuncEquipment","","False","True","","11","3","2","0","0x02000CE4"
"DolocTown.Config.Equipment","EquipmentFuncTrampolineEquipment","DolocTown.Config.Equipment.EquipmentFuncTrampolineEquipment","class","public","DolocTown.Config.Equipment.EquipmentFuncEquipment","","False","True","","7","1","0","0","0x02000CE5"
"DolocTown.Config.Equipment","EquipmentFuncWeatherRegulator","DolocTown.Config.Equipment.EquipmentFuncWeatherRegulator","class","public","DolocTown.Config.Equipment.EquipmentFuncEquipment","","False","True","","9","2","1","0","0x02000CE6"
"DolocTown.Config.Equipment","EquipmentFuncWorkbench","DolocTown.Config.Equipment.EquipmentFuncWorkbench","class","public","DolocTown.Config.Equipment.EquipmentFuncEquipment","","False","True","","11","3","2","0","0x02000CE7"
"DolocTown.Config.Equipment","EquipmentFuncWorker","DolocTown.Config.Equipment.EquipmentFuncWorker","class","public","DolocTown.Config.Equipment.EquipmentFuncEquipment","","True","False","","17","5","5","0","0x02000CE8"
"DolocTown.Config.Equipment","EquipmentInfo","DolocTown.Config.Equipment.EquipmentInfo","class","public","Bright.Config.BeanBase","","False","True","","74","19","36","0","0x02000CE9"
"","<GroundPositions>d__102","DolocTown.Config.Equipment.EquipmentInfo/<GroundPositions>d__102","class","private","System.Object","System.Collections.Generic.IEnumerable`1<UnityEngine.Vector2Int> | System.Collections.IEnumerable | System.Collections.Generic.IEnumerator`1<UnityEngine.Vector2Int> | System.Collections.IEnumerator | System.IDisposable","False","True","DolocTown.Config.Equipment.EquipmentInfo","8","8","2","0","0x0200128B"
"DolocTown.Config.Equipment","EquipmentType","DolocTown.Config.Equipment.EquipmentType","enum","public","System.Enum","","False","True","","0","5","0","0","0x02000CEA"
"DolocTown.Config.Equipment","GoodsDurationLevel","DolocTown.Config.Equipment.GoodsDurationLevel","class","public","Bright.Config.BeanBase","","False","True","","11","3","2","0","0x02000CEB"
"DolocTown.Config.Equipment","GoodsSpriteLevel","DolocTown.Config.Equipment.GoodsSpriteLevel","class","public","Bright.Config.BeanBase","","False","True","","11","3","2","0","0x02000CEC"
"DolocTown.Config.Equipment","LampInfo","DolocTown.Config.Equipment.LampInfo","class","public","Bright.Config.BeanBase","","False","True","","27","11","10","0","0x02000CED"
"DolocTown.Config.Equipment","TbChair","DolocTown.Config.Equipment.TbChair","class","public","System.Object","","False","True","","8","2","3","0","0x02000CEE"
"DolocTown.Config.Equipment","TbEquipment","DolocTown.Config.Equipment.TbEquipment","class","public","System.Object","","False","True","","8","2","3","0","0x02000CEF"
"DolocTown.Config.Equipment","TbLamp","DolocTown.Config.Equipment.TbLamp","class","public","System.Object","","False","True","","8","2","3","0","0x02000CF0"
"DolocTown.Config.Equipment","WDP_AcidRain_PlantBasin","DolocTown.Config.Equipment.WDP_AcidRain_PlantBasin","class","public","DolocTown.Config.Equipment.WeatherDecoratorProto","","False","True","","7","1","0","0","0x02000CF1"
"DolocTown.Config.Equipment","WDP_AcidRain_PowerGenerator","DolocTown.Config.Equipment.WDP_AcidRain_PowerGenerator","class","public","DolocTown.Config.Equipment.WeatherDecoratorProto","","False","True","","11","3","2","0","0x02000CF2"
"DolocTown.Config.Equipment","WDP_AcidRain_Worker","DolocTown.Config.Equipment.WDP_AcidRain_Worker","class","public","DolocTown.Config.Equipment.WeatherDecoratorProto","","False","True","","9","2","1","0","0x02000CF3"
"DolocTown.Config.Equipment","WDP_ScorchSun_Custom","DolocTown.Config.Equipment.WDP_ScorchSun_Custom","class","public","DolocTown.Config.Equipment.WeatherDecoratorProto","","False","True","","7","1","0","0","0x02000CF4"
"DolocTown.Config.Equipment","WDP_ScorchSun_IWaterContainer","DolocTown.Config.Equipment.WDP_ScorchSun_IWaterContainer","class","public","DolocTown.Config.Equipment.WeatherDecoratorProto","","False","True","","9","2","1","0","0x02000CF5"
"DolocTown.Config.Equipment","WDP_ScorchSun_PlantBasin","DolocTown.Config.Equipment.WDP_ScorchSun_PlantBasin","class","public","DolocTown.Config.Equipment.WeatherDecoratorProto","","False","True","","7","1","0","0","0x02000CF6"
"DolocTown.Config.Equipment","WeatherDecoratorProto","DolocTown.Config.Equipment.WeatherDecoratorProto","class","public","Bright.Config.BeanBase","","True","False","","6","0","0","0","0x02000CF7"
"DolocTown.Config.Equipment","WorkerRendererName","DolocTown.Config.Equipment.WorkerRendererName","enum","public","System.Enum","","False","True","","0","7","0","0","0x02000CF8"
"DolocTown.Config.Equipment","CaseSkin","DolocTown.Config.Equipment.CaseSkin","struct","public","System.ValueType","","False","True","","1","3","0","0","0x02000CF9"
"DolocTown.Config.Drone","SlotVisualSuitableType","DolocTown.Config.Drone.SlotVisualSuitableType","enum","public","System.Enum","","False","True","","0","4","0","0","0x02000D22"
"DolocTown.Config.Building","BuildingExteriorData","DolocTown.Config.Building.BuildingExteriorData","class","public","Bright.Config.BeanBase","","False","True","","18","6","6","0","0x02000D3D"
"DolocTown.Config.Building","BuildingExteriorInfo","DolocTown.Config.Building.BuildingExteriorInfo","class","public","Bright.Config.BeanBase","","False","True","","11","4","2","0","0x02000D3E"
"DolocTown.Config.Building","BuildingInfo","DolocTown.Config.Building.BuildingInfo","class","public","Bright.Config.BeanBase","","False","True","","113","44","49","0","0x02000D3F"
"","<>c","DolocTown.Config.Building.BuildingInfo/<>c","class","private","System.Object","","False","True","DolocTown.Config.Building.BuildingInfo","3","2","0","0","0x0200128D"
"DolocTown.Config.Building","BuildingLevelData","DolocTown.Config.Building.BuildingLevelData","class","public","Bright.Config.BeanBase","","False","True","","21","8","7","0","0x02000D40"
"DolocTown.Config.Building","BuildingSpriteGroup","DolocTown.Config.Building.BuildingSpriteGroup","class","public","Bright.Config.BeanBase","","False","True","","11","3","2","0","0x02000D41"
"DolocTown.Config.Building","BuildingWallpaperData","DolocTown.Config.Building.BuildingWallpaperData","class","public","Bright.Config.BeanBase","","False","True","","16","5","5","0","0x02000D42"
"DolocTown.Config.Building","BuildingWallpaperInfo","DolocTown.Config.Building.BuildingWallpaperInfo","class","public","Bright.Config.BeanBase","","False","True","","13","4","3","0","0x02000D43"
"DolocTown.Config.Building","TbBuilding","DolocTown.Config.Building.TbBuilding","class","public","System.Object","","False","True","","8","2","3","0","0x02000D44"
"DolocTown.Config.Building","TbBuildingExterior","DolocTown.Config.Building.TbBuildingExterior","class","public","System.Object","","False","True","","8","2","3","0","0x02000D45"
"DolocTown.Config.Building","TbBuildingWallpaper","DolocTown.Config.Building.TbBuildingWallpaper","class","public","System.Object","","False","True","","8","2","3","0","0x02000D46"
"DolocTown.Config.Building","FulcrumData","DolocTown.Config.Building.FulcrumData","struct","public","System.ValueType","","False","True","","1","4","0","0","0x02000D47"
"DolocTown.Config.Building","BuildingTileType","DolocTown.Config.Building.BuildingTileType","enum","public","System.Enum","","False","True","","0","9","0","0","0x02000D48"
